<?xml version="1.0" encoding="UTF-8"?>
<gpx version="1.1" creator="GPX Overlay FIT Converter" xmlns="http://www.topografix.com/GPX/1/1">
  <metadata>
    <author>
      <name>GpxOverlay</name>
      <link href="https://gpxoverlay.com/s">
        <text>GpxOverlay - FIT to GPX Converter</text>
      </link>
    </author>
  </metadata>
  <trk>
    <name>FIT Activity</name>
    <type>running</type>
    <trkseg>
      
      <trkpt lat="46.9093285" lon="7.4694033">
        <ele>577.5999999999999</ele>
        <time>2026-09-10T11:20:22.691Z</time>
      </trkpt>
      <trkpt lat="46.9091993" lon="7.4694465">
        <ele>577.8</ele>
        <time>2026-09-10T11:20:22.691Z</time>
      </trkpt>
      <trkpt lat="46.9091727" lon="7.4694531">
        <ele>577.8</ele>
        <time>2026-09-10T11:20:22.691Z</time>
      </trkpt>
      <trkpt lat="46.9091464" lon="7.4694726">
        <ele>577.8</ele>
        <time>2026-09-10T11:20:22.691Z</time>
      </trkpt>
      <trkpt lat="46.909123" lon="7.4694897">
        <ele>577.8</ele>
        <time>2026-09-10T11:20:22.691Z</time>
      </trkpt>
      <trkpt lat="46.9091054" lon="7.469499">
        <ele>577.8</ele>
        <time>2026-09-10T11:20:22.691Z</time>
      </trkpt>
      <trkpt lat="46.9090814" lon="7.4694969">
        <ele>577.8</ele>
        <time>2026-09-10T11:20:22.691Z</time>
      </trkpt>
      <trkpt lat="46.9090655" lon="7.4694771">
        <ele>577.8</ele>
        <time>2026-09-10T11:20:22.691Z</time>
      </trkpt>
      <trkpt lat="46.9090545" lon="7.4694592">
        <ele>578</ele>
        <time>2026-09-10T11:20:22.691Z</time>
      </trkpt>
      <trkpt lat="46.9090398" lon="7.4694385">
        <ele>578</ele>
        <time>2026-09-10T11:20:22.691Z</time>
      </trkpt>
      <trkpt lat="46.9090347" lon="7.4694066">
        <ele>578</ele>
        <time>2026-09-10T11:20:22.691Z</time>
      </trkpt>
      <trkpt lat="46.9090312" lon="7.4693752">
        <ele>578.2</ele>
        <time>2026-09-10T11:20:22.691Z</time>
      </trkpt>
      <trkpt lat="46.9090308" lon="7.469336">
        <ele>578.2</ele>
        <time>2026-09-10T11:20:22.691Z</time>
      </trkpt>
      <trkpt lat="46.9090272" lon="7.4693009">
        <ele>578.4000000000001</ele>
        <time>2026-09-10T11:20:22.691Z</time>
      </trkpt>
      <trkpt lat="46.9090235" lon="7.4692669">
        <ele>578.5999999999999</ele>
        <time>2026-09-10T11:20:22.691Z</time>
      </trkpt>
      <trkpt lat="46.9090233" lon="7.4692318">
        <ele>578.5999999999999</ele>
        <time>2026-09-10T11:20:22.691Z</time>
      </trkpt>
      <trkpt lat="46.9090233" lon="7.4691936">
        <ele>578.8</ele>
        <time>2026-09-10T11:20:22.691Z</time>
      </trkpt>
      <trkpt lat="46.9090197" lon="7.4691568">
        <ele>579</ele>
        <time>2026-09-10T11:20:22.691Z</time>
      </trkpt>
      <trkpt lat="46.9090194" lon="7.469118">
        <ele>579</ele>
        <time>2026-09-10T11:20:22.691Z</time>
      </trkpt>
      <trkpt lat="46.909016" lon="7.4690817">
        <ele>579.2</ele>
        <time>2026-09-10T11:20:22.691Z</time>
      </trkpt>
      <trkpt lat="46.9090083" lon="7.4690411">
        <ele>579.4000000000001</ele>
        <time>2026-09-10T11:20:22.691Z</time>
      </trkpt>
      <trkpt lat="46.9090044" lon="7.4690052">
        <ele>579.5999999999999</ele>
        <time>2026-09-10T11:20:22.691Z</time>
      </trkpt>
      <trkpt lat="46.9090004" lon="7.4689663">
        <ele>579.5999999999999</ele>
        <time>2026-09-10T11:20:22.691Z</time>
      </trkpt>
      <trkpt lat="46.9090004" lon="7.4689325">
        <ele>579.8</ele>
        <time>2026-09-10T11:20:22.691Z</time>
      </trkpt>
      <trkpt lat="46.9089966" lon="7.4688946">
        <ele>580</ele>
        <time>2026-09-10T11:20:22.691Z</time>
      </trkpt>
      <trkpt lat="46.9090002" lon="7.4688615">
        <ele>580.2</ele>
        <time>2026-09-10T11:20:22.691Z</time>
      </trkpt>
      <trkpt lat="46.9090079" lon="7.4688276">
        <ele>580.4000000000001</ele>
        <time>2026-09-10T11:20:22.691Z</time>
      </trkpt>
      <trkpt lat="46.9090117" lon="7.4687957">
        <ele>580.4000000000001</ele>
        <time>2026-09-10T11:20:22.692Z</time>
      </trkpt>
      <trkpt lat="46.9090157" lon="7.4687614">
        <ele>580.5999999999999</ele>
        <time>2026-09-10T11:20:22.692Z</time>
      </trkpt>
      <trkpt lat="46.9090192" lon="7.4687278">
        <ele>580.8</ele>
        <time>2026-09-10T11:20:22.692Z</time>
      </trkpt>
      <trkpt lat="46.9090233" lon="7.4686833">
        <ele>580.8</ele>
        <time>2026-09-10T11:20:22.692Z</time>
      </trkpt>
      <trkpt lat="46.9090233" lon="7.4686392">
        <ele>580.8</ele>
        <time>2026-09-10T11:20:22.692Z</time>
      </trkpt>
      <trkpt lat="46.9090271" lon="7.4685893">
        <ele>580.8</ele>
        <time>2026-09-10T11:20:22.692Z</time>
      </trkpt>
      <trkpt lat="46.9090307" lon="7.4685438">
        <ele>580.8</ele>
        <time>2026-09-10T11:20:22.692Z</time>
      </trkpt>
      <trkpt lat="46.9090347" lon="7.468492">
        <ele>580.8</ele>
        <time>2026-09-10T11:20:22.692Z</time>
      </trkpt>
      <trkpt lat="46.9090383" lon="7.4684466">
        <ele>580.8</ele>
        <time>2026-09-10T11:20:22.692Z</time>
      </trkpt>
      <trkpt lat="46.9090423" lon="7.4683974">
        <ele>580.8</ele>
        <time>2026-09-10T11:20:22.692Z</time>
      </trkpt>
      <trkpt lat="46.9090423" lon="7.4683504">
        <ele>580.8</ele>
        <time>2026-09-10T11:20:22.692Z</time>
      </trkpt>
      <trkpt lat="46.9090387" lon="7.4683048">
        <ele>580.8</ele>
        <time>2026-09-10T11:20:22.692Z</time>
      </trkpt>
      <trkpt lat="46.909035" lon="7.4682621">
        <ele>581</ele>
        <time>2026-09-10T11:20:22.692Z</time>
      </trkpt>
      <trkpt lat="46.9090235" lon="7.4682192">
        <ele>581</ele>
        <time>2026-09-10T11:20:22.692Z</time>
      </trkpt>
      <trkpt lat="46.9090059" lon="7.468185">
        <ele>581</ele>
        <time>2026-09-10T11:20:22.692Z</time>
      </trkpt>
      <trkpt lat="46.9089881" lon="7.4681487">
        <ele>581.2</ele>
        <time>2026-09-10T11:20:22.692Z</time>
      </trkpt>
      <trkpt lat="46.9089701" lon="7.4681121">
        <ele>581.4000000000001</ele>
        <time>2026-09-10T11:20:22.692Z</time>
      </trkpt>
      <trkpt lat="46.9089551" lon="7.4680812">
        <ele>581.4000000000001</ele>
        <time>2026-09-10T11:20:22.692Z</time>
      </trkpt>
      <trkpt lat="46.908936" lon="7.4680475">
        <ele>581.5999999999999</ele>
        <time>2026-09-10T11:20:22.692Z</time>
      </trkpt>
      <trkpt lat="46.9089166" lon="7.4680153">
        <ele>581.8</ele>
        <time>2026-09-10T11:20:22.692Z</time>
      </trkpt>
      <trkpt lat="46.9088988" lon="7.4679874">
        <ele>582</ele>
        <time>2026-09-10T11:20:22.692Z</time>
      </trkpt>
      <trkpt lat="46.9088786" lon="7.4679538">
        <ele>582</ele>
        <time>2026-09-10T11:20:22.692Z</time>
      </trkpt>
      <trkpt lat="46.9088603" lon="7.4679248">
        <ele>582.2</ele>
        <time>2026-09-10T11:20:22.692Z</time>
      </trkpt>
      <trkpt lat="46.9088441" lon="7.4678919">
        <ele>582.4000000000001</ele>
        <time>2026-09-10T11:20:22.692Z</time>
      </trkpt>
      <trkpt lat="46.9088296" lon="7.4678652">
        <ele>582.5999999999999</ele>
        <time>2026-09-10T11:20:22.692Z</time>
      </trkpt>
      <trkpt lat="46.908814" lon="7.4678358">
        <ele>582.8</ele>
        <time>2026-09-10T11:20:22.692Z</time>
      </trkpt>
      <trkpt lat="46.9088028" lon="7.4678086">
        <ele>583</ele>
        <time>2026-09-10T11:20:22.692Z</time>
      </trkpt>
      <trkpt lat="46.9087868" lon="7.4677816">
        <ele>583.4000000000001</ele>
        <time>2026-09-10T11:20:22.692Z</time>
      </trkpt>
      <trkpt lat="46.9087719" lon="7.4677588">
        <ele>583.5999999999999</ele>
        <time>2026-09-10T11:20:22.692Z</time>
      </trkpt>
      <trkpt lat="46.9087532" lon="7.467739">
        <ele>583.8</ele>
        <time>2026-09-10T11:20:22.692Z</time>
      </trkpt>
      <trkpt lat="46.908734" lon="7.467722">
        <ele>584</ele>
        <time>2026-09-10T11:20:22.692Z</time>
      </trkpt>
      <trkpt lat="46.9087146" lon="7.4677037">
        <ele>584.2</ele>
        <time>2026-09-10T11:20:22.692Z</time>
      </trkpt>
      <trkpt lat="46.9087008" lon="7.4676873">
        <ele>584.4000000000001</ele>
        <time>2026-09-10T11:20:22.692Z</time>
      </trkpt>
      <trkpt lat="46.9086868" lon="7.4676684">
        <ele>584.5999999999999</ele>
        <time>2026-09-10T11:20:22.692Z</time>
      </trkpt>
      <trkpt lat="46.9086727" lon="7.467649">
        <ele>584.8</ele>
        <time>2026-09-10T11:20:22.692Z</time>
      </trkpt>
      <trkpt lat="46.9086538" lon="7.4676369">
        <ele>585</ele>
        <time>2026-09-10T11:20:22.692Z</time>
      </trkpt>
      <trkpt lat="46.9086387" lon="7.4676256">
        <ele>585.2</ele>
        <time>2026-09-10T11:20:22.692Z</time>
      </trkpt>
      <trkpt lat="46.9086189" lon="7.4676151">
        <ele>585.5999999999999</ele>
        <time>2026-09-10T11:20:22.692Z</time>
      </trkpt>
      <trkpt lat="46.9086012" lon="7.4676058">
        <ele>585.8</ele>
        <time>2026-09-10T11:20:22.692Z</time>
      </trkpt>
      <trkpt lat="46.9085885" lon="7.46759">
        <ele>586</ele>
        <time>2026-09-10T11:20:22.692Z</time>
      </trkpt>
      <trkpt lat="46.9085702" lon="7.4675758">
        <ele>586.2</ele>
        <time>2026-09-10T11:20:22.692Z</time>
      </trkpt>
      <trkpt lat="46.9085558" lon="7.4675633">
        <ele>586.5999999999999</ele>
        <time>2026-09-10T11:20:22.692Z</time>
      </trkpt>
      <trkpt lat="46.9085397" lon="7.4675473">
        <ele>586.8</ele>
        <time>2026-09-10T11:20:22.692Z</time>
      </trkpt>
      <trkpt lat="46.9085236" lon="7.4675317">
        <ele>587</ele>
        <time>2026-09-10T11:20:22.692Z</time>
      </trkpt>
      <trkpt lat="46.9085126" lon="7.4675175">
        <ele>587.2</ele>
        <time>2026-09-10T11:20:22.692Z</time>
      </trkpt>
      <trkpt lat="46.9084967" lon="7.4675001">
        <ele>587.4000000000001</ele>
        <time>2026-09-10T11:20:22.692Z</time>
      </trkpt>
      <trkpt lat="46.9084857" lon="7.4674852">
        <ele>587.8</ele>
        <time>2026-09-10T11:20:22.692Z</time>
      </trkpt>
      <trkpt lat="46.9084745" lon="7.4674709">
        <ele>588</ele>
        <time>2026-09-10T11:20:22.692Z</time>
      </trkpt>
      <trkpt lat="46.9084629" lon="7.4674572">
        <ele>588.2</ele>
        <time>2026-09-10T11:20:22.692Z</time>
      </trkpt>
      <trkpt lat="46.9084549" lon="7.4674449">
        <ele>588.5999999999999</ele>
        <time>2026-09-10T11:20:22.693Z</time>
      </trkpt>
      <trkpt lat="46.9084444" lon="7.4674328">
        <ele>588.8</ele>
        <time>2026-09-10T11:20:22.693Z</time>
      </trkpt>
      <trkpt lat="46.9084359" lon="7.4674202">
        <ele>589</ele>
        <time>2026-09-10T11:20:22.693Z</time>
      </trkpt>
      <trkpt lat="46.9084284" lon="7.467404">
        <ele>589.2</ele>
        <time>2026-09-10T11:20:22.693Z</time>
      </trkpt>
      <trkpt lat="46.9084173" lon="7.4673889">
        <ele>589.4000000000001</ele>
        <time>2026-09-10T11:20:22.693Z</time>
      </trkpt>
      <trkpt lat="46.9084131" lon="7.4673722">
        <ele>589.8</ele>
        <time>2026-09-10T11:20:22.693Z</time>
      </trkpt>
      <trkpt lat="46.9084055" lon="7.4673537">
        <ele>590</ele>
        <time>2026-09-10T11:20:22.693Z</time>
      </trkpt>
      <trkpt lat="46.908398" lon="7.4673375">
        <ele>590.2</ele>
        <time>2026-09-10T11:20:22.693Z</time>
      </trkpt>
      <trkpt lat="46.90839" lon="7.467323">
        <ele>590.4000000000001</ele>
        <time>2026-09-10T11:20:22.693Z</time>
      </trkpt>
      <trkpt lat="46.9083825" lon="7.4673069">
        <ele>590.5999999999999</ele>
        <time>2026-09-10T11:20:22.693Z</time>
      </trkpt>
      <trkpt lat="46.908375" lon="7.4672903">
        <ele>590.8</ele>
        <time>2026-09-10T11:20:22.693Z</time>
      </trkpt>
      <trkpt lat="46.9083674" lon="7.4672756">
        <ele>591</ele>
        <time>2026-09-10T11:20:22.693Z</time>
      </trkpt>
      <trkpt lat="46.9083595" lon="7.4672584">
        <ele>591.2</ele>
        <time>2026-09-10T11:20:22.693Z</time>
      </trkpt>
      <trkpt lat="46.9083529" lon="7.4672468">
        <ele>591.4000000000001</ele>
        <time>2026-09-10T11:20:22.693Z</time>
      </trkpt>
      <trkpt lat="46.9083446" lon="7.4672273">
        <ele>591.5999999999999</ele>
        <time>2026-09-10T11:20:22.693Z</time>
      </trkpt>
      <trkpt lat="46.9083406" lon="7.4672073">
        <ele>591.8</ele>
        <time>2026-09-10T11:20:22.693Z</time>
      </trkpt>
      <trkpt lat="46.9083367" lon="7.4671889">
        <ele>592.2</ele>
        <time>2026-09-10T11:20:22.693Z</time>
      </trkpt>
      <trkpt lat="46.9083294" lon="7.467174">
        <ele>592.4000000000001</ele>
        <time>2026-09-10T11:20:22.693Z</time>
      </trkpt>
      <trkpt lat="46.9083252" lon="7.4671585">
        <ele>592.5999999999999</ele>
        <time>2026-09-10T11:20:22.693Z</time>
      </trkpt>
      <trkpt lat="46.9083151" lon="7.4671511">
        <ele>592.8</ele>
        <time>2026-09-10T11:20:22.693Z</time>
      </trkpt>
      <trkpt lat="46.9083068" lon="7.4671402">
        <ele>593</ele>
        <time>2026-09-10T11:20:22.693Z</time>
      </trkpt>
      <trkpt lat="46.9082988" lon="7.4671288">
        <ele>593.2</ele>
        <time>2026-09-10T11:20:22.693Z</time>
      </trkpt>
      <trkpt lat="46.9082985" lon="7.4671121">
        <ele>593.4000000000001</ele>
        <time>2026-09-10T11:20:22.693Z</time>
      </trkpt>
      <trkpt lat="46.9082913" lon="7.4670959">
        <ele>593.5999999999999</ele>
        <time>2026-09-10T11:20:22.693Z</time>
      </trkpt>
      <trkpt lat="46.908287" lon="7.4670782">
        <ele>593.8</ele>
        <time>2026-09-10T11:20:22.693Z</time>
      </trkpt>
      <trkpt lat="46.9082799" lon="7.4670626">
        <ele>594</ele>
        <time>2026-09-10T11:20:22.693Z</time>
      </trkpt>
      <trkpt lat="46.9082717" lon="7.4670464">
        <ele>594.2</ele>
        <time>2026-09-10T11:20:22.693Z</time>
      </trkpt>
      <trkpt lat="46.9082643" lon="7.4670318">
        <ele>594.4000000000001</ele>
        <time>2026-09-10T11:20:22.693Z</time>
      </trkpt>
      <trkpt lat="46.9082605" lon="7.467017">
        <ele>594.5999999999999</ele>
        <time>2026-09-10T11:20:22.693Z</time>
      </trkpt>
      <trkpt lat="46.9082534" lon="7.4670014">
        <ele>594.8</ele>
        <time>2026-09-10T11:20:22.693Z</time>
      </trkpt>
      <trkpt lat="46.908249" lon="7.4669821">
        <ele>595</ele>
        <time>2026-09-10T11:20:22.693Z</time>
      </trkpt>
      <trkpt lat="46.9082456" lon="7.4669676">
        <ele>595.2</ele>
        <time>2026-09-10T11:20:22.693Z</time>
      </trkpt>
      <trkpt lat="46.9082375" lon="7.4669486">
        <ele>595.4000000000001</ele>
        <time>2026-09-10T11:20:22.693Z</time>
      </trkpt>
      <trkpt lat="46.9082303" lon="7.4669342">
        <ele>595.8</ele>
        <time>2026-09-10T11:20:22.693Z</time>
      </trkpt>
      <trkpt lat="46.9082224" lon="7.4669189">
        <ele>596</ele>
        <time>2026-09-10T11:20:22.693Z</time>
      </trkpt>
      <trkpt lat="46.9082185" lon="7.4669025">
        <ele>596.2</ele>
        <time>2026-09-10T11:20:22.693Z</time>
      </trkpt>
      <trkpt lat="46.9082107" lon="7.4668851">
        <ele>596.4000000000001</ele>
        <time>2026-09-10T11:20:22.693Z</time>
      </trkpt>
      <trkpt lat="46.9082045" lon="7.4668716">
        <ele>596.5999999999999</ele>
        <time>2026-09-10T11:20:22.693Z</time>
      </trkpt>
      <trkpt lat="46.9081954" lon="7.4668548">
        <ele>597</ele>
        <time>2026-09-10T11:20:22.693Z</time>
      </trkpt>
      <trkpt lat="46.9081917" lon="7.4668433">
        <ele>597.2</ele>
        <time>2026-09-10T11:20:22.693Z</time>
      </trkpt>
      <trkpt lat="46.9081807" lon="7.4668303">
        <ele>597.4000000000001</ele>
        <time>2026-09-10T11:20:22.693Z</time>
      </trkpt>
      <trkpt lat="46.9081729" lon="7.4668157">
        <ele>597.5999999999999</ele>
        <time>2026-09-10T11:20:22.693Z</time>
      </trkpt>
      <trkpt lat="46.9081687" lon="7.4668">
        <ele>597.8</ele>
        <time>2026-09-10T11:20:22.693Z</time>
      </trkpt>
      <trkpt lat="46.908162" lon="7.4667865">
        <ele>598.2</ele>
        <time>2026-09-10T11:20:22.693Z</time>
      </trkpt>
      <trkpt lat="46.9081558" lon="7.4667689">
        <ele>598.4000000000001</ele>
        <time>2026-09-10T11:20:22.693Z</time>
      </trkpt>
      <trkpt lat="46.90815" lon="7.4667508">
        <ele>598.5999999999999</ele>
        <time>2026-09-10T11:20:22.693Z</time>
      </trkpt>
      <trkpt lat="46.9081422" lon="7.466735">
        <ele>598.8</ele>
        <time>2026-09-10T11:20:22.693Z</time>
      </trkpt>
      <trkpt lat="46.9081384" lon="7.4667187">
        <ele>599</ele>
        <time>2026-09-10T11:20:22.694Z</time>
      </trkpt>
      <trkpt lat="46.9081309" lon="7.4667039">
        <ele>599.2</ele>
        <time>2026-09-10T11:20:22.694Z</time>
      </trkpt>
      <trkpt lat="46.9081232" lon="7.4666873">
        <ele>599.5999999999999</ele>
        <time>2026-09-10T11:20:22.694Z</time>
      </trkpt>
      <trkpt lat="46.9081154" lon="7.4666715">
        <ele>599.8</ele>
        <time>2026-09-10T11:20:22.694Z</time>
      </trkpt>
      <trkpt lat="46.9081117" lon="7.4666573">
        <ele>600</ele>
        <time>2026-09-10T11:20:22.694Z</time>
      </trkpt>
      <trkpt lat="46.908104" lon="7.4666402">
        <ele>600.2</ele>
        <time>2026-09-10T11:20:22.694Z</time>
      </trkpt>
      <trkpt lat="46.9081003" lon="7.4666238">
        <ele>600.4000000000001</ele>
        <time>2026-09-10T11:20:22.694Z</time>
      </trkpt>
      <trkpt lat="46.9080886" lon="7.4666099">
        <ele>600.5999999999999</ele>
        <time>2026-09-10T11:20:22.694Z</time>
      </trkpt>
      <trkpt lat="46.9080855" lon="7.4666006">
        <ele>600.8</ele>
        <time>2026-09-10T11:20:22.694Z</time>
      </trkpt>
      <trkpt lat="46.9080772" lon="7.4665851">
        <ele>601.2</ele>
        <time>2026-09-10T11:20:22.694Z</time>
      </trkpt>
      <trkpt lat="46.9080735" lon="7.4665723">
        <ele>601.4000000000001</ele>
        <time>2026-09-10T11:20:22.694Z</time>
      </trkpt>
      <trkpt lat="46.9080661" lon="7.4665571">
        <ele>601.5999999999999</ele>
        <time>2026-09-10T11:20:22.694Z</time>
      </trkpt>
      <trkpt lat="46.9080621" lon="7.4665438">
        <ele>601.8</ele>
        <time>2026-09-10T11:20:22.694Z</time>
      </trkpt>
      <trkpt lat="46.9080582" lon="7.4665299">
        <ele>602</ele>
        <time>2026-09-10T11:20:22.694Z</time>
      </trkpt>
      <trkpt lat="46.908051" lon="7.4665173">
        <ele>602.2</ele>
        <time>2026-09-10T11:20:22.694Z</time>
      </trkpt>
      <trkpt lat="46.9080466" lon="7.4665016">
        <ele>602.4000000000001</ele>
        <time>2026-09-10T11:20:22.694Z</time>
      </trkpt>
      <trkpt lat="46.9080398" lon="7.4664896">
        <ele>602.5999999999999</ele>
        <time>2026-09-10T11:20:22.694Z</time>
      </trkpt>
      <trkpt lat="46.908032" lon="7.4664753">
        <ele>602.8</ele>
        <time>2026-09-10T11:20:22.694Z</time>
      </trkpt>
      <trkpt lat="46.9080241" lon="7.4664606">
        <ele>603</ele>
        <time>2026-09-10T11:20:22.694Z</time>
      </trkpt>
      <trkpt lat="46.90802" lon="7.4664449">
        <ele>603.2</ele>
        <time>2026-09-10T11:20:22.694Z</time>
      </trkpt>
      <trkpt lat="46.9080128" lon="7.4664309">
        <ele>603.4000000000001</ele>
        <time>2026-09-10T11:20:22.694Z</time>
      </trkpt>
      <trkpt lat="46.9080085" lon="7.4664132">
        <ele>603.5999999999999</ele>
        <time>2026-09-10T11:20:22.694Z</time>
      </trkpt>
      <trkpt lat="46.9080048" lon="7.4663986">
        <ele>603.8</ele>
        <time>2026-09-10T11:20:22.694Z</time>
      </trkpt>
      <trkpt lat="46.9079939" lon="7.4663842">
        <ele>604</ele>
        <time>2026-09-10T11:20:22.694Z</time>
      </trkpt>
      <trkpt lat="46.9079896" lon="7.4663688">
        <ele>604.2</ele>
        <time>2026-09-10T11:20:22.694Z</time>
      </trkpt>
      <trkpt lat="46.9079819" lon="7.4663535">
        <ele>604.4000000000001</ele>
        <time>2026-09-10T11:20:22.694Z</time>
      </trkpt>
      <trkpt lat="46.9079783" lon="7.4663379">
        <ele>604.5999999999999</ele>
        <time>2026-09-10T11:20:22.694Z</time>
      </trkpt>
      <trkpt lat="46.9079704" lon="7.4663216">
        <ele>605</ele>
        <time>2026-09-10T11:20:22.694Z</time>
      </trkpt>
      <trkpt lat="46.9079631" lon="7.4663056">
        <ele>605.2</ele>
        <time>2026-09-10T11:20:22.694Z</time>
      </trkpt>
      <trkpt lat="46.9079555" lon="7.4662907">
        <ele>605.4000000000001</ele>
        <time>2026-09-10T11:20:22.694Z</time>
      </trkpt>
      <trkpt lat="46.907948" lon="7.4662761">
        <ele>605.4000000000001</ele>
        <time>2026-09-10T11:20:22.694Z</time>
      </trkpt>
      <trkpt lat="46.9079401" lon="7.4662589">
        <ele>605.5999999999999</ele>
        <time>2026-09-10T11:20:22.694Z</time>
      </trkpt>
      <trkpt lat="46.9079363" lon="7.4662427">
        <ele>605.8</ele>
        <time>2026-09-10T11:20:22.694Z</time>
      </trkpt>
      <trkpt lat="46.9079287" lon="7.4662257">
        <ele>606</ele>
        <time>2026-09-10T11:20:22.694Z</time>
      </trkpt>
      <trkpt lat="46.9079248" lon="7.4662091">
        <ele>606.2</ele>
        <time>2026-09-10T11:20:22.694Z</time>
      </trkpt>
      <trkpt lat="46.9079178" lon="7.4661935">
        <ele>606.4000000000001</ele>
        <time>2026-09-10T11:20:22.694Z</time>
      </trkpt>
      <trkpt lat="46.9079134" lon="7.4661761">
        <ele>606.5999999999999</ele>
        <time>2026-09-10T11:20:22.694Z</time>
      </trkpt>
      <trkpt lat="46.9079018" lon="7.4661598">
        <ele>606.8</ele>
        <time>2026-09-10T11:20:22.694Z</time>
      </trkpt>
      <trkpt lat="46.9078981" lon="7.466147">
        <ele>607</ele>
        <time>2026-09-10T11:20:22.694Z</time>
      </trkpt>
      <trkpt lat="46.9078906" lon="7.4661321">
        <ele>607</ele>
        <time>2026-09-10T11:20:22.694Z</time>
      </trkpt>
      <trkpt lat="46.9078828" lon="7.4661151">
        <ele>607.2</ele>
        <time>2026-09-10T11:20:22.694Z</time>
      </trkpt>
      <trkpt lat="46.9078753" lon="7.4661006">
        <ele>607.4000000000001</ele>
        <time>2026-09-10T11:20:22.694Z</time>
      </trkpt>
      <trkpt lat="46.9078714" lon="7.4660856">
        <ele>607.5999999999999</ele>
        <time>2026-09-10T11:20:22.694Z</time>
      </trkpt>
      <trkpt lat="46.9078598" lon="7.4660702">
        <ele>607.8</ele>
        <time>2026-09-10T11:20:22.694Z</time>
      </trkpt>
      <trkpt lat="46.9078562" lon="7.4660528">
        <ele>608</ele>
        <time>2026-09-10T11:20:22.694Z</time>
      </trkpt>
      <trkpt lat="46.9078486" lon="7.4660372">
        <ele>608.2</ele>
        <time>2026-09-10T11:20:22.694Z</time>
      </trkpt>
      <trkpt lat="46.9078447" lon="7.466021">
        <ele>608.4000000000001</ele>
        <time>2026-09-10T11:20:22.694Z</time>
      </trkpt>
      <trkpt lat="46.9078371" lon="7.4660037">
        <ele>608.5999999999999</ele>
        <time>2026-09-10T11:20:22.694Z</time>
      </trkpt>
      <trkpt lat="46.9078333" lon="7.4659857">
        <ele>608.8</ele>
        <time>2026-09-10T11:20:22.694Z</time>
      </trkpt>
      <trkpt lat="46.9078254" lon="7.4659681">
        <ele>609</ele>
        <time>2026-09-10T11:20:22.694Z</time>
      </trkpt>
      <trkpt lat="46.9078218" lon="7.465949">
        <ele>609.2</ele>
        <time>2026-09-10T11:20:22.694Z</time>
      </trkpt>
      <trkpt lat="46.9078217" lon="7.4659301">
        <ele>609.4000000000001</ele>
        <time>2026-09-10T11:20:22.694Z</time>
      </trkpt>
      <trkpt lat="46.9078143" lon="7.4659106">
        <ele>609.5999999999999</ele>
        <time>2026-09-10T11:20:22.694Z</time>
      </trkpt>
      <trkpt lat="46.907814" lon="7.465887">
        <ele>609.5999999999999</ele>
        <time>2026-09-10T11:20:22.694Z</time>
      </trkpt>
      <trkpt lat="46.907814" lon="7.4658649">
        <ele>609.8</ele>
        <time>2026-09-10T11:20:22.694Z</time>
      </trkpt>
      <trkpt lat="46.9078103" lon="7.4658405">
        <ele>610</ele>
        <time>2026-09-10T11:20:22.694Z</time>
      </trkpt>
      <trkpt lat="46.9078102" lon="7.4658167">
        <ele>610</ele>
        <time>2026-09-10T11:20:22.694Z</time>
      </trkpt>
      <trkpt lat="46.9078102" lon="7.4657923">
        <ele>610.2</ele>
        <time>2026-09-10T11:20:22.694Z</time>
      </trkpt>
      <trkpt lat="46.9078067" lon="7.4657684">
        <ele>610.4000000000001</ele>
        <time>2026-09-10T11:20:22.695Z</time>
      </trkpt>
      <trkpt lat="46.9078027" lon="7.4657446">
        <ele>610.4000000000001</ele>
        <time>2026-09-10T11:20:22.695Z</time>
      </trkpt>
      <trkpt lat="46.9078026" lon="7.4657195">
        <ele>610.5999999999999</ele>
        <time>2026-09-10T11:20:22.695Z</time>
      </trkpt>
      <trkpt lat="46.9077988" lon="7.4656938">
        <ele>610.8</ele>
        <time>2026-09-10T11:20:22.695Z</time>
      </trkpt>
      <trkpt lat="46.9077988" lon="7.4656705">
        <ele>610.8</ele>
        <time>2026-09-10T11:20:22.695Z</time>
      </trkpt>
      <trkpt lat="46.9077949" lon="7.4656449">
        <ele>611</ele>
        <time>2026-09-10T11:20:22.695Z</time>
      </trkpt>
      <trkpt lat="46.9077912" lon="7.4656208">
        <ele>611.2</ele>
        <time>2026-09-10T11:20:22.695Z</time>
      </trkpt>
      <trkpt lat="46.9077873" lon="7.4655949">
        <ele>611.4000000000001</ele>
        <time>2026-09-10T11:20:22.695Z</time>
      </trkpt>
      <trkpt lat="46.9077838" lon="7.4655717">
        <ele>611.4000000000001</ele>
        <time>2026-09-10T11:20:22.695Z</time>
      </trkpt>
      <trkpt lat="46.9077797" lon="7.4655466">
        <ele>611.5999999999999</ele>
        <time>2026-09-10T11:20:22.695Z</time>
      </trkpt>
      <trkpt lat="46.9077761" lon="7.4655251">
        <ele>611.8</ele>
        <time>2026-09-10T11:20:22.695Z</time>
      </trkpt>
      <trkpt lat="46.9077684" lon="7.4655006">
        <ele>611.8</ele>
        <time>2026-09-10T11:20:22.695Z</time>
      </trkpt>
      <trkpt lat="46.9077646" lon="7.4654762">
        <ele>612</ele>
        <time>2026-09-10T11:20:22.695Z</time>
      </trkpt>
      <trkpt lat="46.9077607" lon="7.4654492">
        <ele>612.2</ele>
        <time>2026-09-10T11:20:22.695Z</time>
      </trkpt>
      <trkpt lat="46.907757" lon="7.4654265">
        <ele>612.2</ele>
        <time>2026-09-10T11:20:22.695Z</time>
      </trkpt>
      <trkpt lat="46.9077496" lon="7.4654015">
        <ele>612.2</ele>
        <time>2026-09-10T11:20:22.695Z</time>
      </trkpt>
      <trkpt lat="46.907742" lon="7.4653765">
        <ele>612.4000000000001</ele>
        <time>2026-09-10T11:20:22.695Z</time>
      </trkpt>
      <trkpt lat="46.9077378" lon="7.4653488">
        <ele>612.4000000000001</ele>
        <time>2026-09-10T11:20:22.695Z</time>
      </trkpt>
      <trkpt lat="46.9077342" lon="7.465325">
        <ele>612.5999999999999</ele>
        <time>2026-09-10T11:20:22.695Z</time>
      </trkpt>
      <trkpt lat="46.9077266" lon="7.4652991">
        <ele>612.5999999999999</ele>
        <time>2026-09-10T11:20:22.695Z</time>
      </trkpt>
      <trkpt lat="46.9077189" lon="7.4652756">
        <ele>612.8</ele>
        <time>2026-09-10T11:20:22.695Z</time>
      </trkpt>
      <trkpt lat="46.9077149" lon="7.4652502">
        <ele>613</ele>
        <time>2026-09-10T11:20:22.695Z</time>
      </trkpt>
      <trkpt lat="46.9077114" lon="7.4652255">
        <ele>613.2</ele>
        <time>2026-09-10T11:20:22.695Z</time>
      </trkpt>
      <trkpt lat="46.9077034" lon="7.4651966">
        <ele>613.2</ele>
        <time>2026-09-10T11:20:22.695Z</time>
      </trkpt>
      <trkpt lat="46.9076996" lon="7.4651723">
        <ele>613.4000000000001</ele>
        <time>2026-09-10T11:20:22.695Z</time>
      </trkpt>
      <trkpt lat="46.9076922" lon="7.4651491">
        <ele>613.5999999999999</ele>
        <time>2026-09-10T11:20:22.695Z</time>
      </trkpt>
      <trkpt lat="46.9076845" lon="7.4651225">
        <ele>613.8</ele>
        <time>2026-09-10T11:20:22.695Z</time>
      </trkpt>
      <trkpt lat="46.9076767" lon="7.4650949">
        <ele>614</ele>
        <time>2026-09-10T11:20:22.695Z</time>
      </trkpt>
      <trkpt lat="46.9076767" lon="7.4650699">
        <ele>614</ele>
        <time>2026-09-10T11:20:22.695Z</time>
      </trkpt>
      <trkpt lat="46.907669" lon="7.4650433">
        <ele>614.4000000000001</ele>
        <time>2026-09-10T11:20:22.695Z</time>
      </trkpt>
      <trkpt lat="46.9076618" lon="7.4650195">
        <ele>614.5999999999999</ele>
        <time>2026-09-10T11:20:22.695Z</time>
      </trkpt>
      <trkpt lat="46.9076578" lon="7.4649944">
        <ele>614.8</ele>
        <time>2026-09-10T11:20:22.695Z</time>
      </trkpt>
      <trkpt lat="46.9076503" lon="7.4649693">
        <ele>615</ele>
        <time>2026-09-10T11:20:22.695Z</time>
      </trkpt>
      <trkpt lat="46.9076424" lon="7.4649434">
        <ele>615</ele>
        <time>2026-09-10T11:20:22.695Z</time>
      </trkpt>
      <trkpt lat="46.9076387" lon="7.4649193">
        <ele>615.2</ele>
        <time>2026-09-10T11:20:22.695Z</time>
      </trkpt>
      <trkpt lat="46.907631" lon="7.4648915">
        <ele>615.2</ele>
        <time>2026-09-10T11:20:22.695Z</time>
      </trkpt>
      <trkpt lat="46.9076234" lon="7.4648655">
        <ele>615.2</ele>
        <time>2026-09-10T11:20:22.695Z</time>
      </trkpt>
      <trkpt lat="46.9076195" lon="7.4648398">
        <ele>615.4000000000001</ele>
        <time>2026-09-10T11:20:22.695Z</time>
      </trkpt>
      <trkpt lat="46.9076159" lon="7.4648134">
        <ele>615.4000000000001</ele>
        <time>2026-09-10T11:20:22.695Z</time>
      </trkpt>
      <trkpt lat="46.9076081" lon="7.4647867">
        <ele>615.5999999999999</ele>
        <time>2026-09-10T11:20:22.695Z</time>
      </trkpt>
      <trkpt lat="46.9076045" lon="7.4647617">
        <ele>615.5999999999999</ele>
        <time>2026-09-10T11:20:22.695Z</time>
      </trkpt>
      <trkpt lat="46.9075966" lon="7.4647331">
        <ele>615.8</ele>
        <time>2026-09-10T11:20:22.695Z</time>
      </trkpt>
      <trkpt lat="46.9075855" lon="7.4647059">
        <ele>616</ele>
        <time>2026-09-10T11:20:22.695Z</time>
      </trkpt>
      <trkpt lat="46.9075776" lon="7.4646785">
        <ele>616.2</ele>
        <time>2026-09-10T11:20:22.695Z</time>
      </trkpt>
      <trkpt lat="46.9075702" lon="7.4646512">
        <ele>616.2</ele>
        <time>2026-09-10T11:20:22.695Z</time>
      </trkpt>
      <trkpt lat="46.9075626" lon="7.4646214">
        <ele>616.4000000000001</ele>
        <time>2026-09-10T11:20:22.695Z</time>
      </trkpt>
      <trkpt lat="46.907555" lon="7.4645918">
        <ele>616.4000000000001</ele>
        <time>2026-09-10T11:20:22.695Z</time>
      </trkpt>
      <trkpt lat="46.9075472" lon="7.4645605">
        <ele>616.5999999999999</ele>
        <time>2026-09-10T11:20:22.695Z</time>
      </trkpt>
      <trkpt lat="46.9075397" lon="7.4645314">
        <ele>616.5999999999999</ele>
        <time>2026-09-10T11:20:22.695Z</time>
      </trkpt>
      <trkpt lat="46.907532" lon="7.4645027">
        <ele>616.5999999999999</ele>
        <time>2026-09-10T11:20:22.695Z</time>
      </trkpt>
      <trkpt lat="46.9075244" lon="7.4644728">
        <ele>616.8</ele>
        <time>2026-09-10T11:20:22.695Z</time>
      </trkpt>
      <trkpt lat="46.9075165" lon="7.4644429">
        <ele>616.8</ele>
        <time>2026-09-10T11:20:22.695Z</time>
      </trkpt>
      <trkpt lat="46.9075128" lon="7.4644128">
        <ele>617</ele>
        <time>2026-09-10T11:20:22.696Z</time>
      </trkpt>
      <trkpt lat="46.9075048" lon="7.4643824">
        <ele>617.2</ele>
        <time>2026-09-10T11:20:22.696Z</time>
      </trkpt>
      <trkpt lat="46.9074977" lon="7.4643561">
        <ele>617.4000000000001</ele>
        <time>2026-09-10T11:20:22.696Z</time>
      </trkpt>
      <trkpt lat="46.9074938" lon="7.4643263">
        <ele>617.5999999999999</ele>
        <time>2026-09-10T11:20:22.696Z</time>
      </trkpt>
      <trkpt lat="46.90749" lon="7.4642953">
        <ele>617.8</ele>
        <time>2026-09-10T11:20:22.696Z</time>
      </trkpt>
      <trkpt lat="46.9074824" lon="7.4642647">
        <ele>618</ele>
        <time>2026-09-10T11:20:22.696Z</time>
      </trkpt>
      <trkpt lat="46.9074787" lon="7.4642362">
        <ele>618.2</ele>
        <time>2026-09-10T11:20:22.696Z</time>
      </trkpt>
      <trkpt lat="46.9074746" lon="7.4642017">
        <ele>618.2</ele>
        <time>2026-09-10T11:20:22.696Z</time>
      </trkpt>
      <trkpt lat="46.9074709" lon="7.4641732">
        <ele>618.4000000000001</ele>
        <time>2026-09-10T11:20:22.696Z</time>
      </trkpt>
      <trkpt lat="46.907467" lon="7.4641431">
        <ele>618.5999999999999</ele>
        <time>2026-09-10T11:20:22.696Z</time>
      </trkpt>
      <trkpt lat="46.9074633" lon="7.4641113">
        <ele>618.5999999999999</ele>
        <time>2026-09-10T11:20:22.696Z</time>
      </trkpt>
      <trkpt lat="46.9074631" lon="7.4640791">
        <ele>618.8</ele>
        <time>2026-09-10T11:20:22.696Z</time>
      </trkpt>
      <trkpt lat="46.9074595" lon="7.464048">
        <ele>619</ele>
        <time>2026-09-10T11:20:22.696Z</time>
      </trkpt>
      <trkpt lat="46.9074592" lon="7.4640165">
        <ele>619</ele>
        <time>2026-09-10T11:20:22.696Z</time>
      </trkpt>
      <trkpt lat="46.9074556" lon="7.4639852">
        <ele>619.2</ele>
        <time>2026-09-10T11:20:22.696Z</time>
      </trkpt>
      <trkpt lat="46.9074519" lon="7.4639534">
        <ele>619.2</ele>
        <time>2026-09-10T11:20:22.696Z</time>
      </trkpt>
      <trkpt lat="46.9074498" lon="7.4639212">
        <ele>619.4000000000001</ele>
        <time>2026-09-10T11:20:22.696Z</time>
      </trkpt>
      <trkpt lat="46.9074479" lon="7.4638891">
        <ele>619.4000000000001</ele>
        <time>2026-09-10T11:20:22.696Z</time>
      </trkpt>
      <trkpt lat="46.9074478" lon="7.4638599">
        <ele>619.5999999999999</ele>
        <time>2026-09-10T11:20:22.696Z</time>
      </trkpt>
      <trkpt lat="46.9074497" lon="7.4638288">
        <ele>619.5999999999999</ele>
        <time>2026-09-10T11:20:22.696Z</time>
      </trkpt>
      <trkpt lat="46.9074516" lon="7.4637976">
        <ele>619.8</ele>
        <time>2026-09-10T11:20:22.696Z</time>
      </trkpt>
      <trkpt lat="46.9074516" lon="7.4637665">
        <ele>620</ele>
        <time>2026-09-10T11:20:22.696Z</time>
      </trkpt>
      <trkpt lat="46.9074516" lon="7.4637352">
        <ele>620</ele>
        <time>2026-09-10T11:20:22.696Z</time>
      </trkpt>
      <trkpt lat="46.9074516" lon="7.4637041">
        <ele>620.2</ele>
        <time>2026-09-10T11:20:22.696Z</time>
      </trkpt>
      <trkpt lat="46.9074586" lon="7.4636742">
        <ele>620.2</ele>
        <time>2026-09-10T11:20:22.696Z</time>
      </trkpt>
      <trkpt lat="46.9074717" lon="7.4636483">
        <ele>620.4000000000001</ele>
        <time>2026-09-10T11:20:22.696Z</time>
      </trkpt>
      <trkpt lat="46.9074853" lon="7.4636228">
        <ele>620.5999999999999</ele>
        <time>2026-09-10T11:20:22.696Z</time>
      </trkpt>
      <trkpt lat="46.9075044" lon="7.4636041">
        <ele>620.5999999999999</ele>
        <time>2026-09-10T11:20:22.696Z</time>
      </trkpt>
      <trkpt lat="46.9075228" lon="7.4635942">
        <ele>620.8</ele>
        <time>2026-09-10T11:20:22.696Z</time>
      </trkpt>
      <trkpt lat="46.907542" lon="7.4635903">
        <ele>620.8</ele>
        <time>2026-09-10T11:20:22.696Z</time>
      </trkpt>
      <trkpt lat="46.9075647" lon="7.4635946">
        <ele>621</ele>
        <time>2026-09-10T11:20:22.696Z</time>
      </trkpt>
      <trkpt lat="46.9075851" lon="7.4636049">
        <ele>621.2</ele>
        <time>2026-09-10T11:20:22.696Z</time>
      </trkpt>
      <trkpt lat="46.9076071" lon="7.4636145">
        <ele>621.4000000000001</ele>
        <time>2026-09-10T11:20:22.696Z</time>
      </trkpt>
      <trkpt lat="46.9076225" lon="7.4636308">
        <ele>621.4000000000001</ele>
        <time>2026-09-10T11:20:22.696Z</time>
      </trkpt>
      <trkpt lat="46.9076407" lon="7.4636468">
        <ele>621.5999999999999</ele>
        <time>2026-09-10T11:20:22.696Z</time>
      </trkpt>
      <trkpt lat="46.9076563" lon="7.4636681">
        <ele>621.8</ele>
        <time>2026-09-10T11:20:22.696Z</time>
      </trkpt>
      <trkpt lat="46.9076716" lon="7.46369">
        <ele>622</ele>
        <time>2026-09-10T11:20:22.696Z</time>
      </trkpt>
      <trkpt lat="46.907687" lon="7.4637119">
        <ele>622.2</ele>
        <time>2026-09-10T11:20:22.696Z</time>
      </trkpt>
      <trkpt lat="46.9077026" lon="7.4637338">
        <ele>622.4000000000001</ele>
        <time>2026-09-10T11:20:22.696Z</time>
      </trkpt>
      <trkpt lat="46.9077183" lon="7.4637561">
        <ele>622.5999999999999</ele>
        <time>2026-09-10T11:20:22.696Z</time>
      </trkpt>
      <trkpt lat="46.9077296" lon="7.4637789">
        <ele>622.8</ele>
        <time>2026-09-10T11:20:22.696Z</time>
      </trkpt>
      <trkpt lat="46.9077452" lon="7.4638017">
        <ele>623</ele>
        <time>2026-09-10T11:20:22.696Z</time>
      </trkpt>
      <trkpt lat="46.9077593" lon="7.4638214">
        <ele>623.2</ele>
        <time>2026-09-10T11:20:22.696Z</time>
      </trkpt>
      <trkpt lat="46.9077751" lon="7.4638456">
        <ele>623.4000000000001</ele>
        <time>2026-09-10T11:20:22.696Z</time>
      </trkpt>
      <trkpt lat="46.9077904" lon="7.4638689">
        <ele>623.5999999999999</ele>
        <time>2026-09-10T11:20:22.696Z</time>
      </trkpt>
      <trkpt lat="46.9078061" lon="7.4638929">
        <ele>623.8</ele>
        <time>2026-09-10T11:20:22.696Z</time>
      </trkpt>
      <trkpt lat="46.9078208" lon="7.4639137">
        <ele>624</ele>
        <time>2026-09-10T11:20:22.696Z</time>
      </trkpt>
      <trkpt lat="46.9078369" lon="7.4639367">
        <ele>624.2</ele>
        <time>2026-09-10T11:20:22.696Z</time>
      </trkpt>
      <trkpt lat="46.9078513" lon="7.4639571">
        <ele>624.4000000000001</ele>
        <time>2026-09-10T11:20:22.696Z</time>
      </trkpt>
      <trkpt lat="46.9078634" lon="7.4639813">
        <ele>624.5999999999999</ele>
        <time>2026-09-10T11:20:22.697Z</time>
      </trkpt>
      <trkpt lat="46.9078815" lon="7.4640036">
        <ele>624.8</ele>
        <time>2026-09-10T11:20:22.697Z</time>
      </trkpt>
      <trkpt lat="46.9078974" lon="7.4640257">
        <ele>625</ele>
        <time>2026-09-10T11:20:22.697Z</time>
      </trkpt>
      <trkpt lat="46.9079123" lon="7.4640484">
        <ele>625.2</ele>
        <time>2026-09-10T11:20:22.697Z</time>
      </trkpt>
      <trkpt lat="46.907928" lon="7.4640744">
        <ele>625.4000000000001</ele>
        <time>2026-09-10T11:20:22.697Z</time>
      </trkpt>
      <trkpt lat="46.9079393" lon="7.4640972">
        <ele>625.5999999999999</ele>
        <time>2026-09-10T11:20:22.697Z</time>
      </trkpt>
      <trkpt lat="46.9079551" lon="7.4641217">
        <ele>625.8</ele>
        <time>2026-09-10T11:20:22.697Z</time>
      </trkpt>
      <trkpt lat="46.9079661" lon="7.4641455">
        <ele>626</ele>
        <time>2026-09-10T11:20:22.697Z</time>
      </trkpt>
      <trkpt lat="46.9079815" lon="7.4641727">
        <ele>626</ele>
        <time>2026-09-10T11:20:22.697Z</time>
      </trkpt>
      <trkpt lat="46.9079925" lon="7.4641963">
        <ele>626.2</ele>
        <time>2026-09-10T11:20:22.697Z</time>
      </trkpt>
      <trkpt lat="46.9080081" lon="7.4642206">
        <ele>626.4000000000001</ele>
        <time>2026-09-10T11:20:22.697Z</time>
      </trkpt>
      <trkpt lat="46.9080187" lon="7.4642452">
        <ele>626.5999999999999</ele>
        <time>2026-09-10T11:20:22.697Z</time>
      </trkpt>
      <trkpt lat="46.908032" lon="7.4642723">
        <ele>626.5999999999999</ele>
        <time>2026-09-10T11:20:22.697Z</time>
      </trkpt>
      <trkpt lat="46.9080458" lon="7.4642998">
        <ele>626.8</ele>
        <time>2026-09-10T11:20:22.697Z</time>
      </trkpt>
      <trkpt lat="46.908058" lon="7.4643299">
        <ele>627</ele>
        <time>2026-09-10T11:20:22.697Z</time>
      </trkpt>
      <trkpt lat="46.9080691" lon="7.4643557">
        <ele>627</ele>
        <time>2026-09-10T11:20:22.697Z</time>
      </trkpt>
      <trkpt lat="46.9080807" lon="7.4643822">
        <ele>627.2</ele>
        <time>2026-09-10T11:20:22.697Z</time>
      </trkpt>
      <trkpt lat="46.9080916" lon="7.4644077">
        <ele>627.2</ele>
        <time>2026-09-10T11:20:22.697Z</time>
      </trkpt>
      <trkpt lat="46.9081039" lon="7.4644382">
        <ele>627.4000000000001</ele>
        <time>2026-09-10T11:20:22.697Z</time>
      </trkpt>
      <trkpt lat="46.9081112" lon="7.4644651">
        <ele>627.4000000000001</ele>
        <time>2026-09-10T11:20:22.697Z</time>
      </trkpt>
      <trkpt lat="46.908123" lon="7.4644965">
        <ele>627.5999999999999</ele>
        <time>2026-09-10T11:20:22.697Z</time>
      </trkpt>
      <trkpt lat="46.9081303" lon="7.4645253">
        <ele>627.8</ele>
        <time>2026-09-10T11:20:22.697Z</time>
      </trkpt>
      <trkpt lat="46.9081423" lon="7.4645553">
        <ele>627.8</ele>
        <time>2026-09-10T11:20:22.697Z</time>
      </trkpt>
      <trkpt lat="46.9081491" lon="7.4645825">
        <ele>628</ele>
        <time>2026-09-10T11:20:22.697Z</time>
      </trkpt>
      <trkpt lat="46.908161" lon="7.4646143">
        <ele>628</ele>
        <time>2026-09-10T11:20:22.697Z</time>
      </trkpt>
      <trkpt lat="46.908172" lon="7.464642">
        <ele>628.2</ele>
        <time>2026-09-10T11:20:22.697Z</time>
      </trkpt>
      <trkpt lat="46.9081801" lon="7.4646711">
        <ele>628.2</ele>
        <time>2026-09-10T11:20:22.697Z</time>
      </trkpt>
      <trkpt lat="46.9081906" lon="7.464696">
        <ele>628.4000000000001</ele>
        <time>2026-09-10T11:20:22.697Z</time>
      </trkpt>
      <trkpt lat="46.9082031" lon="7.4647283">
        <ele>628.4000000000001</ele>
        <time>2026-09-10T11:20:22.697Z</time>
      </trkpt>
      <trkpt lat="46.9082099" lon="7.4647521">
        <ele>628.5999999999999</ele>
        <time>2026-09-10T11:20:22.697Z</time>
      </trkpt>
      <trkpt lat="46.9082195" lon="7.4647818">
        <ele>628.8</ele>
        <time>2026-09-10T11:20:22.697Z</time>
      </trkpt>
      <trkpt lat="46.9082295" lon="7.4648123">
        <ele>629</ele>
        <time>2026-09-10T11:20:22.699Z</time>
      </trkpt>
      <trkpt lat="46.908241" lon="7.4648412">
        <ele>629</ele>
        <time>2026-09-10T11:20:22.699Z</time>
      </trkpt>
      <trkpt lat="46.9082449" lon="7.464872">
        <ele>629.2</ele>
        <time>2026-09-10T11:20:22.699Z</time>
      </trkpt>
      <trkpt lat="46.9082599" lon="7.4648992">
        <ele>629.4000000000001</ele>
        <time>2026-09-10T11:20:22.699Z</time>
      </trkpt>
      <trkpt lat="46.908271" lon="7.4649261">
        <ele>629.4000000000001</ele>
        <time>2026-09-10T11:20:22.699Z</time>
      </trkpt>
      <trkpt lat="46.9082833" lon="7.4649567">
        <ele>629.5999999999999</ele>
        <time>2026-09-10T11:20:22.699Z</time>
      </trkpt>
      <trkpt lat="46.9082901" lon="7.4649823">
        <ele>629.5999999999999</ele>
        <time>2026-09-10T11:20:22.699Z</time>
      </trkpt>
      <trkpt lat="46.9083014" lon="7.4650112">
        <ele>629.8</ele>
        <time>2026-09-10T11:20:22.699Z</time>
      </trkpt>
      <trkpt lat="46.9083133" lon="7.4650405">
        <ele>629.8</ele>
        <time>2026-09-10T11:20:22.699Z</time>
      </trkpt>
      <trkpt lat="46.908325" lon="7.4650692">
        <ele>630</ele>
        <time>2026-09-10T11:20:22.699Z</time>
      </trkpt>
      <trkpt lat="46.9083322" lon="7.4650961">
        <ele>630.2</ele>
        <time>2026-09-10T11:20:22.699Z</time>
      </trkpt>
      <trkpt lat="46.9083405" lon="7.4651266">
        <ele>630.2</ele>
        <time>2026-09-10T11:20:22.699Z</time>
      </trkpt>
      <trkpt lat="46.9083515" lon="7.4651523">
        <ele>630.4000000000001</ele>
        <time>2026-09-10T11:20:22.699Z</time>
      </trkpt>
      <trkpt lat="46.9083594" lon="7.4651813">
        <ele>630.5999999999999</ele>
        <time>2026-09-10T11:20:22.699Z</time>
      </trkpt>
      <trkpt lat="46.9083704" lon="7.4652054">
        <ele>630.8</ele>
        <time>2026-09-10T11:20:22.699Z</time>
      </trkpt>
      <trkpt lat="46.9083786" lon="7.4652333">
        <ele>631</ele>
        <time>2026-09-10T11:20:22.699Z</time>
      </trkpt>
      <trkpt lat="46.9083889" lon="7.4652576">
        <ele>631.2</ele>
        <time>2026-09-10T11:20:22.699Z</time>
      </trkpt>
      <trkpt lat="46.9083988" lon="7.4652846">
        <ele>631.2</ele>
        <time>2026-09-10T11:20:22.699Z</time>
      </trkpt>
      <trkpt lat="46.9084086" lon="7.4653121">
        <ele>631.4000000000001</ele>
        <time>2026-09-10T11:20:22.699Z</time>
      </trkpt>
      <trkpt lat="46.9084208" lon="7.4653407">
        <ele>631.5999999999999</ele>
        <time>2026-09-10T11:20:22.699Z</time>
      </trkpt>
      <trkpt lat="46.9084306" lon="7.4653636">
        <ele>631.8</ele>
        <time>2026-09-10T11:20:22.699Z</time>
      </trkpt>
      <trkpt lat="46.9084437" lon="7.4653879">
        <ele>632</ele>
        <time>2026-09-10T11:20:22.699Z</time>
      </trkpt>
      <trkpt lat="46.9084573" lon="7.4654124">
        <ele>632.2</ele>
        <time>2026-09-10T11:20:22.699Z</time>
      </trkpt>
      <trkpt lat="46.9084697" lon="7.4654373">
        <ele>632.4000000000001</ele>
        <time>2026-09-10T11:20:22.699Z</time>
      </trkpt>
      <trkpt lat="46.9084809" lon="7.4654603">
        <ele>632.5999999999999</ele>
        <time>2026-09-10T11:20:22.699Z</time>
      </trkpt>
      <trkpt lat="46.9084965" lon="7.4654812">
        <ele>632.8</ele>
        <time>2026-09-10T11:20:22.699Z</time>
      </trkpt>
      <trkpt lat="46.9085071" lon="7.4654968">
        <ele>633</ele>
        <time>2026-09-10T11:20:22.699Z</time>
      </trkpt>
      <trkpt lat="46.9085226" lon="7.4655123">
        <ele>633.2</ele>
        <time>2026-09-10T11:20:22.699Z</time>
      </trkpt>
      <trkpt lat="46.9085376" lon="7.4655273">
        <ele>633.4000000000001</ele>
        <time>2026-09-10T11:20:22.699Z</time>
      </trkpt>
      <trkpt lat="46.90855" lon="7.465543">
        <ele>633.5999999999999</ele>
        <time>2026-09-10T11:20:22.699Z</time>
      </trkpt>
      <trkpt lat="46.9085649" lon="7.4655579">
        <ele>633.8</ele>
        <time>2026-09-10T11:20:22.699Z</time>
      </trkpt>
      <trkpt lat="46.9085803" lon="7.4655729">
        <ele>634.2</ele>
        <time>2026-09-10T11:20:22.699Z</time>
      </trkpt>
      <trkpt lat="46.9085954" lon="7.4655847">
        <ele>634.4000000000001</ele>
        <time>2026-09-10T11:20:22.699Z</time>
      </trkpt>
      <trkpt lat="46.9086106" lon="7.4655975">
        <ele>634.8</ele>
        <time>2026-09-10T11:20:22.699Z</time>
      </trkpt>
      <trkpt lat="46.9086215" lon="7.465613">
        <ele>635</ele>
        <time>2026-09-10T11:20:22.699Z</time>
      </trkpt>
      <trkpt lat="46.9086365" lon="7.4656262">
        <ele>635.2</ele>
        <time>2026-09-10T11:20:22.699Z</time>
      </trkpt>
      <trkpt lat="46.9086521" lon="7.465639">
        <ele>635.5999999999999</ele>
        <time>2026-09-10T11:20:22.699Z</time>
      </trkpt>
      <trkpt lat="46.9086682" lon="7.4656498">
        <ele>635.8</ele>
        <time>2026-09-10T11:20:22.699Z</time>
      </trkpt>
      <trkpt lat="46.9086793" lon="7.4656577">
        <ele>636</ele>
        <time>2026-09-10T11:20:22.699Z</time>
      </trkpt>
      <trkpt lat="46.9086945" lon="7.4656677">
        <ele>636.2</ele>
        <time>2026-09-10T11:20:22.699Z</time>
      </trkpt>
      <trkpt lat="46.908706" lon="7.4656762">
        <ele>636.4000000000001</ele>
        <time>2026-09-10T11:20:22.699Z</time>
      </trkpt>
      <trkpt lat="46.9087182" lon="7.465685">
        <ele>636.5999999999999</ele>
        <time>2026-09-10T11:20:22.699Z</time>
      </trkpt>
      <trkpt lat="46.9087328" lon="7.4656931">
        <ele>636.8</ele>
        <time>2026-09-10T11:20:22.699Z</time>
      </trkpt>
      <trkpt lat="46.9087444" lon="7.4656999">
        <ele>636.8</ele>
        <time>2026-09-10T11:20:22.699Z</time>
      </trkpt>
      <trkpt lat="46.9087592" lon="7.4657047">
        <ele>637</ele>
        <time>2026-09-10T11:20:22.699Z</time>
      </trkpt>
      <trkpt lat="46.9087712" lon="7.46571">
        <ele>637.2</ele>
        <time>2026-09-10T11:20:22.699Z</time>
      </trkpt>
      <trkpt lat="46.9087854" lon="7.4657162">
        <ele>637.4000000000001</ele>
        <time>2026-09-10T11:20:22.699Z</time>
      </trkpt>
      <trkpt lat="46.9087992" lon="7.4657215">
        <ele>637.5999999999999</ele>
        <time>2026-09-10T11:20:22.699Z</time>
      </trkpt>
      <trkpt lat="46.9088131" lon="7.4657267">
        <ele>637.8</ele>
        <time>2026-09-10T11:20:22.699Z</time>
      </trkpt>
      <trkpt lat="46.9088241" lon="7.4657313">
        <ele>638</ele>
        <time>2026-09-10T11:20:22.700Z</time>
      </trkpt>
      <trkpt lat="46.9088391" lon="7.4657378">
        <ele>638.2</ele>
        <time>2026-09-10T11:20:22.700Z</time>
      </trkpt>
      <trkpt lat="46.9088535" lon="7.465742">
        <ele>638.4000000000001</ele>
        <time>2026-09-10T11:20:22.700Z</time>
      </trkpt>
      <trkpt lat="46.9088678" lon="7.4657461">
        <ele>638.5999999999999</ele>
        <time>2026-09-10T11:20:22.700Z</time>
      </trkpt>
      <trkpt lat="46.9088821" lon="7.4657518">
        <ele>638.8</ele>
        <time>2026-09-10T11:20:22.700Z</time>
      </trkpt>
      <trkpt lat="46.9088966" lon="7.465758">
        <ele>639</ele>
        <time>2026-09-10T11:20:22.700Z</time>
      </trkpt>
      <trkpt lat="46.9089127" lon="7.4657636">
        <ele>639.2</ele>
        <time>2026-09-10T11:20:22.700Z</time>
      </trkpt>
      <trkpt lat="46.9089299" lon="7.4657662">
        <ele>639.4000000000001</ele>
        <time>2026-09-10T11:20:22.700Z</time>
      </trkpt>
      <trkpt lat="46.9089458" lon="7.4657704">
        <ele>639.5999999999999</ele>
        <time>2026-09-10T11:20:22.700Z</time>
      </trkpt>
      <trkpt lat="46.9089616" lon="7.4657748">
        <ele>639.8</ele>
        <time>2026-09-10T11:20:22.700Z</time>
      </trkpt>
      <trkpt lat="46.9089775" lon="7.4657764">
        <ele>640</ele>
        <time>2026-09-10T11:20:22.700Z</time>
      </trkpt>
      <trkpt lat="46.9089924" lon="7.4657764">
        <ele>640.2</ele>
        <time>2026-09-10T11:20:22.700Z</time>
      </trkpt>
      <trkpt lat="46.909008" lon="7.4657783">
        <ele>640.4000000000001</ele>
        <time>2026-09-10T11:20:22.700Z</time>
      </trkpt>
      <trkpt lat="46.9090226" lon="7.4657815">
        <ele>640.5999999999999</ele>
        <time>2026-09-10T11:20:22.700Z</time>
      </trkpt>
      <trkpt lat="46.909038" lon="7.4657863">
        <ele>641</ele>
        <time>2026-09-10T11:20:22.700Z</time>
      </trkpt>
      <trkpt lat="46.9090531" lon="7.4657897">
        <ele>641.2</ele>
        <time>2026-09-10T11:20:22.700Z</time>
      </trkpt>
      <trkpt lat="46.9090695" lon="7.4657952">
        <ele>641.4000000000001</ele>
        <time>2026-09-10T11:20:22.700Z</time>
      </trkpt>
      <trkpt lat="46.9090837" lon="7.4657996">
        <ele>641.5999999999999</ele>
        <time>2026-09-10T11:20:22.700Z</time>
      </trkpt>
      <trkpt lat="46.9090991" lon="7.4658062">
        <ele>641.8</ele>
        <time>2026-09-10T11:20:22.700Z</time>
      </trkpt>
      <trkpt lat="46.9091141" lon="7.4658114">
        <ele>642</ele>
        <time>2026-09-10T11:20:22.700Z</time>
      </trkpt>
      <trkpt lat="46.9091301" lon="7.4658132">
        <ele>642.4000000000001</ele>
        <time>2026-09-10T11:20:22.700Z</time>
      </trkpt>
      <trkpt lat="46.9091438" lon="7.4658179">
        <ele>642.5999999999999</ele>
        <time>2026-09-10T11:20:22.700Z</time>
      </trkpt>
      <trkpt lat="46.9091601" lon="7.4658249">
        <ele>642.8</ele>
        <time>2026-09-10T11:20:22.700Z</time>
      </trkpt>
      <trkpt lat="46.9091753" lon="7.4658296">
        <ele>643</ele>
        <time>2026-09-10T11:20:22.700Z</time>
      </trkpt>
      <trkpt lat="46.9091905" lon="7.4658316">
        <ele>643.2</ele>
        <time>2026-09-10T11:20:22.700Z</time>
      </trkpt>
      <trkpt lat="46.9092057" lon="7.4658332">
        <ele>643.4000000000001</ele>
        <time>2026-09-10T11:20:22.700Z</time>
      </trkpt>
      <trkpt lat="46.9092215" lon="7.4658351">
        <ele>643.5999999999999</ele>
        <time>2026-09-10T11:20:22.700Z</time>
      </trkpt>
      <trkpt lat="46.9092359" lon="7.4658396">
        <ele>643.8</ele>
        <time>2026-09-10T11:20:22.700Z</time>
      </trkpt>
      <trkpt lat="46.9092521" lon="7.4658418">
        <ele>644</ele>
        <time>2026-09-10T11:20:22.700Z</time>
      </trkpt>
      <trkpt lat="46.9092666" lon="7.465845">
        <ele>644.2</ele>
        <time>2026-09-10T11:20:22.700Z</time>
      </trkpt>
      <trkpt lat="46.9092828" lon="7.4658485">
        <ele>644.4000000000001</ele>
        <time>2026-09-10T11:20:22.700Z</time>
      </trkpt>
      <trkpt lat="46.909297" lon="7.4658498">
        <ele>644.5999999999999</ele>
        <time>2026-09-10T11:20:22.700Z</time>
      </trkpt>
      <trkpt lat="46.9093135" lon="7.4658499">
        <ele>644.8</ele>
        <time>2026-09-10T11:20:22.700Z</time>
      </trkpt>
      <trkpt lat="46.9093274" lon="7.4658529">
        <ele>645</ele>
        <time>2026-09-10T11:20:22.700Z</time>
      </trkpt>
      <trkpt lat="46.9093431" lon="7.4658564">
        <ele>645.4000000000001</ele>
        <time>2026-09-10T11:20:22.700Z</time>
      </trkpt>
      <trkpt lat="46.9093546" lon="7.4658616">
        <ele>645.5999999999999</ele>
        <time>2026-09-10T11:20:22.700Z</time>
      </trkpt>
      <trkpt lat="46.9093742" lon="7.4658665">
        <ele>645.8</ele>
        <time>2026-09-10T11:20:22.700Z</time>
      </trkpt>
      <trkpt lat="46.9093878" lon="7.4658725">
        <ele>646</ele>
        <time>2026-09-10T11:20:22.700Z</time>
      </trkpt>
      <trkpt lat="46.9094012" lon="7.465877">
        <ele>646.2</ele>
        <time>2026-09-10T11:20:22.700Z</time>
      </trkpt>
      <trkpt lat="46.9094147" lon="7.4658814">
        <ele>646.4000000000001</ele>
        <time>2026-09-10T11:20:22.700Z</time>
      </trkpt>
      <trkpt lat="46.9094303" lon="7.4658865">
        <ele>646.5999999999999</ele>
        <time>2026-09-10T11:20:22.700Z</time>
      </trkpt>
      <trkpt lat="46.9094462" lon="7.4658917">
        <ele>646.8</ele>
        <time>2026-09-10T11:20:22.700Z</time>
      </trkpt>
      <trkpt lat="46.909462" lon="7.4658966">
        <ele>647</ele>
        <time>2026-09-10T11:20:22.700Z</time>
      </trkpt>
      <trkpt lat="46.9094762" lon="7.4658997">
        <ele>647.2</ele>
        <time>2026-09-10T11:20:22.700Z</time>
      </trkpt>
      <trkpt lat="46.909493" lon="7.4659018">
        <ele>647.4000000000001</ele>
        <time>2026-09-10T11:20:22.700Z</time>
      </trkpt>
      <trkpt lat="46.9095068" lon="7.4659">
        <ele>647.5999999999999</ele>
        <time>2026-09-10T11:20:22.700Z</time>
      </trkpt>
      <trkpt lat="46.9095219" lon="7.4659">
        <ele>647.8</ele>
        <time>2026-09-10T11:20:22.700Z</time>
      </trkpt>
      <trkpt lat="46.9095372" lon="7.4659">
        <ele>648</ele>
        <time>2026-09-10T11:20:22.700Z</time>
      </trkpt>
      <trkpt lat="46.9095532" lon="7.4659">
        <ele>648.2</ele>
        <time>2026-09-10T11:20:22.700Z</time>
      </trkpt>
      <trkpt lat="46.9095684" lon="7.4658985">
        <ele>648.4000000000001</ele>
        <time>2026-09-10T11:20:22.700Z</time>
      </trkpt>
      <trkpt lat="46.9095842" lon="7.4658951">
        <ele>648.5999999999999</ele>
        <time>2026-09-10T11:20:22.700Z</time>
      </trkpt>
      <trkpt lat="46.9095985" lon="7.465892">
        <ele>648.8</ele>
        <time>2026-09-10T11:20:22.700Z</time>
      </trkpt>
      <trkpt lat="46.9096142" lon="7.4658886">
        <ele>649</ele>
        <time>2026-09-10T11:20:22.700Z</time>
      </trkpt>
      <trkpt lat="46.9096295" lon="7.4658866">
        <ele>649.2</ele>
        <time>2026-09-10T11:20:22.700Z</time>
      </trkpt>
      <trkpt lat="46.9096451" lon="7.4658833">
        <ele>649.4000000000001</ele>
        <time>2026-09-10T11:20:22.700Z</time>
      </trkpt>
      <trkpt lat="46.909656" lon="7.4658788">
        <ele>649.5999999999999</ele>
        <time>2026-09-10T11:20:22.700Z</time>
      </trkpt>
      <trkpt lat="46.9096718" lon="7.4658732">
        <ele>649.8</ele>
        <time>2026-09-10T11:20:22.700Z</time>
      </trkpt>
      <trkpt lat="46.909685" lon="7.4658704">
        <ele>650</ele>
        <time>2026-09-10T11:20:22.700Z</time>
      </trkpt>
      <trkpt lat="46.9097006" lon="7.4658669">
        <ele>650.2</ele>
        <time>2026-09-10T11:20:22.700Z</time>
      </trkpt>
      <trkpt lat="46.9097167" lon="7.4658634">
        <ele>650.4000000000001</ele>
        <time>2026-09-10T11:20:22.701Z</time>
      </trkpt>
      <trkpt lat="46.9097325" lon="7.46586">
        <ele>650.5999999999999</ele>
        <time>2026-09-10T11:20:22.701Z</time>
      </trkpt>
      <trkpt lat="46.9097472" lon="7.4658586">
        <ele>650.8</ele>
        <time>2026-09-10T11:20:22.702Z</time>
      </trkpt>
      <trkpt lat="46.9097633" lon="7.4658551">
        <ele>651</ele>
        <time>2026-09-10T11:20:22.702Z</time>
      </trkpt>
      <trkpt lat="46.9097777" lon="7.4658519">
        <ele>651.2</ele>
        <time>2026-09-10T11:20:22.702Z</time>
      </trkpt>
      <trkpt lat="46.9097939" lon="7.4658451">
        <ele>651.4000000000001</ele>
        <time>2026-09-10T11:20:22.702Z</time>
      </trkpt>
      <trkpt lat="46.9098088" lon="7.4658419">
        <ele>651.5999999999999</ele>
        <time>2026-09-10T11:20:22.702Z</time>
      </trkpt>
      <trkpt lat="46.9098205" lon="7.4658352">
        <ele>651.8</ele>
        <time>2026-09-10T11:20:22.702Z</time>
      </trkpt>
      <trkpt lat="46.9098352" lon="7.4658269">
        <ele>652</ele>
        <time>2026-09-10T11:20:22.702Z</time>
      </trkpt>
      <trkpt lat="46.9098513" lon="7.4658217">
        <ele>652</ele>
        <time>2026-09-10T11:20:22.702Z</time>
      </trkpt>
      <trkpt lat="46.9098658" lon="7.4658153">
        <ele>652.2</ele>
        <time>2026-09-10T11:20:22.703Z</time>
      </trkpt>
      <trkpt lat="46.9098817" lon="7.4658083">
        <ele>652.4000000000001</ele>
        <time>2026-09-10T11:20:22.703Z</time>
      </trkpt>
      <trkpt lat="46.9098958" lon="7.4658022">
        <ele>652.5999999999999</ele>
        <time>2026-09-10T11:20:22.703Z</time>
      </trkpt>
      <trkpt lat="46.9099081" lon="7.4657933">
        <ele>652.8</ele>
        <time>2026-09-10T11:20:22.703Z</time>
      </trkpt>
      <trkpt lat="46.9099232" lon="7.4657852">
        <ele>653</ele>
        <time>2026-09-10T11:20:22.703Z</time>
      </trkpt>
      <trkpt lat="46.9099383" lon="7.4657767">
        <ele>653.2</ele>
        <time>2026-09-10T11:20:22.703Z</time>
      </trkpt>
      <trkpt lat="46.9099525" lon="7.4657692">
        <ele>653.4000000000001</ele>
        <time>2026-09-10T11:20:22.703Z</time>
      </trkpt>
      <trkpt lat="46.9099679" lon="7.4657607">
        <ele>653.4000000000001</ele>
        <time>2026-09-10T11:20:22.703Z</time>
      </trkpt>
      <trkpt lat="46.9099836" lon="7.4657522">
        <ele>653.5999999999999</ele>
        <time>2026-09-10T11:20:22.703Z</time>
      </trkpt>
      <trkpt lat="46.9099954" lon="7.4657408">
        <ele>653.8</ele>
        <time>2026-09-10T11:20:22.703Z</time>
      </trkpt>
      <trkpt lat="46.9100105" lon="7.4657307">
        <ele>653.8</ele>
        <time>2026-09-10T11:20:22.703Z</time>
      </trkpt>
      <trkpt lat="46.9100264" lon="7.4657184">
        <ele>654</ele>
        <time>2026-09-10T11:20:22.703Z</time>
      </trkpt>
      <trkpt lat="46.9100373" lon="7.4657089">
        <ele>654.2</ele>
        <time>2026-09-10T11:20:22.703Z</time>
      </trkpt>
      <trkpt lat="46.9100533" lon="7.4656949">
        <ele>654.4000000000001</ele>
        <time>2026-09-10T11:20:22.703Z</time>
      </trkpt>
      <trkpt lat="46.9100644" lon="7.4656851">
        <ele>654.5999999999999</ele>
        <time>2026-09-10T11:20:22.703Z</time>
      </trkpt>
      <trkpt lat="46.9100797" lon="7.4656718">
        <ele>654.5999999999999</ele>
        <time>2026-09-10T11:20:22.703Z</time>
      </trkpt>
      <trkpt lat="46.9100907" lon="7.465659">
        <ele>654.8</ele>
        <time>2026-09-10T11:20:22.703Z</time>
      </trkpt>
      <trkpt lat="46.9101066" lon="7.4656449">
        <ele>655</ele>
        <time>2026-09-10T11:20:22.703Z</time>
      </trkpt>
      <trkpt lat="46.9101173" lon="7.4656325">
        <ele>655</ele>
        <time>2026-09-10T11:20:22.703Z</time>
      </trkpt>
      <trkpt lat="46.9101294" lon="7.4656183">
        <ele>655.2</ele>
        <time>2026-09-10T11:20:22.703Z</time>
      </trkpt>
      <trkpt lat="46.910144" lon="7.4656042">
        <ele>655.4000000000001</ele>
        <time>2026-09-10T11:20:22.703Z</time>
      </trkpt>
      <trkpt lat="46.9101558" lon="7.4655919">
        <ele>655.5999999999999</ele>
        <time>2026-09-10T11:20:22.703Z</time>
      </trkpt>
      <trkpt lat="46.9101705" lon="7.4655807">
        <ele>655.8</ele>
        <time>2026-09-10T11:20:22.703Z</time>
      </trkpt>
      <trkpt lat="46.9101863" lon="7.465567">
        <ele>656</ele>
        <time>2026-09-10T11:20:22.703Z</time>
      </trkpt>
      <trkpt lat="46.9101968" lon="7.4655537">
        <ele>656.2</ele>
        <time>2026-09-10T11:20:22.703Z</time>
      </trkpt>
      <trkpt lat="46.9102103" lon="7.4655374">
        <ele>656.2</ele>
        <time>2026-09-10T11:20:22.703Z</time>
      </trkpt>
      <trkpt lat="46.9102244" lon="7.4655205">
        <ele>656.4000000000001</ele>
        <time>2026-09-10T11:20:22.703Z</time>
      </trkpt>
      <trkpt lat="46.910236" lon="7.4655056">
        <ele>656.5999999999999</ele>
        <time>2026-09-10T11:20:22.703Z</time>
      </trkpt>
      <trkpt lat="46.9102506" lon="7.4654909">
        <ele>656.5999999999999</ele>
        <time>2026-09-10T11:20:22.703Z</time>
      </trkpt>
      <trkpt lat="46.9102629" lon="7.4654753">
        <ele>656.8</ele>
        <time>2026-09-10T11:20:22.703Z</time>
      </trkpt>
      <trkpt lat="46.9102775" lon="7.4654607">
        <ele>657</ele>
        <time>2026-09-10T11:20:22.703Z</time>
      </trkpt>
      <trkpt lat="46.9102896" lon="7.4654434">
        <ele>657</ele>
        <time>2026-09-10T11:20:22.703Z</time>
      </trkpt>
      <trkpt lat="46.910301" lon="7.4654286">
        <ele>657.2</ele>
        <time>2026-09-10T11:20:22.703Z</time>
      </trkpt>
      <trkpt lat="46.910316" lon="7.4654168">
        <ele>657.4000000000001</ele>
        <time>2026-09-10T11:20:22.703Z</time>
      </trkpt>
      <trkpt lat="46.9103308" lon="7.4654043">
        <ele>657.5999999999999</ele>
        <time>2026-09-10T11:20:22.703Z</time>
      </trkpt>
      <trkpt lat="46.9103429" lon="7.4653906">
        <ele>657.5999999999999</ele>
        <time>2026-09-10T11:20:22.703Z</time>
      </trkpt>
      <trkpt lat="46.9103574" lon="7.4653778">
        <ele>657.8</ele>
        <time>2026-09-10T11:20:22.703Z</time>
      </trkpt>
      <trkpt lat="46.9103736" lon="7.4653649">
        <ele>658</ele>
        <time>2026-09-10T11:20:22.703Z</time>
      </trkpt>
      <trkpt lat="46.9103882" lon="7.465354">
        <ele>658</ele>
        <time>2026-09-10T11:20:22.703Z</time>
      </trkpt>
      <trkpt lat="46.9104035" lon="7.4653421">
        <ele>658.2</ele>
        <time>2026-09-10T11:20:22.703Z</time>
      </trkpt>
      <trkpt lat="46.910419" lon="7.4653286">
        <ele>658.2</ele>
        <time>2026-09-10T11:20:22.703Z</time>
      </trkpt>
      <trkpt lat="46.9104314" lon="7.4653204">
        <ele>658.4000000000001</ele>
        <time>2026-09-10T11:20:22.703Z</time>
      </trkpt>
      <trkpt lat="46.9104482" lon="7.4653064">
        <ele>658.4000000000001</ele>
        <time>2026-09-10T11:20:22.703Z</time>
      </trkpt>
      <trkpt lat="46.9104624" lon="7.4652918">
        <ele>658.5999999999999</ele>
        <time>2026-09-10T11:20:22.703Z</time>
      </trkpt>
      <trkpt lat="46.9104761" lon="7.4652773">
        <ele>658.5999999999999</ele>
        <time>2026-09-10T11:20:22.703Z</time>
      </trkpt>
      <trkpt lat="46.910491" lon="7.4652642">
        <ele>658.8</ele>
        <time>2026-09-10T11:20:22.703Z</time>
      </trkpt>
      <trkpt lat="46.9105065" lon="7.465252">
        <ele>659</ele>
        <time>2026-09-10T11:20:22.703Z</time>
      </trkpt>
      <trkpt lat="46.9105224" lon="7.4652401">
        <ele>659.2</ele>
        <time>2026-09-10T11:20:22.703Z</time>
      </trkpt>
      <trkpt lat="46.9105402" lon="7.4652276">
        <ele>659.4000000000001</ele>
        <time>2026-09-10T11:20:22.703Z</time>
      </trkpt>
      <trkpt lat="46.9105562" lon="7.4652139">
        <ele>659.5999999999999</ele>
        <time>2026-09-10T11:20:22.703Z</time>
      </trkpt>
      <trkpt lat="46.9105716" lon="7.4652022">
        <ele>659.5999999999999</ele>
        <time>2026-09-10T11:20:22.703Z</time>
      </trkpt>
      <trkpt lat="46.9105865" lon="7.4651892">
        <ele>659.8</ele>
        <time>2026-09-10T11:20:22.703Z</time>
      </trkpt>
      <trkpt lat="46.9106017" lon="7.4651773">
        <ele>660</ele>
        <time>2026-09-10T11:20:22.703Z</time>
      </trkpt>
      <trkpt lat="46.9106179" lon="7.4651631">
        <ele>660.4000000000001</ele>
        <time>2026-09-10T11:20:22.703Z</time>
      </trkpt>
      <trkpt lat="46.9106319" lon="7.4651527">
        <ele>660.5999999999999</ele>
        <time>2026-09-10T11:20:22.703Z</time>
      </trkpt>
      <trkpt lat="46.910648" lon="7.4651368">
        <ele>660.8</ele>
        <time>2026-09-10T11:20:22.703Z</time>
      </trkpt>
      <trkpt lat="46.910663" lon="7.4651236">
        <ele>661</ele>
        <time>2026-09-10T11:20:22.703Z</time>
      </trkpt>
      <trkpt lat="46.9106785" lon="7.4651087">
        <ele>661.2</ele>
        <time>2026-09-10T11:20:22.703Z</time>
      </trkpt>
      <trkpt lat="46.9106927" lon="7.4650963">
        <ele>661.2</ele>
        <time>2026-09-10T11:20:22.703Z</time>
      </trkpt>
      <trkpt lat="46.9107091" lon="7.465082">
        <ele>661.4000000000001</ele>
        <time>2026-09-10T11:20:22.703Z</time>
      </trkpt>
      <trkpt lat="46.9107227" lon="7.4650729">
        <ele>661.5999999999999</ele>
        <time>2026-09-10T11:20:22.703Z</time>
      </trkpt>
      <trkpt lat="46.9107365" lon="7.4650622">
        <ele>661.8</ele>
        <time>2026-09-10T11:20:22.703Z</time>
      </trkpt>
      <trkpt lat="46.9107502" lon="7.4650511">
        <ele>661.8</ele>
        <time>2026-09-10T11:20:22.704Z</time>
      </trkpt>
      <trkpt lat="46.9107625" lon="7.4650386">
        <ele>662</ele>
        <time>2026-09-10T11:20:22.704Z</time>
      </trkpt>
      <trkpt lat="46.9107772" lon="7.4650288">
        <ele>662.2</ele>
        <time>2026-09-10T11:20:22.704Z</time>
      </trkpt>
      <trkpt lat="46.9107892" lon="7.4650185">
        <ele>662.2</ele>
        <time>2026-09-10T11:20:22.704Z</time>
      </trkpt>
      <trkpt lat="46.9108003" lon="7.4650075">
        <ele>662.2</ele>
        <time>2026-09-10T11:20:22.704Z</time>
      </trkpt>
      <trkpt lat="46.9108122" lon="7.464997">
        <ele>662.4000000000001</ele>
        <time>2026-09-10T11:20:22.704Z</time>
      </trkpt>
      <trkpt lat="46.9108232" lon="7.4649855">
        <ele>662.4000000000001</ele>
        <time>2026-09-10T11:20:22.704Z</time>
      </trkpt>
      <trkpt lat="46.910835" lon="7.4649737">
        <ele>662.5999999999999</ele>
        <time>2026-09-10T11:20:22.704Z</time>
      </trkpt>
      <trkpt lat="46.9108461" lon="7.4649622">
        <ele>662.8</ele>
        <time>2026-09-10T11:20:22.704Z</time>
      </trkpt>
      <trkpt lat="46.910858" lon="7.4649516">
        <ele>662.8</ele>
        <time>2026-09-10T11:20:22.704Z</time>
      </trkpt>
      <trkpt lat="46.9108723" lon="7.4649422">
        <ele>663</ele>
        <time>2026-09-10T11:20:22.704Z</time>
      </trkpt>
      <trkpt lat="46.9108849" lon="7.4649281">
        <ele>663.2</ele>
        <time>2026-09-10T11:20:22.704Z</time>
      </trkpt>
      <trkpt lat="46.910892" lon="7.4649142">
        <ele>663.4000000000001</ele>
        <time>2026-09-10T11:20:22.704Z</time>
      </trkpt>
      <trkpt lat="46.910907" lon="7.4649039">
        <ele>663.5999999999999</ele>
        <time>2026-09-10T11:20:22.704Z</time>
      </trkpt>
      <trkpt lat="46.9109186" lon="7.464892">
        <ele>663.8</ele>
        <time>2026-09-10T11:20:22.704Z</time>
      </trkpt>
      <trkpt lat="46.9109303" lon="7.4648804">
        <ele>664</ele>
        <time>2026-09-10T11:20:22.704Z</time>
      </trkpt>
      <trkpt lat="46.9109403" lon="7.4648702">
        <ele>664.2</ele>
        <time>2026-09-10T11:20:22.704Z</time>
      </trkpt>
      <trkpt lat="46.9109523" lon="7.4648567">
        <ele>664.4000000000001</ele>
        <time>2026-09-10T11:20:22.704Z</time>
      </trkpt>
      <trkpt lat="46.9109646" lon="7.4648422">
        <ele>664.4000000000001</ele>
        <time>2026-09-10T11:20:22.704Z</time>
      </trkpt>
      <trkpt lat="46.9109761" lon="7.4648302">
        <ele>664.5999999999999</ele>
        <time>2026-09-10T11:20:22.704Z</time>
      </trkpt>
      <trkpt lat="46.9109836" lon="7.464816">
        <ele>664.8</ele>
        <time>2026-09-10T11:20:22.704Z</time>
      </trkpt>
      <trkpt lat="46.9109953" lon="7.464802">
        <ele>665</ele>
        <time>2026-09-10T11:20:22.704Z</time>
      </trkpt>
      <trkpt lat="46.911006" lon="7.4647877">
        <ele>665.2</ele>
        <time>2026-09-10T11:20:22.704Z</time>
      </trkpt>
      <trkpt lat="46.911018" lon="7.4647722">
        <ele>665.4000000000001</ele>
        <time>2026-09-10T11:20:22.704Z</time>
      </trkpt>
      <trkpt lat="46.9110292" lon="7.4647592">
        <ele>665.5999999999999</ele>
        <time>2026-09-10T11:20:22.704Z</time>
      </trkpt>
      <trkpt lat="46.9110408" lon="7.4647455">
        <ele>665.5999999999999</ele>
        <time>2026-09-10T11:20:22.704Z</time>
      </trkpt>
      <trkpt lat="46.9110512" lon="7.4647305">
        <ele>665.8</ele>
        <time>2026-09-10T11:20:22.704Z</time>
      </trkpt>
      <trkpt lat="46.911061" lon="7.464716">
        <ele>666.2</ele>
        <time>2026-09-10T11:20:22.704Z</time>
      </trkpt>
      <trkpt lat="46.9110707" lon="7.4647017">
        <ele>666.4000000000001</ele>
        <time>2026-09-10T11:20:22.704Z</time>
      </trkpt>
      <trkpt lat="46.911079" lon="7.4646825">
        <ele>666.5999999999999</ele>
        <time>2026-09-10T11:20:22.704Z</time>
      </trkpt>
      <trkpt lat="46.9110867" lon="7.4646677">
        <ele>666.8</ele>
        <time>2026-09-10T11:20:22.704Z</time>
      </trkpt>
      <trkpt lat="46.911098" lon="7.4646522">
        <ele>667</ele>
        <time>2026-09-10T11:20:22.704Z</time>
      </trkpt>
      <trkpt lat="46.9111091" lon="7.4646361">
        <ele>667.2</ele>
        <time>2026-09-10T11:20:22.704Z</time>
      </trkpt>
      <trkpt lat="46.9111137" lon="7.4646188">
        <ele>667.4000000000001</ele>
        <time>2026-09-10T11:20:22.704Z</time>
      </trkpt>
      <trkpt lat="46.9111239" lon="7.4646034">
        <ele>667.8</ele>
        <time>2026-09-10T11:20:22.704Z</time>
      </trkpt>
      <trkpt lat="46.9111339" lon="7.4645893">
        <ele>668</ele>
        <time>2026-09-10T11:20:22.704Z</time>
      </trkpt>
      <trkpt lat="46.9111438" lon="7.4645754">
        <ele>668.2</ele>
        <time>2026-09-10T11:20:22.704Z</time>
      </trkpt>
      <trkpt lat="46.9111553" lon="7.4645605">
        <ele>668.4000000000001</ele>
        <time>2026-09-10T11:20:22.704Z</time>
      </trkpt>
      <trkpt lat="46.9111664" lon="7.4645476">
        <ele>668.5999999999999</ele>
        <time>2026-09-10T11:20:22.704Z</time>
      </trkpt>
      <trkpt lat="46.9111745" lon="7.4645306">
        <ele>668.8</ele>
        <time>2026-09-10T11:20:22.704Z</time>
      </trkpt>
      <trkpt lat="46.9111889" lon="7.4645176">
        <ele>669</ele>
        <time>2026-09-10T11:20:22.704Z</time>
      </trkpt>
      <trkpt lat="46.9112009" lon="7.464504">
        <ele>669.4000000000001</ele>
        <time>2026-09-10T11:20:22.704Z</time>
      </trkpt>
      <trkpt lat="46.9112087" lon="7.4644907">
        <ele>669.4000000000001</ele>
        <time>2026-09-10T11:20:22.704Z</time>
      </trkpt>
      <trkpt lat="46.9112202" lon="7.4644738">
        <ele>669.5999999999999</ele>
        <time>2026-09-10T11:20:22.704Z</time>
      </trkpt>
      <trkpt lat="46.9112277" lon="7.4644607">
        <ele>669.8</ele>
        <time>2026-09-10T11:20:22.704Z</time>
      </trkpt>
      <trkpt lat="46.911239" lon="7.4644491">
        <ele>670</ele>
        <time>2026-09-10T11:20:22.704Z</time>
      </trkpt>
      <trkpt lat="46.9112501" lon="7.4644375">
        <ele>670.2</ele>
        <time>2026-09-10T11:20:22.704Z</time>
      </trkpt>
      <trkpt lat="46.9112623" lon="7.4644235">
        <ele>670.4000000000001</ele>
        <time>2026-09-10T11:20:22.704Z</time>
      </trkpt>
      <trkpt lat="46.9112734" lon="7.4644123">
        <ele>670.8</ele>
        <time>2026-09-10T11:20:22.704Z</time>
      </trkpt>
      <trkpt lat="46.9112813" lon="7.4643989">
        <ele>671</ele>
        <time>2026-09-10T11:20:22.704Z</time>
      </trkpt>
      <trkpt lat="46.9112924" lon="7.4643838">
        <ele>671.2</ele>
        <time>2026-09-10T11:20:22.704Z</time>
      </trkpt>
      <trkpt lat="46.9113043" lon="7.4643719">
        <ele>671.4000000000001</ele>
        <time>2026-09-10T11:20:22.704Z</time>
      </trkpt>
      <trkpt lat="46.9113148" lon="7.4643613">
        <ele>671.5999999999999</ele>
        <time>2026-09-10T11:20:22.704Z</time>
      </trkpt>
      <trkpt lat="46.9113234" lon="7.4643505">
        <ele>671.5999999999999</ele>
        <time>2026-09-10T11:20:22.704Z</time>
      </trkpt>
      <trkpt lat="46.9113344" lon="7.4643407">
        <ele>671.8</ele>
        <time>2026-09-10T11:20:22.704Z</time>
      </trkpt>
      <trkpt lat="46.9113452" lon="7.4643295">
        <ele>672</ele>
        <time>2026-09-10T11:20:22.704Z</time>
      </trkpt>
      <trkpt lat="46.9113607" lon="7.4643207">
        <ele>672.2</ele>
        <time>2026-09-10T11:20:22.704Z</time>
      </trkpt>
      <trkpt lat="46.9113727" lon="7.4643106">
        <ele>672.5999999999999</ele>
        <time>2026-09-10T11:20:22.704Z</time>
      </trkpt>
      <trkpt lat="46.9113839" lon="7.4643008">
        <ele>672.8</ele>
        <time>2026-09-10T11:20:22.704Z</time>
      </trkpt>
      <trkpt lat="46.9113997" lon="7.464295">
        <ele>673</ele>
        <time>2026-09-10T11:20:22.704Z</time>
      </trkpt>
      <trkpt lat="46.9114146" lon="7.4642885">
        <ele>673.2</ele>
        <time>2026-09-10T11:20:22.704Z</time>
      </trkpt>
      <trkpt lat="46.911426" lon="7.4642818">
        <ele>673.5999999999999</ele>
        <time>2026-09-10T11:20:22.704Z</time>
      </trkpt>
      <trkpt lat="46.9114406" lon="7.4642754">
        <ele>673.8</ele>
        <time>2026-09-10T11:20:22.705Z</time>
      </trkpt>
      <trkpt lat="46.9114528" lon="7.4642703">
        <ele>674</ele>
        <time>2026-09-10T11:20:22.705Z</time>
      </trkpt>
      <trkpt lat="46.9114663" lon="7.4642636">
        <ele>674.4000000000001</ele>
        <time>2026-09-10T11:20:22.705Z</time>
      </trkpt>
      <trkpt lat="46.9114799" lon="7.4642568">
        <ele>674.5999999999999</ele>
        <time>2026-09-10T11:20:22.705Z</time>
      </trkpt>
      <trkpt lat="46.9114934" lon="7.4642517">
        <ele>674.8</ele>
        <time>2026-09-10T11:20:22.705Z</time>
      </trkpt>
      <trkpt lat="46.9115067" lon="7.4642467">
        <ele>675</ele>
        <time>2026-09-10T11:20:22.705Z</time>
      </trkpt>
      <trkpt lat="46.911521" lon="7.4642404">
        <ele>675.2</ele>
        <time>2026-09-10T11:20:22.705Z</time>
      </trkpt>
      <trkpt lat="46.911533" lon="7.4642318">
        <ele>675.4000000000001</ele>
        <time>2026-09-10T11:20:22.705Z</time>
      </trkpt>
      <trkpt lat="46.9115437" lon="7.4642254">
        <ele>675.5999999999999</ele>
        <time>2026-09-10T11:20:22.705Z</time>
      </trkpt>
      <trkpt lat="46.9115593" lon="7.4642153">
        <ele>675.8</ele>
        <time>2026-09-10T11:20:22.705Z</time>
      </trkpt>
      <trkpt lat="46.911571" lon="7.4642103">
        <ele>676</ele>
        <time>2026-09-10T11:20:22.705Z</time>
      </trkpt>
      <trkpt lat="46.9115857" lon="7.4642051">
        <ele>676.2</ele>
        <time>2026-09-10T11:20:22.705Z</time>
      </trkpt>
      <trkpt lat="46.9115978" lon="7.4641983">
        <ele>676.4000000000001</ele>
        <time>2026-09-10T11:20:22.705Z</time>
      </trkpt>
      <trkpt lat="46.9116097" lon="7.4641914">
        <ele>676.5999999999999</ele>
        <time>2026-09-10T11:20:22.705Z</time>
      </trkpt>
      <trkpt lat="46.911623" lon="7.464185">
        <ele>676.8</ele>
        <time>2026-09-10T11:20:22.705Z</time>
      </trkpt>
      <trkpt lat="46.9116363" lon="7.4641786">
        <ele>677</ele>
        <time>2026-09-10T11:20:22.705Z</time>
      </trkpt>
      <trkpt lat="46.9116475" lon="7.464172">
        <ele>677.2</ele>
        <time>2026-09-10T11:20:22.705Z</time>
      </trkpt>
      <trkpt lat="46.9116629" lon="7.4641686">
        <ele>677.4000000000001</ele>
        <time>2026-09-10T11:20:22.705Z</time>
      </trkpt>
      <trkpt lat="46.9116783" lon="7.4641669">
        <ele>677.5999999999999</ele>
        <time>2026-09-10T11:20:22.705Z</time>
      </trkpt>
      <trkpt lat="46.9116937" lon="7.4641652">
        <ele>677.8</ele>
        <time>2026-09-10T11:20:22.705Z</time>
      </trkpt>
      <trkpt lat="46.911705" lon="7.4641619">
        <ele>678</ele>
        <time>2026-09-10T11:20:22.705Z</time>
      </trkpt>
      <trkpt lat="46.9117163" lon="7.4641586">
        <ele>678.2</ele>
        <time>2026-09-10T11:20:22.705Z</time>
      </trkpt>
      <trkpt lat="46.9117296" lon="7.4641536">
        <ele>678.4000000000001</ele>
        <time>2026-09-10T11:20:22.705Z</time>
      </trkpt>
      <trkpt lat="46.9117429" lon="7.4641486">
        <ele>678.5999999999999</ele>
        <time>2026-09-10T11:20:22.705Z</time>
      </trkpt>
      <trkpt lat="46.9117563" lon="7.4641436">
        <ele>678.8</ele>
        <time>2026-09-10T11:20:22.705Z</time>
      </trkpt>
      <trkpt lat="46.9117697" lon="7.4641386">
        <ele>679</ele>
        <time>2026-09-10T11:20:22.705Z</time>
      </trkpt>
      <trkpt lat="46.9117832" lon="7.4641351">
        <ele>679.2</ele>
        <time>2026-09-10T11:20:22.705Z</time>
      </trkpt>
      <trkpt lat="46.9117966" lon="7.4641318">
        <ele>679.5999999999999</ele>
        <time>2026-09-10T11:20:22.705Z</time>
      </trkpt>
      <trkpt lat="46.9118097" lon="7.4641243">
        <ele>679.8</ele>
        <time>2026-09-10T11:20:22.705Z</time>
      </trkpt>
      <trkpt lat="46.9118228" lon="7.4641169">
        <ele>680</ele>
        <time>2026-09-10T11:20:22.705Z</time>
      </trkpt>
      <trkpt lat="46.9118342" lon="7.4641102">
        <ele>680.2</ele>
        <time>2026-09-10T11:20:22.705Z</time>
      </trkpt>
      <trkpt lat="46.9118461" lon="7.4641051">
        <ele>680.4000000000001</ele>
        <time>2026-09-10T11:20:22.705Z</time>
      </trkpt>
      <trkpt lat="46.9118595" lon="7.4641009">
        <ele>680.5999999999999</ele>
        <time>2026-09-10T11:20:22.705Z</time>
      </trkpt>
      <trkpt lat="46.911873" lon="7.4640965">
        <ele>680.8</ele>
        <time>2026-09-10T11:20:22.705Z</time>
      </trkpt>
      <trkpt lat="46.9118862" lon="7.4640908">
        <ele>681</ele>
        <time>2026-09-10T11:20:22.705Z</time>
      </trkpt>
      <trkpt lat="46.9118995" lon="7.4640851">
        <ele>681.2</ele>
        <time>2026-09-10T11:20:22.705Z</time>
      </trkpt>
      <trkpt lat="46.9119142" lon="7.4640801">
        <ele>681.4000000000001</ele>
        <time>2026-09-10T11:20:22.705Z</time>
      </trkpt>
      <trkpt lat="46.9119298" lon="7.4640785">
        <ele>681.5999999999999</ele>
        <time>2026-09-10T11:20:22.705Z</time>
      </trkpt>
      <trkpt lat="46.9119433" lon="7.4640751">
        <ele>681.8</ele>
        <time>2026-09-10T11:20:22.705Z</time>
      </trkpt>
      <trkpt lat="46.9119567" lon="7.4640718">
        <ele>682</ele>
        <time>2026-09-10T11:20:22.705Z</time>
      </trkpt>
      <trkpt lat="46.9119675" lon="7.4640699">
        <ele>682</ele>
        <time>2026-09-10T11:20:22.706Z</time>
      </trkpt>
      <trkpt lat="46.9119822" lon="7.4640668">
        <ele>682.2</ele>
        <time>2026-09-10T11:20:22.706Z</time>
      </trkpt>
      <trkpt lat="46.9119961" lon="7.4640633">
        <ele>682.4000000000001</ele>
        <time>2026-09-10T11:20:22.706Z</time>
      </trkpt>
      <trkpt lat="46.9120099" lon="7.4640599">
        <ele>682.5999999999999</ele>
        <time>2026-09-10T11:20:22.706Z</time>
      </trkpt>
      <trkpt lat="46.9120231" lon="7.4640582">
        <ele>682.8</ele>
        <time>2026-09-10T11:20:22.706Z</time>
      </trkpt>
      <trkpt lat="46.9120362" lon="7.4640566">
        <ele>682.8</ele>
        <time>2026-09-10T11:20:22.706Z</time>
      </trkpt>
      <trkpt lat="46.9120517" lon="7.4640518">
        <ele>683</ele>
        <time>2026-09-10T11:20:22.706Z</time>
      </trkpt>
      <trkpt lat="46.9120636" lon="7.4640484">
        <ele>683.2</ele>
        <time>2026-09-10T11:20:22.706Z</time>
      </trkpt>
      <trkpt lat="46.9120782" lon="7.4640452">
        <ele>683.4000000000001</ele>
        <time>2026-09-10T11:20:22.706Z</time>
      </trkpt>
      <trkpt lat="46.9120896" lon="7.464045">
        <ele>683.5999999999999</ele>
        <time>2026-09-10T11:20:22.706Z</time>
      </trkpt>
      <trkpt lat="46.9121047" lon="7.4640401">
        <ele>683.8</ele>
        <time>2026-09-10T11:20:22.706Z</time>
      </trkpt>
      <trkpt lat="46.9121207" lon="7.4640365">
        <ele>684</ele>
        <time>2026-09-10T11:20:22.706Z</time>
      </trkpt>
      <trkpt lat="46.9121355" lon="7.4640351">
        <ele>684.2</ele>
        <time>2026-09-10T11:20:22.706Z</time>
      </trkpt>
      <trkpt lat="46.9121472" lon="7.46403">
        <ele>684.4000000000001</ele>
        <time>2026-09-10T11:20:22.706Z</time>
      </trkpt>
      <trkpt lat="46.9121625" lon="7.4640274">
        <ele>684.5999999999999</ele>
        <time>2026-09-10T11:20:22.706Z</time>
      </trkpt>
      <trkpt lat="46.9121777" lon="7.4640251">
        <ele>684.5999999999999</ele>
        <time>2026-09-10T11:20:22.706Z</time>
      </trkpt>
      <trkpt lat="46.9121889" lon="7.4640218">
        <ele>684.8</ele>
        <time>2026-09-10T11:20:22.706Z</time>
      </trkpt>
      <trkpt lat="46.9122047" lon="7.464015">
        <ele>685</ele>
        <time>2026-09-10T11:20:22.706Z</time>
      </trkpt>
      <trkpt lat="46.9122157" lon="7.46401">
        <ele>685.2</ele>
        <time>2026-09-10T11:20:22.706Z</time>
      </trkpt>
      <trkpt lat="46.9122318" lon="7.4640015">
        <ele>685.4000000000001</ele>
        <time>2026-09-10T11:20:22.706Z</time>
      </trkpt>
      <trkpt lat="46.9122458" lon="7.4639953">
        <ele>685.5999999999999</ele>
        <time>2026-09-10T11:20:22.706Z</time>
      </trkpt>
      <trkpt lat="46.9122621" lon="7.4639869">
        <ele>685.8</ele>
        <time>2026-09-10T11:20:22.706Z</time>
      </trkpt>
      <trkpt lat="46.9122759" lon="7.4639821">
        <ele>686</ele>
        <time>2026-09-10T11:20:22.706Z</time>
      </trkpt>
      <trkpt lat="46.9122911" lon="7.4639764">
        <ele>686.2</ele>
        <time>2026-09-10T11:20:22.706Z</time>
      </trkpt>
      <trkpt lat="46.9123066" lon="7.4639706">
        <ele>686.4000000000001</ele>
        <time>2026-09-10T11:20:22.706Z</time>
      </trkpt>
      <trkpt lat="46.9123228" lon="7.4639636">
        <ele>686.5999999999999</ele>
        <time>2026-09-10T11:20:22.706Z</time>
      </trkpt>
      <trkpt lat="46.9123362" lon="7.4639585">
        <ele>686.8</ele>
        <time>2026-09-10T11:20:22.706Z</time>
      </trkpt>
      <trkpt lat="46.9123496" lon="7.4639535">
        <ele>686.8</ele>
        <time>2026-09-10T11:20:22.706Z</time>
      </trkpt>
      <trkpt lat="46.9123637" lon="7.4639473">
        <ele>687</ele>
        <time>2026-09-10T11:20:22.706Z</time>
      </trkpt>
      <trkpt lat="46.9123726" lon="7.4639334">
        <ele>687.2</ele>
        <time>2026-09-10T11:20:22.706Z</time>
      </trkpt>
      <trkpt lat="46.9123833" lon="7.4639179">
        <ele>687.2</ele>
        <time>2026-09-10T11:20:22.706Z</time>
      </trkpt>
      <trkpt lat="46.9123916" lon="7.463897">
        <ele>687.4000000000001</ele>
        <time>2026-09-10T11:20:22.706Z</time>
      </trkpt>
      <trkpt lat="46.9123953" lon="7.4638756">
        <ele>687.5999999999999</ele>
        <time>2026-09-10T11:20:22.706Z</time>
      </trkpt>
      <trkpt lat="46.9124028" lon="7.4638523">
        <ele>687.5999999999999</ele>
        <time>2026-09-10T11:20:22.706Z</time>
      </trkpt>
      <trkpt lat="46.9124102" lon="7.4638299">
        <ele>687.8</ele>
        <time>2026-09-10T11:20:22.706Z</time>
      </trkpt>
      <trkpt lat="46.9124145" lon="7.4638052">
        <ele>687.8</ele>
        <time>2026-09-10T11:20:22.706Z</time>
      </trkpt>
      <trkpt lat="46.9124183" lon="7.4637824">
        <ele>688</ele>
        <time>2026-09-10T11:20:22.706Z</time>
      </trkpt>
      <trkpt lat="46.912426" lon="7.4637566">
        <ele>688</ele>
        <time>2026-09-10T11:20:22.706Z</time>
      </trkpt>
      <trkpt lat="46.912426" lon="7.463734">
        <ele>688.2</ele>
        <time>2026-09-10T11:20:22.706Z</time>
      </trkpt>
      <trkpt lat="46.9124222" lon="7.4637083">
        <ele>688.4000000000001</ele>
        <time>2026-09-10T11:20:22.706Z</time>
      </trkpt>
      <trkpt lat="46.9124188" lon="7.4636877">
        <ele>688.4000000000001</ele>
        <time>2026-09-10T11:20:22.706Z</time>
      </trkpt>
      <trkpt lat="46.9124097" lon="7.4636648">
        <ele>688.5999999999999</ele>
        <time>2026-09-10T11:20:22.706Z</time>
      </trkpt>
      <trkpt lat="46.9123999" lon="7.4636416">
        <ele>688.8</ele>
        <time>2026-09-10T11:20:22.706Z</time>
      </trkpt>
      <trkpt lat="46.9123883" lon="7.463621">
        <ele>688.8</ele>
        <time>2026-09-10T11:20:22.706Z</time>
      </trkpt>
      <trkpt lat="46.9123735" lon="7.4636046">
        <ele>689</ele>
        <time>2026-09-10T11:20:22.707Z</time>
      </trkpt>
      <trkpt lat="46.9123611" lon="7.4635882">
        <ele>689</ele>
        <time>2026-09-10T11:20:22.707Z</time>
      </trkpt>
      <trkpt lat="46.912343" lon="7.4635774">
        <ele>689.2</ele>
        <time>2026-09-10T11:20:22.707Z</time>
      </trkpt>
      <trkpt lat="46.9123275" lon="7.4635673">
        <ele>689.2</ele>
        <time>2026-09-10T11:20:22.707Z</time>
      </trkpt>
      <trkpt lat="46.9123121" lon="7.4635585">
        <ele>689.4000000000001</ele>
        <time>2026-09-10T11:20:22.707Z</time>
      </trkpt>
      <trkpt lat="46.9122963" lon="7.4635467">
        <ele>689.4000000000001</ele>
        <time>2026-09-10T11:20:22.707Z</time>
      </trkpt>
      <trkpt lat="46.9122781" lon="7.4635404">
        <ele>689.5999999999999</ele>
        <time>2026-09-10T11:20:22.707Z</time>
      </trkpt>
      <trkpt lat="46.9122585" lon="7.4635382">
        <ele>689.8</ele>
        <time>2026-09-10T11:20:22.707Z</time>
      </trkpt>
      <trkpt lat="46.9122436" lon="7.46354">
        <ele>689.8</ele>
        <time>2026-09-10T11:20:22.707Z</time>
      </trkpt>
      <trkpt lat="46.9122237" lon="7.4635434">
        <ele>690</ele>
        <time>2026-09-10T11:20:22.707Z</time>
      </trkpt>
      <trkpt lat="46.9122093" lon="7.4635448">
        <ele>690</ele>
        <time>2026-09-10T11:20:22.707Z</time>
      </trkpt>
      <trkpt lat="46.9121902" lon="7.4635467">
        <ele>690.2</ele>
        <time>2026-09-10T11:20:22.707Z</time>
      </trkpt>
      <trkpt lat="46.9121713" lon="7.4635481">
        <ele>690.4000000000001</ele>
        <time>2026-09-10T11:20:22.707Z</time>
      </trkpt>
      <trkpt lat="46.9121555" lon="7.46355">
        <ele>690.5999999999999</ele>
        <time>2026-09-10T11:20:22.707Z</time>
      </trkpt>
      <trkpt lat="46.9121379" lon="7.4635513">
        <ele>690.8</ele>
        <time>2026-09-10T11:20:22.707Z</time>
      </trkpt>
      <trkpt lat="46.9121212" lon="7.4635534">
        <ele>690.8</ele>
        <time>2026-09-10T11:20:22.707Z</time>
      </trkpt>
      <trkpt lat="46.9121025" lon="7.4635503">
        <ele>691</ele>
        <time>2026-09-10T11:20:22.707Z</time>
      </trkpt>
      <trkpt lat="46.912087" lon="7.4635468">
        <ele>691.2</ele>
        <time>2026-09-10T11:20:22.707Z</time>
      </trkpt>
      <trkpt lat="46.9120684" lon="7.4635436">
        <ele>691.4000000000001</ele>
        <time>2026-09-10T11:20:22.707Z</time>
      </trkpt>
      <trkpt lat="46.9120521" lon="7.4635415">
        <ele>691.4000000000001</ele>
        <time>2026-09-10T11:20:22.707Z</time>
      </trkpt>
      <trkpt lat="46.9120379" lon="7.4635384">
        <ele>691.5999999999999</ele>
        <time>2026-09-10T11:20:22.707Z</time>
      </trkpt>
      <trkpt lat="46.9120217" lon="7.4635368">
        <ele>691.8</ele>
        <time>2026-09-10T11:20:22.707Z</time>
      </trkpt>
      <trkpt lat="46.9120072" lon="7.4635368">
        <ele>692</ele>
        <time>2026-09-10T11:20:22.707Z</time>
      </trkpt>
      <trkpt lat="46.9119915" lon="7.4635317">
        <ele>692.2</ele>
        <time>2026-09-10T11:20:22.707Z</time>
      </trkpt>
      <trkpt lat="46.9119767" lon="7.4635301">
        <ele>692.4000000000001</ele>
        <time>2026-09-10T11:20:22.707Z</time>
      </trkpt>
      <trkpt lat="46.9119577" lon="7.4635251">
        <ele>692.4000000000001</ele>
        <time>2026-09-10T11:20:22.707Z</time>
      </trkpt>
      <trkpt lat="46.9119424" lon="7.4635217">
        <ele>692.5999999999999</ele>
        <time>2026-09-10T11:20:22.707Z</time>
      </trkpt>
      <trkpt lat="46.9119266" lon="7.4635201">
        <ele>692.8</ele>
        <time>2026-09-10T11:20:22.707Z</time>
      </trkpt>
      <trkpt lat="46.9119115" lon="7.4635168">
        <ele>693</ele>
        <time>2026-09-10T11:20:22.707Z</time>
      </trkpt>
      <trkpt lat="46.9118962" lon="7.4635116">
        <ele>693.2</ele>
        <time>2026-09-10T11:20:22.707Z</time>
      </trkpt>
      <trkpt lat="46.9118781" lon="7.463507">
        <ele>693.2</ele>
        <time>2026-09-10T11:20:22.707Z</time>
      </trkpt>
      <trkpt lat="46.9118655" lon="7.4635048">
        <ele>693.4000000000001</ele>
        <time>2026-09-10T11:20:22.707Z</time>
      </trkpt>
      <trkpt lat="46.911848" lon="7.4635018">
        <ele>693.5999999999999</ele>
        <time>2026-09-10T11:20:22.707Z</time>
      </trkpt>
      <trkpt lat="46.911831" lon="7.4634981">
        <ele>693.8</ele>
        <time>2026-09-10T11:20:22.707Z</time>
      </trkpt>
      <trkpt lat="46.9118162" lon="7.4634967">
        <ele>693.8</ele>
        <time>2026-09-10T11:20:22.707Z</time>
      </trkpt>
      <trkpt lat="46.9118008" lon="7.4634902">
        <ele>694</ele>
        <time>2026-09-10T11:20:22.707Z</time>
      </trkpt>
      <trkpt lat="46.9117858" lon="7.4634836">
        <ele>694.2</ele>
        <time>2026-09-10T11:20:22.707Z</time>
      </trkpt>
      <trkpt lat="46.9117707" lon="7.4634788">
        <ele>694.4000000000001</ele>
        <time>2026-09-10T11:20:22.707Z</time>
      </trkpt>
      <trkpt lat="46.9117555" lon="7.4634768">
        <ele>694.5999999999999</ele>
        <time>2026-09-10T11:20:22.707Z</time>
      </trkpt>
      <trkpt lat="46.9117396" lon="7.4634734">
        <ele>694.8</ele>
        <time>2026-09-10T11:20:22.707Z</time>
      </trkpt>
      <trkpt lat="46.9117251" lon="7.4634689">
        <ele>695</ele>
        <time>2026-09-10T11:20:22.707Z</time>
      </trkpt>
      <trkpt lat="46.91171" lon="7.4634607">
        <ele>695</ele>
        <time>2026-09-10T11:20:22.707Z</time>
      </trkpt>
      <trkpt lat="46.9116946" lon="7.4634506">
        <ele>695.2</ele>
        <time>2026-09-10T11:20:22.707Z</time>
      </trkpt>
      <trkpt lat="46.9116788" lon="7.4634435">
        <ele>695.4000000000001</ele>
        <time>2026-09-10T11:20:22.707Z</time>
      </trkpt>
      <trkpt lat="46.9116675" lon="7.463437">
        <ele>695.5999999999999</ele>
        <time>2026-09-10T11:20:22.707Z</time>
      </trkpt>
      <trkpt lat="46.9116519" lon="7.4634319">
        <ele>695.5999999999999</ele>
        <time>2026-09-10T11:20:22.707Z</time>
      </trkpt>
      <trkpt lat="46.911637" lon="7.4634255">
        <ele>695.8</ele>
        <time>2026-09-10T11:20:22.707Z</time>
      </trkpt>
      <trkpt lat="46.9116174" lon="7.4634199">
        <ele>696</ele>
        <time>2026-09-10T11:20:22.707Z</time>
      </trkpt>
      <trkpt lat="46.9116028" lon="7.4634154">
        <ele>696.2</ele>
        <time>2026-09-10T11:20:22.707Z</time>
      </trkpt>
      <trkpt lat="46.9115869" lon="7.4634132">
        <ele>696.2</ele>
        <time>2026-09-10T11:20:22.707Z</time>
      </trkpt>
      <trkpt lat="46.9115731" lon="7.4634103">
        <ele>696.4000000000001</ele>
        <time>2026-09-10T11:20:22.709Z</time>
      </trkpt>
      <trkpt lat="46.9115576" lon="7.4634053">
        <ele>696.5999999999999</ele>
        <time>2026-09-10T11:20:22.709Z</time>
      </trkpt>
      <trkpt lat="46.9115419" lon="7.4634001">
        <ele>696.8</ele>
        <time>2026-09-10T11:20:22.709Z</time>
      </trkpt>
      <trkpt lat="46.9115223" lon="7.4633952">
        <ele>696.8</ele>
        <time>2026-09-10T11:20:22.709Z</time>
      </trkpt>
      <trkpt lat="46.9115078" lon="7.4633902">
        <ele>697</ele>
        <time>2026-09-10T11:20:22.710Z</time>
      </trkpt>
      <trkpt lat="46.9114921" lon="7.4633835">
        <ele>697.2</ele>
        <time>2026-09-10T11:20:22.710Z</time>
      </trkpt>
      <trkpt lat="46.9114742" lon="7.4633772">
        <ele>697.4000000000001</ele>
        <time>2026-09-10T11:20:22.710Z</time>
      </trkpt>
      <trkpt lat="46.9114582" lon="7.4633704">
        <ele>697.4000000000001</ele>
        <time>2026-09-10T11:20:22.710Z</time>
      </trkpt>
      <trkpt lat="46.9114435" lon="7.4633699">
        <ele>697.5999999999999</ele>
        <time>2026-09-10T11:20:22.710Z</time>
      </trkpt>
      <trkpt lat="46.9114243" lon="7.4633654">
        <ele>697.8</ele>
        <time>2026-09-10T11:20:22.710Z</time>
      </trkpt>
      <trkpt lat="46.9114094" lon="7.4633605">
        <ele>698</ele>
        <time>2026-09-10T11:20:22.710Z</time>
      </trkpt>
      <trkpt lat="46.9113896" lon="7.4633535">
        <ele>698.2</ele>
        <time>2026-09-10T11:20:22.710Z</time>
      </trkpt>
      <trkpt lat="46.9113748" lon="7.4633473">
        <ele>698.4000000000001</ele>
        <time>2026-09-10T11:20:22.710Z</time>
      </trkpt>
      <trkpt lat="46.9113582" lon="7.46334">
        <ele>698.5999999999999</ele>
        <time>2026-09-10T11:20:22.710Z</time>
      </trkpt>
      <trkpt lat="46.9113404" lon="7.4633354">
        <ele>698.5999999999999</ele>
        <time>2026-09-10T11:20:22.710Z</time>
      </trkpt>
      <trkpt lat="46.9113243" lon="7.4633286">
        <ele>698.8</ele>
        <time>2026-09-10T11:20:22.710Z</time>
      </trkpt>
      <trkpt lat="46.9113096" lon="7.4633223">
        <ele>699</ele>
        <time>2026-09-10T11:20:22.710Z</time>
      </trkpt>
      <trkpt lat="46.9112901" lon="7.4633185">
        <ele>699.2</ele>
        <time>2026-09-10T11:20:22.710Z</time>
      </trkpt>
      <trkpt lat="46.9112762" lon="7.4633155">
        <ele>699.4000000000001</ele>
        <time>2026-09-10T11:20:22.710Z</time>
      </trkpt>
      <trkpt lat="46.9112589" lon="7.4633127">
        <ele>699.5999999999999</ele>
        <time>2026-09-10T11:20:22.710Z</time>
      </trkpt>
      <trkpt lat="46.9112408" lon="7.46331">
        <ele>699.8</ele>
        <time>2026-09-10T11:20:22.710Z</time>
      </trkpt>
      <trkpt lat="46.911225" lon="7.463307">
        <ele>699.8</ele>
        <time>2026-09-10T11:20:22.710Z</time>
      </trkpt>
      <trkpt lat="46.9112069" lon="7.4633021">
        <ele>700</ele>
        <time>2026-09-10T11:20:22.710Z</time>
      </trkpt>
      <trkpt lat="46.9111909" lon="7.4632954">
        <ele>700.2</ele>
        <time>2026-09-10T11:20:22.710Z</time>
      </trkpt>
      <trkpt lat="46.9111758" lon="7.4632918">
        <ele>700.4000000000001</ele>
        <time>2026-09-10T11:20:22.710Z</time>
      </trkpt>
      <trkpt lat="46.9111598" lon="7.463287">
        <ele>700.5999999999999</ele>
        <time>2026-09-10T11:20:22.710Z</time>
      </trkpt>
      <trkpt lat="46.9111413" lon="7.4632837">
        <ele>700.8</ele>
        <time>2026-09-10T11:20:22.710Z</time>
      </trkpt>
      <trkpt lat="46.9111258" lon="7.4632771">
        <ele>700.8</ele>
        <time>2026-09-10T11:20:22.710Z</time>
      </trkpt>
      <trkpt lat="46.9111108" lon="7.4632719">
        <ele>701</ele>
        <time>2026-09-10T11:20:22.710Z</time>
      </trkpt>
      <trkpt lat="46.9110917" lon="7.463267">
        <ele>701.2</ele>
        <time>2026-09-10T11:20:22.710Z</time>
      </trkpt>
      <trkpt lat="46.9110773" lon="7.4632639">
        <ele>701.4000000000001</ele>
        <time>2026-09-10T11:20:22.710Z</time>
      </trkpt>
      <trkpt lat="46.9110569" lon="7.4632551">
        <ele>701.5999999999999</ele>
        <time>2026-09-10T11:20:22.710Z</time>
      </trkpt>
      <trkpt lat="46.911042" lon="7.4632504">
        <ele>701.8</ele>
        <time>2026-09-10T11:20:22.710Z</time>
      </trkpt>
      <trkpt lat="46.9110244" lon="7.4632472">
        <ele>702</ele>
        <time>2026-09-10T11:20:22.710Z</time>
      </trkpt>
      <trkpt lat="46.9110082" lon="7.4632451">
        <ele>702.2</ele>
        <time>2026-09-10T11:20:22.710Z</time>
      </trkpt>
      <trkpt lat="46.9109883" lon="7.4632416">
        <ele>702.2</ele>
        <time>2026-09-10T11:20:22.710Z</time>
      </trkpt>
      <trkpt lat="46.9109743" lon="7.4632374">
        <ele>702.4000000000001</ele>
        <time>2026-09-10T11:20:22.710Z</time>
      </trkpt>
      <trkpt lat="46.9109549" lon="7.4632381">
        <ele>702.5999999999999</ele>
        <time>2026-09-10T11:20:22.710Z</time>
      </trkpt>
      <trkpt lat="46.910939" lon="7.463235">
        <ele>702.8</ele>
        <time>2026-09-10T11:20:22.710Z</time>
      </trkpt>
      <trkpt lat="46.91092" lon="7.4632317">
        <ele>703</ele>
        <time>2026-09-10T11:20:22.710Z</time>
      </trkpt>
      <trkpt lat="46.910905" lon="7.4632271">
        <ele>703</ele>
        <time>2026-09-10T11:20:22.710Z</time>
      </trkpt>
      <trkpt lat="46.9108855" lon="7.4632236">
        <ele>703.2</ele>
        <time>2026-09-10T11:20:22.710Z</time>
      </trkpt>
      <trkpt lat="46.9108671" lon="7.4632203">
        <ele>703.4000000000001</ele>
        <time>2026-09-10T11:20:22.710Z</time>
      </trkpt>
      <trkpt lat="46.910851" lon="7.4632169">
        <ele>703.4000000000001</ele>
        <time>2026-09-10T11:20:22.710Z</time>
      </trkpt>
      <trkpt lat="46.9108321" lon="7.4632149">
        <ele>703.5999999999999</ele>
        <time>2026-09-10T11:20:22.710Z</time>
      </trkpt>
      <trkpt lat="46.9108131" lon="7.4632135">
        <ele>703.5999999999999</ele>
        <time>2026-09-10T11:20:22.710Z</time>
      </trkpt>
      <trkpt lat="46.910798" lon="7.4632116">
        <ele>703.8</ele>
        <time>2026-09-10T11:20:22.710Z</time>
      </trkpt>
      <trkpt lat="46.9107787" lon="7.4632115">
        <ele>703.8</ele>
        <time>2026-09-10T11:20:22.710Z</time>
      </trkpt>
      <trkpt lat="46.9107604" lon="7.4632102">
        <ele>704</ele>
        <time>2026-09-10T11:20:22.710Z</time>
      </trkpt>
      <trkpt lat="46.9107439" lon="7.4632115">
        <ele>704</ele>
        <time>2026-09-10T11:20:22.710Z</time>
      </trkpt>
      <trkpt lat="46.9107257" lon="7.4632146">
        <ele>704.2</ele>
        <time>2026-09-10T11:20:22.710Z</time>
      </trkpt>
      <trkpt lat="46.9107066" lon="7.4632167">
        <ele>704.4000000000001</ele>
        <time>2026-09-10T11:20:22.710Z</time>
      </trkpt>
      <trkpt lat="46.9106878" lon="7.4632167">
        <ele>704.5999999999999</ele>
        <time>2026-09-10T11:20:22.710Z</time>
      </trkpt>
      <trkpt lat="46.9106718" lon="7.4632182">
        <ele>704.8</ele>
        <time>2026-09-10T11:20:22.710Z</time>
      </trkpt>
      <trkpt lat="46.9106546" lon="7.4632198">
        <ele>705</ele>
        <time>2026-09-10T11:20:22.710Z</time>
      </trkpt>
      <trkpt lat="46.910637" lon="7.4632208">
        <ele>705</ele>
        <time>2026-09-10T11:20:22.710Z</time>
      </trkpt>
      <trkpt lat="46.9106193" lon="7.4632215">
        <ele>705.2</ele>
        <time>2026-09-10T11:20:22.710Z</time>
      </trkpt>
      <trkpt lat="46.9105957" lon="7.4632234">
        <ele>705.4000000000001</ele>
        <time>2026-09-10T11:20:22.710Z</time>
      </trkpt>
      <trkpt lat="46.9105806" lon="7.4632234">
        <ele>705.5999999999999</ele>
        <time>2026-09-10T11:20:22.710Z</time>
      </trkpt>
      <trkpt lat="46.9105615" lon="7.4632248">
        <ele>705.8</ele>
        <time>2026-09-10T11:20:22.710Z</time>
      </trkpt>
      <trkpt lat="46.9105432" lon="7.4632249">
        <ele>706</ele>
        <time>2026-09-10T11:20:22.711Z</time>
      </trkpt>
      <trkpt lat="46.9105268" lon="7.4632267">
        <ele>706</ele>
        <time>2026-09-10T11:20:22.711Z</time>
      </trkpt>
      <trkpt lat="46.9105046" lon="7.4632268">
        <ele>706.2</ele>
        <time>2026-09-10T11:20:22.711Z</time>
      </trkpt>
      <trkpt lat="46.9104886" lon="7.4632268">
        <ele>706.4000000000001</ele>
        <time>2026-09-10T11:20:22.711Z</time>
      </trkpt>
      <trkpt lat="46.9104704" lon="7.4632281">
        <ele>706.4000000000001</ele>
        <time>2026-09-10T11:20:22.711Z</time>
      </trkpt>
      <trkpt lat="46.9104504" lon="7.4632301">
        <ele>706.5999999999999</ele>
        <time>2026-09-10T11:20:22.711Z</time>
      </trkpt>
      <trkpt lat="46.9104327" lon="7.4632302">
        <ele>706.8</ele>
        <time>2026-09-10T11:20:22.711Z</time>
      </trkpt>
      <trkpt lat="46.9104129" lon="7.463227">
        <ele>707</ele>
        <time>2026-09-10T11:20:22.711Z</time>
      </trkpt>
      <trkpt lat="46.9103978" lon="7.4632268">
        <ele>707</ele>
        <time>2026-09-10T11:20:22.711Z</time>
      </trkpt>
      <trkpt lat="46.9103786" lon="7.4632268">
        <ele>707.2</ele>
        <time>2026-09-10T11:20:22.711Z</time>
      </trkpt>
      <trkpt lat="46.9103598" lon="7.4632299">
        <ele>707.4000000000001</ele>
        <time>2026-09-10T11:20:22.711Z</time>
      </trkpt>
      <trkpt lat="46.9103402" lon="7.4632302">
        <ele>707.5999999999999</ele>
        <time>2026-09-10T11:20:22.711Z</time>
      </trkpt>
      <trkpt lat="46.9103257" lon="7.4632284">
        <ele>707.8</ele>
        <time>2026-09-10T11:20:22.711Z</time>
      </trkpt>
      <trkpt lat="46.9103082" lon="7.4632276">
        <ele>708</ele>
        <time>2026-09-10T11:20:22.711Z</time>
      </trkpt>
      <trkpt lat="46.9102902" lon="7.4632268">
        <ele>708.2</ele>
        <time>2026-09-10T11:20:22.711Z</time>
      </trkpt>
      <trkpt lat="46.910275" lon="7.4632268">
        <ele>708.4000000000001</ele>
        <time>2026-09-10T11:20:22.711Z</time>
      </trkpt>
      <trkpt lat="46.9102607" lon="7.4632268">
        <ele>708.4000000000001</ele>
        <time>2026-09-10T11:20:22.711Z</time>
      </trkpt>
      <trkpt lat="46.9102444" lon="7.4632268">
        <ele>708.5999999999999</ele>
        <time>2026-09-10T11:20:22.711Z</time>
      </trkpt>
      <trkpt lat="46.9102299" lon="7.4632237">
        <ele>708.8</ele>
        <time>2026-09-10T11:20:22.711Z</time>
      </trkpt>
      <trkpt lat="46.9102139" lon="7.4632183">
        <ele>709</ele>
        <time>2026-09-10T11:20:22.711Z</time>
      </trkpt>
      <trkpt lat="46.9101994" lon="7.4632152">
        <ele>709.2</ele>
        <time>2026-09-10T11:20:22.711Z</time>
      </trkpt>
      <trkpt lat="46.9101836" lon="7.4632103">
        <ele>709.4000000000001</ele>
        <time>2026-09-10T11:20:22.711Z</time>
      </trkpt>
      <trkpt lat="46.9101721" lon="7.4632052">
        <ele>709.5999999999999</ele>
        <time>2026-09-10T11:20:22.711Z</time>
      </trkpt>
      <trkpt lat="46.9101566" lon="7.4632002">
        <ele>709.8</ele>
        <time>2026-09-10T11:20:22.711Z</time>
      </trkpt>
      <trkpt lat="46.9101458" lon="7.463197">
        <ele>710</ele>
        <time>2026-09-10T11:20:22.711Z</time>
      </trkpt>
      <trkpt lat="46.9101298" lon="7.4631902">
        <ele>710.2</ele>
        <time>2026-09-10T11:20:22.711Z</time>
      </trkpt>
      <trkpt lat="46.9101187" lon="7.4631869">
        <ele>710.4000000000001</ele>
        <time>2026-09-10T11:20:22.711Z</time>
      </trkpt>
      <trkpt lat="46.9101035" lon="7.4631817">
        <ele>710.5999999999999</ele>
        <time>2026-09-10T11:20:22.711Z</time>
      </trkpt>
      <trkpt lat="46.9100885" lon="7.4631784">
        <ele>710.8</ele>
        <time>2026-09-10T11:20:22.711Z</time>
      </trkpt>
      <trkpt lat="46.9100763" lon="7.4631735">
        <ele>710.8</ele>
        <time>2026-09-10T11:20:22.711Z</time>
      </trkpt>
      <trkpt lat="46.9100664" lon="7.4631661">
        <ele>711</ele>
        <time>2026-09-10T11:20:22.711Z</time>
      </trkpt>
      <trkpt lat="46.9100546" lon="7.4631553">
        <ele>711.4000000000001</ele>
        <time>2026-09-10T11:20:22.711Z</time>
      </trkpt>
      <trkpt lat="46.9100423" lon="7.4631438">
        <ele>711.5999999999999</ele>
        <time>2026-09-10T11:20:22.711Z</time>
      </trkpt>
      <trkpt lat="46.9100274" lon="7.4631339">
        <ele>711.8</ele>
        <time>2026-09-10T11:20:22.711Z</time>
      </trkpt>
      <trkpt lat="46.9100157" lon="7.4631238">
        <ele>712</ele>
        <time>2026-09-10T11:20:22.711Z</time>
      </trkpt>
      <trkpt lat="46.9100077" lon="7.4631136">
        <ele>712.2</ele>
        <time>2026-09-10T11:20:22.711Z</time>
      </trkpt>
      <trkpt lat="46.9099968" lon="7.4631058">
        <ele>712.4000000000001</ele>
        <time>2026-09-10T11:20:22.711Z</time>
      </trkpt>
      <trkpt lat="46.9099849" lon="7.4630935">
        <ele>712.5999999999999</ele>
        <time>2026-09-10T11:20:22.711Z</time>
      </trkpt>
      <trkpt lat="46.9099772" lon="7.4630791">
        <ele>712.8</ele>
        <time>2026-09-10T11:20:22.711Z</time>
      </trkpt>
      <trkpt lat="46.9099695" lon="7.4630655">
        <ele>713</ele>
        <time>2026-09-10T11:20:22.711Z</time>
      </trkpt>
      <trkpt lat="46.9099622" lon="7.463051">
        <ele>713.2</ele>
        <time>2026-09-10T11:20:22.711Z</time>
      </trkpt>
      <trkpt lat="46.9099545" lon="7.4630341">
        <ele>713.4000000000001</ele>
        <time>2026-09-10T11:20:22.711Z</time>
      </trkpt>
      <trkpt lat="46.9099505" lon="7.4630176">
        <ele>713.5999999999999</ele>
        <time>2026-09-10T11:20:22.711Z</time>
      </trkpt>
      <trkpt lat="46.9099425" lon="7.4630016">
        <ele>713.8</ele>
        <time>2026-09-10T11:20:22.711Z</time>
      </trkpt>
      <trkpt lat="46.9099352" lon="7.4629888">
        <ele>714</ele>
        <time>2026-09-10T11:20:22.711Z</time>
      </trkpt>
      <trkpt lat="46.9099279" lon="7.4629728">
        <ele>714.2</ele>
        <time>2026-09-10T11:20:22.711Z</time>
      </trkpt>
      <trkpt lat="46.9099238" lon="7.4629561">
        <ele>714.4000000000001</ele>
        <time>2026-09-10T11:20:22.711Z</time>
      </trkpt>
      <trkpt lat="46.9099161" lon="7.4629387">
        <ele>714.8</ele>
        <time>2026-09-10T11:20:22.711Z</time>
      </trkpt>
      <trkpt lat="46.9099091" lon="7.4629264">
        <ele>715</ele>
        <time>2026-09-10T11:20:22.711Z</time>
      </trkpt>
      <trkpt lat="46.9099049" lon="7.46291">
        <ele>715.2</ele>
        <time>2026-09-10T11:20:22.711Z</time>
      </trkpt>
      <trkpt lat="46.909901" lon="7.462893">
        <ele>715.4000000000001</ele>
        <time>2026-09-10T11:20:22.711Z</time>
      </trkpt>
      <trkpt lat="46.909897" lon="7.4628741">
        <ele>715.8</ele>
        <time>2026-09-10T11:20:22.711Z</time>
      </trkpt>
      <trkpt lat="46.9098933" lon="7.4628593">
        <ele>716</ele>
        <time>2026-09-10T11:20:22.711Z</time>
      </trkpt>
      <trkpt lat="46.9098893" lon="7.4628405">
        <ele>716.2</ele>
        <time>2026-09-10T11:20:22.711Z</time>
      </trkpt>
      <trkpt lat="46.9098855" lon="7.4628241">
        <ele>716.5999999999999</ele>
        <time>2026-09-10T11:20:22.711Z</time>
      </trkpt>
      <trkpt lat="46.9098816" lon="7.4628069">
        <ele>716.8</ele>
        <time>2026-09-10T11:20:22.711Z</time>
      </trkpt>
      <trkpt lat="46.9098816" lon="7.4627905">
        <ele>717</ele>
        <time>2026-09-10T11:20:22.711Z</time>
      </trkpt>
      <trkpt lat="46.9098779" lon="7.4627738">
        <ele>717.2</ele>
        <time>2026-09-10T11:20:22.711Z</time>
      </trkpt>
      <trkpt lat="46.9098741" lon="7.4627557">
        <ele>717.5999999999999</ele>
        <time>2026-09-10T11:20:22.712Z</time>
      </trkpt>
      <trkpt lat="46.909874" lon="7.4627389">
        <ele>717.8</ele>
        <time>2026-09-10T11:20:22.712Z</time>
      </trkpt>
      <trkpt lat="46.9098705" lon="7.4627216">
        <ele>718</ele>
        <time>2026-09-10T11:20:22.712Z</time>
      </trkpt>
      <trkpt lat="46.9098701" lon="7.4627033">
        <ele>718.2</ele>
        <time>2026-09-10T11:20:22.712Z</time>
      </trkpt>
      <trkpt lat="46.9098701" lon="7.4626856">
        <ele>718.4000000000001</ele>
        <time>2026-09-10T11:20:22.712Z</time>
      </trkpt>
      <trkpt lat="46.9098701" lon="7.4626673">
        <ele>718.8</ele>
        <time>2026-09-10T11:20:22.712Z</time>
      </trkpt>
      <trkpt lat="46.9098701" lon="7.4626505">
        <ele>719</ele>
        <time>2026-09-10T11:20:22.712Z</time>
      </trkpt>
      <trkpt lat="46.9098701" lon="7.4626319">
        <ele>719.2</ele>
        <time>2026-09-10T11:20:22.712Z</time>
      </trkpt>
      <trkpt lat="46.9098701" lon="7.4626148">
        <ele>719.4000000000001</ele>
        <time>2026-09-10T11:20:22.712Z</time>
      </trkpt>
      <trkpt lat="46.909874" lon="7.4625951">
        <ele>719.5999999999999</ele>
        <time>2026-09-10T11:20:22.712Z</time>
      </trkpt>
      <trkpt lat="46.909874" lon="7.4625773">
        <ele>719.8</ele>
        <time>2026-09-10T11:20:22.712Z</time>
      </trkpt>
      <trkpt lat="46.909874" lon="7.4625573">
        <ele>720</ele>
        <time>2026-09-10T11:20:22.712Z</time>
      </trkpt>
      <trkpt lat="46.9098776" lon="7.4625411">
        <ele>720.2</ele>
        <time>2026-09-10T11:20:22.712Z</time>
      </trkpt>
      <trkpt lat="46.9098816" lon="7.4625216">
        <ele>720.5999999999999</ele>
        <time>2026-09-10T11:20:22.712Z</time>
      </trkpt>
      <trkpt lat="46.9098852" lon="7.4625056">
        <ele>720.8</ele>
        <time>2026-09-10T11:20:22.712Z</time>
      </trkpt>
      <trkpt lat="46.9098891" lon="7.462489">
        <ele>721</ele>
        <time>2026-09-10T11:20:22.712Z</time>
      </trkpt>
      <trkpt lat="46.9098929" lon="7.4624721">
        <ele>721.2</ele>
        <time>2026-09-10T11:20:22.712Z</time>
      </trkpt>
      <trkpt lat="46.9098966" lon="7.4624544">
        <ele>721.4000000000001</ele>
        <time>2026-09-10T11:20:22.712Z</time>
      </trkpt>
      <trkpt lat="46.9099005" lon="7.4624376">
        <ele>721.8</ele>
        <time>2026-09-10T11:20:22.712Z</time>
      </trkpt>
      <trkpt lat="46.9099079" lon="7.4624194">
        <ele>722</ele>
        <time>2026-09-10T11:20:22.712Z</time>
      </trkpt>
      <trkpt lat="46.9099119" lon="7.4624009">
        <ele>722.2</ele>
        <time>2026-09-10T11:20:22.712Z</time>
      </trkpt>
      <trkpt lat="46.9099158" lon="7.4623838">
        <ele>722.4000000000001</ele>
        <time>2026-09-10T11:20:22.712Z</time>
      </trkpt>
      <trkpt lat="46.9099196" lon="7.4623661">
        <ele>722.5999999999999</ele>
        <time>2026-09-10T11:20:22.712Z</time>
      </trkpt>
      <trkpt lat="46.9099234" lon="7.4623471">
        <ele>722.8</ele>
        <time>2026-09-10T11:20:22.712Z</time>
      </trkpt>
      <trkpt lat="46.9099273" lon="7.462329">
        <ele>723</ele>
        <time>2026-09-10T11:20:22.712Z</time>
      </trkpt>
      <trkpt lat="46.9099349" lon="7.462312">
        <ele>723.4000000000001</ele>
        <time>2026-09-10T11:20:22.712Z</time>
      </trkpt>
      <trkpt lat="46.9099385" lon="7.4622962">
        <ele>723.5999999999999</ele>
        <time>2026-09-10T11:20:22.712Z</time>
      </trkpt>
      <trkpt lat="46.9099426" lon="7.4622764">
        <ele>723.8</ele>
        <time>2026-09-10T11:20:22.712Z</time>
      </trkpt>
      <trkpt lat="46.9099463" lon="7.4622589">
        <ele>724</ele>
        <time>2026-09-10T11:20:22.712Z</time>
      </trkpt>
      <trkpt lat="46.9099465" lon="7.4622413">
        <ele>724.2</ele>
        <time>2026-09-10T11:20:22.712Z</time>
      </trkpt>
      <trkpt lat="46.9099465" lon="7.4622211">
        <ele>724.4000000000001</ele>
        <time>2026-09-10T11:20:22.712Z</time>
      </trkpt>
      <trkpt lat="46.9099501" lon="7.4622042">
        <ele>724.5999999999999</ele>
        <time>2026-09-10T11:20:22.712Z</time>
      </trkpt>
      <trkpt lat="46.9099572" lon="7.4621867">
        <ele>724.8</ele>
        <time>2026-09-10T11:20:22.712Z</time>
      </trkpt>
      <trkpt lat="46.9099616" lon="7.4621683">
        <ele>725</ele>
        <time>2026-09-10T11:20:22.712Z</time>
      </trkpt>
      <trkpt lat="46.9099654" lon="7.4621507">
        <ele>725.2</ele>
        <time>2026-09-10T11:20:22.712Z</time>
      </trkpt>
      <trkpt lat="46.9099692" lon="7.462132">
        <ele>725.4000000000001</ele>
        <time>2026-09-10T11:20:22.712Z</time>
      </trkpt>
      <trkpt lat="46.9099729" lon="7.4621145">
        <ele>725.5999999999999</ele>
        <time>2026-09-10T11:20:22.712Z</time>
      </trkpt>
      <trkpt lat="46.9099731" lon="7.462095">
        <ele>725.5999999999999</ele>
        <time>2026-09-10T11:20:22.712Z</time>
      </trkpt>
      <trkpt lat="46.9099767" lon="7.4620765">
        <ele>725.8</ele>
        <time>2026-09-10T11:20:22.712Z</time>
      </trkpt>
      <trkpt lat="46.9099808" lon="7.4620565">
        <ele>726</ele>
        <time>2026-09-10T11:20:22.712Z</time>
      </trkpt>
      <trkpt lat="46.9099844" lon="7.462039">
        <ele>726.2</ele>
        <time>2026-09-10T11:20:22.712Z</time>
      </trkpt>
      <trkpt lat="46.9099883" lon="7.4620203">
        <ele>726.4000000000001</ele>
        <time>2026-09-10T11:20:22.712Z</time>
      </trkpt>
      <trkpt lat="46.9099884" lon="7.462001">
        <ele>726.5999999999999</ele>
        <time>2026-09-10T11:20:22.712Z</time>
      </trkpt>
      <trkpt lat="46.9099922" lon="7.4619818">
        <ele>726.5999999999999</ele>
        <time>2026-09-10T11:20:22.712Z</time>
      </trkpt>
      <trkpt lat="46.9099991" lon="7.461965">
        <ele>726.8</ele>
        <time>2026-09-10T11:20:22.712Z</time>
      </trkpt>
      <trkpt lat="46.9100034" lon="7.4619455">
        <ele>727</ele>
        <time>2026-09-10T11:20:22.712Z</time>
      </trkpt>
      <trkpt lat="46.9100073" lon="7.4619256">
        <ele>727.2</ele>
        <time>2026-09-10T11:20:22.712Z</time>
      </trkpt>
      <trkpt lat="46.910011" lon="7.461908">
        <ele>727.4000000000001</ele>
        <time>2026-09-10T11:20:22.712Z</time>
      </trkpt>
      <trkpt lat="46.910015" lon="7.4618909">
        <ele>727.4000000000001</ele>
        <time>2026-09-10T11:20:22.712Z</time>
      </trkpt>
      <trkpt lat="46.9100189" lon="7.4618737">
        <ele>727.5999999999999</ele>
        <time>2026-09-10T11:20:22.712Z</time>
      </trkpt>
      <trkpt lat="46.9100225" lon="7.4618548">
        <ele>727.8</ele>
        <time>2026-09-10T11:20:22.712Z</time>
      </trkpt>
      <trkpt lat="46.9100264" lon="7.4618356">
        <ele>727.8</ele>
        <time>2026-09-10T11:20:22.712Z</time>
      </trkpt>
      <trkpt lat="46.9100302" lon="7.4618156">
        <ele>728</ele>
        <time>2026-09-10T11:20:22.712Z</time>
      </trkpt>
      <trkpt lat="46.9100341" lon="7.461797">
        <ele>728.2</ele>
        <time>2026-09-10T11:20:22.712Z</time>
      </trkpt>
      <trkpt lat="46.9100379" lon="7.4617773">
        <ele>728.4000000000001</ele>
        <time>2026-09-10T11:20:22.712Z</time>
      </trkpt>
      <trkpt lat="46.9100417" lon="7.4617585">
        <ele>728.4000000000001</ele>
        <time>2026-09-10T11:20:22.712Z</time>
      </trkpt>
      <trkpt lat="46.9100455" lon="7.461739">
        <ele>728.5999999999999</ele>
        <time>2026-09-10T11:20:22.712Z</time>
      </trkpt>
      <trkpt lat="46.9100494" lon="7.4617186">
        <ele>728.8</ele>
        <time>2026-09-10T11:20:22.712Z</time>
      </trkpt>
      <trkpt lat="46.9100531" lon="7.4616993">
        <ele>728.8</ele>
        <time>2026-09-10T11:20:22.712Z</time>
      </trkpt>
      <trkpt lat="46.910057" lon="7.4616788">
        <ele>729</ele>
        <time>2026-09-10T11:20:22.712Z</time>
      </trkpt>
      <trkpt lat="46.9100607" lon="7.4616607">
        <ele>729.2</ele>
        <time>2026-09-10T11:20:22.712Z</time>
      </trkpt>
      <trkpt lat="46.9100683" lon="7.4616424">
        <ele>729.4000000000001</ele>
        <time>2026-09-10T11:20:22.712Z</time>
      </trkpt>
      <trkpt lat="46.9100718" lon="7.4616275">
        <ele>729.4000000000001</ele>
        <time>2026-09-10T11:20:22.712Z</time>
      </trkpt>
      <trkpt lat="46.9100757" lon="7.4616092">
        <ele>729.5999999999999</ele>
        <time>2026-09-10T11:20:22.712Z</time>
      </trkpt>
      <trkpt lat="46.9100799" lon="7.4615902">
        <ele>729.8</ele>
        <time>2026-09-10T11:20:22.712Z</time>
      </trkpt>
      <trkpt lat="46.9100837" lon="7.4615722">
        <ele>730</ele>
        <time>2026-09-10T11:20:22.712Z</time>
      </trkpt>
      <trkpt lat="46.910091" lon="7.4615529">
        <ele>730.2</ele>
        <time>2026-09-10T11:20:22.712Z</time>
      </trkpt>
      <trkpt lat="46.9100951" lon="7.4615355">
        <ele>730.2</ele>
        <time>2026-09-10T11:20:22.712Z</time>
      </trkpt>
      <trkpt lat="46.9100989" lon="7.461519">
        <ele>730.4000000000001</ele>
        <time>2026-09-10T11:20:22.712Z</time>
      </trkpt>
      <trkpt lat="46.9101066" lon="7.4615005">
        <ele>730.5999999999999</ele>
        <time>2026-09-10T11:20:22.712Z</time>
      </trkpt>
      <trkpt lat="46.9101067" lon="7.4614824">
        <ele>730.8</ele>
        <time>2026-09-10T11:20:22.712Z</time>
      </trkpt>
      <trkpt lat="46.9101103" lon="7.4614659">
        <ele>730.8</ele>
        <time>2026-09-10T11:20:22.712Z</time>
      </trkpt>
      <trkpt lat="46.9101172" lon="7.4614488">
        <ele>731</ele>
        <time>2026-09-10T11:20:22.712Z</time>
      </trkpt>
      <trkpt lat="46.9101217" lon="7.4614325">
        <ele>731.2</ele>
        <time>2026-09-10T11:20:22.712Z</time>
      </trkpt>
      <trkpt lat="46.9101289" lon="7.4614161">
        <ele>731.4000000000001</ele>
        <time>2026-09-10T11:20:22.712Z</time>
      </trkpt>
      <trkpt lat="46.9101331" lon="7.461399">
        <ele>731.5999999999999</ele>
        <time>2026-09-10T11:20:22.712Z</time>
      </trkpt>
      <trkpt lat="46.9101406" lon="7.4613824">
        <ele>731.5999999999999</ele>
        <time>2026-09-10T11:20:22.713Z</time>
      </trkpt>
      <trkpt lat="46.9101446" lon="7.4613662">
        <ele>731.8</ele>
        <time>2026-09-10T11:20:22.713Z</time>
      </trkpt>
      <trkpt lat="46.9101519" lon="7.4613511">
        <ele>732</ele>
        <time>2026-09-10T11:20:22.713Z</time>
      </trkpt>
      <trkpt lat="46.9101595" lon="7.4613345">
        <ele>732.2</ele>
        <time>2026-09-10T11:20:22.713Z</time>
      </trkpt>
      <trkpt lat="46.9101667" lon="7.4613203">
        <ele>732.2</ele>
        <time>2026-09-10T11:20:22.713Z</time>
      </trkpt>
      <trkpt lat="46.9101728" lon="7.4613036">
        <ele>732.4000000000001</ele>
        <time>2026-09-10T11:20:22.713Z</time>
      </trkpt>
      <trkpt lat="46.9101787" lon="7.4612866">
        <ele>732.5999999999999</ele>
        <time>2026-09-10T11:20:22.713Z</time>
      </trkpt>
      <trkpt lat="46.9101865" lon="7.461267">
        <ele>732.8</ele>
        <time>2026-09-10T11:20:22.713Z</time>
      </trkpt>
      <trkpt lat="46.9101904" lon="7.4612474">
        <ele>732.8</ele>
        <time>2026-09-10T11:20:22.713Z</time>
      </trkpt>
      <trkpt lat="46.9101981" lon="7.4612301">
        <ele>733</ele>
        <time>2026-09-10T11:20:22.713Z</time>
      </trkpt>
      <trkpt lat="46.9102055" lon="7.4612157">
        <ele>733.2</ele>
        <time>2026-09-10T11:20:22.713Z</time>
      </trkpt>
      <trkpt lat="46.9102134" lon="7.4611986">
        <ele>733.4000000000001</ele>
        <time>2026-09-10T11:20:22.713Z</time>
      </trkpt>
      <trkpt lat="46.9102206" lon="7.4611827">
        <ele>733.5999999999999</ele>
        <time>2026-09-10T11:20:22.713Z</time>
      </trkpt>
      <trkpt lat="46.9102247" lon="7.4611661">
        <ele>733.5999999999999</ele>
        <time>2026-09-10T11:20:22.713Z</time>
      </trkpt>
      <trkpt lat="46.910232" lon="7.4611495">
        <ele>733.8</ele>
        <time>2026-09-10T11:20:22.713Z</time>
      </trkpt>
      <trkpt lat="46.9102398" lon="7.4611311">
        <ele>734</ele>
        <time>2026-09-10T11:20:22.713Z</time>
      </trkpt>
      <trkpt lat="46.910247" lon="7.4611166">
        <ele>734.2</ele>
        <time>2026-09-10T11:20:22.713Z</time>
      </trkpt>
      <trkpt lat="46.9102515" lon="7.4610987">
        <ele>734.4000000000001</ele>
        <time>2026-09-10T11:20:22.713Z</time>
      </trkpt>
      <trkpt lat="46.9102588" lon="7.4610812">
        <ele>734.5999999999999</ele>
        <time>2026-09-10T11:20:22.713Z</time>
      </trkpt>
      <trkpt lat="46.9102665" lon="7.4610624">
        <ele>734.8</ele>
        <time>2026-09-10T11:20:22.713Z</time>
      </trkpt>
      <trkpt lat="46.9102705" lon="7.4610455">
        <ele>735</ele>
        <time>2026-09-10T11:20:22.713Z</time>
      </trkpt>
      <trkpt lat="46.9102781" lon="7.4610271">
        <ele>735.2</ele>
        <time>2026-09-10T11:20:22.713Z</time>
      </trkpt>
      <trkpt lat="46.9102817" lon="7.4610103">
        <ele>735.4000000000001</ele>
        <time>2026-09-10T11:20:22.713Z</time>
      </trkpt>
      <trkpt lat="46.9102897" lon="7.4609902">
        <ele>735.4000000000001</ele>
        <time>2026-09-10T11:20:22.713Z</time>
      </trkpt>
      <trkpt lat="46.9102972" lon="7.4609737">
        <ele>735.5999999999999</ele>
        <time>2026-09-10T11:20:22.713Z</time>
      </trkpt>
      <trkpt lat="46.9103044" lon="7.4609551">
        <ele>735.8</ele>
        <time>2026-09-10T11:20:22.713Z</time>
      </trkpt>
      <trkpt lat="46.9103051" lon="7.460936">
        <ele>736</ele>
        <time>2026-09-10T11:20:22.713Z</time>
      </trkpt>
      <trkpt lat="46.9103127" lon="7.4609184">
        <ele>736.2</ele>
        <time>2026-09-10T11:20:22.713Z</time>
      </trkpt>
      <trkpt lat="46.9103197" lon="7.4609011">
        <ele>736.4000000000001</ele>
        <time>2026-09-10T11:20:22.713Z</time>
      </trkpt>
      <trkpt lat="46.9103241" lon="7.4608818">
        <ele>736.4000000000001</ele>
        <time>2026-09-10T11:20:22.713Z</time>
      </trkpt>
      <trkpt lat="46.9103314" lon="7.4608639">
        <ele>736.5999999999999</ele>
        <time>2026-09-10T11:20:22.713Z</time>
      </trkpt>
      <trkpt lat="46.9103391" lon="7.4608475">
        <ele>736.8</ele>
        <time>2026-09-10T11:20:22.713Z</time>
      </trkpt>
      <trkpt lat="46.9103429" lon="7.4608295">
        <ele>737</ele>
        <time>2026-09-10T11:20:22.713Z</time>
      </trkpt>
      <trkpt lat="46.9103469" lon="7.4608106">
        <ele>737.2</ele>
        <time>2026-09-10T11:20:22.713Z</time>
      </trkpt>
      <trkpt lat="46.9103506" lon="7.4607894">
        <ele>737.2</ele>
        <time>2026-09-10T11:20:22.713Z</time>
      </trkpt>
      <trkpt lat="46.9103584" lon="7.4607702">
        <ele>737.4000000000001</ele>
        <time>2026-09-10T11:20:22.713Z</time>
      </trkpt>
      <trkpt lat="46.910362" lon="7.4607511">
        <ele>737.5999999999999</ele>
        <time>2026-09-10T11:20:22.713Z</time>
      </trkpt>
      <trkpt lat="46.9103696" lon="7.460734">
        <ele>737.8</ele>
        <time>2026-09-10T11:20:22.713Z</time>
      </trkpt>
      <trkpt lat="46.9103771" lon="7.4607157">
        <ele>738</ele>
        <time>2026-09-10T11:20:22.713Z</time>
      </trkpt>
      <trkpt lat="46.9103849" lon="7.4606954">
        <ele>738</ele>
        <time>2026-09-10T11:20:22.713Z</time>
      </trkpt>
      <trkpt lat="46.9103851" lon="7.4606754">
        <ele>738.2</ele>
        <time>2026-09-10T11:20:22.713Z</time>
      </trkpt>
      <trkpt lat="46.9103925" lon="7.4606559">
        <ele>738.4000000000001</ele>
        <time>2026-09-10T11:20:22.713Z</time>
      </trkpt>
      <trkpt lat="46.9104001" lon="7.4606374">
        <ele>738.4000000000001</ele>
        <time>2026-09-10T11:20:22.713Z</time>
      </trkpt>
      <trkpt lat="46.9104073" lon="7.4606184">
        <ele>738.5999999999999</ele>
        <time>2026-09-10T11:20:22.713Z</time>
      </trkpt>
      <trkpt lat="46.9104152" lon="7.4605977">
        <ele>738.8</ele>
        <time>2026-09-10T11:20:22.713Z</time>
      </trkpt>
      <trkpt lat="46.9104231" lon="7.4605803">
        <ele>739</ele>
        <time>2026-09-10T11:20:22.713Z</time>
      </trkpt>
      <trkpt lat="46.9104339" lon="7.4605631">
        <ele>739</ele>
        <time>2026-09-10T11:20:22.713Z</time>
      </trkpt>
      <trkpt lat="46.9104421" lon="7.4605457">
        <ele>739.2</ele>
        <time>2026-09-10T11:20:22.713Z</time>
      </trkpt>
      <trkpt lat="46.9104535" lon="7.460527">
        <ele>739.2</ele>
        <time>2026-09-10T11:20:22.713Z</time>
      </trkpt>
      <trkpt lat="46.910465" lon="7.4605102">
        <ele>739.4000000000001</ele>
        <time>2026-09-10T11:20:22.713Z</time>
      </trkpt>
      <trkpt lat="46.9104761" lon="7.4604943">
        <ele>739.4000000000001</ele>
        <time>2026-09-10T11:20:22.713Z</time>
      </trkpt>
      <trkpt lat="46.910488" lon="7.460477">
        <ele>739.5999999999999</ele>
        <time>2026-09-10T11:20:22.713Z</time>
      </trkpt>
      <trkpt lat="46.9104953" lon="7.4604593">
        <ele>739.8</ele>
        <time>2026-09-10T11:20:22.713Z</time>
      </trkpt>
      <trkpt lat="46.9105071" lon="7.4604417">
        <ele>739.8</ele>
        <time>2026-09-10T11:20:22.713Z</time>
      </trkpt>
      <trkpt lat="46.9105182" lon="7.4604256">
        <ele>740</ele>
        <time>2026-09-10T11:20:22.713Z</time>
      </trkpt>
      <trkpt lat="46.9105295" lon="7.4604109">
        <ele>740.2</ele>
        <time>2026-09-10T11:20:22.713Z</time>
      </trkpt>
      <trkpt lat="46.9105406" lon="7.4603962">
        <ele>740.2</ele>
        <time>2026-09-10T11:20:22.713Z</time>
      </trkpt>
      <trkpt lat="46.9105565" lon="7.4603785">
        <ele>740.4000000000001</ele>
        <time>2026-09-10T11:20:22.713Z</time>
      </trkpt>
      <trkpt lat="46.9105665" lon="7.4603669">
        <ele>740.5999999999999</ele>
        <time>2026-09-10T11:20:22.713Z</time>
      </trkpt>
      <trkpt lat="46.91058" lon="7.4603539">
        <ele>740.5999999999999</ele>
        <time>2026-09-10T11:20:22.713Z</time>
      </trkpt>
      <trkpt lat="46.9105944" lon="7.4603406">
        <ele>740.8</ele>
        <time>2026-09-10T11:20:22.713Z</time>
      </trkpt>
      <trkpt lat="46.9106096" lon="7.4603254">
        <ele>740.8</ele>
        <time>2026-09-10T11:20:22.713Z</time>
      </trkpt>
      <trkpt lat="46.9106209" lon="7.4603141">
        <ele>741</ele>
        <time>2026-09-10T11:20:22.713Z</time>
      </trkpt>
      <trkpt lat="46.9106364" lon="7.4602991">
        <ele>741.2</ele>
        <time>2026-09-10T11:20:22.713Z</time>
      </trkpt>
      <trkpt lat="46.9106476" lon="7.4602874">
        <ele>741.4000000000001</ele>
        <time>2026-09-10T11:20:22.713Z</time>
      </trkpt>
      <trkpt lat="46.9106632" lon="7.4602736">
        <ele>741.5999999999999</ele>
        <time>2026-09-10T11:20:22.713Z</time>
      </trkpt>
      <trkpt lat="46.9106742" lon="7.4602609">
        <ele>741.5999999999999</ele>
        <time>2026-09-10T11:20:22.713Z</time>
      </trkpt>
      <trkpt lat="46.9106895" lon="7.4602472">
        <ele>741.8</ele>
        <time>2026-09-10T11:20:22.713Z</time>
      </trkpt>
      <trkpt lat="46.910704" lon="7.4602376">
        <ele>742</ele>
        <time>2026-09-10T11:20:22.713Z</time>
      </trkpt>
      <trkpt lat="46.9107205" lon="7.4602221">
        <ele>742.2</ele>
        <time>2026-09-10T11:20:22.713Z</time>
      </trkpt>
      <trkpt lat="46.9107348" lon="7.4602078">
        <ele>742.2</ele>
        <time>2026-09-10T11:20:22.714Z</time>
      </trkpt>
      <trkpt lat="46.9107512" lon="7.4601919">
        <ele>742.4000000000001</ele>
        <time>2026-09-10T11:20:22.714Z</time>
      </trkpt>
      <trkpt lat="46.9107656" lon="7.4601776">
        <ele>742.4000000000001</ele>
        <time>2026-09-10T11:20:22.714Z</time>
      </trkpt>
      <trkpt lat="46.9107775" lon="7.4601607">
        <ele>742.5999999999999</ele>
        <time>2026-09-10T11:20:22.714Z</time>
      </trkpt>
      <trkpt lat="46.9107925" lon="7.4601475">
        <ele>742.8</ele>
        <time>2026-09-10T11:20:22.714Z</time>
      </trkpt>
      <trkpt lat="46.910808" lon="7.4601341">
        <ele>742.8</ele>
        <time>2026-09-10T11:20:22.714Z</time>
      </trkpt>
      <trkpt lat="46.9108185" lon="7.4601219">
        <ele>743</ele>
        <time>2026-09-10T11:20:22.714Z</time>
      </trkpt>
      <trkpt lat="46.9108356" lon="7.4601087">
        <ele>743.2</ele>
        <time>2026-09-10T11:20:22.714Z</time>
      </trkpt>
      <trkpt lat="46.9108537" lon="7.4600954">
        <ele>743.4000000000001</ele>
        <time>2026-09-10T11:20:22.714Z</time>
      </trkpt>
      <trkpt lat="46.9108689" lon="7.4600808">
        <ele>743.5999999999999</ele>
        <time>2026-09-10T11:20:22.714Z</time>
      </trkpt>
      <trkpt lat="46.9108805" lon="7.4600642">
        <ele>743.8</ele>
        <time>2026-09-10T11:20:22.714Z</time>
      </trkpt>
      <trkpt lat="46.9108958" lon="7.4600473">
        <ele>743.8</ele>
        <time>2026-09-10T11:20:22.714Z</time>
      </trkpt>
      <trkpt lat="46.91091" lon="7.4600331">
        <ele>743.8</ele>
        <time>2026-09-10T11:20:22.714Z</time>
      </trkpt>
      <trkpt lat="46.9109265" lon="7.4600152">
        <ele>744</ele>
        <time>2026-09-10T11:20:22.714Z</time>
      </trkpt>
      <trkpt lat="46.9109377" lon="7.4599989">
        <ele>744.2</ele>
        <time>2026-09-10T11:20:22.714Z</time>
      </trkpt>
      <trkpt lat="46.9109493" lon="7.4599788">
        <ele>744.2</ele>
        <time>2026-09-10T11:20:22.714Z</time>
      </trkpt>
      <trkpt lat="46.9109635" lon="7.4599616">
        <ele>744.4000000000001</ele>
        <time>2026-09-10T11:20:22.714Z</time>
      </trkpt>
      <trkpt lat="46.9109797" lon="7.4599438">
        <ele>744.5999999999999</ele>
        <time>2026-09-10T11:20:22.714Z</time>
      </trkpt>
      <trkpt lat="46.9109908" lon="7.4599279">
        <ele>744.5999999999999</ele>
        <time>2026-09-10T11:20:22.714Z</time>
      </trkpt>
      <trkpt lat="46.9110064" lon="7.4599104">
        <ele>744.8</ele>
        <time>2026-09-10T11:20:22.714Z</time>
      </trkpt>
      <trkpt lat="46.9110178" lon="7.4598926">
        <ele>744.8</ele>
        <time>2026-09-10T11:20:22.714Z</time>
      </trkpt>
      <trkpt lat="46.9110328" lon="7.4598742">
        <ele>744.8</ele>
        <time>2026-09-10T11:20:22.714Z</time>
      </trkpt>
      <trkpt lat="46.9110444" lon="7.4598575">
        <ele>745</ele>
        <time>2026-09-10T11:20:22.714Z</time>
      </trkpt>
      <trkpt lat="46.91106" lon="7.4598388">
        <ele>745</ele>
        <time>2026-09-10T11:20:22.714Z</time>
      </trkpt>
      <trkpt lat="46.9110706" lon="7.4598205">
        <ele>745</ele>
        <time>2026-09-10T11:20:22.714Z</time>
      </trkpt>
      <trkpt lat="46.9110855" lon="7.4598004">
        <ele>745.2</ele>
        <time>2026-09-10T11:20:22.714Z</time>
      </trkpt>
      <trkpt lat="46.9111011" lon="7.4597799">
        <ele>745.2</ele>
        <time>2026-09-10T11:20:22.714Z</time>
      </trkpt>
      <trkpt lat="46.9111168" lon="7.4597562">
        <ele>745.2</ele>
        <time>2026-09-10T11:20:22.714Z</time>
      </trkpt>
      <trkpt lat="46.9111321" lon="7.4597327">
        <ele>745</ele>
        <time>2026-09-10T11:20:22.714Z</time>
      </trkpt>
      <trkpt lat="46.9111478" lon="7.4597072">
        <ele>745</ele>
        <time>2026-09-10T11:20:22.714Z</time>
      </trkpt>
      <trkpt lat="46.911162" lon="7.4596837">
        <ele>745</ele>
        <time>2026-09-10T11:20:22.714Z</time>
      </trkpt>
      <trkpt lat="46.911186" lon="7.459657">
        <ele>745</ele>
        <time>2026-09-10T11:20:22.714Z</time>
      </trkpt>
      <trkpt lat="46.9112008" lon="7.4596294">
        <ele>745</ele>
        <time>2026-09-10T11:20:22.714Z</time>
      </trkpt>
      <trkpt lat="46.9112229" lon="7.4596049">
        <ele>744.8</ele>
        <time>2026-09-10T11:20:22.714Z</time>
      </trkpt>
      <trkpt lat="46.9112425" lon="7.4595812">
        <ele>744.8</ele>
        <time>2026-09-10T11:20:22.714Z</time>
      </trkpt>
      <trkpt lat="46.9112658" lon="7.4595557">
        <ele>744.8</ele>
        <time>2026-09-10T11:20:22.714Z</time>
      </trkpt>
      <trkpt lat="46.9112839" lon="7.4595319">
        <ele>744.8</ele>
        <time>2026-09-10T11:20:22.714Z</time>
      </trkpt>
      <trkpt lat="46.911304" lon="7.4595057">
        <ele>744.8</ele>
        <time>2026-09-10T11:20:22.714Z</time>
      </trkpt>
      <trkpt lat="46.9113265" lon="7.4594826">
        <ele>745.2</ele>
        <time>2026-09-10T11:20:22.714Z</time>
      </trkpt>
      <trkpt lat="46.9113495" lon="7.4594559">
        <ele>745.2</ele>
        <time>2026-09-10T11:20:22.714Z</time>
      </trkpt>
      <trkpt lat="46.9113719" lon="7.4594284">
        <ele>745</ele>
        <time>2026-09-10T11:20:22.714Z</time>
      </trkpt>
      <trkpt lat="46.9113985" lon="7.4593997">
        <ele>744.8</ele>
        <time>2026-09-10T11:20:22.714Z</time>
      </trkpt>
      <trkpt lat="46.9114227" lon="7.4593697">
        <ele>744.5999999999999</ele>
        <time>2026-09-10T11:20:22.714Z</time>
      </trkpt>
      <trkpt lat="46.9114519" lon="7.4593324">
        <ele>744.4000000000001</ele>
        <time>2026-09-10T11:20:22.714Z</time>
      </trkpt>
      <trkpt lat="46.911482" lon="7.4592938">
        <ele>744.2</ele>
        <time>2026-09-10T11:20:22.714Z</time>
      </trkpt>
      <trkpt lat="46.9115149" lon="7.4592586">
        <ele>744</ele>
        <time>2026-09-10T11:20:22.714Z</time>
      </trkpt>
      <trkpt lat="46.9115453" lon="7.4592194">
        <ele>743.8</ele>
        <time>2026-09-10T11:20:22.714Z</time>
      </trkpt>
      <trkpt lat="46.9115819" lon="7.4591712">
        <ele>743.5999999999999</ele>
        <time>2026-09-10T11:20:22.714Z</time>
      </trkpt>
      <trkpt lat="46.9116108" lon="7.4591272">
        <ele>743.5999999999999</ele>
        <time>2026-09-10T11:20:22.714Z</time>
      </trkpt>
      <trkpt lat="46.9116424" lon="7.4590794">
        <ele>743.4000000000001</ele>
        <time>2026-09-10T11:20:22.714Z</time>
      </trkpt>
      <trkpt lat="46.9116734" lon="7.4590318">
        <ele>743.2</ele>
        <time>2026-09-10T11:20:22.714Z</time>
      </trkpt>
      <trkpt lat="46.911704" lon="7.4589863">
        <ele>743</ele>
        <time>2026-09-10T11:20:22.714Z</time>
      </trkpt>
      <trkpt lat="46.9117305" lon="7.4589467">
        <ele>743</ele>
        <time>2026-09-10T11:20:22.714Z</time>
      </trkpt>
      <trkpt lat="46.9117578" lon="7.4589062">
        <ele>742.8</ele>
        <time>2026-09-10T11:20:22.714Z</time>
      </trkpt>
      <trkpt lat="46.9117829" lon="7.4588728">
        <ele>742.8</ele>
        <time>2026-09-10T11:20:22.714Z</time>
      </trkpt>
      <trkpt lat="46.9118076" lon="7.4588405">
        <ele>742.8</ele>
        <time>2026-09-10T11:20:22.714Z</time>
      </trkpt>
      <trkpt lat="46.9118299" lon="7.4588162">
        <ele>742.8</ele>
        <time>2026-09-10T11:20:22.714Z</time>
      </trkpt>
      <trkpt lat="46.9118489" lon="7.4587867">
        <ele>742.8</ele>
        <time>2026-09-10T11:20:22.714Z</time>
      </trkpt>
      <trkpt lat="46.9118714" lon="7.4587552">
        <ele>742.8</ele>
        <time>2026-09-10T11:20:22.714Z</time>
      </trkpt>
      <trkpt lat="46.9118953" lon="7.4587223">
        <ele>742.8</ele>
        <time>2026-09-10T11:20:22.714Z</time>
      </trkpt>
      <trkpt lat="46.9119124" lon="7.4586941">
        <ele>742.8</ele>
        <time>2026-09-10T11:20:22.714Z</time>
      </trkpt>
      <trkpt lat="46.9119337" lon="7.4586593">
        <ele>743</ele>
        <time>2026-09-10T11:20:22.714Z</time>
      </trkpt>
      <trkpt lat="46.9119556" lon="7.4586235">
        <ele>743</ele>
        <time>2026-09-10T11:20:22.714Z</time>
      </trkpt>
      <trkpt lat="46.9119714" lon="7.4585914">
        <ele>743.2</ele>
        <time>2026-09-10T11:20:22.714Z</time>
      </trkpt>
      <trkpt lat="46.9119897" lon="7.4585592">
        <ele>743.2</ele>
        <time>2026-09-10T11:20:22.714Z</time>
      </trkpt>
      <trkpt lat="46.91201" lon="7.4585236">
        <ele>743.4000000000001</ele>
        <time>2026-09-10T11:20:22.714Z</time>
      </trkpt>
      <trkpt lat="46.9120243" lon="7.4584925">
        <ele>743.4000000000001</ele>
        <time>2026-09-10T11:20:22.714Z</time>
      </trkpt>
      <trkpt lat="46.9120404" lon="7.4584572">
        <ele>743.5999999999999</ele>
        <time>2026-09-10T11:20:22.714Z</time>
      </trkpt>
      <trkpt lat="46.9120589" lon="7.4584265">
        <ele>743.8</ele>
        <time>2026-09-10T11:20:22.715Z</time>
      </trkpt>
      <trkpt lat="46.9120778" lon="7.4583935">
        <ele>743.8</ele>
        <time>2026-09-10T11:20:22.715Z</time>
      </trkpt>
      <trkpt lat="46.9120969" lon="7.4583619">
        <ele>744</ele>
        <time>2026-09-10T11:20:22.715Z</time>
      </trkpt>
      <trkpt lat="46.9121129" lon="7.4583288">
        <ele>744</ele>
        <time>2026-09-10T11:20:22.715Z</time>
      </trkpt>
      <trkpt lat="46.9121309" lon="7.4583021">
        <ele>744.2</ele>
        <time>2026-09-10T11:20:22.715Z</time>
      </trkpt>
      <trkpt lat="46.9121511" lon="7.4582705">
        <ele>744.2</ele>
        <time>2026-09-10T11:20:22.715Z</time>
      </trkpt>
      <trkpt lat="46.9121661" lon="7.4582425">
        <ele>744.4000000000001</ele>
        <time>2026-09-10T11:20:22.715Z</time>
      </trkpt>
      <trkpt lat="46.9121848" lon="7.4582164">
        <ele>744.5999999999999</ele>
        <time>2026-09-10T11:20:22.715Z</time>
      </trkpt>
      <trkpt lat="46.9122" lon="7.4581915">
        <ele>744.5999999999999</ele>
        <time>2026-09-10T11:20:22.715Z</time>
      </trkpt>
      <trkpt lat="46.912216" lon="7.4581654">
        <ele>744.8</ele>
        <time>2026-09-10T11:20:22.715Z</time>
      </trkpt>
      <trkpt lat="46.9122299" lon="7.4581425">
        <ele>744.8</ele>
        <time>2026-09-10T11:20:22.715Z</time>
      </trkpt>
      <trkpt lat="46.9122461" lon="7.4581161">
        <ele>745</ele>
        <time>2026-09-10T11:20:22.715Z</time>
      </trkpt>
      <trkpt lat="46.9122615" lon="7.4580906">
        <ele>745.2</ele>
        <time>2026-09-10T11:20:22.715Z</time>
      </trkpt>
      <trkpt lat="46.9122765" lon="7.4580662">
        <ele>745.2</ele>
        <time>2026-09-10T11:20:22.715Z</time>
      </trkpt>
      <trkpt lat="46.9122918" lon="7.4580413">
        <ele>745.4000000000001</ele>
        <time>2026-09-10T11:20:22.715Z</time>
      </trkpt>
      <trkpt lat="46.9123036" lon="7.4580156">
        <ele>745.4000000000001</ele>
        <time>2026-09-10T11:20:22.715Z</time>
      </trkpt>
      <trkpt lat="46.9123181" lon="7.4579932">
        <ele>745.5999999999999</ele>
        <time>2026-09-10T11:20:22.715Z</time>
      </trkpt>
      <trkpt lat="46.9123342" lon="7.4579704">
        <ele>745.8</ele>
        <time>2026-09-10T11:20:22.715Z</time>
      </trkpt>
      <trkpt lat="46.9123452" lon="7.4579495">
        <ele>746</ele>
        <time>2026-09-10T11:20:22.715Z</time>
      </trkpt>
      <trkpt lat="46.9123568" lon="7.4579278">
        <ele>746</ele>
        <time>2026-09-10T11:20:22.715Z</time>
      </trkpt>
      <trkpt lat="46.9123678" lon="7.4579067">
        <ele>746.2</ele>
        <time>2026-09-10T11:20:22.715Z</time>
      </trkpt>
      <trkpt lat="46.9123802" lon="7.4578849">
        <ele>746.4000000000001</ele>
        <time>2026-09-10T11:20:22.715Z</time>
      </trkpt>
      <trkpt lat="46.9123908" lon="7.4578667">
        <ele>746.5999999999999</ele>
        <time>2026-09-10T11:20:22.715Z</time>
      </trkpt>
      <trkpt lat="46.9124028" lon="7.4578439">
        <ele>746.5999999999999</ele>
        <time>2026-09-10T11:20:22.715Z</time>
      </trkpt>
      <trkpt lat="46.9124141" lon="7.4578227">
        <ele>747</ele>
        <time>2026-09-10T11:20:22.715Z</time>
      </trkpt>
      <trkpt lat="46.9124254" lon="7.4578028">
        <ele>747.2</ele>
        <time>2026-09-10T11:20:22.715Z</time>
      </trkpt>
      <trkpt lat="46.9124368" lon="7.4577829">
        <ele>747.4000000000001</ele>
        <time>2026-09-10T11:20:22.715Z</time>
      </trkpt>
      <trkpt lat="46.912445" lon="7.4577602">
        <ele>747.5999999999999</ele>
        <time>2026-09-10T11:20:22.715Z</time>
      </trkpt>
      <trkpt lat="46.9124553" lon="7.4577406">
        <ele>747.8</ele>
        <time>2026-09-10T11:20:22.715Z</time>
      </trkpt>
      <trkpt lat="46.9124652" lon="7.4577186">
        <ele>748</ele>
        <time>2026-09-10T11:20:22.715Z</time>
      </trkpt>
      <trkpt lat="46.912475" lon="7.4576963">
        <ele>748.2</ele>
        <time>2026-09-10T11:20:22.715Z</time>
      </trkpt>
      <trkpt lat="46.9124867" lon="7.4576756">
        <ele>748.4000000000001</ele>
        <time>2026-09-10T11:20:22.715Z</time>
      </trkpt>
      <trkpt lat="46.912498" lon="7.4576558">
        <ele>748.5999999999999</ele>
        <time>2026-09-10T11:20:22.715Z</time>
      </trkpt>
      <trkpt lat="46.9125099" lon="7.457635">
        <ele>748.5999999999999</ele>
        <time>2026-09-10T11:20:22.715Z</time>
      </trkpt>
      <trkpt lat="46.9125169" lon="7.4576167">
        <ele>748.8</ele>
        <time>2026-09-10T11:20:22.715Z</time>
      </trkpt>
      <trkpt lat="46.9125288" lon="7.4575952">
        <ele>749</ele>
        <time>2026-09-10T11:20:22.715Z</time>
      </trkpt>
      <trkpt lat="46.9125363" lon="7.4575756">
        <ele>749.2</ele>
        <time>2026-09-10T11:20:22.715Z</time>
      </trkpt>
      <trkpt lat="46.912549" lon="7.4575613">
        <ele>749.4000000000001</ele>
        <time>2026-09-10T11:20:22.715Z</time>
      </trkpt>
      <trkpt lat="46.9125626" lon="7.457538">
        <ele>749.5999999999999</ele>
        <time>2026-09-10T11:20:22.715Z</time>
      </trkpt>
      <trkpt lat="46.9125745" lon="7.4575154">
        <ele>749.8</ele>
        <time>2026-09-10T11:20:22.715Z</time>
      </trkpt>
      <trkpt lat="46.9125853" lon="7.4574949">
        <ele>749.8</ele>
        <time>2026-09-10T11:20:22.715Z</time>
      </trkpt>
      <trkpt lat="46.9126009" lon="7.4574725">
        <ele>750</ele>
        <time>2026-09-10T11:20:22.715Z</time>
      </trkpt>
      <trkpt lat="46.9126123" lon="7.457453">
        <ele>750</ele>
        <time>2026-09-10T11:20:22.715Z</time>
      </trkpt>
      <trkpt lat="46.9126237" lon="7.457433">
        <ele>750.2</ele>
        <time>2026-09-10T11:20:22.715Z</time>
      </trkpt>
      <trkpt lat="46.9126385" lon="7.4574115">
        <ele>750.2</ele>
        <time>2026-09-10T11:20:22.715Z</time>
      </trkpt>
      <trkpt lat="46.9126503" lon="7.4573898">
        <ele>750.4000000000001</ele>
        <time>2026-09-10T11:20:22.715Z</time>
      </trkpt>
      <trkpt lat="46.9126642" lon="7.4573683">
        <ele>750.4000000000001</ele>
        <time>2026-09-10T11:20:22.715Z</time>
      </trkpt>
      <trkpt lat="46.9126796" lon="7.4573455">
        <ele>750.5999999999999</ele>
        <time>2026-09-10T11:20:22.715Z</time>
      </trkpt>
      <trkpt lat="46.9126954" lon="7.4573223">
        <ele>750.5999999999999</ele>
        <time>2026-09-10T11:20:22.715Z</time>
      </trkpt>
      <trkpt lat="46.9127076" lon="7.4572965">
        <ele>750.5999999999999</ele>
        <time>2026-09-10T11:20:22.715Z</time>
      </trkpt>
      <trkpt lat="46.9127226" lon="7.4572716">
        <ele>750.5999999999999</ele>
        <time>2026-09-10T11:20:22.715Z</time>
      </trkpt>
      <trkpt lat="46.9127385" lon="7.4572454">
        <ele>750.8</ele>
        <time>2026-09-10T11:20:22.715Z</time>
      </trkpt>
      <trkpt lat="46.9127493" lon="7.4572221">
        <ele>750.8</ele>
        <time>2026-09-10T11:20:22.715Z</time>
      </trkpt>
      <trkpt lat="46.9127651" lon="7.4571974">
        <ele>751</ele>
        <time>2026-09-10T11:20:22.715Z</time>
      </trkpt>
      <trkpt lat="46.9127801" lon="7.4571743">
        <ele>751</ele>
        <time>2026-09-10T11:20:22.715Z</time>
      </trkpt>
      <trkpt lat="46.9127994" lon="7.4571505">
        <ele>751.2</ele>
        <time>2026-09-10T11:20:22.715Z</time>
      </trkpt>
      <trkpt lat="46.9128144" lon="7.4571277">
        <ele>751.4000000000001</ele>
        <time>2026-09-10T11:20:22.715Z</time>
      </trkpt>
      <trkpt lat="46.9128299" lon="7.4571039">
        <ele>751.4000000000001</ele>
        <time>2026-09-10T11:20:22.715Z</time>
      </trkpt>
      <trkpt lat="46.912848" lon="7.4570817">
        <ele>751.4000000000001</ele>
        <time>2026-09-10T11:20:22.715Z</time>
      </trkpt>
      <trkpt lat="46.9128677" lon="7.4570594">
        <ele>751.5999999999999</ele>
        <time>2026-09-10T11:20:22.715Z</time>
      </trkpt>
      <trkpt lat="46.9128832" lon="7.457034">
        <ele>751.8</ele>
        <time>2026-09-10T11:20:22.716Z</time>
      </trkpt>
      <trkpt lat="46.9129018" lon="7.457011">
        <ele>751.8</ele>
        <time>2026-09-10T11:20:22.716Z</time>
      </trkpt>
      <trkpt lat="46.9129208" lon="7.4569896">
        <ele>751.8</ele>
        <time>2026-09-10T11:20:22.716Z</time>
      </trkpt>
      <trkpt lat="46.9129445" lon="7.4569671">
        <ele>752</ele>
        <time>2026-09-10T11:20:22.716Z</time>
      </trkpt>
      <trkpt lat="46.9129611" lon="7.4569482">
        <ele>752.2</ele>
        <time>2026-09-10T11:20:22.716Z</time>
      </trkpt>
      <trkpt lat="46.9129858" lon="7.4569257">
        <ele>752.4000000000001</ele>
        <time>2026-09-10T11:20:22.716Z</time>
      </trkpt>
      <trkpt lat="46.9130123" lon="7.4569026">
        <ele>752.4000000000001</ele>
        <time>2026-09-10T11:20:22.716Z</time>
      </trkpt>
      <trkpt lat="46.9130319" lon="7.4568789">
        <ele>752.4000000000001</ele>
        <time>2026-09-10T11:20:22.716Z</time>
      </trkpt>
      <trkpt lat="46.9130533" lon="7.4568587">
        <ele>752.4000000000001</ele>
        <time>2026-09-10T11:20:22.716Z</time>
      </trkpt>
      <trkpt lat="46.9130812" lon="7.4568355">
        <ele>752.5999999999999</ele>
        <time>2026-09-10T11:20:22.716Z</time>
      </trkpt>
      <trkpt lat="46.9131036" lon="7.4568146">
        <ele>752.5999999999999</ele>
        <time>2026-09-10T11:20:22.716Z</time>
      </trkpt>
      <trkpt lat="46.9131277" lon="7.4567921">
        <ele>752.5999999999999</ele>
        <time>2026-09-10T11:20:22.716Z</time>
      </trkpt>
      <trkpt lat="46.9131496" lon="7.4567728">
        <ele>752.5999999999999</ele>
        <time>2026-09-10T11:20:22.716Z</time>
      </trkpt>
      <trkpt lat="46.913173" lon="7.4567506">
        <ele>752.5999999999999</ele>
        <time>2026-09-10T11:20:22.716Z</time>
      </trkpt>
      <trkpt lat="46.9131946" lon="7.4567302">
        <ele>752.5999999999999</ele>
        <time>2026-09-10T11:20:22.716Z</time>
      </trkpt>
      <trkpt lat="46.9132147" lon="7.4567075">
        <ele>752.8</ele>
        <time>2026-09-10T11:20:22.716Z</time>
      </trkpt>
      <trkpt lat="46.9132327" lon="7.4566873">
        <ele>752.8</ele>
        <time>2026-09-10T11:20:22.716Z</time>
      </trkpt>
      <trkpt lat="46.9132572" lon="7.4566636">
        <ele>753</ele>
        <time>2026-09-10T11:20:22.716Z</time>
      </trkpt>
      <trkpt lat="46.9132753" lon="7.4566446">
        <ele>753</ele>
        <time>2026-09-10T11:20:22.716Z</time>
      </trkpt>
      <trkpt lat="46.9132947" lon="7.4566229">
        <ele>753</ele>
        <time>2026-09-10T11:20:22.716Z</time>
      </trkpt>
      <trkpt lat="46.9133101" lon="7.4566014">
        <ele>753.2</ele>
        <time>2026-09-10T11:20:22.716Z</time>
      </trkpt>
      <trkpt lat="46.9133297" lon="7.4565806">
        <ele>753.2</ele>
        <time>2026-09-10T11:20:22.717Z</time>
      </trkpt>
      <trkpt lat="46.9133436" lon="7.4565625">
        <ele>753.4000000000001</ele>
        <time>2026-09-10T11:20:22.717Z</time>
      </trkpt>
      <trkpt lat="46.9133627" lon="7.4565426">
        <ele>753.4000000000001</ele>
        <time>2026-09-10T11:20:22.717Z</time>
      </trkpt>
      <trkpt lat="46.9133826" lon="7.4565224">
        <ele>753.4000000000001</ele>
        <time>2026-09-10T11:20:22.717Z</time>
      </trkpt>
      <trkpt lat="46.9134057" lon="7.4565039">
        <ele>753.5999999999999</ele>
        <time>2026-09-10T11:20:22.717Z</time>
      </trkpt>
      <trkpt lat="46.9134283" lon="7.4564842">
        <ele>753.5999999999999</ele>
        <time>2026-09-10T11:20:22.717Z</time>
      </trkpt>
      <trkpt lat="46.9134517" lon="7.456467">
        <ele>753.5999999999999</ele>
        <time>2026-09-10T11:20:22.717Z</time>
      </trkpt>
      <trkpt lat="46.9134733" lon="7.4564482">
        <ele>753.4000000000001</ele>
        <time>2026-09-10T11:20:22.717Z</time>
      </trkpt>
      <trkpt lat="46.9135012" lon="7.4564256">
        <ele>753.4000000000001</ele>
        <time>2026-09-10T11:20:22.717Z</time>
      </trkpt>
      <trkpt lat="46.9135237" lon="7.4564041">
        <ele>753.4000000000001</ele>
        <time>2026-09-10T11:20:22.717Z</time>
      </trkpt>
      <trkpt lat="46.9135504" lon="7.4563871">
        <ele>753.2</ele>
        <time>2026-09-10T11:20:22.717Z</time>
      </trkpt>
      <trkpt lat="46.9135727" lon="7.4563697">
        <ele>753.2</ele>
        <time>2026-09-10T11:20:22.717Z</time>
      </trkpt>
      <trkpt lat="46.9135968" lon="7.4563534">
        <ele>753.2</ele>
        <time>2026-09-10T11:20:22.717Z</time>
      </trkpt>
      <trkpt lat="46.9136115" lon="7.4563375">
        <ele>753.4000000000001</ele>
        <time>2026-09-10T11:20:22.717Z</time>
      </trkpt>
      <trkpt lat="46.9136274" lon="7.456322">
        <ele>753.4000000000001</ele>
        <time>2026-09-10T11:20:22.717Z</time>
      </trkpt>
      <trkpt lat="46.9136388" lon="7.4563054">
        <ele>753.5999999999999</ele>
        <time>2026-09-10T11:20:22.717Z</time>
      </trkpt>
      <trkpt lat="46.9136538" lon="7.4562935">
        <ele>753.8</ele>
        <time>2026-09-10T11:20:22.717Z</time>
      </trkpt>
      <trkpt lat="46.9136686" lon="7.4562824">
        <ele>753.8</ele>
        <time>2026-09-10T11:20:22.717Z</time>
      </trkpt>
      <trkpt lat="46.9136844" lon="7.4562706">
        <ele>754</ele>
        <time>2026-09-10T11:20:22.717Z</time>
      </trkpt>
      <trkpt lat="46.9137052" lon="7.4562596">
        <ele>754</ele>
        <time>2026-09-10T11:20:22.717Z</time>
      </trkpt>
      <trkpt lat="46.9137287" lon="7.4562438">
        <ele>754</ele>
        <time>2026-09-10T11:20:22.717Z</time>
      </trkpt>
      <trkpt lat="46.9137527" lon="7.4562274">
        <ele>754</ele>
        <time>2026-09-10T11:20:22.717Z</time>
      </trkpt>
      <trkpt lat="46.9137786" lon="7.456208">
        <ele>753.8</ele>
        <time>2026-09-10T11:20:22.717Z</time>
      </trkpt>
      <trkpt lat="46.9138058" lon="7.4561858">
        <ele>753.8</ele>
        <time>2026-09-10T11:20:22.717Z</time>
      </trkpt>
      <trkpt lat="46.9138369" lon="7.4561671">
        <ele>753.8</ele>
        <time>2026-09-10T11:20:22.717Z</time>
      </trkpt>
      <trkpt lat="46.9138661" lon="7.4561542">
        <ele>753.8</ele>
        <time>2026-09-10T11:20:22.717Z</time>
      </trkpt>
      <trkpt lat="46.913897" lon="7.4561421">
        <ele>753.8</ele>
        <time>2026-09-10T11:20:22.717Z</time>
      </trkpt>
      <trkpt lat="46.9139236" lon="7.4561339">
        <ele>753.8</ele>
        <time>2026-09-10T11:20:22.717Z</time>
      </trkpt>
      <trkpt lat="46.9139541" lon="7.456127">
        <ele>753.8</ele>
        <time>2026-09-10T11:20:22.717Z</time>
      </trkpt>
      <trkpt lat="46.9139835" lon="7.4561218">
        <ele>753.8</ele>
        <time>2026-09-10T11:20:22.717Z</time>
      </trkpt>
      <trkpt lat="46.9140129" lon="7.4561167">
        <ele>753.8</ele>
        <time>2026-09-10T11:20:22.717Z</time>
      </trkpt>
      <trkpt lat="46.9140358" lon="7.456111">
        <ele>753.8</ele>
        <time>2026-09-10T11:20:22.717Z</time>
      </trkpt>
      <trkpt lat="46.9140587" lon="7.4561052">
        <ele>754</ele>
        <time>2026-09-10T11:20:22.717Z</time>
      </trkpt>
      <trkpt lat="46.9140808" lon="7.456102">
        <ele>754</ele>
        <time>2026-09-10T11:20:22.717Z</time>
      </trkpt>
      <trkpt lat="46.9140964" lon="7.4560987">
        <ele>754.2</ele>
        <time>2026-09-10T11:20:22.717Z</time>
      </trkpt>
      <trkpt lat="46.9141148" lon="7.4560936">
        <ele>754.2</ele>
        <time>2026-09-10T11:20:22.717Z</time>
      </trkpt>
      <trkpt lat="46.9141338" lon="7.4560871">
        <ele>754.4000000000001</ele>
        <time>2026-09-10T11:20:22.717Z</time>
      </trkpt>
      <trkpt lat="46.9141482" lon="7.4560837">
        <ele>754.5999999999999</ele>
        <time>2026-09-10T11:20:22.717Z</time>
      </trkpt>
      <trkpt lat="46.9141641" lon="7.4560796">
        <ele>754.8</ele>
        <time>2026-09-10T11:20:22.717Z</time>
      </trkpt>
      <trkpt lat="46.9141803" lon="7.4560754">
        <ele>755</ele>
        <time>2026-09-10T11:20:22.717Z</time>
      </trkpt>
      <trkpt lat="46.9141949" lon="7.456069">
        <ele>755.2</ele>
        <time>2026-09-10T11:20:22.717Z</time>
      </trkpt>
      <trkpt lat="46.9142103" lon="7.4560636">
        <ele>755.4000000000001</ele>
        <time>2026-09-10T11:20:22.717Z</time>
      </trkpt>
      <trkpt lat="46.9142261" lon="7.45606">
        <ele>755.5999999999999</ele>
        <time>2026-09-10T11:20:22.717Z</time>
      </trkpt>
      <trkpt lat="46.9142409" lon="7.4560586">
        <ele>756</ele>
        <time>2026-09-10T11:20:22.717Z</time>
      </trkpt>
      <trkpt lat="46.9142564" lon="7.4560544">
        <ele>756.2</ele>
        <time>2026-09-10T11:20:22.717Z</time>
      </trkpt>
      <trkpt lat="46.914272" lon="7.45605">
        <ele>756.4000000000001</ele>
        <time>2026-09-10T11:20:22.717Z</time>
      </trkpt>
      <trkpt lat="46.9142874" lon="7.4560499">
        <ele>756.5999999999999</ele>
        <time>2026-09-10T11:20:22.717Z</time>
      </trkpt>
      <trkpt lat="46.9143027" lon="7.4560449">
        <ele>756.8</ele>
        <time>2026-09-10T11:20:22.717Z</time>
      </trkpt>
      <trkpt lat="46.9143181" lon="7.4560399">
        <ele>757</ele>
        <time>2026-09-10T11:20:22.717Z</time>
      </trkpt>
      <trkpt lat="46.9143314" lon="7.4560376">
        <ele>757.2</ele>
        <time>2026-09-10T11:20:22.717Z</time>
      </trkpt>
      <trkpt lat="46.9143447" lon="7.4560351">
        <ele>757.4000000000001</ele>
        <time>2026-09-10T11:20:22.717Z</time>
      </trkpt>
      <trkpt lat="46.914358" lon="7.4560358">
        <ele>757.8</ele>
        <time>2026-09-10T11:20:22.717Z</time>
      </trkpt>
      <trkpt lat="46.9143712" lon="7.4560366">
        <ele>758</ele>
        <time>2026-09-10T11:20:22.717Z</time>
      </trkpt>
      <trkpt lat="46.9143865" lon="7.4560392">
        <ele>758.2</ele>
        <time>2026-09-10T11:20:22.717Z</time>
      </trkpt>
      <trkpt lat="46.914402" lon="7.4560418">
        <ele>758.4000000000001</ele>
        <time>2026-09-10T11:20:22.717Z</time>
      </trkpt>
      <trkpt lat="46.914417" lon="7.4560434">
        <ele>758.5999999999999</ele>
        <time>2026-09-10T11:20:22.717Z</time>
      </trkpt>
      <trkpt lat="46.9144319" lon="7.4560451">
        <ele>758.8</ele>
        <time>2026-09-10T11:20:22.717Z</time>
      </trkpt>
      <trkpt lat="46.9144455" lon="7.456041">
        <ele>759</ele>
        <time>2026-09-10T11:20:22.717Z</time>
      </trkpt>
      <trkpt lat="46.9144592" lon="7.4560366">
        <ele>759.2</ele>
        <time>2026-09-10T11:20:22.717Z</time>
      </trkpt>
      <trkpt lat="46.9144703" lon="7.4560398">
        <ele>759.4000000000001</ele>
        <time>2026-09-10T11:20:22.717Z</time>
      </trkpt>
      <trkpt lat="46.9144859" lon="7.4560465">
        <ele>759.5999999999999</ele>
        <time>2026-09-10T11:20:22.717Z</time>
      </trkpt>
      <trkpt lat="46.9144993" lon="7.4560526">
        <ele>759.8</ele>
        <time>2026-09-10T11:20:22.717Z</time>
      </trkpt>
      <trkpt lat="46.9145127" lon="7.4560585">
        <ele>760</ele>
        <time>2026-09-10T11:20:22.717Z</time>
      </trkpt>
      <trkpt lat="46.91452" lon="7.4560663">
        <ele>760</ele>
        <time>2026-09-10T11:20:22.717Z</time>
      </trkpt>
      <trkpt lat="46.9145313" lon="7.4560749">
        <ele>760.2</ele>
        <time>2026-09-10T11:20:22.717Z</time>
      </trkpt>
      <trkpt lat="46.9145426" lon="7.4560816">
        <ele>760.4000000000001</ele>
        <time>2026-09-10T11:20:22.718Z</time>
      </trkpt>
      <trkpt lat="46.9145541" lon="7.4560883">
        <ele>760.5999999999999</ele>
        <time>2026-09-10T11:20:22.718Z</time>
      </trkpt>
      <trkpt lat="46.9145639" lon="7.4560876">
        <ele>760.8</ele>
        <time>2026-09-10T11:20:22.718Z</time>
      </trkpt>
      <trkpt lat="46.9145736" lon="7.4560867">
        <ele>760.8</ele>
        <time>2026-09-10T11:20:22.718Z</time>
      </trkpt>
      <trkpt lat="46.914581" lon="7.4560802">
        <ele>761</ele>
        <time>2026-09-10T11:20:22.718Z</time>
      </trkpt>
      <trkpt lat="46.9145813" lon="7.456072">
        <ele>761</ele>
        <time>2026-09-10T11:20:22.718Z</time>
      </trkpt>
      <trkpt lat="46.9145776" lon="7.4560622">
        <ele>761.2</ele>
        <time>2026-09-10T11:20:22.718Z</time>
      </trkpt>
      <trkpt lat="46.9145622" lon="7.4560532">
        <ele>761.2</ele>
        <time>2026-09-10T11:20:22.718Z</time>
      </trkpt>
      <trkpt lat="46.9145398" lon="7.4560493">
        <ele>761</ele>
        <time>2026-09-10T11:20:22.718Z</time>
      </trkpt>
      <trkpt lat="46.9145174" lon="7.4560453">
        <ele>761</ele>
        <time>2026-09-10T11:20:22.718Z</time>
      </trkpt>
      <trkpt lat="46.9144913" lon="7.4560325">
        <ele>760.8</ele>
        <time>2026-09-10T11:20:22.718Z</time>
      </trkpt>
      <trkpt lat="46.9144559" lon="7.4559989">
        <ele>760.5999999999999</ele>
        <time>2026-09-10T11:20:22.718Z</time>
      </trkpt>
      <trkpt lat="46.9144227" lon="7.4559604">
        <ele>760.5999999999999</ele>
        <time>2026-09-10T11:20:22.718Z</time>
      </trkpt>
      <trkpt lat="46.9143868" lon="7.4559169">
        <ele>760.2</ele>
        <time>2026-09-10T11:20:22.718Z</time>
      </trkpt>
      <trkpt lat="46.9143506" lon="7.4558802">
        <ele>760</ele>
        <time>2026-09-10T11:20:22.718Z</time>
      </trkpt>
      <trkpt lat="46.9143105" lon="7.4558402">
        <ele>759.8</ele>
        <time>2026-09-10T11:20:22.718Z</time>
      </trkpt>
      <trkpt lat="46.91427" lon="7.4558112">
        <ele>759.5999999999999</ele>
        <time>2026-09-10T11:20:22.718Z</time>
      </trkpt>
      <trkpt lat="46.914223" lon="7.4557717">
        <ele>759.4000000000001</ele>
        <time>2026-09-10T11:20:22.718Z</time>
      </trkpt>
      <trkpt lat="46.9141821" lon="7.4557377">
        <ele>759.2</ele>
        <time>2026-09-10T11:20:22.718Z</time>
      </trkpt>
      <trkpt lat="46.9141427" lon="7.45571">
        <ele>759</ele>
        <time>2026-09-10T11:20:22.718Z</time>
      </trkpt>
      <trkpt lat="46.9141103" lon="7.455688">
        <ele>759</ele>
        <time>2026-09-10T11:20:22.718Z</time>
      </trkpt>
      <trkpt lat="46.9140784" lon="7.4556703">
        <ele>759</ele>
        <time>2026-09-10T11:20:22.718Z</time>
      </trkpt>
      <trkpt lat="46.9140486" lon="7.4556589">
        <ele>759</ele>
        <time>2026-09-10T11:20:22.718Z</time>
      </trkpt>
      <trkpt lat="46.9140213" lon="7.4556436">
        <ele>759</ele>
        <time>2026-09-10T11:20:22.718Z</time>
      </trkpt>
      <trkpt lat="46.9139985" lon="7.4556289">
        <ele>759.2</ele>
        <time>2026-09-10T11:20:22.718Z</time>
      </trkpt>
      <trkpt lat="46.9139751" lon="7.4556166">
        <ele>759.2</ele>
        <time>2026-09-10T11:20:22.718Z</time>
      </trkpt>
      <trkpt lat="46.91395" lon="7.455604">
        <ele>759.4000000000001</ele>
        <time>2026-09-10T11:20:22.718Z</time>
      </trkpt>
      <trkpt lat="46.9139253" lon="7.4555917">
        <ele>759.4000000000001</ele>
        <time>2026-09-10T11:20:22.718Z</time>
      </trkpt>
      <trkpt lat="46.9139068" lon="7.455582">
        <ele>759.5999999999999</ele>
        <time>2026-09-10T11:20:22.718Z</time>
      </trkpt>
      <trkpt lat="46.913885" lon="7.4555772">
        <ele>759.8</ele>
        <time>2026-09-10T11:20:22.718Z</time>
      </trkpt>
      <trkpt lat="46.9138653" lon="7.4555688">
        <ele>759.8</ele>
        <time>2026-09-10T11:20:22.718Z</time>
      </trkpt>
      <trkpt lat="46.9138457" lon="7.4555586">
        <ele>760</ele>
        <time>2026-09-10T11:20:22.718Z</time>
      </trkpt>
      <trkpt lat="46.9138275" lon="7.4555508">
        <ele>760.2</ele>
        <time>2026-09-10T11:20:22.718Z</time>
      </trkpt>
      <trkpt lat="46.9138084" lon="7.4555409">
        <ele>760.4000000000001</ele>
        <time>2026-09-10T11:20:22.718Z</time>
      </trkpt>
      <trkpt lat="46.9137926" lon="7.455529">
        <ele>760.4000000000001</ele>
        <time>2026-09-10T11:20:22.718Z</time>
      </trkpt>
      <trkpt lat="46.9137771" lon="7.4555174">
        <ele>760.5999999999999</ele>
        <time>2026-09-10T11:20:22.718Z</time>
      </trkpt>
      <trkpt lat="46.9137621" lon="7.4555074">
        <ele>760.8</ele>
        <time>2026-09-10T11:20:22.718Z</time>
      </trkpt>
      <trkpt lat="46.9137466" lon="7.4555004">
        <ele>761</ele>
        <time>2026-09-10T11:20:22.718Z</time>
      </trkpt>
      <trkpt lat="46.9137314" lon="7.455492">
        <ele>761.2</ele>
        <time>2026-09-10T11:20:22.718Z</time>
      </trkpt>
      <trkpt lat="46.9137193" lon="7.4554816">
        <ele>761.4000000000001</ele>
        <time>2026-09-10T11:20:22.718Z</time>
      </trkpt>
      <trkpt lat="46.9137042" lon="7.4554704">
        <ele>761.5999999999999</ele>
        <time>2026-09-10T11:20:22.718Z</time>
      </trkpt>
      <trkpt lat="46.9136928" lon="7.4554585">
        <ele>761.8</ele>
        <time>2026-09-10T11:20:22.718Z</time>
      </trkpt>
      <trkpt lat="46.9136781" lon="7.4554519">
        <ele>762</ele>
        <time>2026-09-10T11:20:22.718Z</time>
      </trkpt>
      <trkpt lat="46.9136627" lon="7.4554515">
        <ele>762.2</ele>
        <time>2026-09-10T11:20:22.718Z</time>
      </trkpt>
      <trkpt lat="46.9136482" lon="7.4554502">
        <ele>762.4000000000001</ele>
        <time>2026-09-10T11:20:22.718Z</time>
      </trkpt>
      <trkpt lat="46.9136343" lon="7.4554424">
        <ele>762.5999999999999</ele>
        <time>2026-09-10T11:20:22.718Z</time>
      </trkpt>
      <trkpt lat="46.9136205" lon="7.4554337">
        <ele>762.5999999999999</ele>
        <time>2026-09-10T11:20:22.718Z</time>
      </trkpt>
      <trkpt lat="46.9136052" lon="7.4554217">
        <ele>762.8</ele>
        <time>2026-09-10T11:20:22.718Z</time>
      </trkpt>
      <trkpt lat="46.9135941" lon="7.4554108">
        <ele>763</ele>
        <time>2026-09-10T11:20:22.718Z</time>
      </trkpt>
      <trkpt lat="46.9135785" lon="7.4554036">
        <ele>763.2</ele>
        <time>2026-09-10T11:20:22.718Z</time>
      </trkpt>
      <trkpt lat="46.9135638" lon="7.4553971">
        <ele>763.4000000000001</ele>
        <time>2026-09-10T11:20:22.718Z</time>
      </trkpt>
      <trkpt lat="46.9135514" lon="7.45539">
        <ele>763.5999999999999</ele>
        <time>2026-09-10T11:20:22.718Z</time>
      </trkpt>
      <trkpt lat="46.9135406" lon="7.4553838">
        <ele>763.8</ele>
        <time>2026-09-10T11:20:22.718Z</time>
      </trkpt>
      <trkpt lat="46.9135248" lon="7.4553753">
        <ele>764</ele>
        <time>2026-09-10T11:20:22.719Z</time>
      </trkpt>
      <trkpt lat="46.91351" lon="7.4553688">
        <ele>764.2</ele>
        <time>2026-09-10T11:20:22.719Z</time>
      </trkpt>
      <trkpt lat="46.9134979" lon="7.4553632">
        <ele>764.4000000000001</ele>
        <time>2026-09-10T11:20:22.719Z</time>
      </trkpt>
      <trkpt lat="46.9134833" lon="7.4553555">
        <ele>764.5999999999999</ele>
        <time>2026-09-10T11:20:22.719Z</time>
      </trkpt>
      <trkpt lat="46.9134675" lon="7.4553499">
        <ele>764.8</ele>
        <time>2026-09-10T11:20:22.719Z</time>
      </trkpt>
      <trkpt lat="46.9134565" lon="7.4553486">
        <ele>765</ele>
        <time>2026-09-10T11:20:22.719Z</time>
      </trkpt>
      <trkpt lat="46.9134412" lon="7.4553435">
        <ele>765.4000000000001</ele>
        <time>2026-09-10T11:20:22.719Z</time>
      </trkpt>
      <trkpt lat="46.9134261" lon="7.4553387">
        <ele>765.5999999999999</ele>
        <time>2026-09-10T11:20:22.719Z</time>
      </trkpt>
      <trkpt lat="46.9134143" lon="7.4553334">
        <ele>765.8</ele>
        <time>2026-09-10T11:20:22.719Z</time>
      </trkpt>
      <trkpt lat="46.9134037" lon="7.4553272">
        <ele>766</ele>
        <time>2026-09-10T11:20:22.719Z</time>
      </trkpt>
      <trkpt lat="46.9133879" lon="7.4553187">
        <ele>766.2</ele>
        <time>2026-09-10T11:20:22.719Z</time>
      </trkpt>
      <trkpt lat="46.9133766" lon="7.4553122">
        <ele>766.4000000000001</ele>
        <time>2026-09-10T11:20:22.719Z</time>
      </trkpt>
      <trkpt lat="46.9133613" lon="7.4553067">
        <ele>766.8</ele>
        <time>2026-09-10T11:20:22.719Z</time>
      </trkpt>
      <trkpt lat="46.9133497" lon="7.455302">
        <ele>767</ele>
        <time>2026-09-10T11:20:22.719Z</time>
      </trkpt>
      <trkpt lat="46.9133344" lon="7.4552967">
        <ele>767.2</ele>
        <time>2026-09-10T11:20:22.719Z</time>
      </trkpt>
      <trkpt lat="46.913323" lon="7.4552902">
        <ele>767.4000000000001</ele>
        <time>2026-09-10T11:20:22.719Z</time>
      </trkpt>
      <trkpt lat="46.9133074" lon="7.4552865">
        <ele>767.5999999999999</ele>
        <time>2026-09-10T11:20:22.719Z</time>
      </trkpt>
      <trkpt lat="46.9132962" lon="7.4552801">
        <ele>768</ele>
        <time>2026-09-10T11:20:22.719Z</time>
      </trkpt>
      <trkpt lat="46.9132847" lon="7.4552734">
        <ele>768.2</ele>
        <time>2026-09-10T11:20:22.719Z</time>
      </trkpt>
      <trkpt lat="46.9132703" lon="7.4552701">
        <ele>768.4000000000001</ele>
        <time>2026-09-10T11:20:22.719Z</time>
      </trkpt>
      <trkpt lat="46.9132583" lon="7.4552667">
        <ele>768.8</ele>
        <time>2026-09-10T11:20:22.719Z</time>
      </trkpt>
      <trkpt lat="46.9132472" lon="7.4552604">
        <ele>769</ele>
        <time>2026-09-10T11:20:22.719Z</time>
      </trkpt>
      <trkpt lat="46.913235" lon="7.4552565">
        <ele>769</ele>
        <time>2026-09-10T11:20:22.719Z</time>
      </trkpt>
      <trkpt lat="46.9132208" lon="7.4552565">
        <ele>769.4000000000001</ele>
        <time>2026-09-10T11:20:22.719Z</time>
      </trkpt>
      <trkpt lat="46.9132085" lon="7.4552519">
        <ele>769.5999999999999</ele>
        <time>2026-09-10T11:20:22.719Z</time>
      </trkpt>
      <trkpt lat="46.9131974" lon="7.4552468">
        <ele>769.8</ele>
        <time>2026-09-10T11:20:22.719Z</time>
      </trkpt>
      <trkpt lat="46.9131857" lon="7.4552388">
        <ele>770</ele>
        <time>2026-09-10T11:20:22.719Z</time>
      </trkpt>
      <trkpt lat="46.9131717" lon="7.4552354">
        <ele>770.2</ele>
        <time>2026-09-10T11:20:22.719Z</time>
      </trkpt>
      <trkpt lat="46.9131582" lon="7.4552329">
        <ele>770.4000000000001</ele>
        <time>2026-09-10T11:20:22.719Z</time>
      </trkpt>
      <trkpt lat="46.9131446" lon="7.4552305">
        <ele>770.5999999999999</ele>
        <time>2026-09-10T11:20:22.719Z</time>
      </trkpt>
      <trkpt lat="46.9131324" lon="7.4552253">
        <ele>770.8</ele>
        <time>2026-09-10T11:20:22.719Z</time>
      </trkpt>
      <trkpt lat="46.9131177" lon="7.4552219">
        <ele>771</ele>
        <time>2026-09-10T11:20:22.719Z</time>
      </trkpt>
      <trkpt lat="46.9131014" lon="7.4552217">
        <ele>771.2</ele>
        <time>2026-09-10T11:20:22.719Z</time>
      </trkpt>
      <trkpt lat="46.9130906" lon="7.4552203">
        <ele>771.4000000000001</ele>
        <time>2026-09-10T11:20:22.719Z</time>
      </trkpt>
      <trkpt lat="46.9130746" lon="7.4552183">
        <ele>771.4000000000001</ele>
        <time>2026-09-10T11:20:22.719Z</time>
      </trkpt>
      <trkpt lat="46.9130635" lon="7.4552137">
        <ele>771.5999999999999</ele>
        <time>2026-09-10T11:20:22.719Z</time>
      </trkpt>
      <trkpt lat="46.913052" lon="7.4552084">
        <ele>771.8</ele>
        <time>2026-09-10T11:20:22.719Z</time>
      </trkpt>
      <trkpt lat="46.9130375" lon="7.4552039">
        <ele>772</ele>
        <time>2026-09-10T11:20:22.719Z</time>
      </trkpt>
      <trkpt lat="46.9130251" lon="7.4552002">
        <ele>772.2</ele>
        <time>2026-09-10T11:20:22.719Z</time>
      </trkpt>
      <trkpt lat="46.9130111" lon="7.4551972">
        <ele>772.4000000000001</ele>
        <time>2026-09-10T11:20:22.719Z</time>
      </trkpt>
      <trkpt lat="46.9129987" lon="7.4551937">
        <ele>772.5999999999999</ele>
        <time>2026-09-10T11:20:22.719Z</time>
      </trkpt>
      <trkpt lat="46.9129836" lon="7.4551885">
        <ele>772.8</ele>
        <time>2026-09-10T11:20:22.719Z</time>
      </trkpt>
      <trkpt lat="46.9129718" lon="7.455185">
        <ele>773</ele>
        <time>2026-09-10T11:20:22.719Z</time>
      </trkpt>
      <trkpt lat="46.9129573" lon="7.4551836">
        <ele>773</ele>
        <time>2026-09-10T11:20:22.719Z</time>
      </trkpt>
      <trkpt lat="46.912945" lon="7.4551783">
        <ele>773.2</ele>
        <time>2026-09-10T11:20:22.719Z</time>
      </trkpt>
      <trkpt lat="46.9129346" lon="7.455174">
        <ele>773.4000000000001</ele>
        <time>2026-09-10T11:20:22.719Z</time>
      </trkpt>
      <trkpt lat="46.9129187" lon="7.4551703">
        <ele>773.5999999999999</ele>
        <time>2026-09-10T11:20:22.719Z</time>
      </trkpt>
      <trkpt lat="46.9129071" lon="7.4551684">
        <ele>773.8</ele>
        <time>2026-09-10T11:20:22.719Z</time>
      </trkpt>
      <trkpt lat="46.9128957" lon="7.4551651">
        <ele>774.2</ele>
        <time>2026-09-10T11:20:22.719Z</time>
      </trkpt>
      <trkpt lat="46.9128811" lon="7.4551605">
        <ele>774.4000000000001</ele>
        <time>2026-09-10T11:20:22.719Z</time>
      </trkpt>
      <trkpt lat="46.9128688" lon="7.4551583">
        <ele>774.5999999999999</ele>
        <time>2026-09-10T11:20:22.719Z</time>
      </trkpt>
      <trkpt lat="46.9128545" lon="7.4551539">
        <ele>774.8</ele>
        <time>2026-09-10T11:20:22.719Z</time>
      </trkpt>
      <trkpt lat="46.9128422" lon="7.4551484">
        <ele>774.8</ele>
        <time>2026-09-10T11:20:22.719Z</time>
      </trkpt>
      <trkpt lat="46.9128308" lon="7.4551451">
        <ele>775</ele>
        <time>2026-09-10T11:20:22.720Z</time>
      </trkpt>
      <trkpt lat="46.9128195" lon="7.4551417">
        <ele>775.2</ele>
        <time>2026-09-10T11:20:22.720Z</time>
      </trkpt>
      <trkpt lat="46.9128046" lon="7.4551371">
        <ele>775.4000000000001</ele>
        <time>2026-09-10T11:20:22.720Z</time>
      </trkpt>
      <trkpt lat="46.9127926" lon="7.4551304">
        <ele>775.8</ele>
        <time>2026-09-10T11:20:22.720Z</time>
      </trkpt>
      <trkpt lat="46.9127814" lon="7.455127">
        <ele>776</ele>
        <time>2026-09-10T11:20:22.720Z</time>
      </trkpt>
      <trkpt lat="46.9127693" lon="7.4551234">
        <ele>776.2</ele>
        <time>2026-09-10T11:20:22.720Z</time>
      </trkpt>
      <trkpt lat="46.9127584" lon="7.4551202">
        <ele>776.4000000000001</ele>
        <time>2026-09-10T11:20:22.720Z</time>
      </trkpt>
      <trkpt lat="46.9127468" lon="7.4551168">
        <ele>776.5999999999999</ele>
        <time>2026-09-10T11:20:22.720Z</time>
      </trkpt>
      <trkpt lat="46.9127355" lon="7.4551135">
        <ele>776.8</ele>
        <time>2026-09-10T11:20:22.720Z</time>
      </trkpt>
      <trkpt lat="46.9127204" lon="7.4551083">
        <ele>777</ele>
        <time>2026-09-10T11:20:22.720Z</time>
      </trkpt>
      <trkpt lat="46.9127097" lon="7.4551052">
        <ele>777.2</ele>
        <time>2026-09-10T11:20:22.720Z</time>
      </trkpt>
      <trkpt lat="46.9126961" lon="7.4551033">
        <ele>777.4000000000001</ele>
        <time>2026-09-10T11:20:22.720Z</time>
      </trkpt>
      <trkpt lat="46.9126821" lon="7.4551016">
        <ele>777.5999999999999</ele>
        <time>2026-09-10T11:20:22.720Z</time>
      </trkpt>
      <trkpt lat="46.912671" lon="7.4550954">
        <ele>777.8</ele>
        <time>2026-09-10T11:20:22.720Z</time>
      </trkpt>
      <trkpt lat="46.9126596" lon="7.4550904">
        <ele>778</ele>
        <time>2026-09-10T11:20:22.720Z</time>
      </trkpt>
      <trkpt lat="46.912644" lon="7.455085">
        <ele>778.2</ele>
        <time>2026-09-10T11:20:22.720Z</time>
      </trkpt>
      <trkpt lat="46.9126329" lon="7.4550803">
        <ele>778.4000000000001</ele>
        <time>2026-09-10T11:20:22.720Z</time>
      </trkpt>
      <trkpt lat="46.9126209" lon="7.4550768">
        <ele>778.5999999999999</ele>
        <time>2026-09-10T11:20:22.720Z</time>
      </trkpt>
      <trkpt lat="46.9126097" lon="7.4550717">
        <ele>778.8</ele>
        <time>2026-09-10T11:20:22.720Z</time>
      </trkpt>
      <trkpt lat="46.9125979" lon="7.4550649">
        <ele>779.2</ele>
        <time>2026-09-10T11:20:22.720Z</time>
      </trkpt>
      <trkpt lat="46.9125867" lon="7.4550602">
        <ele>779.2</ele>
        <time>2026-09-10T11:20:22.720Z</time>
      </trkpt>
      <trkpt lat="46.9125748" lon="7.4550553">
        <ele>779.4000000000001</ele>
        <time>2026-09-10T11:20:22.720Z</time>
      </trkpt>
      <trkpt lat="46.9125641" lon="7.455049">
        <ele>779.5999999999999</ele>
        <time>2026-09-10T11:20:22.720Z</time>
      </trkpt>
      <trkpt lat="46.912549" lon="7.4550436">
        <ele>779.8</ele>
        <time>2026-09-10T11:20:22.720Z</time>
      </trkpt>
      <trkpt lat="46.9125373" lon="7.455037">
        <ele>780</ele>
        <time>2026-09-10T11:20:22.720Z</time>
      </trkpt>
      <trkpt lat="46.912526" lon="7.4550305">
        <ele>780.4000000000001</ele>
        <time>2026-09-10T11:20:22.720Z</time>
      </trkpt>
      <trkpt lat="46.9125112" lon="7.4550256">
        <ele>780.5999999999999</ele>
        <time>2026-09-10T11:20:22.720Z</time>
      </trkpt>
      <trkpt lat="46.9124988" lon="7.4550201">
        <ele>780.8</ele>
        <time>2026-09-10T11:20:22.720Z</time>
      </trkpt>
      <trkpt lat="46.9124885" lon="7.455017">
        <ele>781</ele>
        <time>2026-09-10T11:20:22.720Z</time>
      </trkpt>
      <trkpt lat="46.9124783" lon="7.4550099">
        <ele>781</ele>
        <time>2026-09-10T11:20:22.720Z</time>
      </trkpt>
      <trkpt lat="46.9124683" lon="7.4550021">
        <ele>781.2</ele>
        <time>2026-09-10T11:20:22.720Z</time>
      </trkpt>
      <trkpt lat="46.9124569" lon="7.4549923">
        <ele>781.4000000000001</ele>
        <time>2026-09-10T11:20:22.720Z</time>
      </trkpt>
      <trkpt lat="46.912446" lon="7.454984">
        <ele>781.4000000000001</ele>
        <time>2026-09-10T11:20:22.720Z</time>
      </trkpt>
      <trkpt lat="46.9124338" lon="7.4549752">
        <ele>781.5999999999999</ele>
        <time>2026-09-10T11:20:22.720Z</time>
      </trkpt>
      <trkpt lat="46.9124191" lon="7.4549701">
        <ele>781.5999999999999</ele>
        <time>2026-09-10T11:20:22.720Z</time>
      </trkpt>
      <trkpt lat="46.912407" lon="7.4549633">
        <ele>781.8</ele>
        <time>2026-09-10T11:20:22.720Z</time>
      </trkpt>
      <trkpt lat="46.9123959" lon="7.4549555">
        <ele>781.8</ele>
        <time>2026-09-10T11:20:22.720Z</time>
      </trkpt>
      <trkpt lat="46.9123846" lon="7.4549501">
        <ele>782</ele>
        <time>2026-09-10T11:20:22.720Z</time>
      </trkpt>
      <trkpt lat="46.9123736" lon="7.4549438">
        <ele>782</ele>
        <time>2026-09-10T11:20:22.720Z</time>
      </trkpt>
      <trkpt lat="46.9123611" lon="7.4549332">
        <ele>782.2</ele>
        <time>2026-09-10T11:20:22.720Z</time>
      </trkpt>
      <trkpt lat="46.9123505" lon="7.4549256">
        <ele>782.4000000000001</ele>
        <time>2026-09-10T11:20:22.720Z</time>
      </trkpt>
      <trkpt lat="46.9123349" lon="7.4549186">
        <ele>782.4000000000001</ele>
        <time>2026-09-10T11:20:22.720Z</time>
      </trkpt>
      <trkpt lat="46.9123235" lon="7.4549134">
        <ele>782.5999999999999</ele>
        <time>2026-09-10T11:20:22.720Z</time>
      </trkpt>
      <trkpt lat="46.912312" lon="7.4549053">
        <ele>782.5999999999999</ele>
        <time>2026-09-10T11:20:22.720Z</time>
      </trkpt>
      <trkpt lat="46.9123007" lon="7.4548955">
        <ele>782.8</ele>
        <time>2026-09-10T11:20:22.720Z</time>
      </trkpt>
      <trkpt lat="46.9122856" lon="7.4548887">
        <ele>782.8</ele>
        <time>2026-09-10T11:20:22.720Z</time>
      </trkpt>
      <trkpt lat="46.912275" lon="7.4548785">
        <ele>783</ele>
        <time>2026-09-10T11:20:22.720Z</time>
      </trkpt>
      <trkpt lat="46.9122632" lon="7.4548686">
        <ele>783</ele>
        <time>2026-09-10T11:20:22.720Z</time>
      </trkpt>
      <trkpt lat="46.9122512" lon="7.4548589">
        <ele>783</ele>
        <time>2026-09-10T11:20:22.720Z</time>
      </trkpt>
      <trkpt lat="46.9122396" lon="7.4548488">
        <ele>783.2</ele>
        <time>2026-09-10T11:20:22.720Z</time>
      </trkpt>
      <trkpt lat="46.9122283" lon="7.4548438">
        <ele>783.2</ele>
        <time>2026-09-10T11:20:22.720Z</time>
      </trkpt>
      <trkpt lat="46.9122165" lon="7.454837">
        <ele>783.4000000000001</ele>
        <time>2026-09-10T11:20:22.720Z</time>
      </trkpt>
      <trkpt lat="46.9122056" lon="7.4548275">
        <ele>783.4000000000001</ele>
        <time>2026-09-10T11:20:22.720Z</time>
      </trkpt>
      <trkpt lat="46.9121935" lon="7.4548184">
        <ele>783.5999999999999</ele>
        <time>2026-09-10T11:20:22.720Z</time>
      </trkpt>
      <trkpt lat="46.9121823" lon="7.4548073">
        <ele>783.5999999999999</ele>
        <time>2026-09-10T11:20:22.720Z</time>
      </trkpt>
      <trkpt lat="46.9121673" lon="7.4547954">
        <ele>783.5999999999999</ele>
        <time>2026-09-10T11:20:22.720Z</time>
      </trkpt>
      <trkpt lat="46.9121561" lon="7.4547844">
        <ele>783.8</ele>
        <time>2026-09-10T11:20:22.720Z</time>
      </trkpt>
      <trkpt lat="46.9121439" lon="7.4547717">
        <ele>784</ele>
        <time>2026-09-10T11:20:22.720Z</time>
      </trkpt>
      <trkpt lat="46.9121295" lon="7.4547591">
        <ele>784</ele>
        <time>2026-09-10T11:20:22.720Z</time>
      </trkpt>
      <trkpt lat="46.9121133" lon="7.4547467">
        <ele>784.2</ele>
        <time>2026-09-10T11:20:22.721Z</time>
      </trkpt>
      <trkpt lat="46.9121025" lon="7.4547342">
        <ele>784.2</ele>
        <time>2026-09-10T11:20:22.721Z</time>
      </trkpt>
      <trkpt lat="46.9120872" lon="7.454722">
        <ele>784.4000000000001</ele>
        <time>2026-09-10T11:20:22.721Z</time>
      </trkpt>
      <trkpt lat="46.9120721" lon="7.4547107">
        <ele>784.4000000000001</ele>
        <time>2026-09-10T11:20:22.721Z</time>
      </trkpt>
      <trkpt lat="46.9120561" lon="7.4546968">
        <ele>784.4000000000001</ele>
        <time>2026-09-10T11:20:22.721Z</time>
      </trkpt>
      <trkpt lat="46.9120425" lon="7.4546836">
        <ele>784.4000000000001</ele>
        <time>2026-09-10T11:20:22.721Z</time>
      </trkpt>
      <trkpt lat="46.912027" lon="7.454669">
        <ele>784.5999999999999</ele>
        <time>2026-09-10T11:20:22.721Z</time>
      </trkpt>
      <trkpt lat="46.9120112" lon="7.4546542">
        <ele>784.5999999999999</ele>
        <time>2026-09-10T11:20:22.721Z</time>
      </trkpt>
      <trkpt lat="46.9119955" lon="7.454639">
        <ele>784.5999999999999</ele>
        <time>2026-09-10T11:20:22.721Z</time>
      </trkpt>
      <trkpt lat="46.9119841" lon="7.4546241">
        <ele>784.8</ele>
        <time>2026-09-10T11:20:22.721Z</time>
      </trkpt>
      <trkpt lat="46.9119685" lon="7.4546069">
        <ele>784.8</ele>
        <time>2026-09-10T11:20:22.721Z</time>
      </trkpt>
      <trkpt lat="46.9119539" lon="7.4545926">
        <ele>784.8</ele>
        <time>2026-09-10T11:20:22.721Z</time>
      </trkpt>
      <trkpt lat="46.9119382" lon="7.4545756">
        <ele>784.8</ele>
        <time>2026-09-10T11:20:22.721Z</time>
      </trkpt>
      <trkpt lat="46.9119231" lon="7.4545591">
        <ele>785</ele>
        <time>2026-09-10T11:20:22.721Z</time>
      </trkpt>
      <trkpt lat="46.9119078" lon="7.4545438">
        <ele>785</ele>
        <time>2026-09-10T11:20:22.721Z</time>
      </trkpt>
      <trkpt lat="46.9118892" lon="7.4545278">
        <ele>785</ele>
        <time>2026-09-10T11:20:22.721Z</time>
      </trkpt>
      <trkpt lat="46.9118769" lon="7.4545088">
        <ele>785</ele>
        <time>2026-09-10T11:20:22.721Z</time>
      </trkpt>
      <trkpt lat="46.9118627" lon="7.454493">
        <ele>785</ele>
        <time>2026-09-10T11:20:22.721Z</time>
      </trkpt>
      <trkpt lat="46.9118425" lon="7.454475">
        <ele>785.2</ele>
        <time>2026-09-10T11:20:22.721Z</time>
      </trkpt>
      <trkpt lat="46.9118275" lon="7.4544573">
        <ele>785.2</ele>
        <time>2026-09-10T11:20:22.721Z</time>
      </trkpt>
      <trkpt lat="46.9118125" lon="7.454439">
        <ele>785.2</ele>
        <time>2026-09-10T11:20:22.721Z</time>
      </trkpt>
      <trkpt lat="46.9117938" lon="7.454421">
        <ele>785.2</ele>
        <time>2026-09-10T11:20:22.721Z</time>
      </trkpt>
      <trkpt lat="46.9117747" lon="7.4544011">
        <ele>785.2</ele>
        <time>2026-09-10T11:20:22.721Z</time>
      </trkpt>
      <trkpt lat="46.91176" lon="7.4543821">
        <ele>785.2</ele>
        <time>2026-09-10T11:20:22.721Z</time>
      </trkpt>
      <trkpt lat="46.9117437" lon="7.4543621">
        <ele>785.2</ele>
        <time>2026-09-10T11:20:22.721Z</time>
      </trkpt>
      <trkpt lat="46.9117285" lon="7.454344">
        <ele>785.2</ele>
        <time>2026-09-10T11:20:22.721Z</time>
      </trkpt>
      <trkpt lat="46.9117134" lon="7.4543274">
        <ele>785.2</ele>
        <time>2026-09-10T11:20:22.721Z</time>
      </trkpt>
      <trkpt lat="46.9117021" lon="7.4543131">
        <ele>785.2</ele>
        <time>2026-09-10T11:20:22.721Z</time>
      </trkpt>
      <trkpt lat="46.9116898" lon="7.4542967">
        <ele>785.2</ele>
        <time>2026-09-10T11:20:22.721Z</time>
      </trkpt>
      <trkpt lat="46.9116793" lon="7.45428">
        <ele>785.2</ele>
        <time>2026-09-10T11:20:22.721Z</time>
      </trkpt>
      <trkpt lat="46.9116669" lon="7.4542633">
        <ele>785.2</ele>
        <time>2026-09-10T11:20:22.721Z</time>
      </trkpt>
      <trkpt lat="46.9116558" lon="7.4542489">
        <ele>785.2</ele>
        <time>2026-09-10T11:20:22.721Z</time>
      </trkpt>
      <trkpt lat="46.9116481" lon="7.4542323">
        <ele>785.2</ele>
        <time>2026-09-10T11:20:22.721Z</time>
      </trkpt>
      <trkpt lat="46.9116405" lon="7.4542173">
        <ele>785.2</ele>
        <time>2026-09-10T11:20:22.721Z</time>
      </trkpt>
      <trkpt lat="46.9116364" lon="7.4542053">
        <ele>785.2</ele>
        <time>2026-09-10T11:20:22.721Z</time>
      </trkpt>
      <trkpt lat="46.9116146" lon="7.4541899">
        <ele>785</ele>
        <time>2026-09-10T11:20:22.721Z</time>
      </trkpt>
      <trkpt lat="46.9115985" lon="7.4541883">
        <ele>785</ele>
        <time>2026-09-10T11:20:22.721Z</time>
      </trkpt>
      <trkpt lat="46.9115813" lon="7.4541837">
        <ele>784.8</ele>
        <time>2026-09-10T11:20:22.721Z</time>
      </trkpt>
      <trkpt lat="46.9115586" lon="7.4541698">
        <ele>784.8</ele>
        <time>2026-09-10T11:20:22.721Z</time>
      </trkpt>
      <trkpt lat="46.911535" lon="7.4541546">
        <ele>784.5999999999999</ele>
        <time>2026-09-10T11:20:22.721Z</time>
      </trkpt>
      <trkpt lat="46.9115114" lon="7.4541375">
        <ele>784.5999999999999</ele>
        <time>2026-09-10T11:20:22.721Z</time>
      </trkpt>
      <trkpt lat="46.9114856" lon="7.4541226">
        <ele>784.4000000000001</ele>
        <time>2026-09-10T11:20:22.721Z</time>
      </trkpt>
      <trkpt lat="46.9114611" lon="7.4541084">
        <ele>784.4000000000001</ele>
        <time>2026-09-10T11:20:22.721Z</time>
      </trkpt>
      <trkpt lat="46.9114393" lon="7.4540943">
        <ele>784.2</ele>
        <time>2026-09-10T11:20:22.721Z</time>
      </trkpt>
      <trkpt lat="46.9114114" lon="7.4540782">
        <ele>784.2</ele>
        <time>2026-09-10T11:20:22.721Z</time>
      </trkpt>
      <trkpt lat="46.9113893" lon="7.4540653">
        <ele>784.2</ele>
        <time>2026-09-10T11:20:22.721Z</time>
      </trkpt>
      <trkpt lat="46.9113624" lon="7.4540505">
        <ele>784.2</ele>
        <time>2026-09-10T11:20:22.721Z</time>
      </trkpt>
      <trkpt lat="46.911337" lon="7.4540377">
        <ele>784.2</ele>
        <time>2026-09-10T11:20:22.721Z</time>
      </trkpt>
      <trkpt lat="46.9113125" lon="7.4540236">
        <ele>784.2</ele>
        <time>2026-09-10T11:20:22.722Z</time>
      </trkpt>
      <trkpt lat="46.9112871" lon="7.4540091">
        <ele>784.2</ele>
        <time>2026-09-10T11:20:22.722Z</time>
      </trkpt>
      <trkpt lat="46.9112587" lon="7.4539953">
        <ele>784</ele>
        <time>2026-09-10T11:20:22.722Z</time>
      </trkpt>
      <trkpt lat="46.9112344" lon="7.4539831">
        <ele>784</ele>
        <time>2026-09-10T11:20:22.722Z</time>
      </trkpt>
      <trkpt lat="46.9112062" lon="7.453969">
        <ele>784</ele>
        <time>2026-09-10T11:20:22.722Z</time>
      </trkpt>
      <trkpt lat="46.9111759" lon="7.4539557">
        <ele>783.8</ele>
        <time>2026-09-10T11:20:22.722Z</time>
      </trkpt>
      <trkpt lat="46.9111489" lon="7.4539423">
        <ele>783.8</ele>
        <time>2026-09-10T11:20:22.722Z</time>
      </trkpt>
      <trkpt lat="46.911117" lon="7.453928">
        <ele>783.5999999999999</ele>
        <time>2026-09-10T11:20:22.722Z</time>
      </trkpt>
      <trkpt lat="46.9110816" lon="7.4539165">
        <ele>783.4000000000001</ele>
        <time>2026-09-10T11:20:22.722Z</time>
      </trkpt>
      <trkpt lat="46.9110458" lon="7.4539054">
        <ele>783.4000000000001</ele>
        <time>2026-09-10T11:20:22.722Z</time>
      </trkpt>
      <trkpt lat="46.9110047" lon="7.4539051">
        <ele>783.2</ele>
        <time>2026-09-10T11:20:22.722Z</time>
      </trkpt>
      <trkpt lat="46.9109737" lon="7.4539161">
        <ele>783</ele>
        <time>2026-09-10T11:20:22.722Z</time>
      </trkpt>
      <trkpt lat="46.9109428" lon="7.4539347">
        <ele>782.8</ele>
        <time>2026-09-10T11:20:22.722Z</time>
      </trkpt>
      <trkpt lat="46.9109213" lon="7.4539503">
        <ele>782.8</ele>
        <time>2026-09-10T11:20:22.722Z</time>
      </trkpt>
      <trkpt lat="46.9109041" lon="7.4539618">
        <ele>782.5999999999999</ele>
        <time>2026-09-10T11:20:22.722Z</time>
      </trkpt>
      <trkpt lat="46.9109003" lon="7.4539651">
        <ele>782.2</ele>
        <time>2026-09-10T11:20:22.722Z</time>
      </trkpt>
      <trkpt lat="46.9108848" lon="7.4538986">
        <ele>781</ele>
        <time>2026-09-10T11:20:22.722Z</time>
      </trkpt>
      <trkpt lat="46.9108848" lon="7.4538824">
        <ele>781</ele>
        <time>2026-09-10T11:20:22.722Z</time>
      </trkpt>
      <trkpt lat="46.9108848" lon="7.4538662">
        <ele>780.5999999999999</ele>
        <time>2026-09-10T11:20:22.722Z</time>
      </trkpt>
      <trkpt lat="46.9108812" lon="7.4538538">
        <ele>780.4000000000001</ele>
        <time>2026-09-10T11:20:22.722Z</time>
      </trkpt>
      <trkpt lat="46.9108773" lon="7.4538382">
        <ele>780.2</ele>
        <time>2026-09-10T11:20:22.722Z</time>
      </trkpt>
      <trkpt lat="46.910881" lon="7.4538253">
        <ele>779.8</ele>
        <time>2026-09-10T11:20:22.722Z</time>
      </trkpt>
      <trkpt lat="46.9108773" lon="7.4538118">
        <ele>779.4000000000001</ele>
        <time>2026-09-10T11:20:22.722Z</time>
      </trkpt>
      <trkpt lat="46.9108772" lon="7.453798">
        <ele>779</ele>
        <time>2026-09-10T11:20:22.722Z</time>
      </trkpt>
      <trkpt lat="46.9108733" lon="7.4537781">
        <ele>778.5999999999999</ele>
        <time>2026-09-10T11:20:22.722Z</time>
      </trkpt>
      <trkpt lat="46.9108663" lon="7.4537595">
        <ele>778.2</ele>
        <time>2026-09-10T11:20:22.722Z</time>
      </trkpt>
      <trkpt lat="46.9108658" lon="7.4537399">
        <ele>777.8</ele>
        <time>2026-09-10T11:20:22.722Z</time>
      </trkpt>
      <trkpt lat="46.9108621" lon="7.4537112">
        <ele>777.4000000000001</ele>
        <time>2026-09-10T11:20:22.722Z</time>
      </trkpt>
      <trkpt lat="46.9108583" lon="7.4536808">
        <ele>776.8</ele>
        <time>2026-09-10T11:20:22.722Z</time>
      </trkpt>
      <trkpt lat="46.9108544" lon="7.453654">
        <ele>776.2</ele>
        <time>2026-09-10T11:20:22.722Z</time>
      </trkpt>
      <trkpt lat="46.9108466" lon="7.4536262">
        <ele>775.5999999999999</ele>
        <time>2026-09-10T11:20:22.722Z</time>
      </trkpt>
      <trkpt lat="46.9108393" lon="7.4536025">
        <ele>775.2</ele>
        <time>2026-09-10T11:20:22.722Z</time>
      </trkpt>
      <trkpt lat="46.9108314" lon="7.4535798">
        <ele>774.5999999999999</ele>
        <time>2026-09-10T11:20:22.722Z</time>
      </trkpt>
      <trkpt lat="46.9108277" lon="7.4535653">
        <ele>774</ele>
        <time>2026-09-10T11:20:22.722Z</time>
      </trkpt>
      <trkpt lat="46.9108277" lon="7.4535418">
        <ele>773.4000000000001</ele>
        <time>2026-09-10T11:20:22.722Z</time>
      </trkpt>
      <trkpt lat="46.9108202" lon="7.453519">
        <ele>773</ele>
        <time>2026-09-10T11:20:22.722Z</time>
      </trkpt>
      <trkpt lat="46.9108161" lon="7.4535016">
        <ele>772.5999999999999</ele>
        <time>2026-09-10T11:20:22.722Z</time>
      </trkpt>
      <trkpt lat="46.9108089" lon="7.4534953">
        <ele>772.2</ele>
        <time>2026-09-10T11:20:22.722Z</time>
      </trkpt>
      <trkpt lat="46.9108049" lon="7.4534886">
        <ele>771.8</ele>
        <time>2026-09-10T11:20:22.722Z</time>
      </trkpt>
      <trkpt lat="46.9108048" lon="7.4534852">
        <ele>771.5999999999999</ele>
        <time>2026-09-10T11:20:22.722Z</time>
      </trkpt>
      <trkpt lat="46.9107933" lon="7.4534668">
        <ele>770.4000000000001</ele>
        <time>2026-09-10T11:20:22.722Z</time>
      </trkpt>
      <trkpt lat="46.9107895" lon="7.4534602">
        <ele>770.4000000000001</ele>
        <time>2026-09-10T11:20:22.722Z</time>
      </trkpt>
      <trkpt lat="46.9107856" lon="7.4534548">
        <ele>770.2</ele>
        <time>2026-09-10T11:20:22.722Z</time>
      </trkpt>
      <trkpt lat="46.9107819" lon="7.4534484">
        <ele>770.2</ele>
        <time>2026-09-10T11:20:22.722Z</time>
      </trkpt>
      <trkpt lat="46.9107779" lon="7.4534399">
        <ele>770</ele>
        <time>2026-09-10T11:20:22.722Z</time>
      </trkpt>
      <trkpt lat="46.9107669" lon="7.4534206">
        <ele>769.8</ele>
        <time>2026-09-10T11:20:22.722Z</time>
      </trkpt>
      <trkpt lat="46.9107551" lon="7.4533981">
        <ele>769.5999999999999</ele>
        <time>2026-09-10T11:20:22.722Z</time>
      </trkpt>
      <trkpt lat="46.9107445" lon="7.4533814">
        <ele>769.4000000000001</ele>
        <time>2026-09-10T11:20:22.722Z</time>
      </trkpt>
      <trkpt lat="46.910736" lon="7.4533513">
        <ele>769</ele>
        <time>2026-09-10T11:20:22.722Z</time>
      </trkpt>
      <trkpt lat="46.9107286" lon="7.4533286">
        <ele>768.4000000000001</ele>
        <time>2026-09-10T11:20:22.722Z</time>
      </trkpt>
      <trkpt lat="46.9107244" lon="7.4533109">
        <ele>768</ele>
        <time>2026-09-10T11:20:22.722Z</time>
      </trkpt>
      <trkpt lat="46.9107138" lon="7.4532847">
        <ele>767.5999999999999</ele>
        <time>2026-09-10T11:20:22.722Z</time>
      </trkpt>
      <trkpt lat="46.9107055" lon="7.4532552">
        <ele>767</ele>
        <time>2026-09-10T11:20:22.722Z</time>
      </trkpt>
      <trkpt lat="46.9106942" lon="7.4532269">
        <ele>766.5999999999999</ele>
        <time>2026-09-10T11:20:22.722Z</time>
      </trkpt>
      <trkpt lat="46.9106827" lon="7.4531951">
        <ele>766.2</ele>
        <time>2026-09-10T11:20:22.722Z</time>
      </trkpt>
      <trkpt lat="46.9106715" lon="7.4531527">
        <ele>765.5999999999999</ele>
        <time>2026-09-10T11:20:22.722Z</time>
      </trkpt>
      <trkpt lat="46.9106597" lon="7.4531029">
        <ele>765</ele>
        <time>2026-09-10T11:20:22.722Z</time>
      </trkpt>
      <trkpt lat="46.9106525" lon="7.4530555">
        <ele>764.2</ele>
        <time>2026-09-10T11:20:22.722Z</time>
      </trkpt>
      <trkpt lat="46.9106367" lon="7.4530025">
        <ele>763.5999999999999</ele>
        <time>2026-09-10T11:20:22.722Z</time>
      </trkpt>
      <trkpt lat="46.9106256" lon="7.4529508">
        <ele>763</ele>
        <time>2026-09-10T11:20:22.722Z</time>
      </trkpt>
      <trkpt lat="46.9106105" lon="7.4529027">
        <ele>762.2</ele>
        <time>2026-09-10T11:20:22.722Z</time>
      </trkpt>
      <trkpt lat="46.9105992" lon="7.4528582">
        <ele>761.5999999999999</ele>
        <time>2026-09-10T11:20:22.722Z</time>
      </trkpt>
      <trkpt lat="46.9105835" lon="7.4528132">
        <ele>761</ele>
        <time>2026-09-10T11:20:22.722Z</time>
      </trkpt>
      <trkpt lat="46.9105687" lon="7.4527728">
        <ele>760.4000000000001</ele>
        <time>2026-09-10T11:20:22.722Z</time>
      </trkpt>
      <trkpt lat="46.9105489" lon="7.4527343">
        <ele>759.5999999999999</ele>
        <time>2026-09-10T11:20:22.722Z</time>
      </trkpt>
      <trkpt lat="46.9105303" lon="7.4526919">
        <ele>759</ele>
        <time>2026-09-10T11:20:22.722Z</time>
      </trkpt>
      <trkpt lat="46.9105148" lon="7.4526498">
        <ele>758.4000000000001</ele>
        <time>2026-09-10T11:20:22.722Z</time>
      </trkpt>
      <trkpt lat="46.9105035" lon="7.4526074">
        <ele>758</ele>
        <time>2026-09-10T11:20:22.722Z</time>
      </trkpt>
      <trkpt lat="46.9104919" lon="7.4525684">
        <ele>757.5999999999999</ele>
        <time>2026-09-10T11:20:22.722Z</time>
      </trkpt>
      <trkpt lat="46.9104845" lon="7.4525278">
        <ele>757</ele>
        <time>2026-09-10T11:20:22.722Z</time>
      </trkpt>
      <trkpt lat="46.9104688" lon="7.4524806">
        <ele>756.5999999999999</ele>
        <time>2026-09-10T11:20:22.722Z</time>
      </trkpt>
      <trkpt lat="46.9104615" lon="7.4524364">
        <ele>756</ele>
        <time>2026-09-10T11:20:22.722Z</time>
      </trkpt>
      <trkpt lat="46.9104578" lon="7.4523963">
        <ele>755.4000000000001</ele>
        <time>2026-09-10T11:20:22.722Z</time>
      </trkpt>
      <trkpt lat="46.9104501" lon="7.4523512">
        <ele>755</ele>
        <time>2026-09-10T11:20:22.722Z</time>
      </trkpt>
      <trkpt lat="46.9104462" lon="7.4523144">
        <ele>754.4000000000001</ele>
        <time>2026-09-10T11:20:22.722Z</time>
      </trkpt>
      <trkpt lat="46.9104462" lon="7.4522877">
        <ele>754</ele>
        <time>2026-09-10T11:20:22.722Z</time>
      </trkpt>
      <trkpt lat="46.9104462" lon="7.4522525">
        <ele>753.5999999999999</ele>
        <time>2026-09-10T11:20:22.722Z</time>
      </trkpt>
      <trkpt lat="46.9104462" lon="7.4522226">
        <ele>753.2</ele>
        <time>2026-09-10T11:20:22.722Z</time>
      </trkpt>
      <trkpt lat="46.91045" lon="7.4522017">
        <ele>752.8</ele>
        <time>2026-09-10T11:20:22.722Z</time>
      </trkpt>
      <trkpt lat="46.91045" lon="7.45218">
        <ele>752.4000000000001</ele>
        <time>2026-09-10T11:20:22.722Z</time>
      </trkpt>
      <trkpt lat="46.9104539" lon="7.4521561">
        <ele>752</ele>
        <time>2026-09-10T11:20:22.722Z</time>
      </trkpt>
      <trkpt lat="46.9104574" lon="7.4521438">
        <ele>751.5999999999999</ele>
        <time>2026-09-10T11:20:22.722Z</time>
      </trkpt>
      <trkpt lat="46.9104576" lon="7.4521432">
        <ele>751.4000000000001</ele>
        <time>2026-09-10T11:20:22.722Z</time>
      </trkpt>
      <trkpt lat="46.9105072" lon="7.4520686">
        <ele>750.2</ele>
        <time>2026-09-10T11:20:22.722Z</time>
      </trkpt>
      <trkpt lat="46.9105071" lon="7.4520634">
        <ele>750</ele>
        <time>2026-09-10T11:20:22.722Z</time>
      </trkpt>
      <trkpt lat="46.910496" lon="7.4519746">
        <ele>749</ele>
        <time>2026-09-10T11:20:22.722Z</time>
      </trkpt>
      <trkpt lat="46.9104921" lon="7.4519575">
        <ele>748.8</ele>
        <time>2026-09-10T11:20:22.722Z</time>
      </trkpt>
      <trkpt lat="46.9104843" lon="7.4519468">
        <ele>748.5999999999999</ele>
        <time>2026-09-10T11:20:22.722Z</time>
      </trkpt>
      <trkpt lat="46.910477" lon="7.4519468">
        <ele>748.4000000000001</ele>
        <time>2026-09-10T11:20:22.723Z</time>
      </trkpt>
      <trkpt lat="46.9104767" lon="7.4519467">
        <ele>748.2</ele>
        <time>2026-09-10T11:20:22.723Z</time>
      </trkpt>
      <trkpt lat="46.910469" lon="7.4519414">
        <ele>747.8</ele>
        <time>2026-09-10T11:20:22.723Z</time>
      </trkpt>
      <trkpt lat="46.9104653" lon="7.4519316">
        <ele>747.5999999999999</ele>
        <time>2026-09-10T11:20:22.723Z</time>
      </trkpt>
      <trkpt lat="46.9104546" lon="7.4519097">
        <ele>747.2</ele>
        <time>2026-09-10T11:20:22.723Z</time>
      </trkpt>
      <trkpt lat="46.9104501" lon="7.4518907">
        <ele>747</ele>
        <time>2026-09-10T11:20:22.723Z</time>
      </trkpt>
      <trkpt lat="46.91045" lon="7.4518785">
        <ele>746.5999999999999</ele>
        <time>2026-09-10T11:20:22.723Z</time>
      </trkpt>
      <trkpt lat="46.91045" lon="7.4518694">
        <ele>746.2</ele>
        <time>2026-09-10T11:20:22.723Z</time>
      </trkpt>
      <trkpt lat="46.9104482" lon="7.4518654">
        <ele>746</ele>
        <time>2026-09-10T11:20:22.723Z</time>
      </trkpt>
      <trkpt lat="46.9104195" lon="7.4518003">
        <ele>744.8</ele>
        <time>2026-09-10T11:20:22.723Z</time>
      </trkpt>
      <trkpt lat="46.9104124" lon="7.4517648">
        <ele>744.5999999999999</ele>
        <time>2026-09-10T11:20:22.723Z</time>
      </trkpt>
      <trkpt lat="46.910408" lon="7.45172">
        <ele>744.2</ele>
        <time>2026-09-10T11:20:22.723Z</time>
      </trkpt>
      <trkpt lat="46.910408" lon="7.4516824">
        <ele>744</ele>
        <time>2026-09-10T11:20:22.723Z</time>
      </trkpt>
      <trkpt lat="46.910408" lon="7.4516416">
        <ele>743.5999999999999</ele>
        <time>2026-09-10T11:20:22.724Z</time>
      </trkpt>
      <trkpt lat="46.9104043" lon="7.4516075">
        <ele>743.4000000000001</ele>
        <time>2026-09-10T11:20:22.724Z</time>
      </trkpt>
      <trkpt lat="46.9104118" lon="7.4515695">
        <ele>743</ele>
        <time>2026-09-10T11:20:22.724Z</time>
      </trkpt>
      <trkpt lat="46.9104118" lon="7.451525">
        <ele>742.8</ele>
        <time>2026-09-10T11:20:22.724Z</time>
      </trkpt>
      <trkpt lat="46.9104195" lon="7.4514833">
        <ele>742.4000000000001</ele>
        <time>2026-09-10T11:20:22.724Z</time>
      </trkpt>
      <trkpt lat="46.9104232" lon="7.4514439">
        <ele>742</ele>
        <time>2026-09-10T11:20:22.724Z</time>
      </trkpt>
      <trkpt lat="46.9104309" lon="7.4514034">
        <ele>741.5999999999999</ele>
        <time>2026-09-10T11:20:22.724Z</time>
      </trkpt>
      <trkpt lat="46.9104421" lon="7.4513593">
        <ele>741</ele>
        <time>2026-09-10T11:20:22.724Z</time>
      </trkpt>
      <trkpt lat="46.91045" lon="7.4513103">
        <ele>740.5999999999999</ele>
        <time>2026-09-10T11:20:22.724Z</time>
      </trkpt>
      <trkpt lat="46.9104573" lon="7.4512685">
        <ele>740</ele>
        <time>2026-09-10T11:20:22.724Z</time>
      </trkpt>
      <trkpt lat="46.9104649" lon="7.4512394">
        <ele>739.5999999999999</ele>
        <time>2026-09-10T11:20:22.724Z</time>
      </trkpt>
      <trkpt lat="46.9104652" lon="7.4512036">
        <ele>739.2</ele>
        <time>2026-09-10T11:20:22.724Z</time>
      </trkpt>
      <trkpt lat="46.9104652" lon="7.4511741">
        <ele>738.8</ele>
        <time>2026-09-10T11:20:22.724Z</time>
      </trkpt>
      <trkpt lat="46.9104616" lon="7.4511413">
        <ele>738.5999999999999</ele>
        <time>2026-09-10T11:20:22.724Z</time>
      </trkpt>
      <trkpt lat="46.9104615" lon="7.4511083">
        <ele>738.2</ele>
        <time>2026-09-10T11:20:22.724Z</time>
      </trkpt>
      <trkpt lat="46.9104578" lon="7.451078">
        <ele>737.8</ele>
        <time>2026-09-10T11:20:22.724Z</time>
      </trkpt>
      <trkpt lat="46.9104576" lon="7.4510617">
        <ele>737.4000000000001</ele>
        <time>2026-09-10T11:20:22.724Z</time>
      </trkpt>
      <trkpt lat="46.9104646" lon="7.450923">
        <ele>735.5999999999999</ele>
        <time>2026-09-10T11:20:22.724Z</time>
      </trkpt>
      <trkpt lat="46.9104801" lon="7.4509039">
        <ele>735.5999999999999</ele>
        <time>2026-09-10T11:20:22.724Z</time>
      </trkpt>
      <trkpt lat="46.9104983" lon="7.4508909">
        <ele>735.4000000000001</ele>
        <time>2026-09-10T11:20:22.724Z</time>
      </trkpt>
      <trkpt lat="46.9105218" lon="7.4508752">
        <ele>735.4000000000001</ele>
        <time>2026-09-10T11:20:22.724Z</time>
      </trkpt>
      <trkpt lat="46.9105449" lon="7.4508552">
        <ele>735.2</ele>
        <time>2026-09-10T11:20:22.724Z</time>
      </trkpt>
      <trkpt lat="46.910571" lon="7.4508296">
        <ele>734.8</ele>
        <time>2026-09-10T11:20:22.724Z</time>
      </trkpt>
      <trkpt lat="46.9105974" lon="7.4508032">
        <ele>734.4000000000001</ele>
        <time>2026-09-10T11:20:22.724Z</time>
      </trkpt>
      <trkpt lat="46.910621" lon="7.4507791">
        <ele>734.2</ele>
        <time>2026-09-10T11:20:22.724Z</time>
      </trkpt>
      <trkpt lat="46.9106545" lon="7.4507529">
        <ele>733.8</ele>
        <time>2026-09-10T11:20:22.724Z</time>
      </trkpt>
      <trkpt lat="46.9106898" lon="7.4507203">
        <ele>733.4000000000001</ele>
        <time>2026-09-10T11:20:22.724Z</time>
      </trkpt>
      <trkpt lat="46.9107234" lon="7.4506813">
        <ele>733</ele>
        <time>2026-09-10T11:20:22.724Z</time>
      </trkpt>
      <trkpt lat="46.9107559" lon="7.4506251">
        <ele>732.5999999999999</ele>
        <time>2026-09-10T11:20:22.724Z</time>
      </trkpt>
      <trkpt lat="46.9107808" lon="7.450569">
        <ele>732.4000000000001</ele>
        <time>2026-09-10T11:20:22.724Z</time>
      </trkpt>
      <trkpt lat="46.910808" lon="7.4505095">
        <ele>732</ele>
        <time>2026-09-10T11:20:22.724Z</time>
      </trkpt>
      <trkpt lat="46.91082" lon="7.4504519">
        <ele>731.8</ele>
        <time>2026-09-10T11:20:22.724Z</time>
      </trkpt>
      <trkpt lat="46.91082" lon="7.4504011">
        <ele>731.5999999999999</ele>
        <time>2026-09-10T11:20:22.724Z</time>
      </trkpt>
      <trkpt lat="46.9108053" lon="7.4503515">
        <ele>731.4000000000001</ele>
        <time>2026-09-10T11:20:22.724Z</time>
      </trkpt>
      <trkpt lat="46.9107865" lon="7.4503152">
        <ele>731.2</ele>
        <time>2026-09-10T11:20:22.724Z</time>
      </trkpt>
      <trkpt lat="46.9107671" lon="7.4502727">
        <ele>731</ele>
        <time>2026-09-10T11:20:22.724Z</time>
      </trkpt>
      <trkpt lat="46.9107482" lon="7.4502284">
        <ele>731</ele>
        <time>2026-09-10T11:20:22.724Z</time>
      </trkpt>
      <trkpt lat="46.9107292" lon="7.4501896">
        <ele>730.8</ele>
        <time>2026-09-10T11:20:22.724Z</time>
      </trkpt>
      <trkpt lat="46.9107113" lon="7.4501582">
        <ele>730.5999999999999</ele>
        <time>2026-09-10T11:20:22.724Z</time>
      </trkpt>
      <trkpt lat="46.910691" lon="7.4501243">
        <ele>730.5999999999999</ele>
        <time>2026-09-10T11:20:22.724Z</time>
      </trkpt>
      <trkpt lat="46.91067" lon="7.4500843">
        <ele>730.4000000000001</ele>
        <time>2026-09-10T11:20:22.724Z</time>
      </trkpt>
      <trkpt lat="46.9106521" lon="7.4500514">
        <ele>730.2</ele>
        <time>2026-09-10T11:20:22.724Z</time>
      </trkpt>
      <trkpt lat="46.9106407" lon="7.4500147">
        <ele>730.2</ele>
        <time>2026-09-10T11:20:22.724Z</time>
      </trkpt>
      <trkpt lat="46.9106333" lon="7.4499794">
        <ele>730</ele>
        <time>2026-09-10T11:20:22.724Z</time>
      </trkpt>
      <trkpt lat="46.9106254" lon="7.4499368">
        <ele>730</ele>
        <time>2026-09-10T11:20:22.724Z</time>
      </trkpt>
      <trkpt lat="46.910614" lon="7.4498983">
        <ele>729.8</ele>
        <time>2026-09-10T11:20:22.724Z</time>
      </trkpt>
      <trkpt lat="46.9106103" lon="7.449866">
        <ele>729.8</ele>
        <time>2026-09-10T11:20:22.724Z</time>
      </trkpt>
      <trkpt lat="46.9106102" lon="7.4498358">
        <ele>729.5999999999999</ele>
        <time>2026-09-10T11:20:22.724Z</time>
      </trkpt>
      <trkpt lat="46.9106178" lon="7.4498049">
        <ele>729.4000000000001</ele>
        <time>2026-09-10T11:20:22.724Z</time>
      </trkpt>
      <trkpt lat="46.9106215" lon="7.4497733">
        <ele>729.2</ele>
        <time>2026-09-10T11:20:22.724Z</time>
      </trkpt>
      <trkpt lat="46.9106293" lon="7.4497332">
        <ele>729</ele>
        <time>2026-09-10T11:20:22.724Z</time>
      </trkpt>
      <trkpt lat="46.9106404" lon="7.4496941">
        <ele>728.8</ele>
        <time>2026-09-10T11:20:22.724Z</time>
      </trkpt>
      <trkpt lat="46.9106599" lon="7.4496549">
        <ele>728.5999999999999</ele>
        <time>2026-09-10T11:20:22.724Z</time>
      </trkpt>
      <trkpt lat="46.910675" lon="7.4496184">
        <ele>728.4000000000001</ele>
        <time>2026-09-10T11:20:22.724Z</time>
      </trkpt>
      <trkpt lat="46.9106942" lon="7.4495833">
        <ele>728.2</ele>
        <time>2026-09-10T11:20:22.724Z</time>
      </trkpt>
      <trkpt lat="46.9107141" lon="7.4495425">
        <ele>728</ele>
        <time>2026-09-10T11:20:22.724Z</time>
      </trkpt>
      <trkpt lat="46.9107285" lon="7.4495032">
        <ele>727.8</ele>
        <time>2026-09-10T11:20:22.724Z</time>
      </trkpt>
      <trkpt lat="46.9107433" lon="7.4494613">
        <ele>727.5999999999999</ele>
        <time>2026-09-10T11:20:22.724Z</time>
      </trkpt>
      <trkpt lat="46.9107593" lon="7.449418">
        <ele>727.4000000000001</ele>
        <time>2026-09-10T11:20:22.724Z</time>
      </trkpt>
      <trkpt lat="46.910778" lon="7.4493787">
        <ele>727.4000000000001</ele>
        <time>2026-09-10T11:20:22.724Z</time>
      </trkpt>
      <trkpt lat="46.9107893" lon="7.4493425">
        <ele>727.2</ele>
        <time>2026-09-10T11:20:22.724Z</time>
      </trkpt>
      <trkpt lat="46.9107932" lon="7.4493141">
        <ele>727.2</ele>
        <time>2026-09-10T11:20:22.724Z</time>
      </trkpt>
      <trkpt lat="46.9107933" lon="7.4492864">
        <ele>727</ele>
        <time>2026-09-10T11:20:22.724Z</time>
      </trkpt>
      <trkpt lat="46.9107895" lon="7.4492693">
        <ele>727</ele>
        <time>2026-09-10T11:20:22.724Z</time>
      </trkpt>
      <trkpt lat="46.9107932" lon="7.449244">
        <ele>726.8</ele>
        <time>2026-09-10T11:20:22.724Z</time>
      </trkpt>
      <trkpt lat="46.9107896" lon="7.449234">
        <ele>726.5999999999999</ele>
        <time>2026-09-10T11:20:22.724Z</time>
      </trkpt>
      <trkpt lat="46.9107857" lon="7.4492249">
        <ele>726.5999999999999</ele>
        <time>2026-09-10T11:20:22.724Z</time>
      </trkpt>
      <trkpt lat="46.9107818" lon="7.4492134">
        <ele>726.8</ele>
        <time>2026-09-10T11:20:22.724Z</time>
      </trkpt>
      <trkpt lat="46.9107781" lon="7.4492051">
        <ele>726.8</ele>
        <time>2026-09-10T11:20:22.724Z</time>
      </trkpt>
      <trkpt lat="46.9107738" lon="7.4491941">
        <ele>726.8</ele>
        <time>2026-09-10T11:20:22.724Z</time>
      </trkpt>
      <trkpt lat="46.9107666" lon="7.4491816">
        <ele>726.8</ele>
        <time>2026-09-10T11:20:22.725Z</time>
      </trkpt>
      <trkpt lat="46.910763" lon="7.449169">
        <ele>726.8</ele>
        <time>2026-09-10T11:20:22.725Z</time>
      </trkpt>
      <trkpt lat="46.9107552" lon="7.4491566">
        <ele>726.8</ele>
        <time>2026-09-10T11:20:22.725Z</time>
      </trkpt>
      <trkpt lat="46.9107552" lon="7.4491451">
        <ele>726.8</ele>
        <time>2026-09-10T11:20:22.725Z</time>
      </trkpt>
      <trkpt lat="46.9107475" lon="7.4491334">
        <ele>726.8</ele>
        <time>2026-09-10T11:20:22.725Z</time>
      </trkpt>
      <trkpt lat="46.910736" lon="7.4491167">
        <ele>726.8</ele>
        <time>2026-09-10T11:20:22.725Z</time>
      </trkpt>
      <trkpt lat="46.9107213" lon="7.4491051">
        <ele>726.8</ele>
        <time>2026-09-10T11:20:22.725Z</time>
      </trkpt>
      <trkpt lat="46.910706" lon="7.4490904">
        <ele>726.8</ele>
        <time>2026-09-10T11:20:22.725Z</time>
      </trkpt>
      <trkpt lat="46.9106945" lon="7.4490739">
        <ele>726.8</ele>
        <time>2026-09-10T11:20:22.725Z</time>
      </trkpt>
      <trkpt lat="46.9106793" lon="7.4490525">
        <ele>726.8</ele>
        <time>2026-09-10T11:20:22.725Z</time>
      </trkpt>
      <trkpt lat="46.9106617" lon="7.449032">
        <ele>726.8</ele>
        <time>2026-09-10T11:20:22.725Z</time>
      </trkpt>
      <trkpt lat="46.9106413" lon="7.4490091">
        <ele>726.8</ele>
        <time>2026-09-10T11:20:22.725Z</time>
      </trkpt>
      <trkpt lat="46.9106225" lon="7.4489843">
        <ele>726.8</ele>
        <time>2026-09-10T11:20:22.725Z</time>
      </trkpt>
      <trkpt lat="46.9105992" lon="7.4489635">
        <ele>726.5999999999999</ele>
        <time>2026-09-10T11:20:22.725Z</time>
      </trkpt>
      <trkpt lat="46.9105759" lon="7.4489398">
        <ele>726.5999999999999</ele>
        <time>2026-09-10T11:20:22.725Z</time>
      </trkpt>
      <trkpt lat="46.910552" lon="7.4489157">
        <ele>726.5999999999999</ele>
        <time>2026-09-10T11:20:22.725Z</time>
      </trkpt>
      <trkpt lat="46.9105278" lon="7.4488979">
        <ele>726.5999999999999</ele>
        <time>2026-09-10T11:20:22.725Z</time>
      </trkpt>
      <trkpt lat="46.9105034" lon="7.4488716">
        <ele>726.5999999999999</ele>
        <time>2026-09-10T11:20:22.725Z</time>
      </trkpt>
      <trkpt lat="46.9104831" lon="7.4488456">
        <ele>726.5999999999999</ele>
        <time>2026-09-10T11:20:22.725Z</time>
      </trkpt>
      <trkpt lat="46.9104624" lon="7.4488243">
        <ele>726.5999999999999</ele>
        <time>2026-09-10T11:20:22.725Z</time>
      </trkpt>
      <trkpt lat="46.9104392" lon="7.4487976">
        <ele>726.4000000000001</ele>
        <time>2026-09-10T11:20:22.725Z</time>
      </trkpt>
      <trkpt lat="46.9104197" lon="7.4487719">
        <ele>726.4000000000001</ele>
        <time>2026-09-10T11:20:22.725Z</time>
      </trkpt>
      <trkpt lat="46.9104004" lon="7.4487414">
        <ele>726.4000000000001</ele>
        <time>2026-09-10T11:20:22.725Z</time>
      </trkpt>
      <trkpt lat="46.910382" lon="7.4487097">
        <ele>726.2</ele>
        <time>2026-09-10T11:20:22.725Z</time>
      </trkpt>
      <trkpt lat="46.9103628" lon="7.4486695">
        <ele>726</ele>
        <time>2026-09-10T11:20:22.725Z</time>
      </trkpt>
      <trkpt lat="46.9103438" lon="7.4486168">
        <ele>725.8</ele>
        <time>2026-09-10T11:20:22.725Z</time>
      </trkpt>
      <trkpt lat="46.9103279" lon="7.4485586">
        <ele>725.5999999999999</ele>
        <time>2026-09-10T11:20:22.725Z</time>
      </trkpt>
      <trkpt lat="46.9103092" lon="7.4484959">
        <ele>725.2</ele>
        <time>2026-09-10T11:20:22.725Z</time>
      </trkpt>
      <trkpt lat="46.9102941" lon="7.4484287">
        <ele>724.8</ele>
        <time>2026-09-10T11:20:22.725Z</time>
      </trkpt>
      <trkpt lat="46.9102825" lon="7.4483592">
        <ele>724.2</ele>
        <time>2026-09-10T11:20:22.725Z</time>
      </trkpt>
      <trkpt lat="46.9102672" lon="7.4482867">
        <ele>723.8</ele>
        <time>2026-09-10T11:20:22.725Z</time>
      </trkpt>
      <trkpt lat="46.9102451" lon="7.4482185">
        <ele>723.2</ele>
        <time>2026-09-10T11:20:22.725Z</time>
      </trkpt>
      <trkpt lat="46.9102335" lon="7.4481504">
        <ele>722.5999999999999</ele>
        <time>2026-09-10T11:20:22.725Z</time>
      </trkpt>
      <trkpt lat="46.9102185" lon="7.4480867">
        <ele>721.8</ele>
        <time>2026-09-10T11:20:22.725Z</time>
      </trkpt>
      <trkpt lat="46.9102028" lon="7.4480263">
        <ele>721.2</ele>
        <time>2026-09-10T11:20:22.725Z</time>
      </trkpt>
      <trkpt lat="46.9101951" lon="7.4479674">
        <ele>720.4000000000001</ele>
        <time>2026-09-10T11:20:22.725Z</time>
      </trkpt>
      <trkpt lat="46.910187" lon="7.4479081">
        <ele>719.8</ele>
        <time>2026-09-10T11:20:22.725Z</time>
      </trkpt>
      <trkpt lat="46.9101759" lon="7.4478593">
        <ele>719</ele>
        <time>2026-09-10T11:20:22.725Z</time>
      </trkpt>
      <trkpt lat="46.910168" lon="7.4478153">
        <ele>718.4000000000001</ele>
        <time>2026-09-10T11:20:22.725Z</time>
      </trkpt>
      <trkpt lat="46.9101605" lon="7.4477736">
        <ele>717.5999999999999</ele>
        <time>2026-09-10T11:20:22.725Z</time>
      </trkpt>
      <trkpt lat="46.9101564" lon="7.4477327">
        <ele>717</ele>
        <time>2026-09-10T11:20:22.725Z</time>
      </trkpt>
      <trkpt lat="46.9101563" lon="7.4476857">
        <ele>716.2</ele>
        <time>2026-09-10T11:20:22.725Z</time>
      </trkpt>
      <trkpt lat="46.9101488" lon="7.4476398">
        <ele>715.5999999999999</ele>
        <time>2026-09-10T11:20:22.725Z</time>
      </trkpt>
      <trkpt lat="46.9101414" lon="7.4475941">
        <ele>715</ele>
        <time>2026-09-10T11:20:22.725Z</time>
      </trkpt>
      <trkpt lat="46.9101296" lon="7.4475389">
        <ele>714.4000000000001</ele>
        <time>2026-09-10T11:20:22.725Z</time>
      </trkpt>
      <trkpt lat="46.9101184" lon="7.4474914">
        <ele>713.5999999999999</ele>
        <time>2026-09-10T11:20:22.725Z</time>
      </trkpt>
      <trkpt lat="46.9101078" lon="7.4474543">
        <ele>713</ele>
        <time>2026-09-10T11:20:22.725Z</time>
      </trkpt>
      <trkpt lat="46.9100992" lon="7.4474241">
        <ele>712.4000000000001</ele>
        <time>2026-09-10T11:20:22.725Z</time>
      </trkpt>
      <trkpt lat="46.9100915" lon="7.4474136">
        <ele>712</ele>
        <time>2026-09-10T11:20:22.725Z</time>
      </trkpt>
      <trkpt lat="46.9100769" lon="7.4474209">
        <ele>711</ele>
        <time>2026-09-10T11:20:22.725Z</time>
      </trkpt>
      <trkpt lat="46.9100621" lon="7.4474418">
        <ele>711</ele>
        <time>2026-09-10T11:20:22.725Z</time>
      </trkpt>
      <trkpt lat="46.910046" lon="7.4474742">
        <ele>710.8</ele>
        <time>2026-09-10T11:20:22.725Z</time>
      </trkpt>
      <trkpt lat="46.9100309" lon="7.4475072">
        <ele>710.4000000000001</ele>
        <time>2026-09-10T11:20:22.725Z</time>
      </trkpt>
      <trkpt lat="46.9100196" lon="7.4475397">
        <ele>710.2</ele>
        <time>2026-09-10T11:20:22.725Z</time>
      </trkpt>
      <trkpt lat="46.910008" lon="7.4475736">
        <ele>709.8</ele>
        <time>2026-09-10T11:20:22.725Z</time>
      </trkpt>
      <trkpt lat="46.9099926" lon="7.4476077">
        <ele>709.4000000000001</ele>
        <time>2026-09-10T11:20:22.725Z</time>
      </trkpt>
      <trkpt lat="46.9099773" lon="7.4476327">
        <ele>709</ele>
        <time>2026-09-10T11:20:22.725Z</time>
      </trkpt>
      <trkpt lat="46.9099657" lon="7.4476614">
        <ele>708.5999999999999</ele>
        <time>2026-09-10T11:20:22.725Z</time>
      </trkpt>
      <trkpt lat="46.9099589" lon="7.4476805">
        <ele>708.2</ele>
        <time>2026-09-10T11:20:22.725Z</time>
      </trkpt>
      <trkpt lat="46.9099472" lon="7.4477033">
        <ele>707.8</ele>
        <time>2026-09-10T11:20:22.725Z</time>
      </trkpt>
      <trkpt lat="46.9099428" lon="7.4477272">
        <ele>707.4000000000001</ele>
        <time>2026-09-10T11:20:22.725Z</time>
      </trkpt>
      <trkpt lat="46.9099462" lon="7.4477469">
        <ele>707</ele>
        <time>2026-09-10T11:20:22.725Z</time>
      </trkpt>
      <trkpt lat="46.9099429" lon="7.4477656">
        <ele>706.8</ele>
        <time>2026-09-10T11:20:22.725Z</time>
      </trkpt>
      <trkpt lat="46.9099389" lon="7.4477942">
        <ele>706.4000000000001</ele>
        <time>2026-09-10T11:20:22.725Z</time>
      </trkpt>
      <trkpt lat="46.9099315" lon="7.4478223">
        <ele>706</ele>
        <time>2026-09-10T11:20:22.725Z</time>
      </trkpt>
      <trkpt lat="46.9099239" lon="7.4478567">
        <ele>705.8</ele>
        <time>2026-09-10T11:20:22.725Z</time>
      </trkpt>
      <trkpt lat="46.9099129" lon="7.4478925">
        <ele>705.4000000000001</ele>
        <time>2026-09-10T11:20:22.725Z</time>
      </trkpt>
      <trkpt lat="46.9098972" lon="7.4479473">
        <ele>705</ele>
        <time>2026-09-10T11:20:22.725Z</time>
      </trkpt>
      <trkpt lat="46.9098932" lon="7.4480019">
        <ele>704.4000000000001</ele>
        <time>2026-09-10T11:20:22.725Z</time>
      </trkpt>
      <trkpt lat="46.9098836" lon="7.4480515">
        <ele>703.8</ele>
        <time>2026-09-10T11:20:22.726Z</time>
      </trkpt>
      <trkpt lat="46.9098746" lon="7.4480981">
        <ele>703.2</ele>
        <time>2026-09-10T11:20:22.726Z</time>
      </trkpt>
      <trkpt lat="46.9098702" lon="7.4481298">
        <ele>702.5999999999999</ele>
        <time>2026-09-10T11:20:22.726Z</time>
      </trkpt>
      <trkpt lat="46.9098628" lon="7.4481475">
        <ele>702</ele>
        <time>2026-09-10T11:20:22.726Z</time>
      </trkpt>
      <trkpt lat="46.9098554" lon="7.4481576">
        <ele>701.5999999999999</ele>
        <time>2026-09-10T11:20:22.726Z</time>
      </trkpt>
      <trkpt lat="46.9098513" lon="7.4481582">
        <ele>701.2</ele>
        <time>2026-09-10T11:20:22.726Z</time>
      </trkpt>
      <trkpt lat="46.90984" lon="7.4481486">
        <ele>700.8</ele>
        <time>2026-09-10T11:20:22.726Z</time>
      </trkpt>
      <trkpt lat="46.909829" lon="7.4481267">
        <ele>700.4000000000001</ele>
        <time>2026-09-10T11:20:22.726Z</time>
      </trkpt>
      <trkpt lat="46.9098219" lon="7.4480918">
        <ele>700</ele>
        <time>2026-09-10T11:20:22.726Z</time>
      </trkpt>
      <trkpt lat="46.9098134" lon="7.4480376">
        <ele>699.5999999999999</ele>
        <time>2026-09-10T11:20:22.726Z</time>
      </trkpt>
      <trkpt lat="46.9098093" lon="7.4479818">
        <ele>699.2</ele>
        <time>2026-09-10T11:20:22.726Z</time>
      </trkpt>
      <trkpt lat="46.9097947" lon="7.4479153">
        <ele>698.8</ele>
        <time>2026-09-10T11:20:22.726Z</time>
      </trkpt>
      <trkpt lat="46.9097827" lon="7.4478399">
        <ele>698.4000000000001</ele>
        <time>2026-09-10T11:20:22.726Z</time>
      </trkpt>
      <trkpt lat="46.9097714" lon="7.4477565">
        <ele>697.8</ele>
        <time>2026-09-10T11:20:22.726Z</time>
      </trkpt>
      <trkpt lat="46.9097523" lon="7.4476635">
        <ele>697.4000000000001</ele>
        <time>2026-09-10T11:20:22.726Z</time>
      </trkpt>
      <trkpt lat="46.9097409" lon="7.4475707">
        <ele>696.5999999999999</ele>
        <time>2026-09-10T11:20:22.726Z</time>
      </trkpt>
      <trkpt lat="46.9097292" lon="7.4474749">
        <ele>696</ele>
        <time>2026-09-10T11:20:22.726Z</time>
      </trkpt>
      <trkpt lat="46.9097178" lon="7.4473837">
        <ele>695.4000000000001</ele>
        <time>2026-09-10T11:20:22.726Z</time>
      </trkpt>
      <trkpt lat="46.9097062" lon="7.4472931">
        <ele>694.5999999999999</ele>
        <time>2026-09-10T11:20:22.726Z</time>
      </trkpt>
      <trkpt lat="46.9097031" lon="7.447216">
        <ele>694</ele>
        <time>2026-09-10T11:20:22.726Z</time>
      </trkpt>
      <trkpt lat="46.909695" lon="7.4470999">
        <ele>693.4000000000001</ele>
        <time>2026-09-10T11:20:22.726Z</time>
      </trkpt>
      <trkpt lat="46.9096873" lon="7.4470066">
        <ele>692.5999999999999</ele>
        <time>2026-09-10T11:20:22.726Z</time>
      </trkpt>
      <trkpt lat="46.9096834" lon="7.446919">
        <ele>692</ele>
        <time>2026-09-10T11:20:22.726Z</time>
      </trkpt>
      <trkpt lat="46.9096869" lon="7.4468284">
        <ele>691.4000000000001</ele>
        <time>2026-09-10T11:20:22.726Z</time>
      </trkpt>
      <trkpt lat="46.9096944" lon="7.4467397">
        <ele>690.8</ele>
        <time>2026-09-10T11:20:22.726Z</time>
      </trkpt>
      <trkpt lat="46.9097101" lon="7.4466526">
        <ele>690.2</ele>
        <time>2026-09-10T11:20:22.726Z</time>
      </trkpt>
      <trkpt lat="46.9097246" lon="7.446573">
        <ele>689.5999999999999</ele>
        <time>2026-09-10T11:20:22.726Z</time>
      </trkpt>
      <trkpt lat="46.9097436" lon="7.446488">
        <ele>689.2</ele>
        <time>2026-09-10T11:20:22.726Z</time>
      </trkpt>
      <trkpt lat="46.9097595" lon="7.4464019">
        <ele>689</ele>
        <time>2026-09-10T11:20:22.726Z</time>
      </trkpt>
      <trkpt lat="46.9097632" lon="7.4463191">
        <ele>688.5999999999999</ele>
        <time>2026-09-10T11:20:22.726Z</time>
      </trkpt>
      <trkpt lat="46.9097559" lon="7.4462348">
        <ele>688.2</ele>
        <time>2026-09-10T11:20:22.726Z</time>
      </trkpt>
      <trkpt lat="46.9097521" lon="7.4461599">
        <ele>688</ele>
        <time>2026-09-10T11:20:22.726Z</time>
      </trkpt>
      <trkpt lat="46.9097592" lon="7.4460926">
        <ele>688</ele>
        <time>2026-09-10T11:20:22.726Z</time>
      </trkpt>
      <trkpt lat="46.9097596" lon="7.4460297">
        <ele>687.8</ele>
        <time>2026-09-10T11:20:22.726Z</time>
      </trkpt>
      <trkpt lat="46.9097632" lon="7.4459725">
        <ele>687.8</ele>
        <time>2026-09-10T11:20:22.726Z</time>
      </trkpt>
      <trkpt lat="46.9097707" lon="7.4459187">
        <ele>687.5999999999999</ele>
        <time>2026-09-10T11:20:22.726Z</time>
      </trkpt>
      <trkpt lat="46.9097746" lon="7.4458658">
        <ele>687.5999999999999</ele>
        <time>2026-09-10T11:20:22.726Z</time>
      </trkpt>
      <trkpt lat="46.9097748" lon="7.4458158">
        <ele>687.5999999999999</ele>
        <time>2026-09-10T11:20:22.726Z</time>
      </trkpt>
      <trkpt lat="46.9097805" lon="7.4457642">
        <ele>687.4000000000001</ele>
        <time>2026-09-10T11:20:22.726Z</time>
      </trkpt>
      <trkpt lat="46.9097864" lon="7.4457127">
        <ele>687.4000000000001</ele>
        <time>2026-09-10T11:20:22.726Z</time>
      </trkpt>
      <trkpt lat="46.9097898" lon="7.4456677">
        <ele>687.2</ele>
        <time>2026-09-10T11:20:22.726Z</time>
      </trkpt>
      <trkpt lat="46.9097938" lon="7.4456159">
        <ele>687.2</ele>
        <time>2026-09-10T11:20:22.726Z</time>
      </trkpt>
      <trkpt lat="46.909798" lon="7.4455637">
        <ele>687</ele>
        <time>2026-09-10T11:20:22.726Z</time>
      </trkpt>
      <trkpt lat="46.9098052" lon="7.4455106">
        <ele>686.8</ele>
        <time>2026-09-10T11:20:22.726Z</time>
      </trkpt>
      <trkpt lat="46.9098127" lon="7.4454517">
        <ele>686.8</ele>
        <time>2026-09-10T11:20:22.726Z</time>
      </trkpt>
      <trkpt lat="46.9098165" lon="7.4453922">
        <ele>686.5999999999999</ele>
        <time>2026-09-10T11:20:22.726Z</time>
      </trkpt>
      <trkpt lat="46.9098275" lon="7.445327">
        <ele>686.4000000000001</ele>
        <time>2026-09-10T11:20:22.726Z</time>
      </trkpt>
      <trkpt lat="46.9098319" lon="7.4452586">
        <ele>686.2</ele>
        <time>2026-09-10T11:20:22.726Z</time>
      </trkpt>
      <trkpt lat="46.9098377" lon="7.4451981">
        <ele>686.2</ele>
        <time>2026-09-10T11:20:22.726Z</time>
      </trkpt>
      <trkpt lat="46.9098435" lon="7.445138">
        <ele>686</ele>
        <time>2026-09-10T11:20:22.726Z</time>
      </trkpt>
      <trkpt lat="46.9098508" lon="7.4450888">
        <ele>686</ele>
        <time>2026-09-10T11:20:22.726Z</time>
      </trkpt>
      <trkpt lat="46.9098683" lon="7.44504">
        <ele>685.8</ele>
        <time>2026-09-10T11:20:22.726Z</time>
      </trkpt>
      <trkpt lat="46.9098864" lon="7.4449912">
        <ele>685.5999999999999</ele>
        <time>2026-09-10T11:20:22.726Z</time>
      </trkpt>
      <trkpt lat="46.9099076" lon="7.4449398">
        <ele>685.4000000000001</ele>
        <time>2026-09-10T11:20:22.726Z</time>
      </trkpt>
      <trkpt lat="46.909935" lon="7.4448606">
        <ele>685</ele>
        <time>2026-09-10T11:20:22.726Z</time>
      </trkpt>
      <trkpt lat="46.9099617" lon="7.4447801">
        <ele>684.5999999999999</ele>
        <time>2026-09-10T11:20:22.726Z</time>
      </trkpt>
      <trkpt lat="46.9099617" lon="7.4446858">
        <ele>684</ele>
        <time>2026-09-10T11:20:22.726Z</time>
      </trkpt>
      <trkpt lat="46.9099617" lon="7.4445905">
        <ele>683.8</ele>
        <time>2026-09-10T11:20:22.726Z</time>
      </trkpt>
      <trkpt lat="46.909969" lon="7.4445133">
        <ele>683.4000000000001</ele>
        <time>2026-09-10T11:20:22.726Z</time>
      </trkpt>
      <trkpt lat="46.9099803" lon="7.4444525">
        <ele>683.4000000000001</ele>
        <time>2026-09-10T11:20:22.726Z</time>
      </trkpt>
      <trkpt lat="46.9099882" lon="7.4444059">
        <ele>683.4000000000001</ele>
        <time>2026-09-10T11:20:22.726Z</time>
      </trkpt>
      <trkpt lat="46.909996" lon="7.4443599">
        <ele>683.5999999999999</ele>
        <time>2026-09-10T11:20:22.726Z</time>
      </trkpt>
      <trkpt lat="46.9100036" lon="7.4443217">
        <ele>683.5999999999999</ele>
        <time>2026-09-10T11:20:22.726Z</time>
      </trkpt>
      <trkpt lat="46.9100112" lon="7.4442928">
        <ele>683.8</ele>
        <time>2026-09-10T11:20:22.726Z</time>
      </trkpt>
      <trkpt lat="46.9100188" lon="7.444264">
        <ele>684</ele>
        <time>2026-09-10T11:20:22.726Z</time>
      </trkpt>
      <trkpt lat="46.9100298" lon="7.4442412">
        <ele>684.2</ele>
        <time>2026-09-10T11:20:22.726Z</time>
      </trkpt>
      <trkpt lat="46.9100412" lon="7.4442149">
        <ele>684.4000000000001</ele>
        <time>2026-09-10T11:20:22.726Z</time>
      </trkpt>
      <trkpt lat="46.9100485" lon="7.4441912">
        <ele>684.5999999999999</ele>
        <time>2026-09-10T11:20:22.726Z</time>
      </trkpt>
      <trkpt lat="46.9100567" lon="7.4441663">
        <ele>684.8</ele>
        <time>2026-09-10T11:20:22.726Z</time>
      </trkpt>
      <trkpt lat="46.9100606" lon="7.4441384">
        <ele>685</ele>
        <time>2026-09-10T11:20:22.727Z</time>
      </trkpt>
      <trkpt lat="46.9100682" lon="7.4441142">
        <ele>685.2</ele>
        <time>2026-09-10T11:20:22.727Z</time>
      </trkpt>
      <trkpt lat="46.9100759" lon="7.4440907">
        <ele>685.4000000000001</ele>
        <time>2026-09-10T11:20:22.727Z</time>
      </trkpt>
      <trkpt lat="46.9100836" lon="7.4440671">
        <ele>685.8</ele>
        <time>2026-09-10T11:20:22.727Z</time>
      </trkpt>
      <trkpt lat="46.9100912" lon="7.4440456">
        <ele>686</ele>
        <time>2026-09-10T11:20:22.727Z</time>
      </trkpt>
      <trkpt lat="46.910099" lon="7.4440232">
        <ele>686.2</ele>
        <time>2026-09-10T11:20:22.727Z</time>
      </trkpt>
      <trkpt lat="46.9101107" lon="7.4440011">
        <ele>686.4000000000001</ele>
        <time>2026-09-10T11:20:22.727Z</time>
      </trkpt>
      <trkpt lat="46.910118" lon="7.4439839">
        <ele>686.5999999999999</ele>
        <time>2026-09-10T11:20:22.727Z</time>
      </trkpt>
      <trkpt lat="46.9101296" lon="7.4439649">
        <ele>686.8</ele>
        <time>2026-09-10T11:20:22.727Z</time>
      </trkpt>
      <trkpt lat="46.910139" lon="7.4439444">
        <ele>687</ele>
        <time>2026-09-10T11:20:22.727Z</time>
      </trkpt>
      <trkpt lat="46.9101484" lon="7.443924">
        <ele>687.2</ele>
        <time>2026-09-10T11:20:22.727Z</time>
      </trkpt>
      <trkpt lat="46.9101599" lon="7.4439012">
        <ele>687.4000000000001</ele>
        <time>2026-09-10T11:20:22.727Z</time>
      </trkpt>
      <trkpt lat="46.9101714" lon="7.4438784">
        <ele>687.5999999999999</ele>
        <time>2026-09-10T11:20:22.727Z</time>
      </trkpt>
      <trkpt lat="46.9101828" lon="7.4438601">
        <ele>687.8</ele>
        <time>2026-09-10T11:20:22.727Z</time>
      </trkpt>
      <trkpt lat="46.9101942" lon="7.4438418">
        <ele>688</ele>
        <time>2026-09-10T11:20:22.727Z</time>
      </trkpt>
      <trkpt lat="46.9102093" lon="7.4438251">
        <ele>688.2</ele>
        <time>2026-09-10T11:20:22.727Z</time>
      </trkpt>
      <trkpt lat="46.9102207" lon="7.4438105">
        <ele>688.4000000000001</ele>
        <time>2026-09-10T11:20:22.727Z</time>
      </trkpt>
      <trkpt lat="46.9102331" lon="7.4437947">
        <ele>688.5999999999999</ele>
        <time>2026-09-10T11:20:22.727Z</time>
      </trkpt>
      <trkpt lat="46.9102476" lon="7.4437802">
        <ele>688.8</ele>
        <time>2026-09-10T11:20:22.727Z</time>
      </trkpt>
      <trkpt lat="46.9102624" lon="7.443769">
        <ele>689</ele>
        <time>2026-09-10T11:20:22.727Z</time>
      </trkpt>
      <trkpt lat="46.9102751" lon="7.443756">
        <ele>689.2</ele>
        <time>2026-09-10T11:20:22.727Z</time>
      </trkpt>
      <trkpt lat="46.9102857" lon="7.4437454">
        <ele>689.2</ele>
        <time>2026-09-10T11:20:22.727Z</time>
      </trkpt>
      <trkpt lat="46.9102897" lon="7.4437419">
        <ele>689.4000000000001</ele>
        <time>2026-09-10T11:20:22.727Z</time>
      </trkpt>
      <trkpt lat="46.9102898" lon="7.4437418">
        <ele>689.5999999999999</ele>
        <time>2026-09-10T11:20:22.727Z</time>
      </trkpt>
      <trkpt lat="46.9102478" lon="7.4437585">
        <ele>689.5999999999999</ele>
        <time>2026-09-10T11:20:22.727Z</time>
      </trkpt>
      <trkpt lat="46.910237" lon="7.4437711">
        <ele>689.5999999999999</ele>
        <time>2026-09-10T11:20:22.727Z</time>
      </trkpt>
      <trkpt lat="46.9102253" lon="7.4437848">
        <ele>689.5999999999999</ele>
        <time>2026-09-10T11:20:22.727Z</time>
      </trkpt>
      <trkpt lat="46.9102105" lon="7.4437991">
        <ele>689.4000000000001</ele>
        <time>2026-09-10T11:20:22.727Z</time>
      </trkpt>
      <trkpt lat="46.9101949" lon="7.4438179">
        <ele>689.4000000000001</ele>
        <time>2026-09-10T11:20:22.727Z</time>
      </trkpt>
      <trkpt lat="46.9101833" lon="7.4438297">
        <ele>689.2</ele>
        <time>2026-09-10T11:20:22.727Z</time>
      </trkpt>
      <trkpt lat="46.9101758" lon="7.4438394">
        <ele>689</ele>
        <time>2026-09-10T11:20:22.727Z</time>
      </trkpt>
      <trkpt lat="46.9101753" lon="7.44384">
        <ele>689</ele>
        <time>2026-09-10T11:20:22.727Z</time>
      </trkpt>
      <trkpt lat="46.9101498" lon="7.4438832">
        <ele>688.4000000000001</ele>
        <time>2026-09-10T11:20:22.727Z</time>
      </trkpt>
      <trkpt lat="46.9101333" lon="7.4439151">
        <ele>688.4000000000001</ele>
        <time>2026-09-10T11:20:22.727Z</time>
      </trkpt>
      <trkpt lat="46.9101181" lon="7.4439484">
        <ele>688.2</ele>
        <time>2026-09-10T11:20:22.727Z</time>
      </trkpt>
      <trkpt lat="46.9101063" lon="7.4439824">
        <ele>688</ele>
        <time>2026-09-10T11:20:22.727Z</time>
      </trkpt>
      <trkpt lat="46.9100915" lon="7.4440149">
        <ele>687.8</ele>
        <time>2026-09-10T11:20:22.727Z</time>
      </trkpt>
      <trkpt lat="46.91008" lon="7.4440516">
        <ele>687.5999999999999</ele>
        <time>2026-09-10T11:20:22.727Z</time>
      </trkpt>
      <trkpt lat="46.9100655" lon="7.4440847">
        <ele>687.4000000000001</ele>
        <time>2026-09-10T11:20:22.727Z</time>
      </trkpt>
      <trkpt lat="46.9100571" lon="7.4441199">
        <ele>687.2</ele>
        <time>2026-09-10T11:20:22.727Z</time>
      </trkpt>
      <trkpt lat="46.9100498" lon="7.4441485">
        <ele>686.8</ele>
        <time>2026-09-10T11:20:22.727Z</time>
      </trkpt>
      <trkpt lat="46.9100347" lon="7.4441771">
        <ele>686.5999999999999</ele>
        <time>2026-09-10T11:20:22.727Z</time>
      </trkpt>
      <trkpt lat="46.9100231" lon="7.4442136">
        <ele>686.2</ele>
        <time>2026-09-10T11:20:22.727Z</time>
      </trkpt>
      <trkpt lat="46.9100114" lon="7.4442594">
        <ele>686</ele>
        <time>2026-09-10T11:20:22.727Z</time>
      </trkpt>
      <trkpt lat="46.9100001" lon="7.4443089">
        <ele>685.8</ele>
        <time>2026-09-10T11:20:22.727Z</time>
      </trkpt>
      <trkpt lat="46.9099884" lon="7.4443552">
        <ele>685.4000000000001</ele>
        <time>2026-09-10T11:20:22.727Z</time>
      </trkpt>
      <trkpt lat="46.9099883" lon="7.4443934">
        <ele>685.2</ele>
        <time>2026-09-10T11:20:22.727Z</time>
      </trkpt>
      <trkpt lat="46.9099773" lon="7.4444145">
        <ele>684.8</ele>
        <time>2026-09-10T11:20:22.727Z</time>
      </trkpt>
      <trkpt lat="46.9099656" lon="7.4444232">
        <ele>684.5999999999999</ele>
        <time>2026-09-10T11:20:22.727Z</time>
      </trkpt>
      <trkpt lat="46.9099582" lon="7.4444187">
        <ele>684.4000000000001</ele>
        <time>2026-09-10T11:20:22.727Z</time>
      </trkpt>
      <trkpt lat="46.9099541" lon="7.4444045">
        <ele>684.2</ele>
        <time>2026-09-10T11:20:22.727Z</time>
      </trkpt>
      <trkpt lat="46.9099541" lon="7.4443921">
        <ele>684</ele>
        <time>2026-09-10T11:20:22.727Z</time>
      </trkpt>
      <trkpt lat="46.9099503" lon="7.4443734">
        <ele>684</ele>
        <time>2026-09-10T11:20:22.727Z</time>
      </trkpt>
      <trkpt lat="46.9099429" lon="7.4443426">
        <ele>683.8</ele>
        <time>2026-09-10T11:20:22.727Z</time>
      </trkpt>
      <trkpt lat="46.9099388" lon="7.4443001">
        <ele>683.4000000000001</ele>
        <time>2026-09-10T11:20:22.727Z</time>
      </trkpt>
      <trkpt lat="46.9099459" lon="7.4442613">
        <ele>683.2</ele>
        <time>2026-09-10T11:20:22.727Z</time>
      </trkpt>
      <trkpt lat="46.9099537" lon="7.4442155">
        <ele>682.8</ele>
        <time>2026-09-10T11:20:22.727Z</time>
      </trkpt>
      <trkpt lat="46.9099615" lon="7.4441581">
        <ele>682.4000000000001</ele>
        <time>2026-09-10T11:20:22.727Z</time>
      </trkpt>
      <trkpt lat="46.9099731" lon="7.4440921">
        <ele>682</ele>
        <time>2026-09-10T11:20:22.727Z</time>
      </trkpt>
      <trkpt lat="46.9099846" lon="7.4440218">
        <ele>681.8</ele>
        <time>2026-09-10T11:20:22.727Z</time>
      </trkpt>
      <trkpt lat="46.9099884" lon="7.443951">
        <ele>681.4000000000001</ele>
        <time>2026-09-10T11:20:22.727Z</time>
      </trkpt>
      <trkpt lat="46.9099959" lon="7.4438891">
        <ele>681</ele>
        <time>2026-09-10T11:20:22.727Z</time>
      </trkpt>
      <trkpt lat="46.9100034" lon="7.4438351">
        <ele>680.8</ele>
        <time>2026-09-10T11:20:22.727Z</time>
      </trkpt>
      <trkpt lat="46.910015" lon="7.4437838">
        <ele>680.5999999999999</ele>
        <time>2026-09-10T11:20:22.727Z</time>
      </trkpt>
      <trkpt lat="46.9100189" lon="7.4437437">
        <ele>680.2</ele>
        <time>2026-09-10T11:20:22.727Z</time>
      </trkpt>
      <trkpt lat="46.9100265" lon="7.4437166">
        <ele>679.8</ele>
        <time>2026-09-10T11:20:22.727Z</time>
      </trkpt>
      <trkpt lat="46.9100303" lon="7.4436986">
        <ele>679.4000000000001</ele>
        <time>2026-09-10T11:20:22.727Z</time>
      </trkpt>
      <trkpt lat="46.9100341" lon="7.443695">
        <ele>679</ele>
        <time>2026-09-10T11:20:22.727Z</time>
      </trkpt>
      <trkpt lat="46.9100491" lon="7.4436188">
        <ele>677.5999999999999</ele>
        <time>2026-09-10T11:20:22.727Z</time>
      </trkpt>
      <trkpt lat="46.9100533" lon="7.4435949">
        <ele>677.4000000000001</ele>
        <time>2026-09-10T11:20:22.727Z</time>
      </trkpt>
      <trkpt lat="46.9100569" lon="7.4435852">
        <ele>677.2</ele>
        <time>2026-09-10T11:20:22.727Z</time>
      </trkpt>
      <trkpt lat="46.910057" lon="7.4435816">
        <ele>677</ele>
        <time>2026-09-10T11:20:22.727Z</time>
      </trkpt>
      <trkpt lat="46.9100647" lon="7.4435204">
        <ele>675.5999999999999</ele>
        <time>2026-09-10T11:20:22.728Z</time>
      </trkpt>
      <trkpt lat="46.9100684" lon="7.4434905">
        <ele>675.2</ele>
        <time>2026-09-10T11:20:22.728Z</time>
      </trkpt>
      <trkpt lat="46.9100723" lon="7.4434591">
        <ele>674.8</ele>
        <time>2026-09-10T11:20:22.728Z</time>
      </trkpt>
      <trkpt lat="46.9100834" lon="7.4434295">
        <ele>674.4000000000001</ele>
        <time>2026-09-10T11:20:22.728Z</time>
      </trkpt>
      <trkpt lat="46.9100953" lon="7.4433997">
        <ele>673.8</ele>
        <time>2026-09-10T11:20:22.728Z</time>
      </trkpt>
      <trkpt lat="46.9101061" lon="7.4433681">
        <ele>673.4000000000001</ele>
        <time>2026-09-10T11:20:22.728Z</time>
      </trkpt>
      <trkpt lat="46.9101175" lon="7.4433379">
        <ele>673</ele>
        <time>2026-09-10T11:20:22.728Z</time>
      </trkpt>
      <trkpt lat="46.9101294" lon="7.4433069">
        <ele>672.4000000000001</ele>
        <time>2026-09-10T11:20:22.728Z</time>
      </trkpt>
      <trkpt lat="46.9101372" lon="7.4432782">
        <ele>672</ele>
        <time>2026-09-10T11:20:22.728Z</time>
      </trkpt>
      <trkpt lat="46.9101408" lon="7.4432547">
        <ele>671.4000000000001</ele>
        <time>2026-09-10T11:20:22.728Z</time>
      </trkpt>
      <trkpt lat="46.9101447" lon="7.4432339">
        <ele>671</ele>
        <time>2026-09-10T11:20:22.728Z</time>
      </trkpt>
      <trkpt lat="46.9101486" lon="7.4432138">
        <ele>670.4000000000001</ele>
        <time>2026-09-10T11:20:22.728Z</time>
      </trkpt>
      <trkpt lat="46.9101486" lon="7.443197">
        <ele>670</ele>
        <time>2026-09-10T11:20:22.728Z</time>
      </trkpt>
      <trkpt lat="46.9101486" lon="7.4431807">
        <ele>669.5999999999999</ele>
        <time>2026-09-10T11:20:22.728Z</time>
      </trkpt>
      <trkpt lat="46.9101562" lon="7.4431603">
        <ele>669</ele>
        <time>2026-09-10T11:20:22.728Z</time>
      </trkpt>
      <trkpt lat="46.9101636" lon="7.4431409">
        <ele>668.5999999999999</ele>
        <time>2026-09-10T11:20:22.728Z</time>
      </trkpt>
      <trkpt lat="46.9101714" lon="7.4431135">
        <ele>668</ele>
        <time>2026-09-10T11:20:22.728Z</time>
      </trkpt>
      <trkpt lat="46.9101825" lon="7.443083">
        <ele>667.4000000000001</ele>
        <time>2026-09-10T11:20:22.728Z</time>
      </trkpt>
      <trkpt lat="46.9101939" lon="7.4430468">
        <ele>666.8</ele>
        <time>2026-09-10T11:20:22.728Z</time>
      </trkpt>
      <trkpt lat="46.9102054" lon="7.4430048">
        <ele>666</ele>
        <time>2026-09-10T11:20:22.728Z</time>
      </trkpt>
      <trkpt lat="46.9102172" lon="7.4429619">
        <ele>665.4000000000001</ele>
        <time>2026-09-10T11:20:22.728Z</time>
      </trkpt>
      <trkpt lat="46.9102247" lon="7.4429164">
        <ele>664.8</ele>
        <time>2026-09-10T11:20:22.728Z</time>
      </trkpt>
      <trkpt lat="46.9102286" lon="7.4428622">
        <ele>664.2</ele>
        <time>2026-09-10T11:20:22.728Z</time>
      </trkpt>
      <trkpt lat="46.9102399" lon="7.4428078">
        <ele>663.8</ele>
        <time>2026-09-10T11:20:22.728Z</time>
      </trkpt>
      <trkpt lat="46.9102512" lon="7.4427621">
        <ele>663.4000000000001</ele>
        <time>2026-09-10T11:20:22.728Z</time>
      </trkpt>
      <trkpt lat="46.9102627" lon="7.442718">
        <ele>663</ele>
        <time>2026-09-10T11:20:22.728Z</time>
      </trkpt>
      <trkpt lat="46.9102785" lon="7.4426747">
        <ele>662.5999999999999</ele>
        <time>2026-09-10T11:20:22.728Z</time>
      </trkpt>
      <trkpt lat="46.9102893" lon="7.4426348">
        <ele>662.2</ele>
        <time>2026-09-10T11:20:22.728Z</time>
      </trkpt>
      <trkpt lat="46.9103041" lon="7.4425908">
        <ele>662</ele>
        <time>2026-09-10T11:20:22.728Z</time>
      </trkpt>
      <trkpt lat="46.9103196" lon="7.442544">
        <ele>661.5999999999999</ele>
        <time>2026-09-10T11:20:22.728Z</time>
      </trkpt>
      <trkpt lat="46.9103349" lon="7.4424969">
        <ele>661.4000000000001</ele>
        <time>2026-09-10T11:20:22.728Z</time>
      </trkpt>
      <trkpt lat="46.9103507" lon="7.4424536">
        <ele>661</ele>
        <time>2026-09-10T11:20:22.728Z</time>
      </trkpt>
      <trkpt lat="46.9103612" lon="7.4424171">
        <ele>660.5999999999999</ele>
        <time>2026-09-10T11:20:22.728Z</time>
      </trkpt>
      <trkpt lat="46.9103733" lon="7.4423764">
        <ele>660.2</ele>
        <time>2026-09-10T11:20:22.728Z</time>
      </trkpt>
      <trkpt lat="46.9103848" lon="7.442341">
        <ele>659.8</ele>
        <time>2026-09-10T11:20:22.728Z</time>
      </trkpt>
      <trkpt lat="46.9103962" lon="7.4423094">
        <ele>659.4000000000001</ele>
        <time>2026-09-10T11:20:22.728Z</time>
      </trkpt>
      <trkpt lat="46.9104039" lon="7.4422798">
        <ele>659</ele>
        <time>2026-09-10T11:20:22.728Z</time>
      </trkpt>
      <trkpt lat="46.9104118" lon="7.4422502">
        <ele>658.5999999999999</ele>
        <time>2026-09-10T11:20:22.728Z</time>
      </trkpt>
      <trkpt lat="46.9104116" lon="7.4422176">
        <ele>658</ele>
        <time>2026-09-10T11:20:22.728Z</time>
      </trkpt>
      <trkpt lat="46.9104048" lon="7.4422015">
        <ele>657.8</ele>
        <time>2026-09-10T11:20:22.728Z</time>
      </trkpt>
      <trkpt lat="46.9103967" lon="7.4422035">
        <ele>657.4000000000001</ele>
        <time>2026-09-10T11:20:22.728Z</time>
      </trkpt>
      <trkpt lat="46.9103926" lon="7.4422084">
        <ele>657.2</ele>
        <time>2026-09-10T11:20:22.728Z</time>
      </trkpt>
      <trkpt lat="46.9103852" lon="7.4422216">
        <ele>656.8</ele>
        <time>2026-09-10T11:20:22.728Z</time>
      </trkpt>
      <trkpt lat="46.9103776" lon="7.4422367">
        <ele>656.8</ele>
        <time>2026-09-10T11:20:22.728Z</time>
      </trkpt>
      <trkpt lat="46.9103702" lon="7.4422512">
        <ele>656.8</ele>
        <time>2026-09-10T11:20:22.728Z</time>
      </trkpt>
      <trkpt lat="46.9103591" lon="7.4422656">
        <ele>656.5999999999999</ele>
        <time>2026-09-10T11:20:22.728Z</time>
      </trkpt>
      <trkpt lat="46.9103475" lon="7.4422875">
        <ele>656.5999999999999</ele>
        <time>2026-09-10T11:20:22.728Z</time>
      </trkpt>
      <trkpt lat="46.9103361" lon="7.4423105">
        <ele>656.5999999999999</ele>
        <time>2026-09-10T11:20:22.728Z</time>
      </trkpt>
      <trkpt lat="46.9103244" lon="7.4423359">
        <ele>656.4000000000001</ele>
        <time>2026-09-10T11:20:22.728Z</time>
      </trkpt>
      <trkpt lat="46.9103079" lon="7.442365">
        <ele>656.4000000000001</ele>
        <time>2026-09-10T11:20:22.728Z</time>
      </trkpt>
      <trkpt lat="46.9102942" lon="7.4423906">
        <ele>656.4000000000001</ele>
        <time>2026-09-10T11:20:22.728Z</time>
      </trkpt>
      <trkpt lat="46.9102786" lon="7.4424208">
        <ele>656.4000000000001</ele>
        <time>2026-09-10T11:20:22.728Z</time>
      </trkpt>
      <trkpt lat="46.9102597" lon="7.4424507">
        <ele>656.2</ele>
        <time>2026-09-10T11:20:22.728Z</time>
      </trkpt>
      <trkpt lat="46.9102378" lon="7.4424782">
        <ele>656.2</ele>
        <time>2026-09-10T11:20:22.728Z</time>
      </trkpt>
      <trkpt lat="46.9102177" lon="7.4425127">
        <ele>656.2</ele>
        <time>2026-09-10T11:20:22.728Z</time>
      </trkpt>
      <trkpt lat="46.9101942" lon="7.4425471">
        <ele>656</ele>
        <time>2026-09-10T11:20:22.728Z</time>
      </trkpt>
      <trkpt lat="46.9101707" lon="7.4425828">
        <ele>656</ele>
        <time>2026-09-10T11:20:22.728Z</time>
      </trkpt>
      <trkpt lat="46.9101454" lon="7.4426175">
        <ele>655.8</ele>
        <time>2026-09-10T11:20:22.728Z</time>
      </trkpt>
      <trkpt lat="46.9101224" lon="7.4426543">
        <ele>655.5999999999999</ele>
        <time>2026-09-10T11:20:22.728Z</time>
      </trkpt>
      <trkpt lat="46.9100936" lon="7.442686">
        <ele>655.5999999999999</ele>
        <time>2026-09-10T11:20:22.728Z</time>
      </trkpt>
      <trkpt lat="46.9100585" lon="7.4427154">
        <ele>655.4000000000001</ele>
        <time>2026-09-10T11:20:22.728Z</time>
      </trkpt>
      <trkpt lat="46.9100264" lon="7.4427434">
        <ele>655.2</ele>
        <time>2026-09-10T11:20:22.728Z</time>
      </trkpt>
      <trkpt lat="46.9099944" lon="7.4427607">
        <ele>655</ele>
        <time>2026-09-10T11:20:22.728Z</time>
      </trkpt>
      <trkpt lat="46.9099668" lon="7.4427728">
        <ele>654.5999999999999</ele>
        <time>2026-09-10T11:20:22.728Z</time>
      </trkpt>
      <trkpt lat="46.9099394" lon="7.4427845">
        <ele>654.4000000000001</ele>
        <time>2026-09-10T11:20:22.728Z</time>
      </trkpt>
      <trkpt lat="46.909916" lon="7.4427933">
        <ele>654</ele>
        <time>2026-09-10T11:20:22.728Z</time>
      </trkpt>
      <trkpt lat="46.9098962" lon="7.4427949">
        <ele>653.8</ele>
        <time>2026-09-10T11:20:22.728Z</time>
      </trkpt>
      <trkpt lat="46.9098745" lon="7.4427999">
        <ele>653.4000000000001</ele>
        <time>2026-09-10T11:20:22.728Z</time>
      </trkpt>
      <trkpt lat="46.9098558" lon="7.4428077">
        <ele>653.2</ele>
        <time>2026-09-10T11:20:22.728Z</time>
      </trkpt>
      <trkpt lat="46.9098394" lon="7.4428288">
        <ele>653</ele>
        <time>2026-09-10T11:20:22.728Z</time>
      </trkpt>
      <trkpt lat="46.9098326" lon="7.4428466">
        <ele>653</ele>
        <time>2026-09-10T11:20:22.728Z</time>
      </trkpt>
      <trkpt lat="46.9098283" lon="7.4428565">
        <ele>652.8</ele>
        <time>2026-09-10T11:20:22.728Z</time>
      </trkpt>
      <trkpt lat="46.9098282" lon="7.4428568">
        <ele>652.8</ele>
        <time>2026-09-10T11:20:22.728Z</time>
      </trkpt>
      <trkpt lat="46.909817" lon="7.442891">
        <ele>652.5999999999999</ele>
        <time>2026-09-10T11:20:22.728Z</time>
      </trkpt>
      <trkpt lat="46.909813" lon="7.442908">
        <ele>652.5999999999999</ele>
        <time>2026-09-10T11:20:22.728Z</time>
      </trkpt>
      <trkpt lat="46.9098129" lon="7.4429301">
        <ele>652.8</ele>
        <time>2026-09-10T11:20:22.728Z</time>
      </trkpt>
      <trkpt lat="46.9098128" lon="7.4429526">
        <ele>652.8</ele>
        <time>2026-09-10T11:20:22.728Z</time>
      </trkpt>
      <trkpt lat="46.9098093" lon="7.4429711">
        <ele>653</ele>
        <time>2026-09-10T11:20:22.728Z</time>
      </trkpt>
      <trkpt lat="46.9098091" lon="7.4429915">
        <ele>653.2</ele>
        <time>2026-09-10T11:20:22.728Z</time>
      </trkpt>
      <trkpt lat="46.9098053" lon="7.4430132">
        <ele>653.4000000000001</ele>
        <time>2026-09-10T11:20:22.728Z</time>
      </trkpt>
      <trkpt lat="46.9098016" lon="7.4430325">
        <ele>653.5999999999999</ele>
        <time>2026-09-10T11:20:22.728Z</time>
      </trkpt>
      <trkpt lat="46.9097943" lon="7.4430521">
        <ele>653.8</ele>
        <time>2026-09-10T11:20:22.728Z</time>
      </trkpt>
      <trkpt lat="46.9097902" lon="7.4430739">
        <ele>654</ele>
        <time>2026-09-10T11:20:22.728Z</time>
      </trkpt>
      <trkpt lat="46.9097829" lon="7.4430923">
        <ele>654.2</ele>
        <time>2026-09-10T11:20:22.728Z</time>
      </trkpt>
      <trkpt lat="46.9097749" lon="7.4431129">
        <ele>654.4000000000001</ele>
        <time>2026-09-10T11:20:22.728Z</time>
      </trkpt>
      <trkpt lat="46.9097711" lon="7.4431306">
        <ele>654.5999999999999</ele>
        <time>2026-09-10T11:20:22.728Z</time>
      </trkpt>
      <trkpt lat="46.9097635" lon="7.4431511">
        <ele>654.8</ele>
        <time>2026-09-10T11:20:22.728Z</time>
      </trkpt>
      <trkpt lat="46.9097596" lon="7.4431709">
        <ele>655</ele>
        <time>2026-09-10T11:20:22.728Z</time>
      </trkpt>
      <trkpt lat="46.9097523" lon="7.4431904">
        <ele>655.2</ele>
        <time>2026-09-10T11:20:22.728Z</time>
      </trkpt>
      <trkpt lat="46.9097446" lon="7.4432125">
        <ele>655.4000000000001</ele>
        <time>2026-09-10T11:20:22.728Z</time>
      </trkpt>
      <trkpt lat="46.9097363" lon="7.4432361">
        <ele>655.5999999999999</ele>
        <time>2026-09-10T11:20:22.728Z</time>
      </trkpt>
      <trkpt lat="46.9097295" lon="7.4432566">
        <ele>655.5999999999999</ele>
        <time>2026-09-10T11:20:22.728Z</time>
      </trkpt>
      <trkpt lat="46.9097217" lon="7.4432775">
        <ele>655.8</ele>
        <time>2026-09-10T11:20:22.728Z</time>
      </trkpt>
      <trkpt lat="46.9097104" lon="7.4433007">
        <ele>656</ele>
        <time>2026-09-10T11:20:22.728Z</time>
      </trkpt>
      <trkpt lat="46.9097026" lon="7.4433256">
        <ele>656</ele>
        <time>2026-09-10T11:20:22.728Z</time>
      </trkpt>
      <trkpt lat="46.9096913" lon="7.4433474">
        <ele>656.2</ele>
        <time>2026-09-10T11:20:22.728Z</time>
      </trkpt>
      <trkpt lat="46.9096837" lon="7.4433717">
        <ele>656.4000000000001</ele>
        <time>2026-09-10T11:20:22.728Z</time>
      </trkpt>
      <trkpt lat="46.9096761" lon="7.4433968">
        <ele>656.4000000000001</ele>
        <time>2026-09-10T11:20:22.728Z</time>
      </trkpt>
      <trkpt lat="46.9096682" lon="7.4434194">
        <ele>656.5999999999999</ele>
        <time>2026-09-10T11:20:22.728Z</time>
      </trkpt>
      <trkpt lat="46.9096565" lon="7.4434438">
        <ele>656.8</ele>
        <time>2026-09-10T11:20:22.728Z</time>
      </trkpt>
      <trkpt lat="46.9096529" lon="7.4434691">
        <ele>657</ele>
        <time>2026-09-10T11:20:22.728Z</time>
      </trkpt>
      <trkpt lat="46.9096454" lon="7.4434956">
        <ele>657</ele>
        <time>2026-09-10T11:20:22.728Z</time>
      </trkpt>
      <trkpt lat="46.9096409" lon="7.4435214">
        <ele>657.2</ele>
        <time>2026-09-10T11:20:22.728Z</time>
      </trkpt>
      <trkpt lat="46.9096339" lon="7.4435427">
        <ele>657.4000000000001</ele>
        <time>2026-09-10T11:20:22.728Z</time>
      </trkpt>
      <trkpt lat="46.90963" lon="7.4435642">
        <ele>657.4000000000001</ele>
        <time>2026-09-10T11:20:22.728Z</time>
      </trkpt>
      <trkpt lat="46.9096223" lon="7.4435878">
        <ele>657.5999999999999</ele>
        <time>2026-09-10T11:20:22.728Z</time>
      </trkpt>
      <trkpt lat="46.9096185" lon="7.4436109">
        <ele>657.8</ele>
        <time>2026-09-10T11:20:22.728Z</time>
      </trkpt>
      <trkpt lat="46.9096148" lon="7.4436336">
        <ele>658</ele>
        <time>2026-09-10T11:20:22.728Z</time>
      </trkpt>
      <trkpt lat="46.9096073" lon="7.4436585">
        <ele>658.2</ele>
        <time>2026-09-10T11:20:22.728Z</time>
      </trkpt>
      <trkpt lat="46.9095997" lon="7.4436836">
        <ele>658.2</ele>
        <time>2026-09-10T11:20:22.729Z</time>
      </trkpt>
      <trkpt lat="46.9095921" lon="7.4437116">
        <ele>658.2</ele>
        <time>2026-09-10T11:20:22.729Z</time>
      </trkpt>
      <trkpt lat="46.9095881" lon="7.4437369">
        <ele>658.4000000000001</ele>
        <time>2026-09-10T11:20:22.729Z</time>
      </trkpt>
      <trkpt lat="46.9095843" lon="7.4437603">
        <ele>658.4000000000001</ele>
        <time>2026-09-10T11:20:22.729Z</time>
      </trkpt>
      <trkpt lat="46.9095767" lon="7.4437854">
        <ele>658.4000000000001</ele>
        <time>2026-09-10T11:20:22.729Z</time>
      </trkpt>
      <trkpt lat="46.9095656" lon="7.4438105">
        <ele>658.5999999999999</ele>
        <time>2026-09-10T11:20:22.729Z</time>
      </trkpt>
      <trkpt lat="46.9095578" lon="7.4438383">
        <ele>658.5999999999999</ele>
        <time>2026-09-10T11:20:22.729Z</time>
      </trkpt>
      <trkpt lat="46.9095499" lon="7.443866">
        <ele>658.5999999999999</ele>
        <time>2026-09-10T11:20:22.729Z</time>
      </trkpt>
      <trkpt lat="46.9095389" lon="7.4438933">
        <ele>658.5999999999999</ele>
        <time>2026-09-10T11:20:22.729Z</time>
      </trkpt>
      <trkpt lat="46.9095276" lon="7.4439246">
        <ele>658.5999999999999</ele>
        <time>2026-09-10T11:20:22.729Z</time>
      </trkpt>
      <trkpt lat="46.9095161" lon="7.4439581">
        <ele>658.5999999999999</ele>
        <time>2026-09-10T11:20:22.729Z</time>
      </trkpt>
      <trkpt lat="46.9095044" lon="7.4439921">
        <ele>658.5999999999999</ele>
        <time>2026-09-10T11:20:22.729Z</time>
      </trkpt>
      <trkpt lat="46.9094933" lon="7.444026">
        <ele>658.5999999999999</ele>
        <time>2026-09-10T11:20:22.729Z</time>
      </trkpt>
      <trkpt lat="46.9094815" lon="7.4440617">
        <ele>658.4000000000001</ele>
        <time>2026-09-10T11:20:22.729Z</time>
      </trkpt>
      <trkpt lat="46.9094702" lon="7.4440948">
        <ele>658.4000000000001</ele>
        <time>2026-09-10T11:20:22.729Z</time>
      </trkpt>
      <trkpt lat="46.9094587" lon="7.4441282">
        <ele>658.4000000000001</ele>
        <time>2026-09-10T11:20:22.729Z</time>
      </trkpt>
      <trkpt lat="46.9094512" lon="7.4441637">
        <ele>658.4000000000001</ele>
        <time>2026-09-10T11:20:22.729Z</time>
      </trkpt>
      <trkpt lat="46.9094395" lon="7.4442032">
        <ele>658.4000000000001</ele>
        <time>2026-09-10T11:20:22.729Z</time>
      </trkpt>
      <trkpt lat="46.9094319" lon="7.4442394">
        <ele>658.4000000000001</ele>
        <time>2026-09-10T11:20:22.729Z</time>
      </trkpt>
      <trkpt lat="46.9094208" lon="7.4442758">
        <ele>658.4000000000001</ele>
        <time>2026-09-10T11:20:22.729Z</time>
      </trkpt>
      <trkpt lat="46.9094129" lon="7.4443159">
        <ele>658.4000000000001</ele>
        <time>2026-09-10T11:20:22.729Z</time>
      </trkpt>
      <trkpt lat="46.9094053" lon="7.4443528">
        <ele>658.4000000000001</ele>
        <time>2026-09-10T11:20:22.729Z</time>
      </trkpt>
      <trkpt lat="46.9093941" lon="7.4443891">
        <ele>658.2</ele>
        <time>2026-09-10T11:20:22.729Z</time>
      </trkpt>
      <trkpt lat="46.9093861" lon="7.4444246">
        <ele>658.4000000000001</ele>
        <time>2026-09-10T11:20:22.729Z</time>
      </trkpt>
      <trkpt lat="46.909379" lon="7.4444585">
        <ele>658.4000000000001</ele>
        <time>2026-09-10T11:20:22.729Z</time>
      </trkpt>
      <trkpt lat="46.9093694" lon="7.4444958">
        <ele>658.4000000000001</ele>
        <time>2026-09-10T11:20:22.729Z</time>
      </trkpt>
      <trkpt lat="46.9093592" lon="7.4445337">
        <ele>658.4000000000001</ele>
        <time>2026-09-10T11:20:22.729Z</time>
      </trkpt>
      <trkpt lat="46.9093517" lon="7.4445698">
        <ele>658.4000000000001</ele>
        <time>2026-09-10T11:20:22.729Z</time>
      </trkpt>
      <trkpt lat="46.9093441" lon="7.4446083">
        <ele>658.5999999999999</ele>
        <time>2026-09-10T11:20:22.729Z</time>
      </trkpt>
      <trkpt lat="46.9093363" lon="7.4446428">
        <ele>658.5999999999999</ele>
        <time>2026-09-10T11:20:22.729Z</time>
      </trkpt>
      <trkpt lat="46.909329" lon="7.4446761">
        <ele>658.8</ele>
        <time>2026-09-10T11:20:22.729Z</time>
      </trkpt>
      <trkpt lat="46.9093247" lon="7.4447091">
        <ele>658.8</ele>
        <time>2026-09-10T11:20:22.729Z</time>
      </trkpt>
      <trkpt lat="46.9093175" lon="7.4447398">
        <ele>659</ele>
        <time>2026-09-10T11:20:22.729Z</time>
      </trkpt>
      <trkpt lat="46.9093135" lon="7.4447698">
        <ele>659.2</ele>
        <time>2026-09-10T11:20:22.729Z</time>
      </trkpt>
      <trkpt lat="46.9093096" lon="7.4447968">
        <ele>659.2</ele>
        <time>2026-09-10T11:20:22.729Z</time>
      </trkpt>
      <trkpt lat="46.9093022" lon="7.4448251">
        <ele>659.4000000000001</ele>
        <time>2026-09-10T11:20:22.729Z</time>
      </trkpt>
      <trkpt lat="46.9092982" lon="7.4448534">
        <ele>659.5999999999999</ele>
        <time>2026-09-10T11:20:22.729Z</time>
      </trkpt>
      <trkpt lat="46.9092903" lon="7.4448813">
        <ele>659.5999999999999</ele>
        <time>2026-09-10T11:20:22.729Z</time>
      </trkpt>
      <trkpt lat="46.9092828" lon="7.4449077">
        <ele>659.8</ele>
        <time>2026-09-10T11:20:22.729Z</time>
      </trkpt>
      <trkpt lat="46.9092753" lon="7.4449339">
        <ele>659.8</ele>
        <time>2026-09-10T11:20:22.729Z</time>
      </trkpt>
      <trkpt lat="46.9092714" lon="7.4449639">
        <ele>660</ele>
        <time>2026-09-10T11:20:22.729Z</time>
      </trkpt>
      <trkpt lat="46.9092639" lon="7.4449938">
        <ele>660</ele>
        <time>2026-09-10T11:20:22.729Z</time>
      </trkpt>
      <trkpt lat="46.9092602" lon="7.4450222">
        <ele>660</ele>
        <time>2026-09-10T11:20:22.729Z</time>
      </trkpt>
      <trkpt lat="46.9092494" lon="7.4450522">
        <ele>660</ele>
        <time>2026-09-10T11:20:22.729Z</time>
      </trkpt>
      <trkpt lat="46.9092447" lon="7.4450852">
        <ele>660</ele>
        <time>2026-09-10T11:20:22.729Z</time>
      </trkpt>
      <trkpt lat="46.9092374" lon="7.4451161">
        <ele>660</ele>
        <time>2026-09-10T11:20:22.729Z</time>
      </trkpt>
      <trkpt lat="46.9092299" lon="7.4451459">
        <ele>660</ele>
        <time>2026-09-10T11:20:22.729Z</time>
      </trkpt>
      <trkpt lat="46.9092224" lon="7.4451759">
        <ele>660.2</ele>
        <time>2026-09-10T11:20:22.729Z</time>
      </trkpt>
      <trkpt lat="46.9092146" lon="7.4452075">
        <ele>660.2</ele>
        <time>2026-09-10T11:20:22.729Z</time>
      </trkpt>
      <trkpt lat="46.9092105" lon="7.4452397">
        <ele>660.4000000000001</ele>
        <time>2026-09-10T11:20:22.729Z</time>
      </trkpt>
      <trkpt lat="46.9092066" lon="7.4452718">
        <ele>660.4000000000001</ele>
        <time>2026-09-10T11:20:22.729Z</time>
      </trkpt>
      <trkpt lat="46.9092029" lon="7.4453019">
        <ele>660.4000000000001</ele>
        <time>2026-09-10T11:20:22.730Z</time>
      </trkpt>
      <trkpt lat="46.9091954" lon="7.445335">
        <ele>660.4000000000001</ele>
        <time>2026-09-10T11:20:22.730Z</time>
      </trkpt>
      <trkpt lat="46.9091913" lon="7.4453669">
        <ele>660.5999999999999</ele>
        <time>2026-09-10T11:20:22.730Z</time>
      </trkpt>
      <trkpt lat="46.9091876" lon="7.4453961">
        <ele>660.5999999999999</ele>
        <time>2026-09-10T11:20:22.730Z</time>
      </trkpt>
      <trkpt lat="46.9091837" lon="7.4454268">
        <ele>660.8</ele>
        <time>2026-09-10T11:20:22.730Z</time>
      </trkpt>
      <trkpt lat="46.9091799" lon="7.4454587">
        <ele>660.8</ele>
        <time>2026-09-10T11:20:22.730Z</time>
      </trkpt>
      <trkpt lat="46.909176" lon="7.4454904">
        <ele>661</ele>
        <time>2026-09-10T11:20:22.730Z</time>
      </trkpt>
      <trkpt lat="46.9091723" lon="7.4455199">
        <ele>661.2</ele>
        <time>2026-09-10T11:20:22.730Z</time>
      </trkpt>
      <trkpt lat="46.9091684" lon="7.445551">
        <ele>661.2</ele>
        <time>2026-09-10T11:20:22.730Z</time>
      </trkpt>
      <trkpt lat="46.9091615" lon="7.445581">
        <ele>661.4000000000001</ele>
        <time>2026-09-10T11:20:22.730Z</time>
      </trkpt>
      <trkpt lat="46.9091571" lon="7.4456148">
        <ele>661.4000000000001</ele>
        <time>2026-09-10T11:20:22.730Z</time>
      </trkpt>
      <trkpt lat="46.9091532" lon="7.4456492">
        <ele>661.4000000000001</ele>
        <time>2026-09-10T11:20:22.730Z</time>
      </trkpt>
      <trkpt lat="46.9091461" lon="7.4456804">
        <ele>661.4000000000001</ele>
        <time>2026-09-10T11:20:22.730Z</time>
      </trkpt>
      <trkpt lat="46.9091417" lon="7.4457132">
        <ele>661.2</ele>
        <time>2026-09-10T11:20:22.730Z</time>
      </trkpt>
      <trkpt lat="46.9091416" lon="7.4457495">
        <ele>661.2</ele>
        <time>2026-09-10T11:20:22.730Z</time>
      </trkpt>
      <trkpt lat="46.9091344" lon="7.4457812">
        <ele>661.4000000000001</ele>
        <time>2026-09-10T11:20:22.730Z</time>
      </trkpt>
      <trkpt lat="46.9091302" lon="7.4458184">
        <ele>661.4000000000001</ele>
        <time>2026-09-10T11:20:22.730Z</time>
      </trkpt>
      <trkpt lat="46.9091301" lon="7.4458511">
        <ele>661.4000000000001</ele>
        <time>2026-09-10T11:20:22.730Z</time>
      </trkpt>
      <trkpt lat="46.9091265" lon="7.4458867">
        <ele>661.4000000000001</ele>
        <time>2026-09-10T11:20:22.730Z</time>
      </trkpt>
      <trkpt lat="46.9091226" lon="7.4459223">
        <ele>661.5999999999999</ele>
        <time>2026-09-10T11:20:22.730Z</time>
      </trkpt>
      <trkpt lat="46.9091188" lon="7.4459574">
        <ele>661.5999999999999</ele>
        <time>2026-09-10T11:20:22.730Z</time>
      </trkpt>
      <trkpt lat="46.9091152" lon="7.4459891">
        <ele>661.5999999999999</ele>
        <time>2026-09-10T11:20:22.730Z</time>
      </trkpt>
      <trkpt lat="46.9091074" lon="7.4460229">
        <ele>661.5999999999999</ele>
        <time>2026-09-10T11:20:22.730Z</time>
      </trkpt>
      <trkpt lat="46.9091036" lon="7.4460519">
        <ele>661.8</ele>
        <time>2026-09-10T11:20:22.730Z</time>
      </trkpt>
      <trkpt lat="46.9090999" lon="7.4460826">
        <ele>661.8</ele>
        <time>2026-09-10T11:20:22.730Z</time>
      </trkpt>
      <trkpt lat="46.909096" lon="7.4461151">
        <ele>661.8</ele>
        <time>2026-09-10T11:20:22.730Z</time>
      </trkpt>
      <trkpt lat="46.9090921" lon="7.4461454">
        <ele>662</ele>
        <time>2026-09-10T11:20:22.730Z</time>
      </trkpt>
      <trkpt lat="46.9090886" lon="7.4461745">
        <ele>662</ele>
        <time>2026-09-10T11:20:22.730Z</time>
      </trkpt>
      <trkpt lat="46.9090846" lon="7.4462089">
        <ele>662</ele>
        <time>2026-09-10T11:20:22.730Z</time>
      </trkpt>
      <trkpt lat="46.9090806" lon="7.4462441">
        <ele>662</ele>
        <time>2026-09-10T11:20:22.730Z</time>
      </trkpt>
      <trkpt lat="46.9090805" lon="7.4462771">
        <ele>662</ele>
        <time>2026-09-10T11:20:22.730Z</time>
      </trkpt>
      <trkpt lat="46.9090805" lon="7.446308">
        <ele>662</ele>
        <time>2026-09-10T11:20:22.730Z</time>
      </trkpt>
      <trkpt lat="46.9090768" lon="7.4463427">
        <ele>662.2</ele>
        <time>2026-09-10T11:20:22.730Z</time>
      </trkpt>
      <trkpt lat="46.9090804" lon="7.4463721">
        <ele>662.2</ele>
        <time>2026-09-10T11:20:22.730Z</time>
      </trkpt>
      <trkpt lat="46.9090805" lon="7.4464011">
        <ele>662.2</ele>
        <time>2026-09-10T11:20:22.730Z</time>
      </trkpt>
      <trkpt lat="46.9090805" lon="7.4464308">
        <ele>662.2</ele>
        <time>2026-09-10T11:20:22.730Z</time>
      </trkpt>
      <trkpt lat="46.9090842" lon="7.4464622">
        <ele>662.4000000000001</ele>
        <time>2026-09-10T11:20:22.730Z</time>
      </trkpt>
      <trkpt lat="46.9090806" lon="7.4464922">
        <ele>662.4000000000001</ele>
        <time>2026-09-10T11:20:22.730Z</time>
      </trkpt>
      <trkpt lat="46.9090841" lon="7.446522">
        <ele>662.5999999999999</ele>
        <time>2026-09-10T11:20:22.730Z</time>
      </trkpt>
      <trkpt lat="46.9090843" lon="7.4465482">
        <ele>662.5999999999999</ele>
        <time>2026-09-10T11:20:22.730Z</time>
      </trkpt>
      <trkpt lat="46.9090881" lon="7.4465746">
        <ele>662.8</ele>
        <time>2026-09-10T11:20:22.730Z</time>
      </trkpt>
      <trkpt lat="46.9090918" lon="7.4465955">
        <ele>662.8</ele>
        <time>2026-09-10T11:20:22.730Z</time>
      </trkpt>
      <trkpt lat="46.9090993" lon="7.446616">
        <ele>663</ele>
        <time>2026-09-10T11:20:22.730Z</time>
      </trkpt>
      <trkpt lat="46.9090996" lon="7.4466361">
        <ele>663.2</ele>
        <time>2026-09-10T11:20:22.730Z</time>
      </trkpt>
      <trkpt lat="46.9090958" lon="7.4466611">
        <ele>663.2</ele>
        <time>2026-09-10T11:20:22.730Z</time>
      </trkpt>
      <trkpt lat="46.9090924" lon="7.4466885">
        <ele>663.2</ele>
        <time>2026-09-10T11:20:22.730Z</time>
      </trkpt>
      <trkpt lat="46.9090846" lon="7.4467256">
        <ele>663.2</ele>
        <time>2026-09-10T11:20:22.731Z</time>
      </trkpt>
      <trkpt lat="46.9090769" lon="7.4467671">
        <ele>663.2</ele>
        <time>2026-09-10T11:20:22.731Z</time>
      </trkpt>
      <trkpt lat="46.9090693" lon="7.4468137">
        <ele>663</ele>
        <time>2026-09-10T11:20:22.731Z</time>
      </trkpt>
      <trkpt lat="46.9090618" lon="7.4468631">
        <ele>663</ele>
        <time>2026-09-10T11:20:22.731Z</time>
      </trkpt>
      <trkpt lat="46.9090541" lon="7.4469196">
        <ele>662.8</ele>
        <time>2026-09-10T11:20:22.731Z</time>
      </trkpt>
      <trkpt lat="46.9090465" lon="7.4469776">
        <ele>662.5999999999999</ele>
        <time>2026-09-10T11:20:22.731Z</time>
      </trkpt>
      <trkpt lat="46.9090386" lon="7.4470408">
        <ele>662.4000000000001</ele>
        <time>2026-09-10T11:20:22.731Z</time>
      </trkpt>
      <trkpt lat="46.9090279" lon="7.4471006">
        <ele>662.2</ele>
        <time>2026-09-10T11:20:22.731Z</time>
      </trkpt>
      <trkpt lat="46.9090198" lon="7.4471628">
        <ele>662</ele>
        <time>2026-09-10T11:20:22.731Z</time>
      </trkpt>
      <trkpt lat="46.9090085" lon="7.4472239">
        <ele>662</ele>
        <time>2026-09-10T11:20:22.731Z</time>
      </trkpt>
      <trkpt lat="46.9090007" lon="7.4472811">
        <ele>661.8</ele>
        <time>2026-09-10T11:20:22.731Z</time>
      </trkpt>
      <trkpt lat="46.9089932" lon="7.4473335">
        <ele>661.8</ele>
        <time>2026-09-10T11:20:22.731Z</time>
      </trkpt>
      <trkpt lat="46.9089853" lon="7.4473836">
        <ele>661.5999999999999</ele>
        <time>2026-09-10T11:20:22.731Z</time>
      </trkpt>
      <trkpt lat="46.9089778" lon="7.4474268">
        <ele>661.5999999999999</ele>
        <time>2026-09-10T11:20:22.731Z</time>
      </trkpt>
      <trkpt lat="46.9089665" lon="7.4474666">
        <ele>661.4000000000001</ele>
        <time>2026-09-10T11:20:22.731Z</time>
      </trkpt>
      <trkpt lat="46.9089515" lon="7.4475051">
        <ele>661.4000000000001</ele>
        <time>2026-09-10T11:20:22.731Z</time>
      </trkpt>
      <trkpt lat="46.9089323" lon="7.4475407">
        <ele>661.4000000000001</ele>
        <time>2026-09-10T11:20:22.731Z</time>
      </trkpt>
      <trkpt lat="46.9089037" lon="7.4475693">
        <ele>661.2</ele>
        <time>2026-09-10T11:20:22.731Z</time>
      </trkpt>
      <trkpt lat="46.908864" lon="7.4475978">
        <ele>661</ele>
        <time>2026-09-10T11:20:22.731Z</time>
      </trkpt>
      <trkpt lat="46.9088169" lon="7.4476109">
        <ele>660.8</ele>
        <time>2026-09-10T11:20:22.731Z</time>
      </trkpt>
      <trkpt lat="46.9087672" lon="7.4476087">
        <ele>660.4000000000001</ele>
        <time>2026-09-10T11:20:22.731Z</time>
      </trkpt>
      <trkpt lat="46.9087196" lon="7.447602">
        <ele>660.2</ele>
        <time>2026-09-10T11:20:22.731Z</time>
      </trkpt>
      <trkpt lat="46.908678" lon="7.447605">
        <ele>660</ele>
        <time>2026-09-10T11:20:22.731Z</time>
      </trkpt>
      <trkpt lat="46.9086416" lon="7.4476215">
        <ele>659.8</ele>
        <time>2026-09-10T11:20:22.731Z</time>
      </trkpt>
      <trkpt lat="46.9086129" lon="7.4476595">
        <ele>659.5999999999999</ele>
        <time>2026-09-10T11:20:22.731Z</time>
      </trkpt>
      <trkpt lat="46.9085968" lon="7.4477075">
        <ele>659.4000000000001</ele>
        <time>2026-09-10T11:20:22.731Z</time>
      </trkpt>
      <trkpt lat="46.9085925" lon="7.4477604">
        <ele>659.4000000000001</ele>
        <time>2026-09-10T11:20:22.731Z</time>
      </trkpt>
      <trkpt lat="46.9085886" lon="7.4478152">
        <ele>659.2</ele>
        <time>2026-09-10T11:20:22.731Z</time>
      </trkpt>
      <trkpt lat="46.908581" lon="7.447867">
        <ele>659.4000000000001</ele>
        <time>2026-09-10T11:20:22.731Z</time>
      </trkpt>
      <trkpt lat="46.9085736" lon="7.4479168">
        <ele>659.4000000000001</ele>
        <time>2026-09-10T11:20:22.731Z</time>
      </trkpt>
      <trkpt lat="46.908562" lon="7.4479691">
        <ele>659.5999999999999</ele>
        <time>2026-09-10T11:20:22.731Z</time>
      </trkpt>
      <trkpt lat="46.9085542" lon="7.4480174">
        <ele>659.5999999999999</ele>
        <time>2026-09-10T11:20:22.731Z</time>
      </trkpt>
      <trkpt lat="46.9085468" lon="7.448066">
        <ele>659.5999999999999</ele>
        <time>2026-09-10T11:20:22.731Z</time>
      </trkpt>
      <trkpt lat="46.9085428" lon="7.4481147">
        <ele>659.5999999999999</ele>
        <time>2026-09-10T11:20:22.731Z</time>
      </trkpt>
      <trkpt lat="46.908539" lon="7.4481651">
        <ele>659.8</ele>
        <time>2026-09-10T11:20:22.731Z</time>
      </trkpt>
      <trkpt lat="46.9085354" lon="7.4482083">
        <ele>659.8</ele>
        <time>2026-09-10T11:20:22.731Z</time>
      </trkpt>
      <trkpt lat="46.9085281" lon="7.4482575">
        <ele>660</ele>
        <time>2026-09-10T11:20:22.731Z</time>
      </trkpt>
      <trkpt lat="46.9085237" lon="7.4483048">
        <ele>660</ele>
        <time>2026-09-10T11:20:22.731Z</time>
      </trkpt>
      <trkpt lat="46.9085164" lon="7.4483488">
        <ele>660.2</ele>
        <time>2026-09-10T11:20:22.731Z</time>
      </trkpt>
      <trkpt lat="46.9085089" lon="7.4483933">
        <ele>660.2</ele>
        <time>2026-09-10T11:20:22.731Z</time>
      </trkpt>
      <trkpt lat="46.9084972" lon="7.4484387">
        <ele>660.4000000000001</ele>
        <time>2026-09-10T11:20:22.731Z</time>
      </trkpt>
      <trkpt lat="46.9084898" lon="7.4484803">
        <ele>660.4000000000001</ele>
        <time>2026-09-10T11:20:22.731Z</time>
      </trkpt>
      <trkpt lat="46.9084821" lon="7.4485223">
        <ele>660.5999999999999</ele>
        <time>2026-09-10T11:20:22.731Z</time>
      </trkpt>
      <trkpt lat="46.9084708" lon="7.4485627">
        <ele>660.5999999999999</ele>
        <time>2026-09-10T11:20:22.732Z</time>
      </trkpt>
      <trkpt lat="46.9084629" lon="7.4486031">
        <ele>660.8</ele>
        <time>2026-09-10T11:20:22.732Z</time>
      </trkpt>
      <trkpt lat="46.9084554" lon="7.4486404">
        <ele>661</ele>
        <time>2026-09-10T11:20:22.732Z</time>
      </trkpt>
      <trkpt lat="46.9084438" lon="7.4486776">
        <ele>661.2</ele>
        <time>2026-09-10T11:20:22.732Z</time>
      </trkpt>
      <trkpt lat="46.9084327" lon="7.4487111">
        <ele>661.4000000000001</ele>
        <time>2026-09-10T11:20:22.732Z</time>
      </trkpt>
      <trkpt lat="46.9084246" lon="7.4487474">
        <ele>661.4000000000001</ele>
        <time>2026-09-10T11:20:22.732Z</time>
      </trkpt>
      <trkpt lat="46.9084133" lon="7.4487807">
        <ele>661.5999999999999</ele>
        <time>2026-09-10T11:20:22.732Z</time>
      </trkpt>
      <trkpt lat="46.9084056" lon="7.4488151">
        <ele>661.8</ele>
        <time>2026-09-10T11:20:22.732Z</time>
      </trkpt>
      <trkpt lat="46.9083944" lon="7.4488467">
        <ele>661.8</ele>
        <time>2026-09-10T11:20:22.732Z</time>
      </trkpt>
      <trkpt lat="46.9083866" lon="7.4488769">
        <ele>662</ele>
        <time>2026-09-10T11:20:22.732Z</time>
      </trkpt>
      <trkpt lat="46.908376" lon="7.4489037">
        <ele>662</ele>
        <time>2026-09-10T11:20:22.732Z</time>
      </trkpt>
      <trkpt lat="46.9083639" lon="7.448932">
        <ele>662.2</ele>
        <time>2026-09-10T11:20:22.732Z</time>
      </trkpt>
      <trkpt lat="46.9083492" lon="7.4489548">
        <ele>662.2</ele>
        <time>2026-09-10T11:20:22.732Z</time>
      </trkpt>
      <trkpt lat="46.9083305" lon="7.448978">
        <ele>662</ele>
        <time>2026-09-10T11:20:22.732Z</time>
      </trkpt>
      <trkpt lat="46.9083076" lon="7.4489987">
        <ele>662</ele>
        <time>2026-09-10T11:20:22.732Z</time>
      </trkpt>
      <trkpt lat="46.9082772" lon="7.4490157">
        <ele>662.2</ele>
        <time>2026-09-10T11:20:22.732Z</time>
      </trkpt>
      <trkpt lat="46.9082478" lon="7.4490336">
        <ele>662.2</ele>
        <time>2026-09-10T11:20:22.732Z</time>
      </trkpt>
      <trkpt lat="46.9082053" lon="7.4490492">
        <ele>662</ele>
        <time>2026-09-10T11:20:22.732Z</time>
      </trkpt>
      <trkpt lat="46.9081667" lon="7.4490564">
        <ele>662</ele>
        <time>2026-09-10T11:20:22.732Z</time>
      </trkpt>
      <trkpt lat="46.9081256" lon="7.4490553">
        <ele>661.8</ele>
        <time>2026-09-10T11:20:22.732Z</time>
      </trkpt>
      <trkpt lat="46.9080833" lon="7.449052">
        <ele>661.5999999999999</ele>
        <time>2026-09-10T11:20:22.732Z</time>
      </trkpt>
      <trkpt lat="46.9080409" lon="7.4490486">
        <ele>661.4000000000001</ele>
        <time>2026-09-10T11:20:22.732Z</time>
      </trkpt>
      <trkpt lat="46.9080044" lon="7.4490455">
        <ele>661.2</ele>
        <time>2026-09-10T11:20:22.732Z</time>
      </trkpt>
      <trkpt lat="46.9079657" lon="7.4490434">
        <ele>661.2</ele>
        <time>2026-09-10T11:20:22.732Z</time>
      </trkpt>
      <trkpt lat="46.90793" lon="7.4490401">
        <ele>661</ele>
        <time>2026-09-10T11:20:22.732Z</time>
      </trkpt>
      <trkpt lat="46.9078968" lon="7.4490368">
        <ele>661</ele>
        <time>2026-09-10T11:20:22.732Z</time>
      </trkpt>
      <trkpt lat="46.9078615" lon="7.4490334">
        <ele>661</ele>
        <time>2026-09-10T11:20:22.732Z</time>
      </trkpt>
      <trkpt lat="46.9078269" lon="7.44903">
        <ele>661</ele>
        <time>2026-09-10T11:20:22.732Z</time>
      </trkpt>
      <trkpt lat="46.9077981" lon="7.4490257">
        <ele>660.8</ele>
        <time>2026-09-10T11:20:22.732Z</time>
      </trkpt>
      <trkpt lat="46.9077616" lon="7.4490186">
        <ele>660.8</ele>
        <time>2026-09-10T11:20:22.732Z</time>
      </trkpt>
      <trkpt lat="46.9077285" lon="7.4490104">
        <ele>660.8</ele>
        <time>2026-09-10T11:20:22.732Z</time>
      </trkpt>
      <trkpt lat="46.9076938" lon="7.4490054">
        <ele>660.8</ele>
        <time>2026-09-10T11:20:22.732Z</time>
      </trkpt>
      <trkpt lat="46.9076642" lon="7.4489973">
        <ele>660.8</ele>
        <time>2026-09-10T11:20:22.732Z</time>
      </trkpt>
      <trkpt lat="46.907628" lon="7.4489854">
        <ele>660.5999999999999</ele>
        <time>2026-09-10T11:20:22.732Z</time>
      </trkpt>
      <trkpt lat="46.9075959" lon="7.4489742">
        <ele>660.5999999999999</ele>
        <time>2026-09-10T11:20:22.732Z</time>
      </trkpt>
      <trkpt lat="46.9075593" lon="7.4489621">
        <ele>660.5999999999999</ele>
        <time>2026-09-10T11:20:22.732Z</time>
      </trkpt>
      <trkpt lat="46.9075293" lon="7.4489503">
        <ele>660.5999999999999</ele>
        <time>2026-09-10T11:20:22.732Z</time>
      </trkpt>
      <trkpt lat="46.9074993" lon="7.4489391">
        <ele>660.5999999999999</ele>
        <time>2026-09-10T11:20:22.732Z</time>
      </trkpt>
      <trkpt lat="46.9074699" lon="7.4489264">
        <ele>660.8</ele>
        <time>2026-09-10T11:20:22.732Z</time>
      </trkpt>
      <trkpt lat="46.9074378" lon="7.4489077">
        <ele>660.8</ele>
        <time>2026-09-10T11:20:22.732Z</time>
      </trkpt>
      <trkpt lat="46.907408" lon="7.4488883">
        <ele>660.8</ele>
        <time>2026-09-10T11:20:22.732Z</time>
      </trkpt>
      <trkpt lat="46.9073765" lon="7.448869">
        <ele>660.8</ele>
        <time>2026-09-10T11:20:22.732Z</time>
      </trkpt>
      <trkpt lat="46.9073514" lon="7.448852">
        <ele>660.8</ele>
        <time>2026-09-10T11:20:22.732Z</time>
      </trkpt>
      <trkpt lat="46.9073237" lon="7.4488359">
        <ele>661</ele>
        <time>2026-09-10T11:20:22.732Z</time>
      </trkpt>
      <trkpt lat="46.9072973" lon="7.4488195">
        <ele>661</ele>
        <time>2026-09-10T11:20:22.732Z</time>
      </trkpt>
      <trkpt lat="46.9072702" lon="7.4488044">
        <ele>661.2</ele>
        <time>2026-09-10T11:20:22.732Z</time>
      </trkpt>
      <trkpt lat="46.9072462" lon="7.4487878">
        <ele>661.2</ele>
        <time>2026-09-10T11:20:22.732Z</time>
      </trkpt>
      <trkpt lat="46.9072234" lon="7.4487657">
        <ele>661.4000000000001</ele>
        <time>2026-09-10T11:20:22.732Z</time>
      </trkpt>
      <trkpt lat="46.9072007" lon="7.4487424">
        <ele>661.4000000000001</ele>
        <time>2026-09-10T11:20:22.732Z</time>
      </trkpt>
      <trkpt lat="46.9071781" lon="7.4487211">
        <ele>661.4000000000001</ele>
        <time>2026-09-10T11:20:22.732Z</time>
      </trkpt>
      <trkpt lat="46.9071556" lon="7.4487012">
        <ele>661.2</ele>
        <time>2026-09-10T11:20:22.732Z</time>
      </trkpt>
      <trkpt lat="46.9071284" lon="7.4486839">
        <ele>661.4000000000001</ele>
        <time>2026-09-10T11:20:22.732Z</time>
      </trkpt>
      <trkpt lat="46.9071064" lon="7.4486667">
        <ele>661.4000000000001</ele>
        <time>2026-09-10T11:20:22.732Z</time>
      </trkpt>
      <trkpt lat="46.907083" lon="7.4486495">
        <ele>661.5999999999999</ele>
        <time>2026-09-10T11:20:22.732Z</time>
      </trkpt>
      <trkpt lat="46.9070601" lon="7.4486296">
        <ele>661.8</ele>
        <time>2026-09-10T11:20:22.732Z</time>
      </trkpt>
      <trkpt lat="46.9070413" lon="7.4486084">
        <ele>661.8</ele>
        <time>2026-09-10T11:20:22.732Z</time>
      </trkpt>
      <trkpt lat="46.9070184" lon="7.4485879">
        <ele>662</ele>
        <time>2026-09-10T11:20:22.732Z</time>
      </trkpt>
      <trkpt lat="46.9069954" lon="7.4485709">
        <ele>662.2</ele>
        <time>2026-09-10T11:20:22.732Z</time>
      </trkpt>
      <trkpt lat="46.9069766" lon="7.4485534">
        <ele>662.4000000000001</ele>
        <time>2026-09-10T11:20:22.732Z</time>
      </trkpt>
      <trkpt lat="46.9069541" lon="7.4485353">
        <ele>662.4000000000001</ele>
        <time>2026-09-10T11:20:22.732Z</time>
      </trkpt>
      <trkpt lat="46.9069344" lon="7.4485164">
        <ele>662.5999999999999</ele>
        <time>2026-09-10T11:20:22.732Z</time>
      </trkpt>
      <trkpt lat="46.9069152" lon="7.4484995">
        <ele>662.8</ele>
        <time>2026-09-10T11:20:22.733Z</time>
      </trkpt>
      <trkpt lat="46.9068963" lon="7.4484816">
        <ele>662.8</ele>
        <time>2026-09-10T11:20:22.733Z</time>
      </trkpt>
      <trkpt lat="46.9068763" lon="7.4484654">
        <ele>663</ele>
        <time>2026-09-10T11:20:22.733Z</time>
      </trkpt>
      <trkpt lat="46.9068552" lon="7.44845">
        <ele>663.2</ele>
        <time>2026-09-10T11:20:22.733Z</time>
      </trkpt>
      <trkpt lat="46.9068342" lon="7.4484319">
        <ele>663.4000000000001</ele>
        <time>2026-09-10T11:20:22.733Z</time>
      </trkpt>
      <trkpt lat="46.9068155" lon="7.4484142">
        <ele>663.4000000000001</ele>
        <time>2026-09-10T11:20:22.733Z</time>
      </trkpt>
      <trkpt lat="46.9067962" lon="7.4483954">
        <ele>663.5999999999999</ele>
        <time>2026-09-10T11:20:22.733Z</time>
      </trkpt>
      <trkpt lat="46.9067778" lon="7.4483797">
        <ele>663.8</ele>
        <time>2026-09-10T11:20:22.733Z</time>
      </trkpt>
      <trkpt lat="46.9067619" lon="7.4483628">
        <ele>664</ele>
        <time>2026-09-10T11:20:22.733Z</time>
      </trkpt>
      <trkpt lat="46.906744" lon="7.4483482">
        <ele>664.2</ele>
        <time>2026-09-10T11:20:22.733Z</time>
      </trkpt>
      <trkpt lat="46.9067275" lon="7.4483325">
        <ele>664.4000000000001</ele>
        <time>2026-09-10T11:20:22.733Z</time>
      </trkpt>
      <trkpt lat="46.9067091" lon="7.4483194">
        <ele>664.5999999999999</ele>
        <time>2026-09-10T11:20:22.733Z</time>
      </trkpt>
      <trkpt lat="46.9066899" lon="7.448306">
        <ele>664.8</ele>
        <time>2026-09-10T11:20:22.733Z</time>
      </trkpt>
      <trkpt lat="46.9066744" lon="7.4482927">
        <ele>664.8</ele>
        <time>2026-09-10T11:20:22.733Z</time>
      </trkpt>
      <trkpt lat="46.9066587" lon="7.448277">
        <ele>665</ele>
        <time>2026-09-10T11:20:22.733Z</time>
      </trkpt>
      <trkpt lat="46.9066438" lon="7.448264">
        <ele>665.2</ele>
        <time>2026-09-10T11:20:22.733Z</time>
      </trkpt>
      <trkpt lat="46.9066286" lon="7.4482506">
        <ele>665.4000000000001</ele>
        <time>2026-09-10T11:20:22.733Z</time>
      </trkpt>
      <trkpt lat="46.9066093" lon="7.4482356">
        <ele>665.5999999999999</ele>
        <time>2026-09-10T11:20:22.733Z</time>
      </trkpt>
      <trkpt lat="46.9065941" lon="7.4482206">
        <ele>665.8</ele>
        <time>2026-09-10T11:20:22.733Z</time>
      </trkpt>
      <trkpt lat="46.9065799" lon="7.4482068">
        <ele>665.8</ele>
        <time>2026-09-10T11:20:22.733Z</time>
      </trkpt>
      <trkpt lat="46.9065635" lon="7.4481941">
        <ele>666</ele>
        <time>2026-09-10T11:20:22.733Z</time>
      </trkpt>
      <trkpt lat="46.9065499" lon="7.4481806">
        <ele>666</ele>
        <time>2026-09-10T11:20:22.733Z</time>
      </trkpt>
      <trkpt lat="46.906534" lon="7.4481634">
        <ele>666</ele>
        <time>2026-09-10T11:20:22.733Z</time>
      </trkpt>
      <trkpt lat="46.9065177" lon="7.4481457">
        <ele>666</ele>
        <time>2026-09-10T11:20:22.733Z</time>
      </trkpt>
      <trkpt lat="46.9065033" lon="7.4481286">
        <ele>666</ele>
        <time>2026-09-10T11:20:22.733Z</time>
      </trkpt>
      <trkpt lat="46.906487" lon="7.4481088">
        <ele>666</ele>
        <time>2026-09-10T11:20:22.733Z</time>
      </trkpt>
      <trkpt lat="46.9064754" lon="7.4480888">
        <ele>666.2</ele>
        <time>2026-09-10T11:20:22.733Z</time>
      </trkpt>
      <trkpt lat="46.9064641" lon="7.4480677">
        <ele>666.2</ele>
        <time>2026-09-10T11:20:22.733Z</time>
      </trkpt>
      <trkpt lat="46.9064531" lon="7.4480451">
        <ele>666.2</ele>
        <time>2026-09-10T11:20:22.733Z</time>
      </trkpt>
      <trkpt lat="46.9064409" lon="7.4480223">
        <ele>666.2</ele>
        <time>2026-09-10T11:20:22.733Z</time>
      </trkpt>
      <trkpt lat="46.9064337" lon="7.4479972">
        <ele>666.2</ele>
        <time>2026-09-10T11:20:22.733Z</time>
      </trkpt>
      <trkpt lat="46.9064258" lon="7.4479678">
        <ele>666.2</ele>
        <time>2026-09-10T11:20:22.733Z</time>
      </trkpt>
      <trkpt lat="46.9064181" lon="7.4479409">
        <ele>666.2</ele>
        <time>2026-09-10T11:20:22.733Z</time>
      </trkpt>
      <trkpt lat="46.9064104" lon="7.4479106">
        <ele>666.2</ele>
        <time>2026-09-10T11:20:22.733Z</time>
      </trkpt>
      <trkpt lat="46.9064029" lon="7.4478826">
        <ele>666.2</ele>
        <time>2026-09-10T11:20:22.733Z</time>
      </trkpt>
      <trkpt lat="46.906395" lon="7.4478518">
        <ele>666.2</ele>
        <time>2026-09-10T11:20:22.733Z</time>
      </trkpt>
      <trkpt lat="46.9063914" lon="7.4478236">
        <ele>666.2</ele>
        <time>2026-09-10T11:20:22.733Z</time>
      </trkpt>
      <trkpt lat="46.9063837" lon="7.4477924">
        <ele>666.4000000000001</ele>
        <time>2026-09-10T11:20:22.733Z</time>
      </trkpt>
      <trkpt lat="46.9063798" lon="7.4477624">
        <ele>666.4000000000001</ele>
        <time>2026-09-10T11:20:22.733Z</time>
      </trkpt>
      <trkpt lat="46.9063762" lon="7.4477329">
        <ele>666.2</ele>
        <time>2026-09-10T11:20:22.733Z</time>
      </trkpt>
      <trkpt lat="46.9063741" lon="7.4477002">
        <ele>666.2</ele>
        <time>2026-09-10T11:20:22.733Z</time>
      </trkpt>
      <trkpt lat="46.9063722" lon="7.4476671">
        <ele>666.2</ele>
        <time>2026-09-10T11:20:22.733Z</time>
      </trkpt>
      <trkpt lat="46.9063721" lon="7.4476333">
        <ele>666.2</ele>
        <time>2026-09-10T11:20:22.733Z</time>
      </trkpt>
      <trkpt lat="46.9063753" lon="7.4476038">
        <ele>666.2</ele>
        <time>2026-09-10T11:20:22.733Z</time>
      </trkpt>
      <trkpt lat="46.9063792" lon="7.4475727">
        <ele>666.2</ele>
        <time>2026-09-10T11:20:22.733Z</time>
      </trkpt>
      <trkpt lat="46.9063833" lon="7.4475412">
        <ele>666.2</ele>
        <time>2026-09-10T11:20:22.733Z</time>
      </trkpt>
      <trkpt lat="46.9063873" lon="7.4475152">
        <ele>666.2</ele>
        <time>2026-09-10T11:20:22.733Z</time>
      </trkpt>
      <trkpt lat="46.9063947" lon="7.4474942">
        <ele>666.2</ele>
        <time>2026-09-10T11:20:22.733Z</time>
      </trkpt>
      <trkpt lat="46.9063987" lon="7.4474754">
        <ele>666.2</ele>
        <time>2026-09-10T11:20:22.733Z</time>
      </trkpt>
      <trkpt lat="46.9064063" lon="7.4474552">
        <ele>666.4000000000001</ele>
        <time>2026-09-10T11:20:22.733Z</time>
      </trkpt>
      <trkpt lat="46.9064139" lon="7.4474339">
        <ele>666.4000000000001</ele>
        <time>2026-09-10T11:20:22.733Z</time>
      </trkpt>
      <trkpt lat="46.9064215" lon="7.447412">
        <ele>666.4000000000001</ele>
        <time>2026-09-10T11:20:22.733Z</time>
      </trkpt>
      <trkpt lat="46.9064324" lon="7.4473884">
        <ele>666.5999999999999</ele>
        <time>2026-09-10T11:20:22.733Z</time>
      </trkpt>
      <trkpt lat="46.9064442" lon="7.4473623">
        <ele>666.5999999999999</ele>
        <time>2026-09-10T11:20:22.734Z</time>
      </trkpt>
      <trkpt lat="46.9064517" lon="7.4473364">
        <ele>666.5999999999999</ele>
        <time>2026-09-10T11:20:22.734Z</time>
      </trkpt>
      <trkpt lat="46.9064632" lon="7.4473063">
        <ele>666.5999999999999</ele>
        <time>2026-09-10T11:20:22.734Z</time>
      </trkpt>
      <trkpt lat="46.9064709" lon="7.4472766">
        <ele>666.5999999999999</ele>
        <time>2026-09-10T11:20:22.734Z</time>
      </trkpt>
      <trkpt lat="46.9064821" lon="7.4472468">
        <ele>666.5999999999999</ele>
        <time>2026-09-10T11:20:22.734Z</time>
      </trkpt>
      <trkpt lat="46.9064929" lon="7.4472196">
        <ele>666.8</ele>
        <time>2026-09-10T11:20:22.734Z</time>
      </trkpt>
      <trkpt lat="46.9065016" lon="7.447189">
        <ele>667</ele>
        <time>2026-09-10T11:20:22.734Z</time>
      </trkpt>
      <trkpt lat="46.9065127" lon="7.4471629">
        <ele>667</ele>
        <time>2026-09-10T11:20:22.734Z</time>
      </trkpt>
      <trkpt lat="46.9065208" lon="7.4471352">
        <ele>667.2</ele>
        <time>2026-09-10T11:20:22.734Z</time>
      </trkpt>
      <trkpt lat="46.9065284" lon="7.4471085">
        <ele>667.4000000000001</ele>
        <time>2026-09-10T11:20:22.734Z</time>
      </trkpt>
      <trkpt lat="46.9065285" lon="7.4470838">
        <ele>667.5999999999999</ele>
        <time>2026-09-10T11:20:22.734Z</time>
      </trkpt>
      <trkpt lat="46.9065322" lon="7.4470605">
        <ele>667.5999999999999</ele>
        <time>2026-09-10T11:20:22.734Z</time>
      </trkpt>
      <trkpt lat="46.906536" lon="7.4470385">
        <ele>667.8</ele>
        <time>2026-09-10T11:20:22.734Z</time>
      </trkpt>
      <trkpt lat="46.9065361" lon="7.4470174">
        <ele>668</ele>
        <time>2026-09-10T11:20:22.734Z</time>
      </trkpt>
      <trkpt lat="46.9065399" lon="7.4469935">
        <ele>668.2</ele>
        <time>2026-09-10T11:20:22.734Z</time>
      </trkpt>
      <trkpt lat="46.9065399" lon="7.4469728">
        <ele>668.4000000000001</ele>
        <time>2026-09-10T11:20:22.734Z</time>
      </trkpt>
      <trkpt lat="46.9065399" lon="7.4469534">
        <ele>668.5999999999999</ele>
        <time>2026-09-10T11:20:22.734Z</time>
      </trkpt>
      <trkpt lat="46.9065436" lon="7.446936">
        <ele>668.8</ele>
        <time>2026-09-10T11:20:22.734Z</time>
      </trkpt>
      <trkpt lat="46.9065438" lon="7.4469164">
        <ele>669</ele>
        <time>2026-09-10T11:20:22.734Z</time>
      </trkpt>
      <trkpt lat="46.9065438" lon="7.4468961">
        <ele>669.2</ele>
        <time>2026-09-10T11:20:22.734Z</time>
      </trkpt>
      <trkpt lat="46.9065438" lon="7.4468748">
        <ele>669.4000000000001</ele>
        <time>2026-09-10T11:20:22.734Z</time>
      </trkpt>
      <trkpt lat="46.9065474" lon="7.4468536">
        <ele>669.5999999999999</ele>
        <time>2026-09-10T11:20:22.734Z</time>
      </trkpt>
      <trkpt lat="46.9065438" lon="7.4468322">
        <ele>669.8</ele>
        <time>2026-09-10T11:20:22.734Z</time>
      </trkpt>
      <trkpt lat="46.9065438" lon="7.4468116">
        <ele>670</ele>
        <time>2026-09-10T11:20:22.734Z</time>
      </trkpt>
      <trkpt lat="46.9065438" lon="7.4467948">
        <ele>670.2</ele>
        <time>2026-09-10T11:20:22.734Z</time>
      </trkpt>
      <trkpt lat="46.9065438" lon="7.4467756">
        <ele>670.4000000000001</ele>
        <time>2026-09-10T11:20:22.734Z</time>
      </trkpt>
      <trkpt lat="46.9065438" lon="7.4467549">
        <ele>670.4000000000001</ele>
        <time>2026-09-10T11:20:22.734Z</time>
      </trkpt>
      <trkpt lat="46.9065401" lon="7.4467355">
        <ele>670.5999999999999</ele>
        <time>2026-09-10T11:20:22.734Z</time>
      </trkpt>
      <trkpt lat="46.9065399" lon="7.4467152">
        <ele>670.8</ele>
        <time>2026-09-10T11:20:22.734Z</time>
      </trkpt>
      <trkpt lat="46.9065399" lon="7.4466953">
        <ele>671</ele>
        <time>2026-09-10T11:20:22.734Z</time>
      </trkpt>
      <trkpt lat="46.9065399" lon="7.4466749">
        <ele>671.2</ele>
        <time>2026-09-10T11:20:22.734Z</time>
      </trkpt>
      <trkpt lat="46.9065362" lon="7.4466553">
        <ele>671.4000000000001</ele>
        <time>2026-09-10T11:20:22.734Z</time>
      </trkpt>
      <trkpt lat="46.9065361" lon="7.4466347">
        <ele>671.5999999999999</ele>
        <time>2026-09-10T11:20:22.734Z</time>
      </trkpt>
      <trkpt lat="46.9065324" lon="7.4466156">
        <ele>671.8</ele>
        <time>2026-09-10T11:20:22.734Z</time>
      </trkpt>
      <trkpt lat="46.9065323" lon="7.4465968">
        <ele>672</ele>
        <time>2026-09-10T11:20:22.734Z</time>
      </trkpt>
      <trkpt lat="46.9065286" lon="7.4465772">
        <ele>672</ele>
        <time>2026-09-10T11:20:22.734Z</time>
      </trkpt>
      <trkpt lat="46.9065285" lon="7.4465587">
        <ele>672.2</ele>
        <time>2026-09-10T11:20:22.734Z</time>
      </trkpt>
      <trkpt lat="46.9065285" lon="7.446539">
        <ele>672.4000000000001</ele>
        <time>2026-09-10T11:20:22.734Z</time>
      </trkpt>
      <trkpt lat="46.9065247" lon="7.4465188">
        <ele>672.5999999999999</ele>
        <time>2026-09-10T11:20:22.734Z</time>
      </trkpt>
      <trkpt lat="46.9065246" lon="7.4464973">
        <ele>672.8</ele>
        <time>2026-09-10T11:20:22.734Z</time>
      </trkpt>
      <trkpt lat="46.9065209" lon="7.4464752">
        <ele>673</ele>
        <time>2026-09-10T11:20:22.734Z</time>
      </trkpt>
      <trkpt lat="46.9065173" lon="7.4464575">
        <ele>673.2</ele>
        <time>2026-09-10T11:20:22.734Z</time>
      </trkpt>
      <trkpt lat="46.9065132" lon="7.4464367">
        <ele>673.4000000000001</ele>
        <time>2026-09-10T11:20:22.734Z</time>
      </trkpt>
      <trkpt lat="46.9065132" lon="7.4464161">
        <ele>673.4000000000001</ele>
        <time>2026-09-10T11:20:22.734Z</time>
      </trkpt>
      <trkpt lat="46.9065093" lon="7.4463947">
        <ele>673.5999999999999</ele>
        <time>2026-09-10T11:20:22.734Z</time>
      </trkpt>
      <trkpt lat="46.906502" lon="7.4463756">
        <ele>673.8</ele>
        <time>2026-09-10T11:20:22.734Z</time>
      </trkpt>
      <trkpt lat="46.9065018" lon="7.4463548">
        <ele>674</ele>
        <time>2026-09-10T11:20:22.735Z</time>
      </trkpt>
      <trkpt lat="46.9065018" lon="7.4463336">
        <ele>674.2</ele>
        <time>2026-09-10T11:20:22.735Z</time>
      </trkpt>
      <trkpt lat="46.9065018" lon="7.4463136">
        <ele>674.4000000000001</ele>
        <time>2026-09-10T11:20:22.735Z</time>
      </trkpt>
      <trkpt lat="46.9064981" lon="7.4462953">
        <ele>674.5999999999999</ele>
        <time>2026-09-10T11:20:22.735Z</time>
      </trkpt>
      <trkpt lat="46.9064941" lon="7.4462733">
        <ele>674.5999999999999</ele>
        <time>2026-09-10T11:20:22.735Z</time>
      </trkpt>
      <trkpt lat="46.9064901" lon="7.4462509">
        <ele>674.8</ele>
        <time>2026-09-10T11:20:22.735Z</time>
      </trkpt>
      <trkpt lat="46.9064866" lon="7.4462321">
        <ele>675</ele>
        <time>2026-09-10T11:20:22.735Z</time>
      </trkpt>
      <trkpt lat="46.9064865" lon="7.4462116">
        <ele>675.2</ele>
        <time>2026-09-10T11:20:22.735Z</time>
      </trkpt>
      <trkpt lat="46.9064827" lon="7.4461918">
        <ele>675.4000000000001</ele>
        <time>2026-09-10T11:20:22.735Z</time>
      </trkpt>
      <trkpt lat="46.9064789" lon="7.4461718">
        <ele>675.4000000000001</ele>
        <time>2026-09-10T11:20:22.735Z</time>
      </trkpt>
      <trkpt lat="46.9064751" lon="7.4461535">
        <ele>675.5999999999999</ele>
        <time>2026-09-10T11:20:22.735Z</time>
      </trkpt>
      <trkpt lat="46.9064751" lon="7.4461354">
        <ele>675.8</ele>
        <time>2026-09-10T11:20:22.735Z</time>
      </trkpt>
      <trkpt lat="46.9064714" lon="7.4461159">
        <ele>676</ele>
        <time>2026-09-10T11:20:22.735Z</time>
      </trkpt>
      <trkpt lat="46.9064713" lon="7.446097">
        <ele>676.2</ele>
        <time>2026-09-10T11:20:22.735Z</time>
      </trkpt>
      <trkpt lat="46.9064675" lon="7.4460805">
        <ele>676.4000000000001</ele>
        <time>2026-09-10T11:20:22.735Z</time>
      </trkpt>
      <trkpt lat="46.9064674" lon="7.4460602">
        <ele>676.5999999999999</ele>
        <time>2026-09-10T11:20:22.735Z</time>
      </trkpt>
      <trkpt lat="46.9064637" lon="7.4460406">
        <ele>676.8</ele>
        <time>2026-09-10T11:20:22.735Z</time>
      </trkpt>
      <trkpt lat="46.9064599" lon="7.4460216">
        <ele>677</ele>
        <time>2026-09-10T11:20:22.735Z</time>
      </trkpt>
      <trkpt lat="46.9064598" lon="7.4460021">
        <ele>677.2</ele>
        <time>2026-09-10T11:20:22.735Z</time>
      </trkpt>
      <trkpt lat="46.9064598" lon="7.4459815">
        <ele>677.2</ele>
        <time>2026-09-10T11:20:22.735Z</time>
      </trkpt>
      <trkpt lat="46.9064598" lon="7.4459618">
        <ele>677.4000000000001</ele>
        <time>2026-09-10T11:20:22.735Z</time>
      </trkpt>
      <trkpt lat="46.9064598" lon="7.4459415">
        <ele>677.5999999999999</ele>
        <time>2026-09-10T11:20:22.735Z</time>
      </trkpt>
      <trkpt lat="46.9064561" lon="7.4459224">
        <ele>677.8</ele>
        <time>2026-09-10T11:20:22.735Z</time>
      </trkpt>
      <trkpt lat="46.9064521" lon="7.4459015">
        <ele>677.8</ele>
        <time>2026-09-10T11:20:22.735Z</time>
      </trkpt>
      <trkpt lat="46.9064521" lon="7.4458828">
        <ele>678</ele>
        <time>2026-09-10T11:20:22.735Z</time>
      </trkpt>
      <trkpt lat="46.9064484" lon="7.4458633">
        <ele>678.2</ele>
        <time>2026-09-10T11:20:22.735Z</time>
      </trkpt>
      <trkpt lat="46.9064484" lon="7.4458401">
        <ele>678.2</ele>
        <time>2026-09-10T11:20:22.735Z</time>
      </trkpt>
      <trkpt lat="46.9064484" lon="7.4458184">
        <ele>678.4000000000001</ele>
        <time>2026-09-10T11:20:22.735Z</time>
      </trkpt>
      <trkpt lat="46.9064447" lon="7.4457991">
        <ele>678.5999999999999</ele>
        <time>2026-09-10T11:20:22.735Z</time>
      </trkpt>
      <trkpt lat="46.9064445" lon="7.4457751">
        <ele>678.8</ele>
        <time>2026-09-10T11:20:22.735Z</time>
      </trkpt>
      <trkpt lat="46.9064445" lon="7.445756">
        <ele>678.8</ele>
        <time>2026-09-10T11:20:22.735Z</time>
      </trkpt>
      <trkpt lat="46.906437" lon="7.4457336">
        <ele>679</ele>
        <time>2026-09-10T11:20:22.735Z</time>
      </trkpt>
      <trkpt lat="46.9064333" lon="7.4457111">
        <ele>679.2</ele>
        <time>2026-09-10T11:20:22.735Z</time>
      </trkpt>
      <trkpt lat="46.9064331" lon="7.4456883">
        <ele>679.4000000000001</ele>
        <time>2026-09-10T11:20:22.735Z</time>
      </trkpt>
      <trkpt lat="46.9064331" lon="7.4456654">
        <ele>679.5999999999999</ele>
        <time>2026-09-10T11:20:22.735Z</time>
      </trkpt>
      <trkpt lat="46.9064331" lon="7.4456437">
        <ele>679.5999999999999</ele>
        <time>2026-09-10T11:20:22.735Z</time>
      </trkpt>
      <trkpt lat="46.9064331" lon="7.4456213">
        <ele>679.8</ele>
        <time>2026-09-10T11:20:22.735Z</time>
      </trkpt>
      <trkpt lat="46.9064331" lon="7.4456002">
        <ele>680</ele>
        <time>2026-09-10T11:20:22.735Z</time>
      </trkpt>
      <trkpt lat="46.9064294" lon="7.445579">
        <ele>680.2</ele>
        <time>2026-09-10T11:20:22.735Z</time>
      </trkpt>
      <trkpt lat="46.9064293" lon="7.445558">
        <ele>680.4000000000001</ele>
        <time>2026-09-10T11:20:22.735Z</time>
      </trkpt>
      <trkpt lat="46.9064293" lon="7.4455381">
        <ele>680.5999999999999</ele>
        <time>2026-09-10T11:20:22.735Z</time>
      </trkpt>
      <trkpt lat="46.9064293" lon="7.4455163">
        <ele>680.8</ele>
        <time>2026-09-10T11:20:22.735Z</time>
      </trkpt>
      <trkpt lat="46.9064328" lon="7.4454952">
        <ele>681</ele>
        <time>2026-09-10T11:20:22.735Z</time>
      </trkpt>
      <trkpt lat="46.9064331" lon="7.4454758">
        <ele>681.2</ele>
        <time>2026-09-10T11:20:22.736Z</time>
      </trkpt>
      <trkpt lat="46.9064331" lon="7.4454565">
        <ele>681.4000000000001</ele>
        <time>2026-09-10T11:20:22.736Z</time>
      </trkpt>
      <trkpt lat="46.9064294" lon="7.4454338">
        <ele>681.5999999999999</ele>
        <time>2026-09-10T11:20:22.736Z</time>
      </trkpt>
      <trkpt lat="46.9064293" lon="7.445414">
        <ele>681.8</ele>
        <time>2026-09-10T11:20:22.736Z</time>
      </trkpt>
      <trkpt lat="46.9064293" lon="7.4453918">
        <ele>682</ele>
        <time>2026-09-10T11:20:22.736Z</time>
      </trkpt>
      <trkpt lat="46.9064293" lon="7.4453732">
        <ele>682.2</ele>
        <time>2026-09-10T11:20:22.736Z</time>
      </trkpt>
      <trkpt lat="46.9064331" lon="7.4453502">
        <ele>682.4000000000001</ele>
        <time>2026-09-10T11:20:22.736Z</time>
      </trkpt>
      <trkpt lat="46.9064293" lon="7.4453306">
        <ele>682.5999999999999</ele>
        <time>2026-09-10T11:20:22.736Z</time>
      </trkpt>
      <trkpt lat="46.9064293" lon="7.4453089">
        <ele>682.8</ele>
        <time>2026-09-10T11:20:22.736Z</time>
      </trkpt>
      <trkpt lat="46.9064293" lon="7.4452871">
        <ele>683</ele>
        <time>2026-09-10T11:20:22.736Z</time>
      </trkpt>
      <trkpt lat="46.9064293" lon="7.4452682">
        <ele>683.4000000000001</ele>
        <time>2026-09-10T11:20:22.736Z</time>
      </trkpt>
      <trkpt lat="46.9064275" lon="7.4452471">
        <ele>683.5999999999999</ele>
        <time>2026-09-10T11:20:22.736Z</time>
      </trkpt>
      <trkpt lat="46.9064256" lon="7.4452258">
        <ele>683.8</ele>
        <time>2026-09-10T11:20:22.736Z</time>
      </trkpt>
      <trkpt lat="46.9064218" lon="7.445206">
        <ele>684</ele>
        <time>2026-09-10T11:20:22.736Z</time>
      </trkpt>
      <trkpt lat="46.9064216" lon="7.4451863">
        <ele>684.2</ele>
        <time>2026-09-10T11:20:22.736Z</time>
      </trkpt>
      <trkpt lat="46.9064216" lon="7.4451657">
        <ele>684.4000000000001</ele>
        <time>2026-09-10T11:20:22.736Z</time>
      </trkpt>
      <trkpt lat="46.906418" lon="7.445146">
        <ele>684.5999999999999</ele>
        <time>2026-09-10T11:20:22.736Z</time>
      </trkpt>
      <trkpt lat="46.9064179" lon="7.4451241">
        <ele>684.8</ele>
        <time>2026-09-10T11:20:22.736Z</time>
      </trkpt>
      <trkpt lat="46.9064179" lon="7.4451036">
        <ele>685</ele>
        <time>2026-09-10T11:20:22.736Z</time>
      </trkpt>
      <trkpt lat="46.9064179" lon="7.4450831">
        <ele>685.2</ele>
        <time>2026-09-10T11:20:22.736Z</time>
      </trkpt>
      <trkpt lat="46.9064142" lon="7.4450625">
        <ele>685.4000000000001</ele>
        <time>2026-09-10T11:20:22.736Z</time>
      </trkpt>
      <trkpt lat="46.9064104" lon="7.4450443">
        <ele>685.5999999999999</ele>
        <time>2026-09-10T11:20:22.736Z</time>
      </trkpt>
      <trkpt lat="46.9064102" lon="7.4450237">
        <ele>685.8</ele>
        <time>2026-09-10T11:20:22.736Z</time>
      </trkpt>
      <trkpt lat="46.9064102" lon="7.445004">
        <ele>686</ele>
        <time>2026-09-10T11:20:22.736Z</time>
      </trkpt>
      <trkpt lat="46.9064102" lon="7.444984">
        <ele>686.2</ele>
        <time>2026-09-10T11:20:22.736Z</time>
      </trkpt>
      <trkpt lat="46.9064102" lon="7.4449657">
        <ele>686.4000000000001</ele>
        <time>2026-09-10T11:20:22.736Z</time>
      </trkpt>
      <trkpt lat="46.9064102" lon="7.444946">
        <ele>686.5999999999999</ele>
        <time>2026-09-10T11:20:22.736Z</time>
      </trkpt>
      <trkpt lat="46.9064102" lon="7.4449246">
        <ele>686.8</ele>
        <time>2026-09-10T11:20:22.736Z</time>
      </trkpt>
      <trkpt lat="46.9064102" lon="7.4449025">
        <ele>687</ele>
        <time>2026-09-10T11:20:22.736Z</time>
      </trkpt>
      <trkpt lat="46.9064065" lon="7.444882">
        <ele>687.2</ele>
        <time>2026-09-10T11:20:22.736Z</time>
      </trkpt>
      <trkpt lat="46.9064027" lon="7.4448637">
        <ele>687.4000000000001</ele>
        <time>2026-09-10T11:20:22.736Z</time>
      </trkpt>
      <trkpt lat="46.9064026" lon="7.444847">
        <ele>687.5999999999999</ele>
        <time>2026-09-10T11:20:22.736Z</time>
      </trkpt>
      <trkpt lat="46.9064026" lon="7.4448274">
        <ele>687.8</ele>
        <time>2026-09-10T11:20:22.736Z</time>
      </trkpt>
      <trkpt lat="46.9064026" lon="7.4448087">
        <ele>688</ele>
        <time>2026-09-10T11:20:22.736Z</time>
      </trkpt>
      <trkpt lat="46.9063987" lon="7.4447876">
        <ele>688.2</ele>
        <time>2026-09-10T11:20:22.736Z</time>
      </trkpt>
      <trkpt lat="46.9063987" lon="7.4447693">
        <ele>688.2</ele>
        <time>2026-09-10T11:20:22.736Z</time>
      </trkpt>
      <trkpt lat="46.906395" lon="7.4447453">
        <ele>688.4000000000001</ele>
        <time>2026-09-10T11:20:22.736Z</time>
      </trkpt>
      <trkpt lat="46.906395" lon="7.4447252">
        <ele>688.5999999999999</ele>
        <time>2026-09-10T11:20:22.736Z</time>
      </trkpt>
      <trkpt lat="46.906395" lon="7.4447038">
        <ele>688.8</ele>
        <time>2026-09-10T11:20:22.736Z</time>
      </trkpt>
      <trkpt lat="46.9063913" lon="7.4446856">
        <ele>689</ele>
        <time>2026-09-10T11:20:22.737Z</time>
      </trkpt>
      <trkpt lat="46.9063911" lon="7.4446645">
        <ele>689.2</ele>
        <time>2026-09-10T11:20:22.737Z</time>
      </trkpt>
      <trkpt lat="46.9063876" lon="7.4446451">
        <ele>689.4000000000001</ele>
        <time>2026-09-10T11:20:22.737Z</time>
      </trkpt>
      <trkpt lat="46.9063873" lon="7.444625">
        <ele>689.5999999999999</ele>
        <time>2026-09-10T11:20:22.737Z</time>
      </trkpt>
      <trkpt lat="46.9063873" lon="7.4446057">
        <ele>689.8</ele>
        <time>2026-09-10T11:20:22.737Z</time>
      </trkpt>
      <trkpt lat="46.9063873" lon="7.4445851">
        <ele>689.8</ele>
        <time>2026-09-10T11:20:22.737Z</time>
      </trkpt>
      <trkpt lat="46.9063837" lon="7.4445656">
        <ele>690</ele>
        <time>2026-09-10T11:20:22.737Z</time>
      </trkpt>
      <trkpt lat="46.9063835" lon="7.4445474">
        <ele>690.2</ele>
        <time>2026-09-10T11:20:22.737Z</time>
      </trkpt>
      <trkpt lat="46.9063835" lon="7.4445287">
        <ele>690.4000000000001</ele>
        <time>2026-09-10T11:20:22.737Z</time>
      </trkpt>
      <trkpt lat="46.9063835" lon="7.444509">
        <ele>690.5999999999999</ele>
        <time>2026-09-10T11:20:22.737Z</time>
      </trkpt>
      <trkpt lat="46.9063835" lon="7.4444896">
        <ele>690.8</ele>
        <time>2026-09-10T11:20:22.737Z</time>
      </trkpt>
      <trkpt lat="46.9063799" lon="7.4444707">
        <ele>691</ele>
        <time>2026-09-10T11:20:22.737Z</time>
      </trkpt>
      <trkpt lat="46.9063797" lon="7.44445">
        <ele>691.2</ele>
        <time>2026-09-10T11:20:22.737Z</time>
      </trkpt>
      <trkpt lat="46.906376" lon="7.4444321">
        <ele>691.2</ele>
        <time>2026-09-10T11:20:22.737Z</time>
      </trkpt>
      <trkpt lat="46.9063722" lon="7.4444137">
        <ele>691.4000000000001</ele>
        <time>2026-09-10T11:20:22.737Z</time>
      </trkpt>
      <trkpt lat="46.9063685" lon="7.4443946">
        <ele>691.5999999999999</ele>
        <time>2026-09-10T11:20:22.737Z</time>
      </trkpt>
      <trkpt lat="46.9063605" lon="7.4443749">
        <ele>691.8</ele>
        <time>2026-09-10T11:20:22.737Z</time>
      </trkpt>
      <trkpt lat="46.9063532" lon="7.4443589">
        <ele>692</ele>
        <time>2026-09-10T11:20:22.737Z</time>
      </trkpt>
      <trkpt lat="46.9063459" lon="7.4443426">
        <ele>692.2</ele>
        <time>2026-09-10T11:20:22.737Z</time>
      </trkpt>
      <trkpt lat="46.9063378" lon="7.4443252">
        <ele>692.2</ele>
        <time>2026-09-10T11:20:22.737Z</time>
      </trkpt>
      <trkpt lat="46.9063308" lon="7.4443053">
        <ele>692.4000000000001</ele>
        <time>2026-09-10T11:20:22.737Z</time>
      </trkpt>
      <trkpt lat="46.9063226" lon="7.4442904">
        <ele>692.5999999999999</ele>
        <time>2026-09-10T11:20:22.737Z</time>
      </trkpt>
      <trkpt lat="46.9063113" lon="7.4442772">
        <ele>692.8</ele>
        <time>2026-09-10T11:20:22.737Z</time>
      </trkpt>
      <trkpt lat="46.9062998" lon="7.4442638">
        <ele>692.8</ele>
        <time>2026-09-10T11:20:22.737Z</time>
      </trkpt>
      <trkpt lat="46.9062884" lon="7.4442518">
        <ele>693</ele>
        <time>2026-09-10T11:20:22.737Z</time>
      </trkpt>
      <trkpt lat="46.9062767" lon="7.4442401">
        <ele>693.2</ele>
        <time>2026-09-10T11:20:22.737Z</time>
      </trkpt>
      <trkpt lat="46.9062651" lon="7.444228">
        <ele>693.2</ele>
        <time>2026-09-10T11:20:22.737Z</time>
      </trkpt>
      <trkpt lat="46.9062543" lon="7.4442204">
        <ele>693.4000000000001</ele>
        <time>2026-09-10T11:20:22.737Z</time>
      </trkpt>
      <trkpt lat="46.9062388" lon="7.4442116">
        <ele>693.5999999999999</ele>
        <time>2026-09-10T11:20:22.737Z</time>
      </trkpt>
      <trkpt lat="46.9062239" lon="7.4442019">
        <ele>693.5999999999999</ele>
        <time>2026-09-10T11:20:22.737Z</time>
      </trkpt>
      <trkpt lat="46.9062125" lon="7.4441952">
        <ele>693.8</ele>
        <time>2026-09-10T11:20:22.737Z</time>
      </trkpt>
      <trkpt lat="46.9062006" lon="7.444185">
        <ele>694</ele>
        <time>2026-09-10T11:20:22.737Z</time>
      </trkpt>
      <trkpt lat="46.9061858" lon="7.444172">
        <ele>694</ele>
        <time>2026-09-10T11:20:22.737Z</time>
      </trkpt>
      <trkpt lat="46.9061738" lon="7.444162">
        <ele>694.2</ele>
        <time>2026-09-10T11:20:22.737Z</time>
      </trkpt>
      <trkpt lat="46.9061625" lon="7.4441468">
        <ele>694.2</ele>
        <time>2026-09-10T11:20:22.737Z</time>
      </trkpt>
      <trkpt lat="46.9061512" lon="7.4441324">
        <ele>694.4000000000001</ele>
        <time>2026-09-10T11:20:22.737Z</time>
      </trkpt>
      <trkpt lat="46.9061357" lon="7.4441186">
        <ele>694.4000000000001</ele>
        <time>2026-09-10T11:20:22.737Z</time>
      </trkpt>
      <trkpt lat="46.9061204" lon="7.4441053">
        <ele>694.5999999999999</ele>
        <time>2026-09-10T11:20:22.737Z</time>
      </trkpt>
      <trkpt lat="46.9061092" lon="7.4440904">
        <ele>694.5999999999999</ele>
        <time>2026-09-10T11:20:22.737Z</time>
      </trkpt>
      <trkpt lat="46.9061014" lon="7.4440755">
        <ele>694.5999999999999</ele>
        <time>2026-09-10T11:20:22.737Z</time>
      </trkpt>
      <trkpt lat="46.9060898" lon="7.4440551">
        <ele>694.8</ele>
        <time>2026-09-10T11:20:22.737Z</time>
      </trkpt>
      <trkpt lat="46.9060786" lon="7.44404">
        <ele>694.8</ele>
        <time>2026-09-10T11:20:22.737Z</time>
      </trkpt>
      <trkpt lat="46.9060669" lon="7.4440217">
        <ele>695</ele>
        <time>2026-09-10T11:20:22.737Z</time>
      </trkpt>
      <trkpt lat="46.9060592" lon="7.4440029">
        <ele>695</ele>
        <time>2026-09-10T11:20:22.737Z</time>
      </trkpt>
      <trkpt lat="46.9060522" lon="7.4439833">
        <ele>695.2</ele>
        <time>2026-09-10T11:20:22.738Z</time>
      </trkpt>
      <trkpt lat="46.9060444" lon="7.4439594">
        <ele>695.2</ele>
        <time>2026-09-10T11:20:22.738Z</time>
      </trkpt>
      <trkpt lat="46.9060365" lon="7.4439352">
        <ele>695.4000000000001</ele>
        <time>2026-09-10T11:20:22.738Z</time>
      </trkpt>
      <trkpt lat="46.9060364" lon="7.4439129">
        <ele>695.4000000000001</ele>
        <time>2026-09-10T11:20:22.738Z</time>
      </trkpt>
      <trkpt lat="46.9060346" lon="7.4438883">
        <ele>695.5999999999999</ele>
        <time>2026-09-10T11:20:22.738Z</time>
      </trkpt>
      <trkpt lat="46.9060326" lon="7.4438637">
        <ele>695.5999999999999</ele>
        <time>2026-09-10T11:20:22.738Z</time>
      </trkpt>
      <trkpt lat="46.9060363" lon="7.4438386">
        <ele>695.8</ele>
        <time>2026-09-10T11:20:22.738Z</time>
      </trkpt>
      <trkpt lat="46.9060364" lon="7.4438184">
        <ele>696</ele>
        <time>2026-09-10T11:20:22.738Z</time>
      </trkpt>
      <trkpt lat="46.9060402" lon="7.4438001">
        <ele>696.2</ele>
        <time>2026-09-10T11:20:22.738Z</time>
      </trkpt>
      <trkpt lat="46.9060478" lon="7.44378">
        <ele>696.2</ele>
        <time>2026-09-10T11:20:22.738Z</time>
      </trkpt>
      <trkpt lat="46.9060561" lon="7.4437623">
        <ele>696.4000000000001</ele>
        <time>2026-09-10T11:20:22.738Z</time>
      </trkpt>
      <trkpt lat="46.9060669" lon="7.4437452">
        <ele>696.5999999999999</ele>
        <time>2026-09-10T11:20:22.738Z</time>
      </trkpt>
      <trkpt lat="46.9060782" lon="7.44373">
        <ele>696.5999999999999</ele>
        <time>2026-09-10T11:20:22.738Z</time>
      </trkpt>
      <trkpt lat="46.9060859" lon="7.4437167">
        <ele>696.8</ele>
        <time>2026-09-10T11:20:22.738Z</time>
      </trkpt>
      <trkpt lat="46.9060975" lon="7.4437064">
        <ele>697</ele>
        <time>2026-09-10T11:20:22.738Z</time>
      </trkpt>
      <trkpt lat="46.9061086" lon="7.4436935">
        <ele>697.2</ele>
        <time>2026-09-10T11:20:22.738Z</time>
      </trkpt>
      <trkpt lat="46.9061163" lon="7.4436835">
        <ele>697.4000000000001</ele>
        <time>2026-09-10T11:20:22.738Z</time>
      </trkpt>
      <trkpt lat="46.9061318" lon="7.4436717">
        <ele>697.5999999999999</ele>
        <time>2026-09-10T11:20:22.738Z</time>
      </trkpt>
      <trkpt lat="46.9061428" lon="7.4436587">
        <ele>697.8</ele>
        <time>2026-09-10T11:20:22.738Z</time>
      </trkpt>
      <trkpt lat="46.9061584" lon="7.4436484">
        <ele>698</ele>
        <time>2026-09-10T11:20:22.738Z</time>
      </trkpt>
      <trkpt lat="46.9061698" lon="7.4436384">
        <ele>698.2</ele>
        <time>2026-09-10T11:20:22.738Z</time>
      </trkpt>
      <trkpt lat="46.9061812" lon="7.4436302">
        <ele>698.4000000000001</ele>
        <time>2026-09-10T11:20:22.738Z</time>
      </trkpt>
      <trkpt lat="46.9061964" lon="7.4436204">
        <ele>698.5999999999999</ele>
        <time>2026-09-10T11:20:22.738Z</time>
      </trkpt>
      <trkpt lat="46.906204" lon="7.4436104">
        <ele>698.8</ele>
        <time>2026-09-10T11:20:22.738Z</time>
      </trkpt>
      <trkpt lat="46.9062154" lon="7.4436004">
        <ele>699</ele>
        <time>2026-09-10T11:20:22.738Z</time>
      </trkpt>
      <trkpt lat="46.9062271" lon="7.4435883">
        <ele>699.2</ele>
        <time>2026-09-10T11:20:22.739Z</time>
      </trkpt>
      <trkpt lat="46.9062424" lon="7.4435768">
        <ele>699.4000000000001</ele>
        <time>2026-09-10T11:20:22.739Z</time>
      </trkpt>
      <trkpt lat="46.9062533" lon="7.4435686">
        <ele>699.5999999999999</ele>
        <time>2026-09-10T11:20:22.739Z</time>
      </trkpt>
      <trkpt lat="46.9062613" lon="7.4435551">
        <ele>700</ele>
        <time>2026-09-10T11:20:22.739Z</time>
      </trkpt>
      <trkpt lat="46.906276" lon="7.4435439">
        <ele>700.2</ele>
        <time>2026-09-10T11:20:22.739Z</time>
      </trkpt>
      <trkpt lat="46.9062875" lon="7.4435321">
        <ele>700.4000000000001</ele>
        <time>2026-09-10T11:20:22.739Z</time>
      </trkpt>
      <trkpt lat="46.9062991" lon="7.4435205">
        <ele>700.5999999999999</ele>
        <time>2026-09-10T11:20:22.739Z</time>
      </trkpt>
      <trkpt lat="46.9063148" lon="7.4435082">
        <ele>700.8</ele>
        <time>2026-09-10T11:20:22.739Z</time>
      </trkpt>
      <trkpt lat="46.9063257" lon="7.4434987">
        <ele>701</ele>
        <time>2026-09-10T11:20:22.739Z</time>
      </trkpt>
      <trkpt lat="46.9063372" lon="7.4434872">
        <ele>701.2</ele>
        <time>2026-09-10T11:20:22.739Z</time>
      </trkpt>
      <trkpt lat="46.906349" lon="7.4434769">
        <ele>701.2</ele>
        <time>2026-09-10T11:20:22.739Z</time>
      </trkpt>
      <trkpt lat="46.90636" lon="7.4434671">
        <ele>701.4000000000001</ele>
        <time>2026-09-10T11:20:22.739Z</time>
      </trkpt>
      <trkpt lat="46.9063716" lon="7.4434557">
        <ele>701.5999999999999</ele>
        <time>2026-09-10T11:20:22.739Z</time>
      </trkpt>
      <trkpt lat="46.9063835" lon="7.4434467">
        <ele>701.8</ele>
        <time>2026-09-10T11:20:22.739Z</time>
      </trkpt>
      <trkpt lat="46.9063946" lon="7.4434338">
        <ele>702</ele>
        <time>2026-09-10T11:20:22.739Z</time>
      </trkpt>
      <trkpt lat="46.9064099" lon="7.4434203">
        <ele>702.2</ele>
        <time>2026-09-10T11:20:22.739Z</time>
      </trkpt>
      <trkpt lat="46.9064218" lon="7.4434083">
        <ele>702.4000000000001</ele>
        <time>2026-09-10T11:20:22.739Z</time>
      </trkpt>
      <trkpt lat="46.9064326" lon="7.4433957">
        <ele>702.5999999999999</ele>
        <time>2026-09-10T11:20:22.739Z</time>
      </trkpt>
      <trkpt lat="46.9064445" lon="7.4433819">
        <ele>702.8</ele>
        <time>2026-09-10T11:20:22.739Z</time>
      </trkpt>
      <trkpt lat="46.9064521" lon="7.4433667">
        <ele>703</ele>
        <time>2026-09-10T11:20:22.739Z</time>
      </trkpt>
      <trkpt lat="46.9064633" lon="7.4433536">
        <ele>703.2</ele>
        <time>2026-09-10T11:20:22.739Z</time>
      </trkpt>
      <trkpt lat="46.906471" lon="7.4433356">
        <ele>703.4000000000001</ele>
        <time>2026-09-10T11:20:22.739Z</time>
      </trkpt>
      <trkpt lat="46.9064787" lon="7.4433187">
        <ele>703.5999999999999</ele>
        <time>2026-09-10T11:20:22.739Z</time>
      </trkpt>
      <trkpt lat="46.9064867" lon="7.4433009">
        <ele>703.8</ele>
        <time>2026-09-10T11:20:22.739Z</time>
      </trkpt>
      <trkpt lat="46.9064903" lon="7.4432838">
        <ele>704</ele>
        <time>2026-09-10T11:20:22.739Z</time>
      </trkpt>
      <trkpt lat="46.9064941" lon="7.4432682">
        <ele>704</ele>
        <time>2026-09-10T11:20:22.739Z</time>
      </trkpt>
      <trkpt lat="46.9065015" lon="7.4432489">
        <ele>704.2</ele>
        <time>2026-09-10T11:20:22.739Z</time>
      </trkpt>
      <trkpt lat="46.9065055" lon="7.4432305">
        <ele>704.4000000000001</ele>
        <time>2026-09-10T11:20:22.739Z</time>
      </trkpt>
      <trkpt lat="46.9065096" lon="7.4432106">
        <ele>704.5999999999999</ele>
        <time>2026-09-10T11:20:22.739Z</time>
      </trkpt>
      <trkpt lat="46.9065132" lon="7.4431936">
        <ele>704.8</ele>
        <time>2026-09-10T11:20:22.739Z</time>
      </trkpt>
      <trkpt lat="46.9065132" lon="7.4431734">
        <ele>704.8</ele>
        <time>2026-09-10T11:20:22.739Z</time>
      </trkpt>
      <trkpt lat="46.9065172" lon="7.4431494">
        <ele>705</ele>
        <time>2026-09-10T11:20:22.739Z</time>
      </trkpt>
      <trkpt lat="46.9065208" lon="7.4431337">
        <ele>705</ele>
        <time>2026-09-10T11:20:22.739Z</time>
      </trkpt>
      <trkpt lat="46.9065209" lon="7.4431138">
        <ele>705.2</ele>
        <time>2026-09-10T11:20:22.739Z</time>
      </trkpt>
      <trkpt lat="46.9065209" lon="7.4430935">
        <ele>705.4000000000001</ele>
        <time>2026-09-10T11:20:22.739Z</time>
      </trkpt>
      <trkpt lat="46.9065209" lon="7.4430755">
        <ele>705.5999999999999</ele>
        <time>2026-09-10T11:20:22.739Z</time>
      </trkpt>
      <trkpt lat="46.9065209" lon="7.4430569">
        <ele>705.8</ele>
        <time>2026-09-10T11:20:22.739Z</time>
      </trkpt>
      <trkpt lat="46.9065246" lon="7.4430387">
        <ele>706</ele>
        <time>2026-09-10T11:20:22.739Z</time>
      </trkpt>
      <trkpt lat="46.9065246" lon="7.4430171">
        <ele>706.2</ele>
        <time>2026-09-10T11:20:22.739Z</time>
      </trkpt>
      <trkpt lat="46.9065284" lon="7.4429967">
        <ele>706.4000000000001</ele>
        <time>2026-09-10T11:20:22.739Z</time>
      </trkpt>
      <trkpt lat="46.9065285" lon="7.442977">
        <ele>706.5999999999999</ele>
        <time>2026-09-10T11:20:22.739Z</time>
      </trkpt>
      <trkpt lat="46.9065285" lon="7.4429594">
        <ele>706.8</ele>
        <time>2026-09-10T11:20:22.739Z</time>
      </trkpt>
      <trkpt lat="46.9065285" lon="7.4429387">
        <ele>707</ele>
        <time>2026-09-10T11:20:22.739Z</time>
      </trkpt>
      <trkpt lat="46.9065323" lon="7.4429182">
        <ele>707.2</ele>
        <time>2026-09-10T11:20:22.739Z</time>
      </trkpt>
      <trkpt lat="46.906536" lon="7.4428985">
        <ele>707.4000000000001</ele>
        <time>2026-09-10T11:20:22.739Z</time>
      </trkpt>
      <trkpt lat="46.9065399" lon="7.4428781">
        <ele>707.5999999999999</ele>
        <time>2026-09-10T11:20:22.739Z</time>
      </trkpt>
      <trkpt lat="46.9065399" lon="7.4428596">
        <ele>707.8</ele>
        <time>2026-09-10T11:20:22.739Z</time>
      </trkpt>
      <trkpt lat="46.9065399" lon="7.4428428">
        <ele>708</ele>
        <time>2026-09-10T11:20:22.739Z</time>
      </trkpt>
      <trkpt lat="46.9065437" lon="7.4428237">
        <ele>708.2</ele>
        <time>2026-09-10T11:20:22.739Z</time>
      </trkpt>
      <trkpt lat="46.9065475" lon="7.4428049">
        <ele>708.4000000000001</ele>
        <time>2026-09-10T11:20:22.739Z</time>
      </trkpt>
      <trkpt lat="46.9065512" lon="7.4427874">
        <ele>708.5999999999999</ele>
        <time>2026-09-10T11:20:22.739Z</time>
      </trkpt>
      <trkpt lat="46.9065551" lon="7.4427671">
        <ele>708.8</ele>
        <time>2026-09-10T11:20:22.739Z</time>
      </trkpt>
      <trkpt lat="46.9065552" lon="7.442747">
        <ele>709</ele>
        <time>2026-09-10T11:20:22.739Z</time>
      </trkpt>
      <trkpt lat="46.9065589" lon="7.4427268">
        <ele>709.2</ele>
        <time>2026-09-10T11:20:22.739Z</time>
      </trkpt>
      <trkpt lat="46.906559" lon="7.4427053">
        <ele>709.4000000000001</ele>
        <time>2026-09-10T11:20:22.739Z</time>
      </trkpt>
      <trkpt lat="46.906559" lon="7.4426848">
        <ele>709.5999999999999</ele>
        <time>2026-09-10T11:20:22.739Z</time>
      </trkpt>
      <trkpt lat="46.906559" lon="7.4426633">
        <ele>709.8</ele>
        <time>2026-09-10T11:20:22.739Z</time>
      </trkpt>
      <trkpt lat="46.906559" lon="7.4426421">
        <ele>710</ele>
        <time>2026-09-10T11:20:22.739Z</time>
      </trkpt>
      <trkpt lat="46.9065627" lon="7.4426222">
        <ele>710.2</ele>
        <time>2026-09-10T11:20:22.739Z</time>
      </trkpt>
      <trkpt lat="46.9065628" lon="7.4426022">
        <ele>710.4000000000001</ele>
        <time>2026-09-10T11:20:22.739Z</time>
      </trkpt>
      <trkpt lat="46.9065666" lon="7.4425818">
        <ele>710.5999999999999</ele>
        <time>2026-09-10T11:20:22.739Z</time>
      </trkpt>
      <trkpt lat="46.9065666" lon="7.4425595">
        <ele>710.8</ele>
        <time>2026-09-10T11:20:22.739Z</time>
      </trkpt>
      <trkpt lat="46.9065666" lon="7.4425391">
        <ele>711</ele>
        <time>2026-09-10T11:20:22.739Z</time>
      </trkpt>
      <trkpt lat="46.9065666" lon="7.4425172">
        <ele>711</ele>
        <time>2026-09-10T11:20:22.739Z</time>
      </trkpt>
      <trkpt lat="46.9065667" lon="7.442496">
        <ele>711.2</ele>
        <time>2026-09-10T11:20:22.739Z</time>
      </trkpt>
      <trkpt lat="46.9065701" lon="7.4424784">
        <ele>711.4000000000001</ele>
        <time>2026-09-10T11:20:22.739Z</time>
      </trkpt>
      <trkpt lat="46.9065704" lon="7.4424574">
        <ele>711.5999999999999</ele>
        <time>2026-09-10T11:20:22.739Z</time>
      </trkpt>
      <trkpt lat="46.9065704" lon="7.4424393">
        <ele>711.8</ele>
        <time>2026-09-10T11:20:22.740Z</time>
      </trkpt>
      <trkpt lat="46.9065743" lon="7.4424181">
        <ele>712</ele>
        <time>2026-09-10T11:20:22.740Z</time>
      </trkpt>
      <trkpt lat="46.9065743" lon="7.4423996">
        <ele>712.2</ele>
        <time>2026-09-10T11:20:22.740Z</time>
      </trkpt>
      <trkpt lat="46.9065743" lon="7.4423795">
        <ele>712.4000000000001</ele>
        <time>2026-09-10T11:20:22.740Z</time>
      </trkpt>
      <trkpt lat="46.9065743" lon="7.4423632">
        <ele>712.5999999999999</ele>
        <time>2026-09-10T11:20:22.740Z</time>
      </trkpt>
      <trkpt lat="46.9065743" lon="7.4423446">
        <ele>712.8</ele>
        <time>2026-09-10T11:20:22.740Z</time>
      </trkpt>
      <trkpt lat="46.9065743" lon="7.4423261">
        <ele>713</ele>
        <time>2026-09-10T11:20:22.740Z</time>
      </trkpt>
      <trkpt lat="46.9065743" lon="7.4423072">
        <ele>713.2</ele>
        <time>2026-09-10T11:20:22.740Z</time>
      </trkpt>
      <trkpt lat="46.9065743" lon="7.4422879">
        <ele>713.4000000000001</ele>
        <time>2026-09-10T11:20:22.740Z</time>
      </trkpt>
      <trkpt lat="46.9065743" lon="7.4422698">
        <ele>713.5999999999999</ele>
        <time>2026-09-10T11:20:22.740Z</time>
      </trkpt>
      <trkpt lat="46.9065707" lon="7.4422511">
        <ele>713.8</ele>
        <time>2026-09-10T11:20:22.740Z</time>
      </trkpt>
      <trkpt lat="46.9065704" lon="7.4422311">
        <ele>714</ele>
        <time>2026-09-10T11:20:22.740Z</time>
      </trkpt>
      <trkpt lat="46.9065704" lon="7.4422159">
        <ele>714.2</ele>
        <time>2026-09-10T11:20:22.740Z</time>
      </trkpt>
      <trkpt lat="46.9065704" lon="7.4421982">
        <ele>714.4000000000001</ele>
        <time>2026-09-10T11:20:22.740Z</time>
      </trkpt>
      <trkpt lat="46.9065704" lon="7.4421772">
        <ele>714.5999999999999</ele>
        <time>2026-09-10T11:20:22.740Z</time>
      </trkpt>
      <trkpt lat="46.9065704" lon="7.4421575">
        <ele>714.8</ele>
        <time>2026-09-10T11:20:22.740Z</time>
      </trkpt>
      <trkpt lat="46.9065704" lon="7.4421387">
        <ele>714.8</ele>
        <time>2026-09-10T11:20:22.740Z</time>
      </trkpt>
      <trkpt lat="46.9065704" lon="7.4421189">
        <ele>715</ele>
        <time>2026-09-10T11:20:22.740Z</time>
      </trkpt>
      <trkpt lat="46.9065704" lon="7.4420986">
        <ele>715.2</ele>
        <time>2026-09-10T11:20:22.740Z</time>
      </trkpt>
      <trkpt lat="46.9065704" lon="7.4420789">
        <ele>715.4000000000001</ele>
        <time>2026-09-10T11:20:22.740Z</time>
      </trkpt>
      <trkpt lat="46.9065666" lon="7.4420599">
        <ele>715.5999999999999</ele>
        <time>2026-09-10T11:20:22.740Z</time>
      </trkpt>
      <trkpt lat="46.9065666" lon="7.4420421">
        <ele>715.8</ele>
        <time>2026-09-10T11:20:22.740Z</time>
      </trkpt>
      <trkpt lat="46.9065666" lon="7.4420223">
        <ele>716</ele>
        <time>2026-09-10T11:20:22.740Z</time>
      </trkpt>
      <trkpt lat="46.9065666" lon="7.4420039">
        <ele>716.2</ele>
        <time>2026-09-10T11:20:22.740Z</time>
      </trkpt>
      <trkpt lat="46.9065666" lon="7.4419856">
        <ele>716.4000000000001</ele>
        <time>2026-09-10T11:20:22.740Z</time>
      </trkpt>
      <trkpt lat="46.9065666" lon="7.4419668">
        <ele>716.5999999999999</ele>
        <time>2026-09-10T11:20:22.740Z</time>
      </trkpt>
      <trkpt lat="46.9065666" lon="7.4419499">
        <ele>716.8</ele>
        <time>2026-09-10T11:20:22.740Z</time>
      </trkpt>
      <trkpt lat="46.9065628" lon="7.4419331">
        <ele>717</ele>
        <time>2026-09-10T11:20:22.740Z</time>
      </trkpt>
      <trkpt lat="46.9065628" lon="7.4419158">
        <ele>717.2</ele>
        <time>2026-09-10T11:20:22.740Z</time>
      </trkpt>
      <trkpt lat="46.906559" lon="7.4418966">
        <ele>717.4000000000001</ele>
        <time>2026-09-10T11:20:22.740Z</time>
      </trkpt>
      <trkpt lat="46.9065589" lon="7.4418834">
        <ele>717.5999999999999</ele>
        <time>2026-09-10T11:20:22.740Z</time>
      </trkpt>
      <trkpt lat="46.9065552" lon="7.4418674">
        <ele>717.8</ele>
        <time>2026-09-10T11:20:22.740Z</time>
      </trkpt>
      <trkpt lat="46.9065552" lon="7.4418503">
        <ele>718</ele>
        <time>2026-09-10T11:20:22.740Z</time>
      </trkpt>
      <trkpt lat="46.9065589" lon="7.4418319">
        <ele>718.2</ele>
        <time>2026-09-10T11:20:22.740Z</time>
      </trkpt>
      <trkpt lat="46.9065552" lon="7.4418136">
        <ele>718.4000000000001</ele>
        <time>2026-09-10T11:20:22.740Z</time>
      </trkpt>
      <trkpt lat="46.9065552" lon="7.4417968">
        <ele>718.5999999999999</ele>
        <time>2026-09-10T11:20:22.740Z</time>
      </trkpt>
      <trkpt lat="46.9065552" lon="7.4417765">
        <ele>718.8</ele>
        <time>2026-09-10T11:20:22.740Z</time>
      </trkpt>
      <trkpt lat="46.9065514" lon="7.4417583">
        <ele>719</ele>
        <time>2026-09-10T11:20:22.740Z</time>
      </trkpt>
      <trkpt lat="46.906555" lon="7.4417378">
        <ele>719.2</ele>
        <time>2026-09-10T11:20:22.740Z</time>
      </trkpt>
      <trkpt lat="46.9065552" lon="7.4417219">
        <ele>719.2</ele>
        <time>2026-09-10T11:20:22.740Z</time>
      </trkpt>
      <trkpt lat="46.9065552" lon="7.4417055">
        <ele>719.4000000000001</ele>
        <time>2026-09-10T11:20:22.740Z</time>
      </trkpt>
      <trkpt lat="46.9065552" lon="7.4416889">
        <ele>719.5999999999999</ele>
        <time>2026-09-10T11:20:22.740Z</time>
      </trkpt>
      <trkpt lat="46.9065552" lon="7.4416685">
        <ele>719.8</ele>
        <time>2026-09-10T11:20:22.740Z</time>
      </trkpt>
      <trkpt lat="46.9065516" lon="7.4416528">
        <ele>720</ele>
        <time>2026-09-10T11:20:22.740Z</time>
      </trkpt>
      <trkpt lat="46.9065514" lon="7.4416325">
        <ele>720.2</ele>
        <time>2026-09-10T11:20:22.740Z</time>
      </trkpt>
      <trkpt lat="46.9065514" lon="7.4416126">
        <ele>720.4000000000001</ele>
        <time>2026-09-10T11:20:22.741Z</time>
      </trkpt>
      <trkpt lat="46.906555" lon="7.4415973">
        <ele>720.4000000000001</ele>
        <time>2026-09-10T11:20:22.741Z</time>
      </trkpt>
      <trkpt lat="46.9065552" lon="7.4415919">
        <ele>720.5999999999999</ele>
        <time>2026-09-10T11:20:22.741Z</time>
      </trkpt>
      <trkpt lat="46.9065291" lon="7.4414562">
        <ele>721</ele>
        <time>2026-09-10T11:20:22.741Z</time>
      </trkpt>
      <trkpt lat="46.9065285" lon="7.4414385">
        <ele>721.2</ele>
        <time>2026-09-10T11:20:22.741Z</time>
      </trkpt>
      <trkpt lat="46.9065285" lon="7.4414201">
        <ele>721.2</ele>
        <time>2026-09-10T11:20:22.741Z</time>
      </trkpt>
      <trkpt lat="46.9065285" lon="7.4414053">
        <ele>721.2</ele>
        <time>2026-09-10T11:20:22.741Z</time>
      </trkpt>
      <trkpt lat="46.9065248" lon="7.4413889">
        <ele>721.4000000000001</ele>
        <time>2026-09-10T11:20:22.741Z</time>
      </trkpt>
      <trkpt lat="46.9065209" lon="7.4413736">
        <ele>721.4000000000001</ele>
        <time>2026-09-10T11:20:22.741Z</time>
      </trkpt>
      <trkpt lat="46.9065171" lon="7.4413557">
        <ele>721.5999999999999</ele>
        <time>2026-09-10T11:20:22.741Z</time>
      </trkpt>
      <trkpt lat="46.9065132" lon="7.4413402">
        <ele>721.8</ele>
        <time>2026-09-10T11:20:22.741Z</time>
      </trkpt>
      <trkpt lat="46.9065056" lon="7.4413251">
        <ele>721.8</ele>
        <time>2026-09-10T11:20:22.741Z</time>
      </trkpt>
      <trkpt lat="46.9065056" lon="7.4413137">
        <ele>722</ele>
        <time>2026-09-10T11:20:22.741Z</time>
      </trkpt>
      <trkpt lat="46.9065018" lon="7.441297">
        <ele>722.2</ele>
        <time>2026-09-10T11:20:22.741Z</time>
      </trkpt>
      <trkpt lat="46.9065018" lon="7.4412801">
        <ele>722.4000000000001</ele>
        <time>2026-09-10T11:20:22.741Z</time>
      </trkpt>
      <trkpt lat="46.906498" lon="7.4412635">
        <ele>722.4000000000001</ele>
        <time>2026-09-10T11:20:22.741Z</time>
      </trkpt>
      <trkpt lat="46.9064942" lon="7.4412469">
        <ele>722.5999999999999</ele>
        <time>2026-09-10T11:20:22.741Z</time>
      </trkpt>
      <trkpt lat="46.9064865" lon="7.4412298">
        <ele>722.8</ele>
        <time>2026-09-10T11:20:22.741Z</time>
      </trkpt>
      <trkpt lat="46.9064829" lon="7.4412139">
        <ele>723</ele>
        <time>2026-09-10T11:20:22.741Z</time>
      </trkpt>
      <trkpt lat="46.9064789" lon="7.4411951">
        <ele>723</ele>
        <time>2026-09-10T11:20:22.741Z</time>
      </trkpt>
      <trkpt lat="46.9064789" lon="7.4411757">
        <ele>723.2</ele>
        <time>2026-09-10T11:20:22.741Z</time>
      </trkpt>
      <trkpt lat="46.9064752" lon="7.4411575">
        <ele>723.4000000000001</ele>
        <time>2026-09-10T11:20:22.741Z</time>
      </trkpt>
      <trkpt lat="46.9064751" lon="7.4411387">
        <ele>723.5999999999999</ele>
        <time>2026-09-10T11:20:22.741Z</time>
      </trkpt>
      <trkpt lat="46.9064713" lon="7.4411204">
        <ele>723.5999999999999</ele>
        <time>2026-09-10T11:20:22.741Z</time>
      </trkpt>
      <trkpt lat="46.9064676" lon="7.4411008">
        <ele>723.8</ele>
        <time>2026-09-10T11:20:22.741Z</time>
      </trkpt>
      <trkpt lat="46.9064674" lon="7.4410804">
        <ele>724</ele>
        <time>2026-09-10T11:20:22.741Z</time>
      </trkpt>
      <trkpt lat="46.9064674" lon="7.4410611">
        <ele>724.2</ele>
        <time>2026-09-10T11:20:22.741Z</time>
      </trkpt>
      <trkpt lat="46.9064674" lon="7.4410449">
        <ele>724.4000000000001</ele>
        <time>2026-09-10T11:20:22.741Z</time>
      </trkpt>
      <trkpt lat="46.9064674" lon="7.441024">
        <ele>724.5999999999999</ele>
        <time>2026-09-10T11:20:22.741Z</time>
      </trkpt>
      <trkpt lat="46.9064674" lon="7.4410063">
        <ele>724.8</ele>
        <time>2026-09-10T11:20:22.741Z</time>
      </trkpt>
      <trkpt lat="46.9064674" lon="7.4409866">
        <ele>725</ele>
        <time>2026-09-10T11:20:22.741Z</time>
      </trkpt>
      <trkpt lat="46.9064711" lon="7.4409672">
        <ele>725.2</ele>
        <time>2026-09-10T11:20:22.741Z</time>
      </trkpt>
      <trkpt lat="46.9064749" lon="7.4409494">
        <ele>725.4000000000001</ele>
        <time>2026-09-10T11:20:22.741Z</time>
      </trkpt>
      <trkpt lat="46.9064751" lon="7.4409328">
        <ele>725.5999999999999</ele>
        <time>2026-09-10T11:20:22.741Z</time>
      </trkpt>
      <trkpt lat="46.9064788" lon="7.4409156">
        <ele>725.8</ele>
        <time>2026-09-10T11:20:22.741Z</time>
      </trkpt>
      <trkpt lat="46.9064863" lon="7.4408989">
        <ele>726</ele>
        <time>2026-09-10T11:20:22.741Z</time>
      </trkpt>
      <trkpt lat="46.9064865" lon="7.4408839">
        <ele>726.2</ele>
        <time>2026-09-10T11:20:22.741Z</time>
      </trkpt>
      <trkpt lat="46.9064938" lon="7.4408672">
        <ele>726.4000000000001</ele>
        <time>2026-09-10T11:20:22.741Z</time>
      </trkpt>
      <trkpt lat="46.9064978" lon="7.4408504">
        <ele>726.5999999999999</ele>
        <time>2026-09-10T11:20:22.741Z</time>
      </trkpt>
      <trkpt lat="46.9065016" lon="7.4408345">
        <ele>726.8</ele>
        <time>2026-09-10T11:20:22.741Z</time>
      </trkpt>
      <trkpt lat="46.9065055" lon="7.4408187">
        <ele>726.8</ele>
        <time>2026-09-10T11:20:22.741Z</time>
      </trkpt>
      <trkpt lat="46.9065132" lon="7.4408004">
        <ele>727</ele>
        <time>2026-09-10T11:20:22.741Z</time>
      </trkpt>
      <trkpt lat="46.9065167" lon="7.4407833">
        <ele>727.2</ele>
        <time>2026-09-10T11:20:22.741Z</time>
      </trkpt>
      <trkpt lat="46.9065207" lon="7.4407655">
        <ele>727.4000000000001</ele>
        <time>2026-09-10T11:20:22.741Z</time>
      </trkpt>
      <trkpt lat="46.9065246" lon="7.4407471">
        <ele>727.5999999999999</ele>
        <time>2026-09-10T11:20:22.741Z</time>
      </trkpt>
      <trkpt lat="46.9065246" lon="7.4407294">
        <ele>727.8</ele>
        <time>2026-09-10T11:20:22.741Z</time>
      </trkpt>
      <trkpt lat="46.9065284" lon="7.4407118">
        <ele>728</ele>
        <time>2026-09-10T11:20:22.741Z</time>
      </trkpt>
      <trkpt lat="46.9065323" lon="7.4406917">
        <ele>728</ele>
        <time>2026-09-10T11:20:22.741Z</time>
      </trkpt>
      <trkpt lat="46.906536" lon="7.4406738">
        <ele>728.2</ele>
        <time>2026-09-10T11:20:22.741Z</time>
      </trkpt>
      <trkpt lat="46.9065398" lon="7.4406573">
        <ele>728.4000000000001</ele>
        <time>2026-09-10T11:20:22.741Z</time>
      </trkpt>
      <trkpt lat="46.9065437" lon="7.4406389">
        <ele>728.5999999999999</ele>
        <time>2026-09-10T11:20:22.741Z</time>
      </trkpt>
      <trkpt lat="46.9065438" lon="7.4406226">
        <ele>728.8</ele>
        <time>2026-09-10T11:20:22.741Z</time>
      </trkpt>
      <trkpt lat="46.9065513" lon="7.4406054">
        <ele>729</ele>
        <time>2026-09-10T11:20:22.741Z</time>
      </trkpt>
      <trkpt lat="46.9065551" lon="7.4405888">
        <ele>729.2</ele>
        <time>2026-09-10T11:20:22.741Z</time>
      </trkpt>
      <trkpt lat="46.9065552" lon="7.4405721">
        <ele>729.4000000000001</ele>
        <time>2026-09-10T11:20:22.741Z</time>
      </trkpt>
      <trkpt lat="46.9065552" lon="7.4405523">
        <ele>729.5999999999999</ele>
        <time>2026-09-10T11:20:22.741Z</time>
      </trkpt>
      <trkpt lat="46.9065589" lon="7.4405352">
        <ele>729.8</ele>
        <time>2026-09-10T11:20:22.741Z</time>
      </trkpt>
      <trkpt lat="46.906559" lon="7.4405178">
        <ele>730</ele>
        <time>2026-09-10T11:20:22.741Z</time>
      </trkpt>
      <trkpt lat="46.906559" lon="7.4404984">
        <ele>730.2</ele>
        <time>2026-09-10T11:20:22.741Z</time>
      </trkpt>
      <trkpt lat="46.9065628" lon="7.4404837">
        <ele>730.4000000000001</ele>
        <time>2026-09-10T11:20:22.741Z</time>
      </trkpt>
      <trkpt lat="46.9065628" lon="7.4404672">
        <ele>730.5999999999999</ele>
        <time>2026-09-10T11:20:22.741Z</time>
      </trkpt>
      <trkpt lat="46.9065628" lon="7.4404512">
        <ele>730.8</ele>
        <time>2026-09-10T11:20:22.741Z</time>
      </trkpt>
      <trkpt lat="46.9065665" lon="7.440434">
        <ele>731</ele>
        <time>2026-09-10T11:20:22.741Z</time>
      </trkpt>
      <trkpt lat="46.9065666" lon="7.4404143">
        <ele>731.2</ele>
        <time>2026-09-10T11:20:22.741Z</time>
      </trkpt>
      <trkpt lat="46.9065666" lon="7.4403953">
        <ele>731.2</ele>
        <time>2026-09-10T11:20:22.741Z</time>
      </trkpt>
      <trkpt lat="46.9065702" lon="7.4403776">
        <ele>731.4000000000001</ele>
        <time>2026-09-10T11:20:22.741Z</time>
      </trkpt>
      <trkpt lat="46.9065704" lon="7.440359">
        <ele>731.5999999999999</ele>
        <time>2026-09-10T11:20:22.742Z</time>
      </trkpt>
      <trkpt lat="46.9065704" lon="7.4403407">
        <ele>731.8</ele>
        <time>2026-09-10T11:20:22.742Z</time>
      </trkpt>
      <trkpt lat="46.9065704" lon="7.4403219">
        <ele>731.8</ele>
        <time>2026-09-10T11:20:22.742Z</time>
      </trkpt>
      <trkpt lat="46.9065741" lon="7.4403073">
        <ele>732</ele>
        <time>2026-09-10T11:20:22.742Z</time>
      </trkpt>
      <trkpt lat="46.9065743" lon="7.4402871">
        <ele>732.2</ele>
        <time>2026-09-10T11:20:22.742Z</time>
      </trkpt>
      <trkpt lat="46.906578" lon="7.4402673">
        <ele>732.4000000000001</ele>
        <time>2026-09-10T11:20:22.742Z</time>
      </trkpt>
      <trkpt lat="46.906578" lon="7.4402493">
        <ele>732.5999999999999</ele>
        <time>2026-09-10T11:20:22.742Z</time>
      </trkpt>
      <trkpt lat="46.9065744" lon="7.4402307">
        <ele>732.5999999999999</ele>
        <time>2026-09-10T11:20:22.742Z</time>
      </trkpt>
      <trkpt lat="46.9065743" lon="7.4402119">
        <ele>732.8</ele>
        <time>2026-09-10T11:20:22.742Z</time>
      </trkpt>
      <trkpt lat="46.9065743" lon="7.4401964">
        <ele>733</ele>
        <time>2026-09-10T11:20:22.742Z</time>
      </trkpt>
      <trkpt lat="46.9065743" lon="7.440177">
        <ele>733.2</ele>
        <time>2026-09-10T11:20:22.742Z</time>
      </trkpt>
      <trkpt lat="46.906578" lon="7.4401585">
        <ele>733.4000000000001</ele>
        <time>2026-09-10T11:20:22.742Z</time>
      </trkpt>
      <trkpt lat="46.9065743" lon="7.4401404">
        <ele>733.5999999999999</ele>
        <time>2026-09-10T11:20:22.742Z</time>
      </trkpt>
      <trkpt lat="46.9065743" lon="7.4401223">
        <ele>733.8</ele>
        <time>2026-09-10T11:20:22.742Z</time>
      </trkpt>
      <trkpt lat="46.9065743" lon="7.440104">
        <ele>734</ele>
        <time>2026-09-10T11:20:22.742Z</time>
      </trkpt>
      <trkpt lat="46.9065743" lon="7.4400875">
        <ele>734.2</ele>
        <time>2026-09-10T11:20:22.742Z</time>
      </trkpt>
      <trkpt lat="46.9065705" lon="7.4400684">
        <ele>734.4000000000001</ele>
        <time>2026-09-10T11:20:22.742Z</time>
      </trkpt>
      <trkpt lat="46.9065704" lon="7.4400492">
        <ele>734.5999999999999</ele>
        <time>2026-09-10T11:20:22.742Z</time>
      </trkpt>
      <trkpt lat="46.9065704" lon="7.4400325">
        <ele>734.8</ele>
        <time>2026-09-10T11:20:22.742Z</time>
      </trkpt>
      <trkpt lat="46.9065704" lon="7.4400138">
        <ele>735</ele>
        <time>2026-09-10T11:20:22.742Z</time>
      </trkpt>
      <trkpt lat="46.9065666" lon="7.4399966">
        <ele>735.2</ele>
        <time>2026-09-10T11:20:22.742Z</time>
      </trkpt>
      <trkpt lat="46.9065666" lon="7.4399804">
        <ele>735.4000000000001</ele>
        <time>2026-09-10T11:20:22.742Z</time>
      </trkpt>
      <trkpt lat="46.9065666" lon="7.4399639">
        <ele>735.5999999999999</ele>
        <time>2026-09-10T11:20:22.742Z</time>
      </trkpt>
      <trkpt lat="46.9065666" lon="7.4399456">
        <ele>735.8</ele>
        <time>2026-09-10T11:20:22.742Z</time>
      </trkpt>
      <trkpt lat="46.906563" lon="7.4399274">
        <ele>736</ele>
        <time>2026-09-10T11:20:22.742Z</time>
      </trkpt>
      <trkpt lat="46.9065628" lon="7.4399091">
        <ele>736.4000000000001</ele>
        <time>2026-09-10T11:20:22.742Z</time>
      </trkpt>
      <trkpt lat="46.9065628" lon="7.4398903">
        <ele>736.5999999999999</ele>
        <time>2026-09-10T11:20:22.742Z</time>
      </trkpt>
      <trkpt lat="46.9065593" lon="7.4398734">
        <ele>736.8</ele>
        <time>2026-09-10T11:20:22.742Z</time>
      </trkpt>
      <trkpt lat="46.9065552" lon="7.4398535">
        <ele>737</ele>
        <time>2026-09-10T11:20:22.742Z</time>
      </trkpt>
      <trkpt lat="46.9065552" lon="7.4398356">
        <ele>737.2</ele>
        <time>2026-09-10T11:20:22.742Z</time>
      </trkpt>
      <trkpt lat="46.9065552" lon="7.439819">
        <ele>737.4000000000001</ele>
        <time>2026-09-10T11:20:22.742Z</time>
      </trkpt>
      <trkpt lat="46.9065552" lon="7.4397985">
        <ele>737.5999999999999</ele>
        <time>2026-09-10T11:20:22.742Z</time>
      </trkpt>
      <trkpt lat="46.9065552" lon="7.4397819">
        <ele>737.8</ele>
        <time>2026-09-10T11:20:22.742Z</time>
      </trkpt>
      <trkpt lat="46.9065515" lon="7.4397621">
        <ele>738</ele>
        <time>2026-09-10T11:20:22.742Z</time>
      </trkpt>
      <trkpt lat="46.9065514" lon="7.4397442">
        <ele>738.2</ele>
        <time>2026-09-10T11:20:22.742Z</time>
      </trkpt>
      <trkpt lat="46.9065514" lon="7.4397239">
        <ele>738.4000000000001</ele>
        <time>2026-09-10T11:20:22.742Z</time>
      </trkpt>
      <trkpt lat="46.9065514" lon="7.4397057">
        <ele>738.5999999999999</ele>
        <time>2026-09-10T11:20:22.742Z</time>
      </trkpt>
      <trkpt lat="46.9065479" lon="7.4396894">
        <ele>739</ele>
        <time>2026-09-10T11:20:22.742Z</time>
      </trkpt>
      <trkpt lat="46.9065475" lon="7.4396709">
        <ele>739.2</ele>
        <time>2026-09-10T11:20:22.742Z</time>
      </trkpt>
      <trkpt lat="46.9065438" lon="7.4396518">
        <ele>739.4000000000001</ele>
        <time>2026-09-10T11:20:22.742Z</time>
      </trkpt>
      <trkpt lat="46.9065438" lon="7.4396338">
        <ele>739.4000000000001</ele>
        <time>2026-09-10T11:20:22.742Z</time>
      </trkpt>
      <trkpt lat="46.9065401" lon="7.4396154">
        <ele>739.5999999999999</ele>
        <time>2026-09-10T11:20:22.742Z</time>
      </trkpt>
      <trkpt lat="46.9065399" lon="7.4395973">
        <ele>739.8</ele>
        <time>2026-09-10T11:20:22.742Z</time>
      </trkpt>
      <trkpt lat="46.9065399" lon="7.4395804">
        <ele>740</ele>
        <time>2026-09-10T11:20:22.742Z</time>
      </trkpt>
      <trkpt lat="46.9065397" lon="7.4395623">
        <ele>740.2</ele>
        <time>2026-09-10T11:20:22.742Z</time>
      </trkpt>
      <trkpt lat="46.9065364" lon="7.4395467">
        <ele>740.4000000000001</ele>
        <time>2026-09-10T11:20:22.742Z</time>
      </trkpt>
      <trkpt lat="46.9065324" lon="7.4395268">
        <ele>740.5999999999999</ele>
        <time>2026-09-10T11:20:22.742Z</time>
      </trkpt>
      <trkpt lat="46.9065323" lon="7.439509">
        <ele>740.8</ele>
        <time>2026-09-10T11:20:22.742Z</time>
      </trkpt>
      <trkpt lat="46.9065323" lon="7.4394903">
        <ele>741</ele>
        <time>2026-09-10T11:20:22.742Z</time>
      </trkpt>
      <trkpt lat="46.9065323" lon="7.4394715">
        <ele>741.2</ele>
        <time>2026-09-10T11:20:22.742Z</time>
      </trkpt>
      <trkpt lat="46.9065285" lon="7.4394534">
        <ele>741.4000000000001</ele>
        <time>2026-09-10T11:20:22.742Z</time>
      </trkpt>
      <trkpt lat="46.9065285" lon="7.4394359">
        <ele>741.5999999999999</ele>
        <time>2026-09-10T11:20:22.742Z</time>
      </trkpt>
      <trkpt lat="46.9065248" lon="7.439419">
        <ele>741.8</ele>
        <time>2026-09-10T11:20:22.742Z</time>
      </trkpt>
      <trkpt lat="46.9065246" lon="7.4394007">
        <ele>742</ele>
        <time>2026-09-10T11:20:22.742Z</time>
      </trkpt>
      <trkpt lat="46.906521" lon="7.4393841">
        <ele>742.2</ele>
        <time>2026-09-10T11:20:22.742Z</time>
      </trkpt>
      <trkpt lat="46.9065172" lon="7.4393656">
        <ele>742.4000000000001</ele>
        <time>2026-09-10T11:20:22.742Z</time>
      </trkpt>
      <trkpt lat="46.9065134" lon="7.4393478">
        <ele>742.5999999999999</ele>
        <time>2026-09-10T11:20:22.742Z</time>
      </trkpt>
      <trkpt lat="46.9065132" lon="7.439329">
        <ele>742.8</ele>
        <time>2026-09-10T11:20:22.742Z</time>
      </trkpt>
      <trkpt lat="46.9065132" lon="7.4393122">
        <ele>743</ele>
        <time>2026-09-10T11:20:22.742Z</time>
      </trkpt>
      <trkpt lat="46.9065132" lon="7.439294">
        <ele>743.2</ele>
        <time>2026-09-10T11:20:22.742Z</time>
      </trkpt>
      <trkpt lat="46.9065096" lon="7.4392775">
        <ele>743.2</ele>
        <time>2026-09-10T11:20:22.742Z</time>
      </trkpt>
      <trkpt lat="46.9065057" lon="7.4392588">
        <ele>743.4000000000001</ele>
        <time>2026-09-10T11:20:22.742Z</time>
      </trkpt>
      <trkpt lat="46.9065018" lon="7.4392422">
        <ele>743.5999999999999</ele>
        <time>2026-09-10T11:20:22.743Z</time>
      </trkpt>
      <trkpt lat="46.9065018" lon="7.4392261">
        <ele>743.8</ele>
        <time>2026-09-10T11:20:22.743Z</time>
      </trkpt>
      <trkpt lat="46.9064982" lon="7.439208">
        <ele>744</ele>
        <time>2026-09-10T11:20:22.743Z</time>
      </trkpt>
      <trkpt lat="46.9064944" lon="7.4391897">
        <ele>744.2</ele>
        <time>2026-09-10T11:20:22.743Z</time>
      </trkpt>
      <trkpt lat="46.9064941" lon="7.4391728">
        <ele>744.4000000000001</ele>
        <time>2026-09-10T11:20:22.743Z</time>
      </trkpt>
      <trkpt lat="46.906487" lon="7.4391576">
        <ele>744.5999999999999</ele>
        <time>2026-09-10T11:20:22.743Z</time>
      </trkpt>
      <trkpt lat="46.9064865" lon="7.439142">
        <ele>744.8</ele>
        <time>2026-09-10T11:20:22.743Z</time>
      </trkpt>
      <trkpt lat="46.9064829" lon="7.4391241">
        <ele>745</ele>
        <time>2026-09-10T11:20:22.743Z</time>
      </trkpt>
      <trkpt lat="46.9064754" lon="7.4391091">
        <ele>745.2</ele>
        <time>2026-09-10T11:20:22.743Z</time>
      </trkpt>
      <trkpt lat="46.9064713" lon="7.4390919">
        <ele>745.4000000000001</ele>
        <time>2026-09-10T11:20:22.743Z</time>
      </trkpt>
      <trkpt lat="46.9064676" lon="7.4390759">
        <ele>745.5999999999999</ele>
        <time>2026-09-10T11:20:22.743Z</time>
      </trkpt>
      <trkpt lat="46.9064603" lon="7.4390593">
        <ele>745.8</ele>
        <time>2026-09-10T11:20:22.743Z</time>
      </trkpt>
      <trkpt lat="46.9064561" lon="7.4390422">
        <ele>746</ele>
        <time>2026-09-10T11:20:22.743Z</time>
      </trkpt>
      <trkpt lat="46.9064524" lon="7.4390276">
        <ele>746</ele>
        <time>2026-09-10T11:20:22.743Z</time>
      </trkpt>
      <trkpt lat="46.9064485" lon="7.4390105">
        <ele>746.2</ele>
        <time>2026-09-10T11:20:22.743Z</time>
      </trkpt>
      <trkpt lat="46.9064447" lon="7.4389954">
        <ele>746.4000000000001</ele>
        <time>2026-09-10T11:20:22.743Z</time>
      </trkpt>
      <trkpt lat="46.9064372" lon="7.4389789">
        <ele>746.4000000000001</ele>
        <time>2026-09-10T11:20:22.743Z</time>
      </trkpt>
      <trkpt lat="46.9064333" lon="7.438961">
        <ele>746.5999999999999</ele>
        <time>2026-09-10T11:20:22.743Z</time>
      </trkpt>
      <trkpt lat="46.9064294" lon="7.4389438">
        <ele>746.8</ele>
        <time>2026-09-10T11:20:22.743Z</time>
      </trkpt>
      <trkpt lat="46.9064223" lon="7.4389281">
        <ele>747</ele>
        <time>2026-09-10T11:20:22.743Z</time>
      </trkpt>
      <trkpt lat="46.9064179" lon="7.4389087">
        <ele>747</ele>
        <time>2026-09-10T11:20:22.743Z</time>
      </trkpt>
      <trkpt lat="46.9064104" lon="7.4388936">
        <ele>747.2</ele>
        <time>2026-09-10T11:20:22.743Z</time>
      </trkpt>
      <trkpt lat="46.906403" lon="7.4388776">
        <ele>747.4000000000001</ele>
        <time>2026-09-10T11:20:22.743Z</time>
      </trkpt>
      <trkpt lat="46.9063954" lon="7.4388627">
        <ele>747.5999999999999</ele>
        <time>2026-09-10T11:20:22.743Z</time>
      </trkpt>
      <trkpt lat="46.9063914" lon="7.4388475">
        <ele>747.8</ele>
        <time>2026-09-10T11:20:22.743Z</time>
      </trkpt>
      <trkpt lat="46.9063841" lon="7.438831">
        <ele>748</ele>
        <time>2026-09-10T11:20:22.743Z</time>
      </trkpt>
      <trkpt lat="46.9063798" lon="7.4388154">
        <ele>748</ele>
        <time>2026-09-10T11:20:22.743Z</time>
      </trkpt>
      <trkpt lat="46.906376" lon="7.4387968">
        <ele>748.2</ele>
        <time>2026-09-10T11:20:22.743Z</time>
      </trkpt>
      <trkpt lat="46.9063723" lon="7.4387806">
        <ele>748.4000000000001</ele>
        <time>2026-09-10T11:20:22.743Z</time>
      </trkpt>
      <trkpt lat="46.9063683" lon="7.4387622">
        <ele>748.5999999999999</ele>
        <time>2026-09-10T11:20:22.743Z</time>
      </trkpt>
      <trkpt lat="46.9063646" lon="7.4387436">
        <ele>748.8</ele>
        <time>2026-09-10T11:20:22.743Z</time>
      </trkpt>
      <trkpt lat="46.9063571" lon="7.4387288">
        <ele>749</ele>
        <time>2026-09-10T11:20:22.743Z</time>
      </trkpt>
      <trkpt lat="46.9063568" lon="7.4387131">
        <ele>749</ele>
        <time>2026-09-10T11:20:22.743Z</time>
      </trkpt>
      <trkpt lat="46.9063531" lon="7.438694">
        <ele>749.2</ele>
        <time>2026-09-10T11:20:22.743Z</time>
      </trkpt>
      <trkpt lat="46.9063495" lon="7.4386762">
        <ele>749.4000000000001</ele>
        <time>2026-09-10T11:20:22.743Z</time>
      </trkpt>
      <trkpt lat="46.9063456" lon="7.438658">
        <ele>749.5999999999999</ele>
        <time>2026-09-10T11:20:22.743Z</time>
      </trkpt>
      <trkpt lat="46.9063418" lon="7.4386409">
        <ele>749.8</ele>
        <time>2026-09-10T11:20:22.743Z</time>
      </trkpt>
      <trkpt lat="46.9063377" lon="7.4386215">
        <ele>750</ele>
        <time>2026-09-10T11:20:22.743Z</time>
      </trkpt>
      <trkpt lat="46.9063341" lon="7.4386058">
        <ele>750.2</ele>
        <time>2026-09-10T11:20:22.743Z</time>
      </trkpt>
      <trkpt lat="46.9063303" lon="7.4385875">
        <ele>750.4000000000001</ele>
        <time>2026-09-10T11:20:22.743Z</time>
      </trkpt>
      <trkpt lat="46.9063265" lon="7.438569">
        <ele>750.5999999999999</ele>
        <time>2026-09-10T11:20:22.743Z</time>
      </trkpt>
      <trkpt lat="46.9063263" lon="7.4385508">
        <ele>750.8</ele>
        <time>2026-09-10T11:20:22.743Z</time>
      </trkpt>
      <trkpt lat="46.9063225" lon="7.4385294">
        <ele>751</ele>
        <time>2026-09-10T11:20:22.743Z</time>
      </trkpt>
      <trkpt lat="46.9063225" lon="7.4385124">
        <ele>751</ele>
        <time>2026-09-10T11:20:22.743Z</time>
      </trkpt>
      <trkpt lat="46.9063187" lon="7.438492">
        <ele>751.2</ele>
        <time>2026-09-10T11:20:22.743Z</time>
      </trkpt>
      <trkpt lat="46.9063187" lon="7.4384714">
        <ele>751.4000000000001</ele>
        <time>2026-09-10T11:20:22.743Z</time>
      </trkpt>
      <trkpt lat="46.9063187" lon="7.4384539">
        <ele>751.5999999999999</ele>
        <time>2026-09-10T11:20:22.743Z</time>
      </trkpt>
      <trkpt lat="46.9063187" lon="7.4384357">
        <ele>751.8</ele>
        <time>2026-09-10T11:20:22.743Z</time>
      </trkpt>
      <trkpt lat="46.9063186" lon="7.4384148">
        <ele>752</ele>
        <time>2026-09-10T11:20:22.743Z</time>
      </trkpt>
      <trkpt lat="46.906315" lon="7.4383973">
        <ele>752.2</ele>
        <time>2026-09-10T11:20:22.743Z</time>
      </trkpt>
      <trkpt lat="46.9063148" lon="7.4383788">
        <ele>752.4000000000001</ele>
        <time>2026-09-10T11:20:22.743Z</time>
      </trkpt>
      <trkpt lat="46.9063148" lon="7.4383605">
        <ele>752.5999999999999</ele>
        <time>2026-09-10T11:20:22.743Z</time>
      </trkpt>
      <trkpt lat="46.9063148" lon="7.4383422">
        <ele>752.8</ele>
        <time>2026-09-10T11:20:22.743Z</time>
      </trkpt>
      <trkpt lat="46.9063148" lon="7.4383226">
        <ele>753</ele>
        <time>2026-09-10T11:20:22.743Z</time>
      </trkpt>
      <trkpt lat="46.9063148" lon="7.4383058">
        <ele>753</ele>
        <time>2026-09-10T11:20:22.743Z</time>
      </trkpt>
      <trkpt lat="46.9063113" lon="7.4382884">
        <ele>753.2</ele>
        <time>2026-09-10T11:20:22.743Z</time>
      </trkpt>
      <trkpt lat="46.9063128" lon="7.4382688">
        <ele>753.4000000000001</ele>
        <time>2026-09-10T11:20:22.743Z</time>
      </trkpt>
      <trkpt lat="46.9063148" lon="7.4382492">
        <ele>753.5999999999999</ele>
        <time>2026-09-10T11:20:22.743Z</time>
      </trkpt>
      <trkpt lat="46.9063148" lon="7.438231">
        <ele>753.8</ele>
        <time>2026-09-10T11:20:22.743Z</time>
      </trkpt>
      <trkpt lat="46.9063111" lon="7.4382106">
        <ele>754</ele>
        <time>2026-09-10T11:20:22.743Z</time>
      </trkpt>
      <trkpt lat="46.9063111" lon="7.4381938">
        <ele>754.2</ele>
        <time>2026-09-10T11:20:22.743Z</time>
      </trkpt>
      <trkpt lat="46.9063111" lon="7.4381763">
        <ele>754.4000000000001</ele>
        <time>2026-09-10T11:20:22.743Z</time>
      </trkpt>
      <trkpt lat="46.9063147" lon="7.4381575">
        <ele>754.5999999999999</ele>
        <time>2026-09-10T11:20:22.743Z</time>
      </trkpt>
      <trkpt lat="46.9063112" lon="7.4381371">
        <ele>754.5999999999999</ele>
        <time>2026-09-10T11:20:22.743Z</time>
      </trkpt>
      <trkpt lat="46.9063111" lon="7.438119">
        <ele>754.8</ele>
        <time>2026-09-10T11:20:22.743Z</time>
      </trkpt>
      <trkpt lat="46.9063075" lon="7.438101">
        <ele>755</ele>
        <time>2026-09-10T11:20:22.743Z</time>
      </trkpt>
      <trkpt lat="46.9063073" lon="7.4380827">
        <ele>755.2</ele>
        <time>2026-09-10T11:20:22.743Z</time>
      </trkpt>
      <trkpt lat="46.9063108" lon="7.4380641">
        <ele>755.4000000000001</ele>
        <time>2026-09-10T11:20:22.743Z</time>
      </trkpt>
      <trkpt lat="46.9063111" lon="7.4380453">
        <ele>755.5999999999999</ele>
        <time>2026-09-10T11:20:22.743Z</time>
      </trkpt>
      <trkpt lat="46.9063111" lon="7.4380273">
        <ele>755.5999999999999</ele>
        <time>2026-09-10T11:20:22.744Z</time>
      </trkpt>
      <trkpt lat="46.9063074" lon="7.4380078">
        <ele>755.8</ele>
        <time>2026-09-10T11:20:22.744Z</time>
      </trkpt>
      <trkpt lat="46.9063072" lon="7.4379893">
        <ele>756</ele>
        <time>2026-09-10T11:20:22.744Z</time>
      </trkpt>
      <trkpt lat="46.9063109" lon="7.4379708">
        <ele>756.2</ele>
        <time>2026-09-10T11:20:22.744Z</time>
      </trkpt>
      <trkpt lat="46.9063111" lon="7.4379528">
        <ele>756.4000000000001</ele>
        <time>2026-09-10T11:20:22.744Z</time>
      </trkpt>
      <trkpt lat="46.9063073" lon="7.4379351">
        <ele>756.5999999999999</ele>
        <time>2026-09-10T11:20:22.744Z</time>
      </trkpt>
      <trkpt lat="46.9063072" lon="7.4379165">
        <ele>756.8</ele>
        <time>2026-09-10T11:20:22.744Z</time>
      </trkpt>
      <trkpt lat="46.9063072" lon="7.4379015">
        <ele>756.8</ele>
        <time>2026-09-10T11:20:22.744Z</time>
      </trkpt>
      <trkpt lat="46.9063072" lon="7.4378824">
        <ele>757</ele>
        <time>2026-09-10T11:20:22.744Z</time>
      </trkpt>
      <trkpt lat="46.9063072" lon="7.4378638">
        <ele>757.2</ele>
        <time>2026-09-10T11:20:22.744Z</time>
      </trkpt>
      <trkpt lat="46.9063072" lon="7.4378472">
        <ele>757.4000000000001</ele>
        <time>2026-09-10T11:20:22.744Z</time>
      </trkpt>
      <trkpt lat="46.9063072" lon="7.4378301">
        <ele>757.5999999999999</ele>
        <time>2026-09-10T11:20:22.744Z</time>
      </trkpt>
      <trkpt lat="46.9063072" lon="7.4378099">
        <ele>757.8</ele>
        <time>2026-09-10T11:20:22.744Z</time>
      </trkpt>
      <trkpt lat="46.9063036" lon="7.4377908">
        <ele>758</ele>
        <time>2026-09-10T11:20:22.744Z</time>
      </trkpt>
      <trkpt lat="46.9063034" lon="7.4377737">
        <ele>758.2</ele>
        <time>2026-09-10T11:20:22.744Z</time>
      </trkpt>
      <trkpt lat="46.9063072" lon="7.4377559">
        <ele>758.4000000000001</ele>
        <time>2026-09-10T11:20:22.744Z</time>
      </trkpt>
      <trkpt lat="46.9063072" lon="7.4377408">
        <ele>758.5999999999999</ele>
        <time>2026-09-10T11:20:22.744Z</time>
      </trkpt>
      <trkpt lat="46.9063034" lon="7.437722">
        <ele>758.8</ele>
        <time>2026-09-10T11:20:22.744Z</time>
      </trkpt>
      <trkpt lat="46.9063071" lon="7.4377023">
        <ele>759</ele>
        <time>2026-09-10T11:20:22.744Z</time>
      </trkpt>
      <trkpt lat="46.9063036" lon="7.4376872">
        <ele>759.2</ele>
        <time>2026-09-10T11:20:22.744Z</time>
      </trkpt>
      <trkpt lat="46.9063034" lon="7.4376687">
        <ele>759.4000000000001</ele>
        <time>2026-09-10T11:20:22.744Z</time>
      </trkpt>
      <trkpt lat="46.9063032" lon="7.4376492">
        <ele>759.5999999999999</ele>
        <time>2026-09-10T11:20:22.744Z</time>
      </trkpt>
      <trkpt lat="46.9062998" lon="7.4376327">
        <ele>759.8</ele>
        <time>2026-09-10T11:20:22.744Z</time>
      </trkpt>
      <trkpt lat="46.9062958" lon="7.4376138">
        <ele>760</ele>
        <time>2026-09-10T11:20:22.744Z</time>
      </trkpt>
      <trkpt lat="46.906292" lon="7.4375959">
        <ele>760.2</ele>
        <time>2026-09-10T11:20:22.744Z</time>
      </trkpt>
      <trkpt lat="46.906292" lon="7.437579">
        <ele>760.4000000000001</ele>
        <time>2026-09-10T11:20:22.744Z</time>
      </trkpt>
      <trkpt lat="46.906292" lon="7.437561">
        <ele>760.5999999999999</ele>
        <time>2026-09-10T11:20:22.744Z</time>
      </trkpt>
      <trkpt lat="46.9062901" lon="7.4375426">
        <ele>760.8</ele>
        <time>2026-09-10T11:20:22.744Z</time>
      </trkpt>
      <trkpt lat="46.9062882" lon="7.437524">
        <ele>761</ele>
        <time>2026-09-10T11:20:22.744Z</time>
      </trkpt>
      <trkpt lat="46.9062881" lon="7.4375048">
        <ele>761.2</ele>
        <time>2026-09-10T11:20:22.744Z</time>
      </trkpt>
      <trkpt lat="46.906288" lon="7.4374859">
        <ele>761.4000000000001</ele>
        <time>2026-09-10T11:20:22.744Z</time>
      </trkpt>
      <trkpt lat="46.9062845" lon="7.4374695">
        <ele>761.5999999999999</ele>
        <time>2026-09-10T11:20:22.744Z</time>
      </trkpt>
      <trkpt lat="46.9062843" lon="7.4374488">
        <ele>761.8</ele>
        <time>2026-09-10T11:20:22.744Z</time>
      </trkpt>
      <trkpt lat="46.9062804" lon="7.4374278">
        <ele>762</ele>
        <time>2026-09-10T11:20:22.744Z</time>
      </trkpt>
      <trkpt lat="46.9062767" lon="7.4374101">
        <ele>762</ele>
        <time>2026-09-10T11:20:22.744Z</time>
      </trkpt>
      <trkpt lat="46.9062767" lon="7.4373919">
        <ele>762.2</ele>
        <time>2026-09-10T11:20:22.744Z</time>
      </trkpt>
      <trkpt lat="46.906273" lon="7.4373738">
        <ele>762.4000000000001</ele>
        <time>2026-09-10T11:20:22.744Z</time>
      </trkpt>
      <trkpt lat="46.9062694" lon="7.4373566">
        <ele>762.4000000000001</ele>
        <time>2026-09-10T11:20:22.744Z</time>
      </trkpt>
      <trkpt lat="46.9062655" lon="7.4373394">
        <ele>762.5999999999999</ele>
        <time>2026-09-10T11:20:22.744Z</time>
      </trkpt>
      <trkpt lat="46.9062615" lon="7.4373204">
        <ele>762.8</ele>
        <time>2026-09-10T11:20:22.744Z</time>
      </trkpt>
      <trkpt lat="46.9062615" lon="7.4373026">
        <ele>762.8</ele>
        <time>2026-09-10T11:20:22.744Z</time>
      </trkpt>
      <trkpt lat="46.9062578" lon="7.4372857">
        <ele>763</ele>
        <time>2026-09-10T11:20:22.744Z</time>
      </trkpt>
      <trkpt lat="46.9062575" lon="7.4372643">
        <ele>763.2</ele>
        <time>2026-09-10T11:20:22.744Z</time>
      </trkpt>
      <trkpt lat="46.906254" lon="7.4372458">
        <ele>763.4000000000001</ele>
        <time>2026-09-10T11:20:22.744Z</time>
      </trkpt>
      <trkpt lat="46.9062501" lon="7.4372255">
        <ele>763.4000000000001</ele>
        <time>2026-09-10T11:20:22.744Z</time>
      </trkpt>
      <trkpt lat="46.90625" lon="7.4372053">
        <ele>763.5999999999999</ele>
        <time>2026-09-10T11:20:22.744Z</time>
      </trkpt>
      <trkpt lat="46.9062426" lon="7.4371872">
        <ele>763.8</ele>
        <time>2026-09-10T11:20:22.744Z</time>
      </trkpt>
      <trkpt lat="46.9062387" lon="7.4371685">
        <ele>764</ele>
        <time>2026-09-10T11:20:22.744Z</time>
      </trkpt>
      <trkpt lat="46.9062384" lon="7.4371509">
        <ele>764.2</ele>
        <time>2026-09-10T11:20:22.744Z</time>
      </trkpt>
      <trkpt lat="46.9062349" lon="7.4371339">
        <ele>764.4000000000001</ele>
        <time>2026-09-10T11:20:22.744Z</time>
      </trkpt>
      <trkpt lat="46.906231" lon="7.4371156">
        <ele>764.5999999999999</ele>
        <time>2026-09-10T11:20:22.744Z</time>
      </trkpt>
      <trkpt lat="46.9062232" lon="7.4370962">
        <ele>764.5999999999999</ele>
        <time>2026-09-10T11:20:22.744Z</time>
      </trkpt>
      <trkpt lat="46.9062196" lon="7.4370806">
        <ele>764.8</ele>
        <time>2026-09-10T11:20:22.744Z</time>
      </trkpt>
      <trkpt lat="46.9062158" lon="7.4370655">
        <ele>765</ele>
        <time>2026-09-10T11:20:22.744Z</time>
      </trkpt>
      <trkpt lat="46.9062117" lon="7.4370458">
        <ele>765.2</ele>
        <time>2026-09-10T11:20:22.744Z</time>
      </trkpt>
      <trkpt lat="46.9062081" lon="7.4370303">
        <ele>765.4000000000001</ele>
        <time>2026-09-10T11:20:22.744Z</time>
      </trkpt>
      <trkpt lat="46.9062044" lon="7.4370126">
        <ele>765.5999999999999</ele>
        <time>2026-09-10T11:20:22.744Z</time>
      </trkpt>
      <trkpt lat="46.9061966" lon="7.4369948">
        <ele>765.8</ele>
        <time>2026-09-10T11:20:22.744Z</time>
      </trkpt>
      <trkpt lat="46.9061966" lon="7.4369779">
        <ele>766</ele>
        <time>2026-09-10T11:20:22.744Z</time>
      </trkpt>
      <trkpt lat="46.9061891" lon="7.4369587">
        <ele>766.2</ele>
        <time>2026-09-10T11:20:22.744Z</time>
      </trkpt>
      <trkpt lat="46.9061849" lon="7.4369412">
        <ele>766.4000000000001</ele>
        <time>2026-09-10T11:20:22.744Z</time>
      </trkpt>
      <trkpt lat="46.9061778" lon="7.4369274">
        <ele>766.5999999999999</ele>
        <time>2026-09-10T11:20:22.744Z</time>
      </trkpt>
      <trkpt lat="46.9061701" lon="7.4369106">
        <ele>766.8</ele>
        <time>2026-09-10T11:20:22.744Z</time>
      </trkpt>
      <trkpt lat="46.9061622" lon="7.4368932">
        <ele>767</ele>
        <time>2026-09-10T11:20:22.744Z</time>
      </trkpt>
      <trkpt lat="46.9061586" lon="7.4368789">
        <ele>767.2</ele>
        <time>2026-09-10T11:20:22.744Z</time>
      </trkpt>
      <trkpt lat="46.9061548" lon="7.4368591">
        <ele>767.4000000000001</ele>
        <time>2026-09-10T11:20:22.744Z</time>
      </trkpt>
      <trkpt lat="46.9061469" lon="7.4368428">
        <ele>767.5999999999999</ele>
        <time>2026-09-10T11:20:22.744Z</time>
      </trkpt>
      <trkpt lat="46.9061434" lon="7.4368289">
        <ele>767.8</ele>
        <time>2026-09-10T11:20:22.744Z</time>
      </trkpt>
      <trkpt lat="46.9061324" lon="7.4368155">
        <ele>768</ele>
        <time>2026-09-10T11:20:22.744Z</time>
      </trkpt>
      <trkpt lat="46.9061263" lon="7.436799">
        <ele>768.2</ele>
        <time>2026-09-10T11:20:22.744Z</time>
      </trkpt>
      <trkpt lat="46.9061205" lon="7.4367823">
        <ele>768.2</ele>
        <time>2026-09-10T11:20:22.745Z</time>
      </trkpt>
      <trkpt lat="46.9061166" lon="7.4367656">
        <ele>768.4000000000001</ele>
        <time>2026-09-10T11:20:22.745Z</time>
      </trkpt>
      <trkpt lat="46.906105" lon="7.4367496">
        <ele>768.5999999999999</ele>
        <time>2026-09-10T11:20:22.745Z</time>
      </trkpt>
      <trkpt lat="46.9061014" lon="7.436736">
        <ele>768.8</ele>
        <time>2026-09-10T11:20:22.745Z</time>
      </trkpt>
      <trkpt lat="46.9060939" lon="7.4367191">
        <ele>769</ele>
        <time>2026-09-10T11:20:22.745Z</time>
      </trkpt>
      <trkpt lat="46.9060857" lon="7.4366993">
        <ele>769</ele>
        <time>2026-09-10T11:20:22.745Z</time>
      </trkpt>
      <trkpt lat="46.906079" lon="7.4366845">
        <ele>769.2</ele>
        <time>2026-09-10T11:20:22.745Z</time>
      </trkpt>
      <trkpt lat="46.9060747" lon="7.4366689">
        <ele>769.4000000000001</ele>
        <time>2026-09-10T11:20:22.745Z</time>
      </trkpt>
      <trkpt lat="46.9060665" lon="7.4366508">
        <ele>769.5999999999999</ele>
        <time>2026-09-10T11:20:22.745Z</time>
      </trkpt>
      <trkpt lat="46.9060595" lon="7.4366356">
        <ele>769.5999999999999</ele>
        <time>2026-09-10T11:20:22.745Z</time>
      </trkpt>
      <trkpt lat="46.9060519" lon="7.4366189">
        <ele>769.8</ele>
        <time>2026-09-10T11:20:22.745Z</time>
      </trkpt>
      <trkpt lat="46.9060437" lon="7.4366008">
        <ele>769.8</ele>
        <time>2026-09-10T11:20:22.745Z</time>
      </trkpt>
      <trkpt lat="46.9060367" lon="7.4365843">
        <ele>770</ele>
        <time>2026-09-10T11:20:22.745Z</time>
      </trkpt>
      <trkpt lat="46.9060289" lon="7.4365672">
        <ele>770.2</ele>
        <time>2026-09-10T11:20:22.745Z</time>
      </trkpt>
      <trkpt lat="46.906021" lon="7.4365498">
        <ele>770.2</ele>
        <time>2026-09-10T11:20:22.745Z</time>
      </trkpt>
      <trkpt lat="46.9060139" lon="7.4365356">
        <ele>770.4000000000001</ele>
        <time>2026-09-10T11:20:22.745Z</time>
      </trkpt>
      <trkpt lat="46.9060062" lon="7.4365208">
        <ele>770.4000000000001</ele>
        <time>2026-09-10T11:20:22.745Z</time>
      </trkpt>
      <trkpt lat="46.9059985" lon="7.4365031">
        <ele>770.5999999999999</ele>
        <time>2026-09-10T11:20:22.745Z</time>
      </trkpt>
      <trkpt lat="46.9059908" lon="7.4364853">
        <ele>770.5999999999999</ele>
        <time>2026-09-10T11:20:22.745Z</time>
      </trkpt>
      <trkpt lat="46.9059832" lon="7.4364672">
        <ele>770.8</ele>
        <time>2026-09-10T11:20:22.745Z</time>
      </trkpt>
      <trkpt lat="46.9059752" lon="7.4364495">
        <ele>770.8</ele>
        <time>2026-09-10T11:20:22.745Z</time>
      </trkpt>
      <trkpt lat="46.9059717" lon="7.4364326">
        <ele>770.8</ele>
        <time>2026-09-10T11:20:22.745Z</time>
      </trkpt>
      <trkpt lat="46.9059606" lon="7.4364173">
        <ele>771</ele>
        <time>2026-09-10T11:20:22.745Z</time>
      </trkpt>
      <trkpt lat="46.905956" lon="7.436398">
        <ele>771</ele>
        <time>2026-09-10T11:20:22.745Z</time>
      </trkpt>
      <trkpt lat="46.9059494" lon="7.4363835">
        <ele>771</ele>
        <time>2026-09-10T11:20:22.745Z</time>
      </trkpt>
      <trkpt lat="46.9059432" lon="7.4363634">
        <ele>771</ele>
        <time>2026-09-10T11:20:22.745Z</time>
      </trkpt>
      <trkpt lat="46.905937" lon="7.4363428">
        <ele>771</ele>
        <time>2026-09-10T11:20:22.745Z</time>
      </trkpt>
      <trkpt lat="46.9059299" lon="7.4363274">
        <ele>771.2</ele>
        <time>2026-09-10T11:20:22.745Z</time>
      </trkpt>
      <trkpt lat="46.9059259" lon="7.4363072">
        <ele>771.2</ele>
        <time>2026-09-10T11:20:22.745Z</time>
      </trkpt>
      <trkpt lat="46.905918" lon="7.436288">
        <ele>771.2</ele>
        <time>2026-09-10T11:20:22.745Z</time>
      </trkpt>
      <trkpt lat="46.9059144" lon="7.4362691">
        <ele>771.2</ele>
        <time>2026-09-10T11:20:22.745Z</time>
      </trkpt>
      <trkpt lat="46.9059071" lon="7.4362493">
        <ele>771.2</ele>
        <time>2026-09-10T11:20:22.745Z</time>
      </trkpt>
      <trkpt lat="46.9059012" lon="7.4362301">
        <ele>771.2</ele>
        <time>2026-09-10T11:20:22.745Z</time>
      </trkpt>
      <trkpt lat="46.9058955" lon="7.436211">
        <ele>771.2</ele>
        <time>2026-09-10T11:20:22.745Z</time>
      </trkpt>
      <trkpt lat="46.905888" lon="7.4361891">
        <ele>771.2</ele>
        <time>2026-09-10T11:20:22.745Z</time>
      </trkpt>
      <trkpt lat="46.9058799" lon="7.4361681">
        <ele>771.2</ele>
        <time>2026-09-10T11:20:22.745Z</time>
      </trkpt>
      <trkpt lat="46.9058729" lon="7.4361481">
        <ele>771.2</ele>
        <time>2026-09-10T11:20:22.745Z</time>
      </trkpt>
      <trkpt lat="46.9058688" lon="7.4361261">
        <ele>771.2</ele>
        <time>2026-09-10T11:20:22.745Z</time>
      </trkpt>
      <trkpt lat="46.9058632" lon="7.4361055">
        <ele>771.2</ele>
        <time>2026-09-10T11:20:22.745Z</time>
      </trkpt>
      <trkpt lat="46.9058575" lon="7.4360849">
        <ele>771.4000000000001</ele>
        <time>2026-09-10T11:20:22.745Z</time>
      </trkpt>
      <trkpt lat="46.9058536" lon="7.4360637">
        <ele>771.4000000000001</ele>
        <time>2026-09-10T11:20:22.745Z</time>
      </trkpt>
      <trkpt lat="46.9058494" lon="7.4360398">
        <ele>771.4000000000001</ele>
        <time>2026-09-10T11:20:22.745Z</time>
      </trkpt>
      <trkpt lat="46.9058423" lon="7.4360197">
        <ele>771.4000000000001</ele>
        <time>2026-09-10T11:20:22.745Z</time>
      </trkpt>
      <trkpt lat="46.9058383" lon="7.4359977">
        <ele>771.5999999999999</ele>
        <time>2026-09-10T11:20:22.745Z</time>
      </trkpt>
      <trkpt lat="46.9058342" lon="7.4359741">
        <ele>771.5999999999999</ele>
        <time>2026-09-10T11:20:22.745Z</time>
      </trkpt>
      <trkpt lat="46.9058342" lon="7.4359535">
        <ele>771.8</ele>
        <time>2026-09-10T11:20:22.745Z</time>
      </trkpt>
      <trkpt lat="46.9058377" lon="7.4359299">
        <ele>771.8</ele>
        <time>2026-09-10T11:20:22.745Z</time>
      </trkpt>
      <trkpt lat="46.9058398" lon="7.4359064">
        <ele>772</ele>
        <time>2026-09-10T11:20:22.745Z</time>
      </trkpt>
      <trkpt lat="46.9058417" lon="7.4358829">
        <ele>772</ele>
        <time>2026-09-10T11:20:22.745Z</time>
      </trkpt>
      <trkpt lat="46.9058526" lon="7.4358614">
        <ele>772.2</ele>
        <time>2026-09-10T11:20:22.745Z</time>
      </trkpt>
      <trkpt lat="46.9058659" lon="7.435838">
        <ele>772.2</ele>
        <time>2026-09-10T11:20:22.745Z</time>
      </trkpt>
      <trkpt lat="46.9058794" lon="7.4358145">
        <ele>772.2</ele>
        <time>2026-09-10T11:20:22.746Z</time>
      </trkpt>
      <trkpt lat="46.9058982" lon="7.4357943">
        <ele>772.2</ele>
        <time>2026-09-10T11:20:22.746Z</time>
      </trkpt>
      <trkpt lat="46.9059139" lon="7.4357753">
        <ele>772.4000000000001</ele>
        <time>2026-09-10T11:20:22.746Z</time>
      </trkpt>
      <trkpt lat="46.9059321" lon="7.4357641">
        <ele>772.5999999999999</ele>
        <time>2026-09-10T11:20:22.746Z</time>
      </trkpt>
      <trkpt lat="46.9059477" lon="7.4357553">
        <ele>772.8</ele>
        <time>2026-09-10T11:20:22.746Z</time>
      </trkpt>
      <trkpt lat="46.9059679" lon="7.4357447">
        <ele>772.8</ele>
        <time>2026-09-10T11:20:22.746Z</time>
      </trkpt>
      <trkpt lat="46.9059855" lon="7.4357372">
        <ele>773</ele>
        <time>2026-09-10T11:20:22.746Z</time>
      </trkpt>
      <trkpt lat="46.9060011" lon="7.4357353">
        <ele>773</ele>
        <time>2026-09-10T11:20:22.746Z</time>
      </trkpt>
      <trkpt lat="46.906018" lon="7.4357386">
        <ele>773</ele>
        <time>2026-09-10T11:20:22.746Z</time>
      </trkpt>
      <trkpt lat="46.906035" lon="7.4357399">
        <ele>773.2</ele>
        <time>2026-09-10T11:20:22.746Z</time>
      </trkpt>
      <trkpt lat="46.9060509" lon="7.43574">
        <ele>773.2</ele>
        <time>2026-09-10T11:20:22.746Z</time>
      </trkpt>
      <trkpt lat="46.9060679" lon="7.4357419">
        <ele>773</ele>
        <time>2026-09-10T11:20:22.746Z</time>
      </trkpt>
      <trkpt lat="46.9060889" lon="7.4357419">
        <ele>773</ele>
        <time>2026-09-10T11:20:22.746Z</time>
      </trkpt>
      <trkpt lat="46.9061041" lon="7.4357419">
        <ele>773</ele>
        <time>2026-09-10T11:20:22.746Z</time>
      </trkpt>
      <trkpt lat="46.906121" lon="7.4357399">
        <ele>773</ele>
        <time>2026-09-10T11:20:22.746Z</time>
      </trkpt>
      <trkpt lat="46.9061383" lon="7.4357386">
        <ele>773</ele>
        <time>2026-09-10T11:20:22.746Z</time>
      </trkpt>
      <trkpt lat="46.9061574" lon="7.4357305">
        <ele>772.8</ele>
        <time>2026-09-10T11:20:22.746Z</time>
      </trkpt>
      <trkpt lat="46.9061774" lon="7.4357187">
        <ele>773</ele>
        <time>2026-09-10T11:20:22.746Z</time>
      </trkpt>
      <trkpt lat="46.9061917" lon="7.4357075">
        <ele>773</ele>
        <time>2026-09-10T11:20:22.746Z</time>
      </trkpt>
      <trkpt lat="46.9062105" lon="7.4356928">
        <ele>773</ele>
        <time>2026-09-10T11:20:22.746Z</time>
      </trkpt>
      <trkpt lat="46.9062273" lon="7.4356783">
        <ele>773.2</ele>
        <time>2026-09-10T11:20:22.746Z</time>
      </trkpt>
      <trkpt lat="46.906242" lon="7.4356603">
        <ele>773.4000000000001</ele>
        <time>2026-09-10T11:20:22.746Z</time>
      </trkpt>
      <trkpt lat="46.9062565" lon="7.435643">
        <ele>773.5999999999999</ele>
        <time>2026-09-10T11:20:22.746Z</time>
      </trkpt>
      <trkpt lat="46.9062718" lon="7.4356232">
        <ele>773.5999999999999</ele>
        <time>2026-09-10T11:20:22.746Z</time>
      </trkpt>
      <trkpt lat="46.9062872" lon="7.4356012">
        <ele>773.5999999999999</ele>
        <time>2026-09-10T11:20:22.746Z</time>
      </trkpt>
      <trkpt lat="46.906302" lon="7.4355773">
        <ele>773.5999999999999</ele>
        <time>2026-09-10T11:20:22.746Z</time>
      </trkpt>
      <trkpt lat="46.9063144" lon="7.4355525">
        <ele>773.5999999999999</ele>
        <time>2026-09-10T11:20:22.746Z</time>
      </trkpt>
      <trkpt lat="46.9063254" lon="7.4355271">
        <ele>773.5999999999999</ele>
        <time>2026-09-10T11:20:22.746Z</time>
      </trkpt>
      <trkpt lat="46.9063373" lon="7.4355011">
        <ele>773.5999999999999</ele>
        <time>2026-09-10T11:20:22.746Z</time>
      </trkpt>
      <trkpt lat="46.9063497" lon="7.4354759">
        <ele>773.8</ele>
        <time>2026-09-10T11:20:22.746Z</time>
      </trkpt>
      <trkpt lat="46.9063635" lon="7.4354548">
        <ele>773.8</ele>
        <time>2026-09-10T11:20:22.746Z</time>
      </trkpt>
      <trkpt lat="46.9063791" lon="7.4354291">
        <ele>774</ele>
        <time>2026-09-10T11:20:22.746Z</time>
      </trkpt>
      <trkpt lat="46.9063911" lon="7.4354048">
        <ele>774</ele>
        <time>2026-09-10T11:20:22.746Z</time>
      </trkpt>
      <trkpt lat="46.9064055" lon="7.4353834">
        <ele>774.2</ele>
        <time>2026-09-10T11:20:22.746Z</time>
      </trkpt>
      <trkpt lat="46.906421" lon="7.435361">
        <ele>774.4000000000001</ele>
        <time>2026-09-10T11:20:22.746Z</time>
      </trkpt>
      <trkpt lat="46.9064367" lon="7.4353421">
        <ele>774.5999999999999</ele>
        <time>2026-09-10T11:20:22.746Z</time>
      </trkpt>
      <trkpt lat="46.9064511" lon="7.4353276">
        <ele>774.5999999999999</ele>
        <time>2026-09-10T11:20:22.746Z</time>
      </trkpt>
      <trkpt lat="46.9064705" lon="7.4353124">
        <ele>774.8</ele>
        <time>2026-09-10T11:20:22.746Z</time>
      </trkpt>
      <trkpt lat="46.9064819" lon="7.4352945">
        <ele>775</ele>
        <time>2026-09-10T11:20:22.746Z</time>
      </trkpt>
      <trkpt lat="46.9064967" lon="7.4352778">
        <ele>775</ele>
        <time>2026-09-10T11:20:22.746Z</time>
      </trkpt>
      <trkpt lat="46.906509" lon="7.4352623">
        <ele>775.2</ele>
        <time>2026-09-10T11:20:22.746Z</time>
      </trkpt>
      <trkpt lat="46.9065242" lon="7.4352469">
        <ele>775.2</ele>
        <time>2026-09-10T11:20:22.746Z</time>
      </trkpt>
      <trkpt lat="46.9065402" lon="7.4352328">
        <ele>775.4000000000001</ele>
        <time>2026-09-10T11:20:22.746Z</time>
      </trkpt>
      <trkpt lat="46.9065508" lon="7.4352191">
        <ele>775.4000000000001</ele>
        <time>2026-09-10T11:20:22.746Z</time>
      </trkpt>
      <trkpt lat="46.9065622" lon="7.4352012">
        <ele>775.5999999999999</ele>
        <time>2026-09-10T11:20:22.746Z</time>
      </trkpt>
      <trkpt lat="46.9065703" lon="7.4351819">
        <ele>775.8</ele>
        <time>2026-09-10T11:20:22.747Z</time>
      </trkpt>
      <trkpt lat="46.9065809" lon="7.4351664">
        <ele>775.8</ele>
        <time>2026-09-10T11:20:22.747Z</time>
      </trkpt>
      <trkpt lat="46.9065932" lon="7.4351451">
        <ele>776</ele>
        <time>2026-09-10T11:20:22.747Z</time>
      </trkpt>
      <trkpt lat="46.9066005" lon="7.4351261">
        <ele>776</ele>
        <time>2026-09-10T11:20:22.747Z</time>
      </trkpt>
      <trkpt lat="46.9066044" lon="7.4351051">
        <ele>776.2</ele>
        <time>2026-09-10T11:20:22.747Z</time>
      </trkpt>
      <trkpt lat="46.9066125" lon="7.4350814">
        <ele>776.2</ele>
        <time>2026-09-10T11:20:22.747Z</time>
      </trkpt>
      <trkpt lat="46.9066196" lon="7.4350624">
        <ele>776.4000000000001</ele>
        <time>2026-09-10T11:20:22.747Z</time>
      </trkpt>
      <trkpt lat="46.9066308" lon="7.4350431">
        <ele>776.4000000000001</ele>
        <time>2026-09-10T11:20:22.747Z</time>
      </trkpt>
      <trkpt lat="46.9066355" lon="7.4350175">
        <ele>776.5999999999999</ele>
        <time>2026-09-10T11:20:22.747Z</time>
      </trkpt>
      <trkpt lat="46.906639" lon="7.4349961">
        <ele>776.5999999999999</ele>
        <time>2026-09-10T11:20:22.747Z</time>
      </trkpt>
      <trkpt lat="46.9066391" lon="7.4349748">
        <ele>776.8</ele>
        <time>2026-09-10T11:20:22.747Z</time>
      </trkpt>
      <trkpt lat="46.9066391" lon="7.4349515">
        <ele>776.8</ele>
        <time>2026-09-10T11:20:22.747Z</time>
      </trkpt>
      <trkpt lat="46.9066354" lon="7.4349305">
        <ele>777</ele>
        <time>2026-09-10T11:20:22.747Z</time>
      </trkpt>
      <trkpt lat="46.9066316" lon="7.434909">
        <ele>777</ele>
        <time>2026-09-10T11:20:22.747Z</time>
      </trkpt>
      <trkpt lat="46.9066236" lon="7.4348877">
        <ele>777.2</ele>
        <time>2026-09-10T11:20:22.747Z</time>
      </trkpt>
      <trkpt lat="46.9066165" lon="7.4348705">
        <ele>777.4000000000001</ele>
        <time>2026-09-10T11:20:22.747Z</time>
      </trkpt>
      <trkpt lat="46.9066052" lon="7.4348523">
        <ele>777.4000000000001</ele>
        <time>2026-09-10T11:20:22.747Z</time>
      </trkpt>
      <trkpt lat="46.9065932" lon="7.4348347">
        <ele>777.5999999999999</ele>
        <time>2026-09-10T11:20:22.747Z</time>
      </trkpt>
      <trkpt lat="46.9065864" lon="7.4348198">
        <ele>777.8</ele>
        <time>2026-09-10T11:20:22.747Z</time>
      </trkpt>
      <trkpt lat="46.9065746" lon="7.4348021">
        <ele>778</ele>
        <time>2026-09-10T11:20:22.747Z</time>
      </trkpt>
      <trkpt lat="46.9065628" lon="7.4347915">
        <ele>778.2</ele>
        <time>2026-09-10T11:20:22.747Z</time>
      </trkpt>
      <trkpt lat="46.9065519" lon="7.4347838">
        <ele>778.4000000000001</ele>
        <time>2026-09-10T11:20:22.747Z</time>
      </trkpt>
      <trkpt lat="46.9065402" lon="7.4347769">
        <ele>778.4000000000001</ele>
        <time>2026-09-10T11:20:22.747Z</time>
      </trkpt>
      <trkpt lat="46.9065282" lon="7.43477">
        <ele>778.5999999999999</ele>
        <time>2026-09-10T11:20:22.747Z</time>
      </trkpt>
      <trkpt lat="46.9065173" lon="7.4347636">
        <ele>778.8</ele>
        <time>2026-09-10T11:20:22.747Z</time>
      </trkpt>
      <trkpt lat="46.906506" lon="7.4347602">
        <ele>779</ele>
        <time>2026-09-10T11:20:22.747Z</time>
      </trkpt>
      <trkpt lat="46.9064909" lon="7.4347583">
        <ele>779.2</ele>
        <time>2026-09-10T11:20:22.747Z</time>
      </trkpt>
      <trkpt lat="46.9064795" lon="7.4347568">
        <ele>779.4000000000001</ele>
        <time>2026-09-10T11:20:22.747Z</time>
      </trkpt>
      <trkpt lat="46.9064676" lon="7.4347567">
        <ele>779.4000000000001</ele>
        <time>2026-09-10T11:20:22.747Z</time>
      </trkpt>
      <trkpt lat="46.9064516" lon="7.4347583">
        <ele>779.5999999999999</ele>
        <time>2026-09-10T11:20:22.747Z</time>
      </trkpt>
      <trkpt lat="46.9064376" lon="7.4347614">
        <ele>779.8</ele>
        <time>2026-09-10T11:20:22.747Z</time>
      </trkpt>
      <trkpt lat="46.9064252" lon="7.4347649">
        <ele>779.8</ele>
        <time>2026-09-10T11:20:22.747Z</time>
      </trkpt>
      <trkpt lat="46.9064098" lon="7.4347686">
        <ele>780</ele>
        <time>2026-09-10T11:20:22.747Z</time>
      </trkpt>
      <trkpt lat="46.9063985" lon="7.434777">
        <ele>780</ele>
        <time>2026-09-10T11:20:22.747Z</time>
      </trkpt>
      <trkpt lat="46.9063871" lon="7.434787">
        <ele>780.2</ele>
        <time>2026-09-10T11:20:22.747Z</time>
      </trkpt>
      <trkpt lat="46.9063759" lon="7.4347968">
        <ele>780.4000000000001</ele>
        <time>2026-09-10T11:20:22.747Z</time>
      </trkpt>
      <trkpt lat="46.9063645" lon="7.4348068">
        <ele>780.4000000000001</ele>
        <time>2026-09-10T11:20:22.747Z</time>
      </trkpt>
      <trkpt lat="46.9063528" lon="7.4348151">
        <ele>780.5999999999999</ele>
        <time>2026-09-10T11:20:22.747Z</time>
      </trkpt>
      <trkpt lat="46.9063374" lon="7.4348274">
        <ele>780.5999999999999</ele>
        <time>2026-09-10T11:20:22.747Z</time>
      </trkpt>
      <trkpt lat="46.90633" lon="7.4348385">
        <ele>780.8</ele>
        <time>2026-09-10T11:20:22.747Z</time>
      </trkpt>
      <trkpt lat="46.9063183" lon="7.434852">
        <ele>780.8</ele>
        <time>2026-09-10T11:20:22.747Z</time>
      </trkpt>
      <trkpt lat="46.9063029" lon="7.4348655">
        <ele>781</ele>
        <time>2026-09-10T11:20:22.748Z</time>
      </trkpt>
      <trkpt lat="46.9062919" lon="7.4348751">
        <ele>781</ele>
        <time>2026-09-10T11:20:22.748Z</time>
      </trkpt>
      <trkpt lat="46.9062838" lon="7.4348856">
        <ele>781.2</ele>
        <time>2026-09-10T11:20:22.748Z</time>
      </trkpt>
      <trkpt lat="46.9062727" lon="7.4348966">
        <ele>781.2</ele>
        <time>2026-09-10T11:20:22.748Z</time>
      </trkpt>
      <trkpt lat="46.9062613" lon="7.43491">
        <ele>781.4000000000001</ele>
        <time>2026-09-10T11:20:22.748Z</time>
      </trkpt>
      <trkpt lat="46.9062492" lon="7.4349221">
        <ele>781.4000000000001</ele>
        <time>2026-09-10T11:20:22.748Z</time>
      </trkpt>
      <trkpt lat="46.9062343" lon="7.4349302">
        <ele>781.5999999999999</ele>
        <time>2026-09-10T11:20:22.748Z</time>
      </trkpt>
      <trkpt lat="46.9062231" lon="7.4349401">
        <ele>781.8</ele>
        <time>2026-09-10T11:20:22.748Z</time>
      </trkpt>
      <trkpt lat="46.9062112" lon="7.4349536">
        <ele>782</ele>
        <time>2026-09-10T11:20:22.748Z</time>
      </trkpt>
      <trkpt lat="46.9061962" lon="7.4349619">
        <ele>782</ele>
        <time>2026-09-10T11:20:22.748Z</time>
      </trkpt>
      <trkpt lat="46.9061851" lon="7.4349666">
        <ele>782.2</ele>
        <time>2026-09-10T11:20:22.748Z</time>
      </trkpt>
      <trkpt lat="46.9061733" lon="7.4349769">
        <ele>782.2</ele>
        <time>2026-09-10T11:20:22.748Z</time>
      </trkpt>
      <trkpt lat="46.9061615" lon="7.4349835">
        <ele>782.4000000000001</ele>
        <time>2026-09-10T11:20:22.748Z</time>
      </trkpt>
      <trkpt lat="46.9061473" lon="7.4349884">
        <ele>782.4000000000001</ele>
        <time>2026-09-10T11:20:22.748Z</time>
      </trkpt>
      <trkpt lat="46.906131" lon="7.4349935">
        <ele>782.5999999999999</ele>
        <time>2026-09-10T11:20:22.748Z</time>
      </trkpt>
      <trkpt lat="46.9061159" lon="7.4349967">
        <ele>782.8</ele>
        <time>2026-09-10T11:20:22.748Z</time>
      </trkpt>
      <trkpt lat="46.9061048" lon="7.4349985">
        <ele>782.8</ele>
        <time>2026-09-10T11:20:22.748Z</time>
      </trkpt>
      <trkpt lat="46.9060895" lon="7.4349985">
        <ele>783</ele>
        <time>2026-09-10T11:20:22.748Z</time>
      </trkpt>
      <trkpt lat="46.906074" lon="7.4349965">
        <ele>783.2</ele>
        <time>2026-09-10T11:20:22.748Z</time>
      </trkpt>
      <trkpt lat="46.9060593" lon="7.4349933">
        <ele>783.4000000000001</ele>
        <time>2026-09-10T11:20:22.748Z</time>
      </trkpt>
      <trkpt lat="46.9060434" lon="7.4349898">
        <ele>783.4000000000001</ele>
        <time>2026-09-10T11:20:22.748Z</time>
      </trkpt>
      <trkpt lat="46.906028" lon="7.4349862">
        <ele>783.5999999999999</ele>
        <time>2026-09-10T11:20:22.748Z</time>
      </trkpt>
      <trkpt lat="46.9060133" lon="7.4349764">
        <ele>783.8</ele>
        <time>2026-09-10T11:20:22.748Z</time>
      </trkpt>
      <trkpt lat="46.9060017" lon="7.4349662">
        <ele>784</ele>
        <time>2026-09-10T11:20:22.748Z</time>
      </trkpt>
      <trkpt lat="46.90599" lon="7.4349563">
        <ele>784</ele>
        <time>2026-09-10T11:20:22.748Z</time>
      </trkpt>
      <trkpt lat="46.9059761" lon="7.4349502">
        <ele>784.2</ele>
        <time>2026-09-10T11:20:22.748Z</time>
      </trkpt>
      <trkpt lat="46.9059643" lon="7.434937">
        <ele>784.4000000000001</ele>
        <time>2026-09-10T11:20:22.748Z</time>
      </trkpt>
      <trkpt lat="46.9059565" lon="7.4349254">
        <ele>784.5999999999999</ele>
        <time>2026-09-10T11:20:22.748Z</time>
      </trkpt>
      <trkpt lat="46.905945" lon="7.4349134">
        <ele>784.5999999999999</ele>
        <time>2026-09-10T11:20:22.748Z</time>
      </trkpt>
      <trkpt lat="46.9059341" lon="7.4349006">
        <ele>784.8</ele>
        <time>2026-09-10T11:20:22.748Z</time>
      </trkpt>
      <trkpt lat="46.9059183" lon="7.4348866">
        <ele>785</ele>
        <time>2026-09-10T11:20:22.748Z</time>
      </trkpt>
      <trkpt lat="46.9059114" lon="7.4348735">
        <ele>785.2</ele>
        <time>2026-09-10T11:20:22.748Z</time>
      </trkpt>
      <trkpt lat="46.9059036" lon="7.4348566">
        <ele>785.4000000000001</ele>
        <time>2026-09-10T11:20:22.748Z</time>
      </trkpt>
      <trkpt lat="46.9058956" lon="7.4348391">
        <ele>785.4000000000001</ele>
        <time>2026-09-10T11:20:22.748Z</time>
      </trkpt>
      <trkpt lat="46.9058845" lon="7.4348227">
        <ele>785.5999999999999</ele>
        <time>2026-09-10T11:20:22.749Z</time>
      </trkpt>
      <trkpt lat="46.9058764" lon="7.4348073">
        <ele>785.8</ele>
        <time>2026-09-10T11:20:22.749Z</time>
      </trkpt>
      <trkpt lat="46.9058651" lon="7.434792">
        <ele>786</ele>
        <time>2026-09-10T11:20:22.749Z</time>
      </trkpt>
      <trkpt lat="46.9058574" lon="7.4347742">
        <ele>786.2</ele>
        <time>2026-09-10T11:20:22.749Z</time>
      </trkpt>
      <trkpt lat="46.9058497" lon="7.4347553">
        <ele>786.4000000000001</ele>
        <time>2026-09-10T11:20:22.749Z</time>
      </trkpt>
      <trkpt lat="46.9058386" lon="7.434739">
        <ele>786.4000000000001</ele>
        <time>2026-09-10T11:20:22.749Z</time>
      </trkpt>
      <trkpt lat="46.905827" lon="7.4347221">
        <ele>786.5999999999999</ele>
        <time>2026-09-10T11:20:22.749Z</time>
      </trkpt>
      <trkpt lat="46.9058192" lon="7.4347073">
        <ele>786.8</ele>
        <time>2026-09-10T11:20:22.749Z</time>
      </trkpt>
      <trkpt lat="46.9058114" lon="7.4346917">
        <ele>787</ele>
        <time>2026-09-10T11:20:22.749Z</time>
      </trkpt>
      <trkpt lat="46.9058002" lon="7.434677">
        <ele>787.2</ele>
        <time>2026-09-10T11:20:22.749Z</time>
      </trkpt>
      <trkpt lat="46.9057924" lon="7.4346622">
        <ele>787.4000000000001</ele>
        <time>2026-09-10T11:20:22.749Z</time>
      </trkpt>
      <trkpt lat="46.905781" lon="7.4346488">
        <ele>787.5999999999999</ele>
        <time>2026-09-10T11:20:22.749Z</time>
      </trkpt>
      <trkpt lat="46.9057739" lon="7.4346334">
        <ele>787.8</ele>
        <time>2026-09-10T11:20:22.749Z</time>
      </trkpt>
      <trkpt lat="46.9057621" lon="7.4346189">
        <ele>787.8</ele>
        <time>2026-09-10T11:20:22.749Z</time>
      </trkpt>
      <trkpt lat="46.9057543" lon="7.4346037">
        <ele>788</ele>
        <time>2026-09-10T11:20:22.749Z</time>
      </trkpt>
      <trkpt lat="46.905744" lon="7.4345915">
        <ele>788.2</ele>
        <time>2026-09-10T11:20:22.749Z</time>
      </trkpt>
      <trkpt lat="46.9057339" lon="7.4345791">
        <ele>788.4000000000001</ele>
        <time>2026-09-10T11:20:22.749Z</time>
      </trkpt>
      <trkpt lat="46.9057238" lon="7.4345667">
        <ele>788.4000000000001</ele>
        <time>2026-09-10T11:20:22.749Z</time>
      </trkpt>
      <trkpt lat="46.9057088" lon="7.4345568">
        <ele>788.5999999999999</ele>
        <time>2026-09-10T11:20:22.749Z</time>
      </trkpt>
      <trkpt lat="46.9056974" lon="7.4345488">
        <ele>788.5999999999999</ele>
        <time>2026-09-10T11:20:22.749Z</time>
      </trkpt>
      <trkpt lat="46.9056856" lon="7.4345418">
        <ele>788.8</ele>
        <time>2026-09-10T11:20:22.749Z</time>
      </trkpt>
      <trkpt lat="46.905671" lon="7.4345354">
        <ele>788.8</ele>
        <time>2026-09-10T11:20:22.749Z</time>
      </trkpt>
      <trkpt lat="46.9056551" lon="7.4345318">
        <ele>789</ele>
        <time>2026-09-10T11:20:22.749Z</time>
      </trkpt>
      <trkpt lat="46.9056437" lon="7.4345317">
        <ele>789.2</ele>
        <time>2026-09-10T11:20:22.749Z</time>
      </trkpt>
      <trkpt lat="46.9056286" lon="7.4345331">
        <ele>789.2</ele>
        <time>2026-09-10T11:20:22.749Z</time>
      </trkpt>
      <trkpt lat="46.9056134" lon="7.434535">
        <ele>789.4000000000001</ele>
        <time>2026-09-10T11:20:22.749Z</time>
      </trkpt>
      <trkpt lat="46.9056015" lon="7.4345384">
        <ele>789.4000000000001</ele>
        <time>2026-09-10T11:20:22.749Z</time>
      </trkpt>
      <trkpt lat="46.9055875" lon="7.4345414">
        <ele>789.5999999999999</ele>
        <time>2026-09-10T11:20:22.749Z</time>
      </trkpt>
      <trkpt lat="46.9055711" lon="7.4345497">
        <ele>789.8</ele>
        <time>2026-09-10T11:20:22.749Z</time>
      </trkpt>
      <trkpt lat="46.9055598" lon="7.4345563">
        <ele>790</ele>
        <time>2026-09-10T11:20:22.749Z</time>
      </trkpt>
      <trkpt lat="46.9055447" lon="7.4345662">
        <ele>790</ele>
        <time>2026-09-10T11:20:22.749Z</time>
      </trkpt>
      <trkpt lat="46.9055335" lon="7.4345777">
        <ele>790.2</ele>
        <time>2026-09-10T11:20:22.749Z</time>
      </trkpt>
      <trkpt lat="46.9055256" lon="7.4345893">
        <ele>790.4000000000001</ele>
        <time>2026-09-10T11:20:22.749Z</time>
      </trkpt>
      <trkpt lat="46.9055109" lon="7.4346024">
        <ele>790.5999999999999</ele>
        <time>2026-09-10T11:20:22.749Z</time>
      </trkpt>
      <trkpt lat="46.9055025" lon="7.4346181">
        <ele>790.5999999999999</ele>
        <time>2026-09-10T11:20:22.749Z</time>
      </trkpt>
      <trkpt lat="46.9054914" lon="7.4346344">
        <ele>790.8</ele>
        <time>2026-09-10T11:20:22.749Z</time>
      </trkpt>
      <trkpt lat="46.9054834" lon="7.4346514">
        <ele>791</ele>
        <time>2026-09-10T11:20:22.749Z</time>
      </trkpt>
      <trkpt lat="46.9054795" lon="7.4346697">
        <ele>791</ele>
        <time>2026-09-10T11:20:22.750Z</time>
      </trkpt>
      <trkpt lat="46.9054718" lon="7.4346885">
        <ele>791.2</ele>
        <time>2026-09-10T11:20:22.750Z</time>
      </trkpt>
      <trkpt lat="46.9054682" lon="7.4347073">
        <ele>791.4000000000001</ele>
        <time>2026-09-10T11:20:22.750Z</time>
      </trkpt>
      <trkpt lat="46.9054642" lon="7.4347281">
        <ele>791.4000000000001</ele>
        <time>2026-09-10T11:20:22.750Z</time>
      </trkpt>
      <trkpt lat="46.9054604" lon="7.434748">
        <ele>791.5999999999999</ele>
        <time>2026-09-10T11:20:22.750Z</time>
      </trkpt>
      <trkpt lat="46.9054567" lon="7.4347676">
        <ele>791.8</ele>
        <time>2026-09-10T11:20:22.750Z</time>
      </trkpt>
      <trkpt lat="46.9054529" lon="7.4347894">
        <ele>792</ele>
        <time>2026-09-10T11:20:22.750Z</time>
      </trkpt>
      <trkpt lat="46.905449" lon="7.4348132">
        <ele>792.2</ele>
        <time>2026-09-10T11:20:22.750Z</time>
      </trkpt>
      <trkpt lat="46.9054489" lon="7.4348355">
        <ele>792.2</ele>
        <time>2026-09-10T11:20:22.750Z</time>
      </trkpt>
      <trkpt lat="46.9054452" lon="7.4348594">
        <ele>792.4000000000001</ele>
        <time>2026-09-10T11:20:22.750Z</time>
      </trkpt>
      <trkpt lat="46.9054451" lon="7.4348822">
        <ele>792.5999999999999</ele>
        <time>2026-09-10T11:20:22.750Z</time>
      </trkpt>
      <trkpt lat="46.9054451" lon="7.4349051">
        <ele>792.8</ele>
        <time>2026-09-10T11:20:22.750Z</time>
      </trkpt>
      <trkpt lat="46.9054415" lon="7.4349285">
        <ele>792.8</ele>
        <time>2026-09-10T11:20:22.750Z</time>
      </trkpt>
      <trkpt lat="46.9054376" lon="7.434951">
        <ele>793</ele>
        <time>2026-09-10T11:20:22.750Z</time>
      </trkpt>
      <trkpt lat="46.905434" lon="7.4349712">
        <ele>793</ele>
        <time>2026-09-10T11:20:22.750Z</time>
      </trkpt>
      <trkpt lat="46.90543" lon="7.4349926">
        <ele>793.2</ele>
        <time>2026-09-10T11:20:22.750Z</time>
      </trkpt>
      <trkpt lat="46.9054262" lon="7.4350122">
        <ele>793.2</ele>
        <time>2026-09-10T11:20:22.750Z</time>
      </trkpt>
      <trkpt lat="46.9054223" lon="7.4350343">
        <ele>793.2</ele>
        <time>2026-09-10T11:20:22.750Z</time>
      </trkpt>
      <trkpt lat="46.9054187" lon="7.4350535">
        <ele>793.2</ele>
        <time>2026-09-10T11:20:22.750Z</time>
      </trkpt>
      <trkpt lat="46.9054146" lon="7.4350729">
        <ele>793.2</ele>
        <time>2026-09-10T11:20:22.750Z</time>
      </trkpt>
      <trkpt lat="46.9054109" lon="7.4350923">
        <ele>793.2</ele>
        <time>2026-09-10T11:20:22.750Z</time>
      </trkpt>
      <trkpt lat="46.9054036" lon="7.4351105">
        <ele>793.2</ele>
        <time>2026-09-10T11:20:22.750Z</time>
      </trkpt>
      <trkpt lat="46.9054031" lon="7.4351312">
        <ele>793.2</ele>
        <time>2026-09-10T11:20:22.750Z</time>
      </trkpt>
      <trkpt lat="46.9053959" lon="7.4351504">
        <ele>793.4000000000001</ele>
        <time>2026-09-10T11:20:22.750Z</time>
      </trkpt>
      <trkpt lat="46.9053918" lon="7.4351695">
        <ele>793.4000000000001</ele>
        <time>2026-09-10T11:20:22.750Z</time>
      </trkpt>
      <trkpt lat="46.9053808" lon="7.4351861">
        <ele>793.5999999999999</ele>
        <time>2026-09-10T11:20:22.750Z</time>
      </trkpt>
      <trkpt lat="46.9053731" lon="7.435204">
        <ele>793.8</ele>
        <time>2026-09-10T11:20:22.750Z</time>
      </trkpt>
      <trkpt lat="46.9053653" lon="7.4352211">
        <ele>794</ele>
        <time>2026-09-10T11:20:22.750Z</time>
      </trkpt>
      <trkpt lat="46.9053533" lon="7.4352389">
        <ele>794.2</ele>
        <time>2026-09-10T11:20:22.750Z</time>
      </trkpt>
      <trkpt lat="46.9053462" lon="7.4352543">
        <ele>794.4000000000001</ele>
        <time>2026-09-10T11:20:22.750Z</time>
      </trkpt>
      <trkpt lat="46.9053385" lon="7.4352727">
        <ele>794.4000000000001</ele>
        <time>2026-09-10T11:20:22.750Z</time>
      </trkpt>
      <trkpt lat="46.9053303" lon="7.4352892">
        <ele>794.8</ele>
        <time>2026-09-10T11:20:22.750Z</time>
      </trkpt>
      <trkpt lat="46.9053234" lon="7.4353042">
        <ele>795</ele>
        <time>2026-09-10T11:20:22.750Z</time>
      </trkpt>
      <trkpt lat="46.9053156" lon="7.4353213">
        <ele>795.2</ele>
        <time>2026-09-10T11:20:22.750Z</time>
      </trkpt>
      <trkpt lat="46.9053036" lon="7.4353395">
        <ele>795.4000000000001</ele>
        <time>2026-09-10T11:20:22.750Z</time>
      </trkpt>
      <trkpt lat="46.9052968" lon="7.4353542">
        <ele>795.5999999999999</ele>
        <time>2026-09-10T11:20:22.750Z</time>
      </trkpt>
      <trkpt lat="46.9052852" lon="7.4353714">
        <ele>796</ele>
        <time>2026-09-10T11:20:22.750Z</time>
      </trkpt>
      <trkpt lat="46.905277" lon="7.4353892">
        <ele>796.2</ele>
        <time>2026-09-10T11:20:22.750Z</time>
      </trkpt>
      <trkpt lat="46.9052701" lon="7.4354037">
        <ele>796.4000000000001</ele>
        <time>2026-09-10T11:20:22.750Z</time>
      </trkpt>
      <trkpt lat="46.9052586" lon="7.4354209">
        <ele>796.5999999999999</ele>
        <time>2026-09-10T11:20:22.750Z</time>
      </trkpt>
      <trkpt lat="46.9052503" lon="7.4354408">
        <ele>796.8</ele>
        <time>2026-09-10T11:20:22.750Z</time>
      </trkpt>
      <trkpt lat="46.9052436" lon="7.4354567">
        <ele>797</ele>
        <time>2026-09-10T11:20:22.750Z</time>
      </trkpt>
      <trkpt lat="46.9052319" lon="7.4354742">
        <ele>797.2</ele>
        <time>2026-09-10T11:20:22.750Z</time>
      </trkpt>
      <trkpt lat="46.9052236" lon="7.4354941">
        <ele>797.2</ele>
        <time>2026-09-10T11:20:22.750Z</time>
      </trkpt>
      <trkpt lat="46.9052166" lon="7.4355094">
        <ele>797.4000000000001</ele>
        <time>2026-09-10T11:20:22.750Z</time>
      </trkpt>
      <trkpt lat="46.905205" lon="7.4355279">
        <ele>797.4000000000001</ele>
        <time>2026-09-10T11:20:22.750Z</time>
      </trkpt>
      <trkpt lat="46.9052006" lon="7.4355479">
        <ele>797.5999999999999</ele>
        <time>2026-09-10T11:20:22.751Z</time>
      </trkpt>
      <trkpt lat="46.9051937" lon="7.4355642">
        <ele>797.8</ele>
        <time>2026-09-10T11:20:22.751Z</time>
      </trkpt>
      <trkpt lat="46.9051933" lon="7.4355838">
        <ele>797.8</ele>
        <time>2026-09-10T11:20:22.751Z</time>
      </trkpt>
      <trkpt lat="46.9051856" lon="7.4356034">
        <ele>798</ele>
        <time>2026-09-10T11:20:22.751Z</time>
      </trkpt>
      <trkpt lat="46.9051823" lon="7.4356213">
        <ele>798.2</ele>
        <time>2026-09-10T11:20:22.751Z</time>
      </trkpt>
      <trkpt lat="46.9051746" lon="7.4356393">
        <ele>798.2</ele>
        <time>2026-09-10T11:20:22.751Z</time>
      </trkpt>
      <trkpt lat="46.9051664" lon="7.4356607">
        <ele>798.4000000000001</ele>
        <time>2026-09-10T11:20:22.751Z</time>
      </trkpt>
      <trkpt lat="46.9051629" lon="7.4356792">
        <ele>798.5999999999999</ele>
        <time>2026-09-10T11:20:22.751Z</time>
      </trkpt>
      <trkpt lat="46.9051555" lon="7.4356991">
        <ele>798.8</ele>
        <time>2026-09-10T11:20:22.751Z</time>
      </trkpt>
      <trkpt lat="46.9051511" lon="7.4357205">
        <ele>798.8</ele>
        <time>2026-09-10T11:20:22.751Z</time>
      </trkpt>
      <trkpt lat="46.9051441" lon="7.4357377">
        <ele>799</ele>
        <time>2026-09-10T11:20:22.751Z</time>
      </trkpt>
      <trkpt lat="46.90514" lon="7.4357579">
        <ele>799</ele>
        <time>2026-09-10T11:20:22.751Z</time>
      </trkpt>
      <trkpt lat="46.9051358" lon="7.4357773">
        <ele>799.2</ele>
        <time>2026-09-10T11:20:22.751Z</time>
      </trkpt>
      <trkpt lat="46.9051288" lon="7.4357959">
        <ele>799.2</ele>
        <time>2026-09-10T11:20:22.751Z</time>
      </trkpt>
      <trkpt lat="46.9051247" lon="7.4358166">
        <ele>799.2</ele>
        <time>2026-09-10T11:20:22.751Z</time>
      </trkpt>
      <trkpt lat="46.9051168" lon="7.4358393">
        <ele>799.4000000000001</ele>
        <time>2026-09-10T11:20:22.751Z</time>
      </trkpt>
      <trkpt lat="46.9051134" lon="7.4358575">
        <ele>799.4000000000001</ele>
        <time>2026-09-10T11:20:22.751Z</time>
      </trkpt>
      <trkpt lat="46.9051094" lon="7.4358779">
        <ele>799.4000000000001</ele>
        <time>2026-09-10T11:20:22.751Z</time>
      </trkpt>
      <trkpt lat="46.9051016" lon="7.435899">
        <ele>799.5999999999999</ele>
        <time>2026-09-10T11:20:22.751Z</time>
      </trkpt>
      <trkpt lat="46.9050982" lon="7.4359158">
        <ele>799.5999999999999</ele>
        <time>2026-09-10T11:20:22.751Z</time>
      </trkpt>
      <trkpt lat="46.9050944" lon="7.4359355">
        <ele>799.8</ele>
        <time>2026-09-10T11:20:22.751Z</time>
      </trkpt>
      <trkpt lat="46.9050865" lon="7.4359586">
        <ele>799.8</ele>
        <time>2026-09-10T11:20:22.751Z</time>
      </trkpt>
      <trkpt lat="46.905083" lon="7.4359766">
        <ele>800</ele>
        <time>2026-09-10T11:20:22.751Z</time>
      </trkpt>
      <trkpt lat="46.9050757" lon="7.4359969">
        <ele>800</ele>
        <time>2026-09-10T11:20:22.751Z</time>
      </trkpt>
      <trkpt lat="46.9050699" lon="7.4360167">
        <ele>800.2</ele>
        <time>2026-09-10T11:20:22.751Z</time>
      </trkpt>
      <trkpt lat="46.9050643" lon="7.4360364">
        <ele>800.4000000000001</ele>
        <time>2026-09-10T11:20:22.751Z</time>
      </trkpt>
      <trkpt lat="46.90506" lon="7.4360575">
        <ele>800.5999999999999</ele>
        <time>2026-09-10T11:20:22.751Z</time>
      </trkpt>
      <trkpt lat="46.9050559" lon="7.4360771">
        <ele>800.5999999999999</ele>
        <time>2026-09-10T11:20:22.751Z</time>
      </trkpt>
      <trkpt lat="46.9050523" lon="7.4360947">
        <ele>800.8</ele>
        <time>2026-09-10T11:20:22.751Z</time>
      </trkpt>
      <trkpt lat="46.9050486" lon="7.4361138">
        <ele>801</ele>
        <time>2026-09-10T11:20:22.751Z</time>
      </trkpt>
      <trkpt lat="46.9050444" lon="7.4361353">
        <ele>801</ele>
        <time>2026-09-10T11:20:22.751Z</time>
      </trkpt>
      <trkpt lat="46.9050372" lon="7.4361543">
        <ele>801.2</ele>
        <time>2026-09-10T11:20:22.751Z</time>
      </trkpt>
      <trkpt lat="46.9050335" lon="7.4361717">
        <ele>801.4000000000001</ele>
        <time>2026-09-10T11:20:22.751Z</time>
      </trkpt>
      <trkpt lat="46.9050278" lon="7.4361927">
        <ele>801.5999999999999</ele>
        <time>2026-09-10T11:20:22.751Z</time>
      </trkpt>
      <trkpt lat="46.9050219" lon="7.436214">
        <ele>801.8</ele>
        <time>2026-09-10T11:20:22.751Z</time>
      </trkpt>
      <trkpt lat="46.905018" lon="7.436234">
        <ele>802</ele>
        <time>2026-09-10T11:20:22.751Z</time>
      </trkpt>
      <trkpt lat="46.905014" lon="7.4362555">
        <ele>802.2</ele>
        <time>2026-09-10T11:20:22.751Z</time>
      </trkpt>
      <trkpt lat="46.9050104" lon="7.4362741">
        <ele>802.4000000000001</ele>
        <time>2026-09-10T11:20:22.751Z</time>
      </trkpt>
      <trkpt lat="46.9050102" lon="7.4362961">
        <ele>802.5999999999999</ele>
        <time>2026-09-10T11:20:22.751Z</time>
      </trkpt>
      <trkpt lat="46.9050025" lon="7.436317">
        <ele>802.5999999999999</ele>
        <time>2026-09-10T11:20:22.751Z</time>
      </trkpt>
      <trkpt lat="46.9049991" lon="7.436337">
        <ele>802.8</ele>
        <time>2026-09-10T11:20:22.751Z</time>
      </trkpt>
      <trkpt lat="46.904995" lon="7.4363579">
        <ele>803</ele>
        <time>2026-09-10T11:20:22.751Z</time>
      </trkpt>
      <trkpt lat="46.904991" lon="7.4363791">
        <ele>803</ele>
        <time>2026-09-10T11:20:22.751Z</time>
      </trkpt>
      <trkpt lat="46.9049875" lon="7.4363978">
        <ele>803.2</ele>
        <time>2026-09-10T11:20:22.751Z</time>
      </trkpt>
      <trkpt lat="46.9049836" lon="7.4364149">
        <ele>803.4000000000001</ele>
        <time>2026-09-10T11:20:22.751Z</time>
      </trkpt>
      <trkpt lat="46.9049834" lon="7.4364376">
        <ele>803.4000000000001</ele>
        <time>2026-09-10T11:20:22.751Z</time>
      </trkpt>
      <trkpt lat="46.9049799" lon="7.4364569">
        <ele>803.5999999999999</ele>
        <time>2026-09-10T11:20:22.751Z</time>
      </trkpt>
      <trkpt lat="46.9049797" lon="7.4364777">
        <ele>803.8</ele>
        <time>2026-09-10T11:20:22.752Z</time>
      </trkpt>
      <trkpt lat="46.9049796" lon="7.4364986">
        <ele>804</ele>
        <time>2026-09-10T11:20:22.752Z</time>
      </trkpt>
      <trkpt lat="46.9049762" lon="7.43652">
        <ele>804.2</ele>
        <time>2026-09-10T11:20:22.752Z</time>
      </trkpt>
      <trkpt lat="46.9049759" lon="7.4365412">
        <ele>804.4000000000001</ele>
        <time>2026-09-10T11:20:22.752Z</time>
      </trkpt>
      <trkpt lat="46.9049683" lon="7.4365615">
        <ele>804.4000000000001</ele>
        <time>2026-09-10T11:20:22.752Z</time>
      </trkpt>
      <trkpt lat="46.9049647" lon="7.4365823">
        <ele>804.5999999999999</ele>
        <time>2026-09-10T11:20:22.752Z</time>
      </trkpt>
      <trkpt lat="46.9049607" lon="7.4366044">
        <ele>804.5999999999999</ele>
        <time>2026-09-10T11:20:22.752Z</time>
      </trkpt>
      <trkpt lat="46.9049567" lon="7.4366271">
        <ele>804.8</ele>
        <time>2026-09-10T11:20:22.752Z</time>
      </trkpt>
      <trkpt lat="46.9049532" lon="7.4366472">
        <ele>804.8</ele>
        <time>2026-09-10T11:20:22.752Z</time>
      </trkpt>
      <trkpt lat="46.9049492" lon="7.4366697">
        <ele>805</ele>
        <time>2026-09-10T11:20:22.752Z</time>
      </trkpt>
      <trkpt lat="46.9049454" lon="7.4366925">
        <ele>805.2</ele>
        <time>2026-09-10T11:20:22.752Z</time>
      </trkpt>
      <trkpt lat="46.9049454" lon="7.436712">
        <ele>805.2</ele>
        <time>2026-09-10T11:20:22.752Z</time>
      </trkpt>
      <trkpt lat="46.9049416" lon="7.4367348">
        <ele>805.4000000000001</ele>
        <time>2026-09-10T11:20:22.752Z</time>
      </trkpt>
      <trkpt lat="46.9049378" lon="7.4367572">
        <ele>805.5999999999999</ele>
        <time>2026-09-10T11:20:22.752Z</time>
      </trkpt>
      <trkpt lat="46.9049378" lon="7.4367774">
        <ele>805.8</ele>
        <time>2026-09-10T11:20:22.752Z</time>
      </trkpt>
      <trkpt lat="46.9049342" lon="7.4367968">
        <ele>806</ele>
        <time>2026-09-10T11:20:22.752Z</time>
      </trkpt>
      <trkpt lat="46.9049302" lon="7.43682">
        <ele>806</ele>
        <time>2026-09-10T11:20:22.752Z</time>
      </trkpt>
      <trkpt lat="46.9049265" lon="7.4368394">
        <ele>806.2</ele>
        <time>2026-09-10T11:20:22.752Z</time>
      </trkpt>
      <trkpt lat="46.9049225" lon="7.4368597">
        <ele>806.4000000000001</ele>
        <time>2026-09-10T11:20:22.752Z</time>
      </trkpt>
      <trkpt lat="46.9049147" lon="7.4368806">
        <ele>806.5999999999999</ele>
        <time>2026-09-10T11:20:22.752Z</time>
      </trkpt>
      <trkpt lat="46.9049113" lon="7.436899">
        <ele>806.5999999999999</ele>
        <time>2026-09-10T11:20:22.752Z</time>
      </trkpt>
      <trkpt lat="46.9049074" lon="7.4369194">
        <ele>806.8</ele>
        <time>2026-09-10T11:20:22.752Z</time>
      </trkpt>
      <trkpt lat="46.9049034" lon="7.4369401">
        <ele>807</ele>
        <time>2026-09-10T11:20:22.752Z</time>
      </trkpt>
      <trkpt lat="46.904896" lon="7.4369563">
        <ele>807</ele>
        <time>2026-09-10T11:20:22.752Z</time>
      </trkpt>
      <trkpt lat="46.9048921" lon="7.4369758">
        <ele>807.2</ele>
        <time>2026-09-10T11:20:22.752Z</time>
      </trkpt>
      <trkpt lat="46.9048843" lon="7.4369966">
        <ele>807.4000000000001</ele>
        <time>2026-09-10T11:20:22.752Z</time>
      </trkpt>
      <trkpt lat="46.9048771" lon="7.4370122">
        <ele>807.5999999999999</ele>
        <time>2026-09-10T11:20:22.752Z</time>
      </trkpt>
      <trkpt lat="46.9048693" lon="7.4370313">
        <ele>807.5999999999999</ele>
        <time>2026-09-10T11:20:22.752Z</time>
      </trkpt>
      <trkpt lat="46.9048614" lon="7.4370484">
        <ele>807.8</ele>
        <time>2026-09-10T11:20:22.752Z</time>
      </trkpt>
      <trkpt lat="46.9048544" lon="7.4370638">
        <ele>808</ele>
        <time>2026-09-10T11:20:22.752Z</time>
      </trkpt>
      <trkpt lat="46.9048428" lon="7.4370812">
        <ele>808.2</ele>
        <time>2026-09-10T11:20:22.752Z</time>
      </trkpt>
      <trkpt lat="46.9048347" lon="7.4370986">
        <ele>808.4000000000001</ele>
        <time>2026-09-10T11:20:22.752Z</time>
      </trkpt>
      <trkpt lat="46.9048275" lon="7.4371157">
        <ele>808.4000000000001</ele>
        <time>2026-09-10T11:20:22.752Z</time>
      </trkpt>
      <trkpt lat="46.9048199" lon="7.4371323">
        <ele>808.5999999999999</ele>
        <time>2026-09-10T11:20:22.752Z</time>
      </trkpt>
      <trkpt lat="46.9048118" lon="7.4371487">
        <ele>808.8</ele>
        <time>2026-09-10T11:20:22.752Z</time>
      </trkpt>
      <trkpt lat="46.9048047" lon="7.4371657">
        <ele>808.8</ele>
        <time>2026-09-10T11:20:22.752Z</time>
      </trkpt>
      <trkpt lat="46.904797" lon="7.4371826">
        <ele>809</ele>
        <time>2026-09-10T11:20:22.752Z</time>
      </trkpt>
      <trkpt lat="46.9047885" lon="7.4371988">
        <ele>809</ele>
        <time>2026-09-10T11:20:22.752Z</time>
      </trkpt>
      <trkpt lat="46.904778" lon="7.4372142">
        <ele>809</ele>
        <time>2026-09-10T11:20:22.752Z</time>
      </trkpt>
      <trkpt lat="46.9047701" lon="7.437233">
        <ele>809.2</ele>
        <time>2026-09-10T11:20:22.752Z</time>
      </trkpt>
      <trkpt lat="46.9047582" lon="7.4372506">
        <ele>809.2</ele>
        <time>2026-09-10T11:20:22.752Z</time>
      </trkpt>
      <trkpt lat="46.9047512" lon="7.437266">
        <ele>809.2</ele>
        <time>2026-09-10T11:20:22.752Z</time>
      </trkpt>
      <trkpt lat="46.9047435" lon="7.437283">
        <ele>809.2</ele>
        <time>2026-09-10T11:20:22.752Z</time>
      </trkpt>
      <trkpt lat="46.9047316" lon="7.4373023">
        <ele>809.4000000000001</ele>
        <time>2026-09-10T11:20:22.752Z</time>
      </trkpt>
      <trkpt lat="46.9047282" lon="7.4373193">
        <ele>809.4000000000001</ele>
        <time>2026-09-10T11:20:22.752Z</time>
      </trkpt>
      <trkpt lat="46.9047206" lon="7.437339">
        <ele>809.5999999999999</ele>
        <time>2026-09-10T11:20:22.752Z</time>
      </trkpt>
      <trkpt lat="46.9047125" lon="7.4373588">
        <ele>809.8</ele>
        <time>2026-09-10T11:20:22.752Z</time>
      </trkpt>
      <trkpt lat="46.9047055" lon="7.4373772">
        <ele>809.8</ele>
        <time>2026-09-10T11:20:22.752Z</time>
      </trkpt>
      <trkpt lat="46.9046976" lon="7.4373961">
        <ele>810</ele>
        <time>2026-09-10T11:20:22.752Z</time>
      </trkpt>
      <trkpt lat="46.9046896" lon="7.4374173">
        <ele>810.2</ele>
        <time>2026-09-10T11:20:22.752Z</time>
      </trkpt>
      <trkpt lat="46.9046862" lon="7.4374343">
        <ele>810.4000000000001</ele>
        <time>2026-09-10T11:20:22.752Z</time>
      </trkpt>
      <trkpt lat="46.9046785" lon="7.4374548">
        <ele>810.8</ele>
        <time>2026-09-10T11:20:22.753Z</time>
      </trkpt>
      <trkpt lat="46.9046707" lon="7.4374768">
        <ele>811</ele>
        <time>2026-09-10T11:20:22.753Z</time>
      </trkpt>
      <trkpt lat="46.904667" lon="7.4374945">
        <ele>811.2</ele>
        <time>2026-09-10T11:20:22.753Z</time>
      </trkpt>
      <trkpt lat="46.9046593" lon="7.4375146">
        <ele>811.4000000000001</ele>
        <time>2026-09-10T11:20:22.753Z</time>
      </trkpt>
      <trkpt lat="46.9046516" lon="7.4375335">
        <ele>811.4000000000001</ele>
        <time>2026-09-10T11:20:22.753Z</time>
      </trkpt>
      <trkpt lat="46.9046446" lon="7.437552">
        <ele>811.5999999999999</ele>
        <time>2026-09-10T11:20:22.753Z</time>
      </trkpt>
      <trkpt lat="46.9046404" lon="7.4375723">
        <ele>811.8</ele>
        <time>2026-09-10T11:20:22.753Z</time>
      </trkpt>
      <trkpt lat="46.9046363" lon="7.4375939">
        <ele>811.8</ele>
        <time>2026-09-10T11:20:22.753Z</time>
      </trkpt>
      <trkpt lat="46.9046327" lon="7.437611">
        <ele>812</ele>
        <time>2026-09-10T11:20:22.753Z</time>
      </trkpt>
      <trkpt lat="46.9046288" lon="7.4376312">
        <ele>812</ele>
        <time>2026-09-10T11:20:22.753Z</time>
      </trkpt>
      <trkpt lat="46.9046249" lon="7.4376505">
        <ele>812.2</ele>
        <time>2026-09-10T11:20:22.753Z</time>
      </trkpt>
      <trkpt lat="46.9046212" lon="7.4376696">
        <ele>812.2</ele>
        <time>2026-09-10T11:20:22.753Z</time>
      </trkpt>
      <trkpt lat="46.9046137" lon="7.4376892">
        <ele>812.4000000000001</ele>
        <time>2026-09-10T11:20:22.753Z</time>
      </trkpt>
      <trkpt lat="46.9046096" lon="7.4377099">
        <ele>812.4000000000001</ele>
        <time>2026-09-10T11:20:22.753Z</time>
      </trkpt>
      <trkpt lat="46.9046026" lon="7.4377284">
        <ele>812.4000000000001</ele>
        <time>2026-09-10T11:20:22.753Z</time>
      </trkpt>
      <trkpt lat="46.9045982" lon="7.4377497">
        <ele>812.5999999999999</ele>
        <time>2026-09-10T11:20:22.753Z</time>
      </trkpt>
      <trkpt lat="46.9045904" lon="7.437769">
        <ele>812.5999999999999</ele>
        <time>2026-09-10T11:20:22.753Z</time>
      </trkpt>
      <trkpt lat="46.9045833" lon="7.4377876">
        <ele>812.8</ele>
        <time>2026-09-10T11:20:22.753Z</time>
      </trkpt>
      <trkpt lat="46.9045793" lon="7.4378061">
        <ele>813</ele>
        <time>2026-09-10T11:20:22.753Z</time>
      </trkpt>
      <trkpt lat="46.9045717" lon="7.4378248">
        <ele>813.2</ele>
        <time>2026-09-10T11:20:22.753Z</time>
      </trkpt>
      <trkpt lat="46.9045643" lon="7.4378411">
        <ele>813.4000000000001</ele>
        <time>2026-09-10T11:20:22.753Z</time>
      </trkpt>
      <trkpt lat="46.9045567" lon="7.4378591">
        <ele>813.5999999999999</ele>
        <time>2026-09-10T11:20:22.753Z</time>
      </trkpt>
      <trkpt lat="46.9045486" lon="7.4378768">
        <ele>813.8</ele>
        <time>2026-09-10T11:20:22.753Z</time>
      </trkpt>
      <trkpt lat="46.904545" lon="7.4378939">
        <ele>814</ele>
        <time>2026-09-10T11:20:22.753Z</time>
      </trkpt>
      <trkpt lat="46.9045341" lon="7.4379123">
        <ele>814.2</ele>
        <time>2026-09-10T11:20:22.753Z</time>
      </trkpt>
      <trkpt lat="46.9045292" lon="7.437932">
        <ele>814.2</ele>
        <time>2026-09-10T11:20:22.753Z</time>
      </trkpt>
      <trkpt lat="46.9045187" lon="7.4379474">
        <ele>814.4000000000001</ele>
        <time>2026-09-10T11:20:22.753Z</time>
      </trkpt>
      <trkpt lat="46.9045144" lon="7.4379647">
        <ele>814.5999999999999</ele>
        <time>2026-09-10T11:20:22.753Z</time>
      </trkpt>
      <trkpt lat="46.9045067" lon="7.437985">
        <ele>814.8</ele>
        <time>2026-09-10T11:20:22.753Z</time>
      </trkpt>
      <trkpt lat="46.9044992" lon="7.4380013">
        <ele>815</ele>
        <time>2026-09-10T11:20:22.753Z</time>
      </trkpt>
      <trkpt lat="46.9044915" lon="7.43802">
        <ele>815.2</ele>
        <time>2026-09-10T11:20:22.753Z</time>
      </trkpt>
      <trkpt lat="46.9044876" lon="7.4380398">
        <ele>815.4000000000001</ele>
        <time>2026-09-10T11:20:22.753Z</time>
      </trkpt>
      <trkpt lat="46.9044802" lon="7.4380591">
        <ele>815.4000000000001</ele>
        <time>2026-09-10T11:20:22.753Z</time>
      </trkpt>
      <trkpt lat="46.9044763" lon="7.4380794">
        <ele>815.5999999999999</ele>
        <time>2026-09-10T11:20:22.753Z</time>
      </trkpt>
      <trkpt lat="46.9044686" lon="7.4381016">
        <ele>815.8</ele>
        <time>2026-09-10T11:20:22.753Z</time>
      </trkpt>
      <trkpt lat="46.904465" lon="7.438119">
        <ele>815.8</ele>
        <time>2026-09-10T11:20:22.753Z</time>
      </trkpt>
      <trkpt lat="46.904461" lon="7.438138">
        <ele>816</ele>
        <time>2026-09-10T11:20:22.753Z</time>
      </trkpt>
      <trkpt lat="46.904457" lon="7.4381591">
        <ele>816</ele>
        <time>2026-09-10T11:20:22.753Z</time>
      </trkpt>
      <trkpt lat="46.9044534" lon="7.438178">
        <ele>816.2</ele>
        <time>2026-09-10T11:20:22.753Z</time>
      </trkpt>
      <trkpt lat="46.9044533" lon="7.4381983">
        <ele>816.2</ele>
        <time>2026-09-10T11:20:22.753Z</time>
      </trkpt>
      <trkpt lat="46.9044495" lon="7.438221">
        <ele>816.4000000000001</ele>
        <time>2026-09-10T11:20:22.753Z</time>
      </trkpt>
      <trkpt lat="46.9044495" lon="7.4382411">
        <ele>816.4000000000001</ele>
        <time>2026-09-10T11:20:22.753Z</time>
      </trkpt>
      <trkpt lat="46.9044495" lon="7.4382641">
        <ele>816.5999999999999</ele>
        <time>2026-09-10T11:20:22.753Z</time>
      </trkpt>
      <trkpt lat="46.9044496" lon="7.4382875">
        <ele>816.8</ele>
        <time>2026-09-10T11:20:22.753Z</time>
      </trkpt>
      <trkpt lat="46.9044531" lon="7.4383062">
        <ele>816.8</ele>
        <time>2026-09-10T11:20:22.753Z</time>
      </trkpt>
      <trkpt lat="46.9044533" lon="7.43833">
        <ele>817</ele>
        <time>2026-09-10T11:20:22.753Z</time>
      </trkpt>
      <trkpt lat="46.9044535" lon="7.4383524">
        <ele>817.2</ele>
        <time>2026-09-10T11:20:22.753Z</time>
      </trkpt>
      <trkpt lat="46.904457" lon="7.4383697">
        <ele>817.4000000000001</ele>
        <time>2026-09-10T11:20:22.753Z</time>
      </trkpt>
      <trkpt lat="46.9044607" lon="7.4383874">
        <ele>817.4000000000001</ele>
        <time>2026-09-10T11:20:22.753Z</time>
      </trkpt>
      <trkpt lat="46.9044648" lon="7.4384086">
        <ele>817.5999999999999</ele>
        <time>2026-09-10T11:20:22.753Z</time>
      </trkpt>
      <trkpt lat="46.9044683" lon="7.4384253">
        <ele>817.8</ele>
        <time>2026-09-10T11:20:22.754Z</time>
      </trkpt>
      <trkpt lat="46.9044723" lon="7.4384459">
        <ele>818</ele>
        <time>2026-09-10T11:20:22.754Z</time>
      </trkpt>
      <trkpt lat="46.9044762" lon="7.4384667">
        <ele>818</ele>
        <time>2026-09-10T11:20:22.754Z</time>
      </trkpt>
      <trkpt lat="46.9044798" lon="7.4384843">
        <ele>818.2</ele>
        <time>2026-09-10T11:20:22.754Z</time>
      </trkpt>
      <trkpt lat="46.9044836" lon="7.4385041">
        <ele>818.4000000000001</ele>
        <time>2026-09-10T11:20:22.754Z</time>
      </trkpt>
      <trkpt lat="46.9044876" lon="7.4385251">
        <ele>818.4000000000001</ele>
        <time>2026-09-10T11:20:22.754Z</time>
      </trkpt>
      <trkpt lat="46.9044913" lon="7.4385458">
        <ele>818.5999999999999</ele>
        <time>2026-09-10T11:20:22.754Z</time>
      </trkpt>
      <trkpt lat="46.9044951" lon="7.4385644">
        <ele>818.5999999999999</ele>
        <time>2026-09-10T11:20:22.754Z</time>
      </trkpt>
      <trkpt lat="46.9044955" lon="7.4385879">
        <ele>818.8</ele>
        <time>2026-09-10T11:20:22.754Z</time>
      </trkpt>
      <trkpt lat="46.9044988" lon="7.4386057">
        <ele>819</ele>
        <time>2026-09-10T11:20:22.754Z</time>
      </trkpt>
      <trkpt lat="46.9045066" lon="7.4386265">
        <ele>819</ele>
        <time>2026-09-10T11:20:22.754Z</time>
      </trkpt>
      <trkpt lat="46.9045067" lon="7.4386474">
        <ele>819.2</ele>
        <time>2026-09-10T11:20:22.754Z</time>
      </trkpt>
      <trkpt lat="46.9045067" lon="7.4386652">
        <ele>819.2</ele>
        <time>2026-09-10T11:20:22.754Z</time>
      </trkpt>
      <trkpt lat="46.9045105" lon="7.4386879">
        <ele>819.4000000000001</ele>
        <time>2026-09-10T11:20:22.754Z</time>
      </trkpt>
      <trkpt lat="46.9045105" lon="7.4387102">
        <ele>819.4000000000001</ele>
        <time>2026-09-10T11:20:22.754Z</time>
      </trkpt>
      <trkpt lat="46.9045141" lon="7.4387284">
        <ele>819.5999999999999</ele>
        <time>2026-09-10T11:20:22.754Z</time>
      </trkpt>
      <trkpt lat="46.9045143" lon="7.4387513">
        <ele>819.5999999999999</ele>
        <time>2026-09-10T11:20:22.754Z</time>
      </trkpt>
      <trkpt lat="46.9045181" lon="7.4387736">
        <ele>819.8</ele>
        <time>2026-09-10T11:20:22.754Z</time>
      </trkpt>
      <trkpt lat="46.9045181" lon="7.438792">
        <ele>820</ele>
        <time>2026-09-10T11:20:22.754Z</time>
      </trkpt>
      <trkpt lat="46.9045219" lon="7.4388146">
        <ele>820</ele>
        <time>2026-09-10T11:20:22.754Z</time>
      </trkpt>
      <trkpt lat="46.904522" lon="7.438836">
        <ele>820.2</ele>
        <time>2026-09-10T11:20:22.754Z</time>
      </trkpt>
      <trkpt lat="46.904522" lon="7.4388542">
        <ele>820.4000000000001</ele>
        <time>2026-09-10T11:20:22.754Z</time>
      </trkpt>
      <trkpt lat="46.904522" lon="7.438875">
        <ele>820.5999999999999</ele>
        <time>2026-09-10T11:20:22.754Z</time>
      </trkpt>
      <trkpt lat="46.9045257" lon="7.4388965">
        <ele>820.8</ele>
        <time>2026-09-10T11:20:22.754Z</time>
      </trkpt>
      <trkpt lat="46.9045257" lon="7.438916">
        <ele>820.8</ele>
        <time>2026-09-10T11:20:22.754Z</time>
      </trkpt>
      <trkpt lat="46.9045295" lon="7.4389365">
        <ele>821</ele>
        <time>2026-09-10T11:20:22.754Z</time>
      </trkpt>
      <trkpt lat="46.9045295" lon="7.4389585">
        <ele>821.2</ele>
        <time>2026-09-10T11:20:22.754Z</time>
      </trkpt>
      <trkpt lat="46.9045258" lon="7.438983">
        <ele>821.4000000000001</ele>
        <time>2026-09-10T11:20:22.754Z</time>
      </trkpt>
      <trkpt lat="46.904522" lon="7.4390044">
        <ele>821.4000000000001</ele>
        <time>2026-09-10T11:20:22.754Z</time>
      </trkpt>
      <trkpt lat="46.904522" lon="7.4390269">
        <ele>821.5999999999999</ele>
        <time>2026-09-10T11:20:22.754Z</time>
      </trkpt>
      <trkpt lat="46.904522" lon="7.4390462">
        <ele>821.8</ele>
        <time>2026-09-10T11:20:22.754Z</time>
      </trkpt>
      <trkpt lat="46.904522" lon="7.4390665">
        <ele>821.8</ele>
        <time>2026-09-10T11:20:22.754Z</time>
      </trkpt>
      <trkpt lat="46.9045181" lon="7.4390869">
        <ele>822</ele>
        <time>2026-09-10T11:20:22.754Z</time>
      </trkpt>
      <trkpt lat="46.9045181" lon="7.4391053">
        <ele>822.2</ele>
        <time>2026-09-10T11:20:22.755Z</time>
      </trkpt>
      <trkpt lat="46.9045181" lon="7.4391287">
        <ele>822.2</ele>
        <time>2026-09-10T11:20:22.755Z</time>
      </trkpt>
      <trkpt lat="46.9045143" lon="7.43915">
        <ele>822.4000000000001</ele>
        <time>2026-09-10T11:20:22.755Z</time>
      </trkpt>
      <trkpt lat="46.9045143" lon="7.4391707">
        <ele>822.5999999999999</ele>
        <time>2026-09-10T11:20:22.755Z</time>
      </trkpt>
      <trkpt lat="46.9045106" lon="7.439193">
        <ele>822.5999999999999</ele>
        <time>2026-09-10T11:20:22.755Z</time>
      </trkpt>
      <trkpt lat="46.9045067" lon="7.4392173">
        <ele>822.8</ele>
        <time>2026-09-10T11:20:22.755Z</time>
      </trkpt>
      <trkpt lat="46.9045067" lon="7.4392374">
        <ele>822.8</ele>
        <time>2026-09-10T11:20:22.755Z</time>
      </trkpt>
      <trkpt lat="46.9045067" lon="7.4392599">
        <ele>823</ele>
        <time>2026-09-10T11:20:22.755Z</time>
      </trkpt>
      <trkpt lat="46.9045028" lon="7.4392815">
        <ele>823</ele>
        <time>2026-09-10T11:20:22.755Z</time>
      </trkpt>
      <trkpt lat="46.9044992" lon="7.4393009">
        <ele>823.2</ele>
        <time>2026-09-10T11:20:22.755Z</time>
      </trkpt>
      <trkpt lat="46.9044991" lon="7.4393226">
        <ele>823.2</ele>
        <time>2026-09-10T11:20:22.755Z</time>
      </trkpt>
      <trkpt lat="46.9044951" lon="7.439344">
        <ele>823.4000000000001</ele>
        <time>2026-09-10T11:20:22.755Z</time>
      </trkpt>
      <trkpt lat="46.9044916" lon="7.439364">
        <ele>823.5999999999999</ele>
        <time>2026-09-10T11:20:22.755Z</time>
      </trkpt>
      <trkpt lat="46.9044914" lon="7.4393843">
        <ele>823.8</ele>
        <time>2026-09-10T11:20:22.755Z</time>
      </trkpt>
      <trkpt lat="46.9044875" lon="7.4394054">
        <ele>824</ele>
        <time>2026-09-10T11:20:22.755Z</time>
      </trkpt>
      <trkpt lat="46.9044839" lon="7.4394261">
        <ele>824.2</ele>
        <time>2026-09-10T11:20:22.755Z</time>
      </trkpt>
      <trkpt lat="46.9044801" lon="7.4394458">
        <ele>824.4000000000001</ele>
        <time>2026-09-10T11:20:22.755Z</time>
      </trkpt>
      <trkpt lat="46.904476" lon="7.439467">
        <ele>824.4000000000001</ele>
        <time>2026-09-10T11:20:22.755Z</time>
      </trkpt>
      <trkpt lat="46.9044724" lon="7.4394846">
        <ele>824.5999999999999</ele>
        <time>2026-09-10T11:20:22.755Z</time>
      </trkpt>
      <trkpt lat="46.9044686" lon="7.4395079">
        <ele>824.8</ele>
        <time>2026-09-10T11:20:22.755Z</time>
      </trkpt>
      <trkpt lat="46.9044646" lon="7.4395271">
        <ele>824.8</ele>
        <time>2026-09-10T11:20:22.755Z</time>
      </trkpt>
      <trkpt lat="46.9044611" lon="7.4395456">
        <ele>825</ele>
        <time>2026-09-10T11:20:22.755Z</time>
      </trkpt>
      <trkpt lat="46.9044572" lon="7.4395658">
        <ele>825</ele>
        <time>2026-09-10T11:20:22.755Z</time>
      </trkpt>
      <trkpt lat="46.9044531" lon="7.4395872">
        <ele>825.2</ele>
        <time>2026-09-10T11:20:22.755Z</time>
      </trkpt>
      <trkpt lat="46.9044496" lon="7.4396045">
        <ele>825.2</ele>
        <time>2026-09-10T11:20:22.755Z</time>
      </trkpt>
      <trkpt lat="46.904442" lon="7.4396245">
        <ele>825.4000000000001</ele>
        <time>2026-09-10T11:20:22.756Z</time>
      </trkpt>
      <trkpt lat="46.9044339" lon="7.4396441">
        <ele>825.4000000000001</ele>
        <time>2026-09-10T11:20:22.756Z</time>
      </trkpt>
      <trkpt lat="46.9044268" lon="7.4396609">
        <ele>825.5999999999999</ele>
        <time>2026-09-10T11:20:22.756Z</time>
      </trkpt>
      <trkpt lat="46.9044228" lon="7.4396811">
        <ele>825.5999999999999</ele>
        <time>2026-09-10T11:20:22.756Z</time>
      </trkpt>
      <trkpt lat="46.9044148" lon="7.4397007">
        <ele>825.8</ele>
        <time>2026-09-10T11:20:22.756Z</time>
      </trkpt>
      <trkpt lat="46.904408" lon="7.4397172">
        <ele>826</ele>
        <time>2026-09-10T11:20:22.756Z</time>
      </trkpt>
      <trkpt lat="46.9044001" lon="7.4397377">
        <ele>826</ele>
        <time>2026-09-10T11:20:22.756Z</time>
      </trkpt>
      <trkpt lat="46.9043919" lon="7.4397555">
        <ele>826.2</ele>
        <time>2026-09-10T11:20:22.756Z</time>
      </trkpt>
      <trkpt lat="46.9043812" lon="7.4397711">
        <ele>826.4000000000001</ele>
        <time>2026-09-10T11:20:22.756Z</time>
      </trkpt>
      <trkpt lat="46.9043733" lon="7.4397879">
        <ele>826.5999999999999</ele>
        <time>2026-09-10T11:20:22.756Z</time>
      </trkpt>
      <trkpt lat="46.904365" lon="7.4398057">
        <ele>826.5999999999999</ele>
        <time>2026-09-10T11:20:22.756Z</time>
      </trkpt>
      <trkpt lat="46.9043547" lon="7.4398208">
        <ele>826.8</ele>
        <time>2026-09-10T11:20:22.756Z</time>
      </trkpt>
      <trkpt lat="46.9043469" lon="7.4398376">
        <ele>827</ele>
        <time>2026-09-10T11:20:22.756Z</time>
      </trkpt>
      <trkpt lat="46.904335" lon="7.4398552">
        <ele>827.2</ele>
        <time>2026-09-10T11:20:22.756Z</time>
      </trkpt>
      <trkpt lat="46.904328" lon="7.4398705">
        <ele>827.4000000000001</ele>
        <time>2026-09-10T11:20:22.756Z</time>
      </trkpt>
      <trkpt lat="46.9043164" lon="7.439886">
        <ele>827.5999999999999</ele>
        <time>2026-09-10T11:20:22.756Z</time>
      </trkpt>
      <trkpt lat="46.9043083" lon="7.4399032">
        <ele>827.8</ele>
        <time>2026-09-10T11:20:22.756Z</time>
      </trkpt>
      <trkpt lat="46.9042975" lon="7.4399177">
        <ele>827.8</ele>
        <time>2026-09-10T11:20:22.756Z</time>
      </trkpt>
      <trkpt lat="46.9042859" lon="7.4399345">
        <ele>828</ele>
        <time>2026-09-10T11:20:22.756Z</time>
      </trkpt>
      <trkpt lat="46.9042777" lon="7.4399521">
        <ele>828.2</ele>
        <time>2026-09-10T11:20:22.756Z</time>
      </trkpt>
      <trkpt lat="46.9042703" lon="7.4399664">
        <ele>828.2</ele>
        <time>2026-09-10T11:20:22.756Z</time>
      </trkpt>
      <trkpt lat="46.9042589" lon="7.4399831">
        <ele>828.4000000000001</ele>
        <time>2026-09-10T11:20:22.756Z</time>
      </trkpt>
      <trkpt lat="46.9042507" lon="7.4399987">
        <ele>828.5999999999999</ele>
        <time>2026-09-10T11:20:22.756Z</time>
      </trkpt>
      <trkpt lat="46.9042401" lon="7.4400129">
        <ele>828.5999999999999</ele>
        <time>2026-09-10T11:20:22.756Z</time>
      </trkpt>
      <trkpt lat="46.9042322" lon="7.4400278">
        <ele>828.8</ele>
        <time>2026-09-10T11:20:22.756Z</time>
      </trkpt>
      <trkpt lat="46.9042207" lon="7.4400432">
        <ele>828.8</ele>
        <time>2026-09-10T11:20:22.756Z</time>
      </trkpt>
      <trkpt lat="46.9042133" lon="7.4400575">
        <ele>829</ele>
        <time>2026-09-10T11:20:22.756Z</time>
      </trkpt>
      <trkpt lat="46.9042019" lon="7.4400762">
        <ele>829.2</ele>
        <time>2026-09-10T11:20:22.756Z</time>
      </trkpt>
      <trkpt lat="46.90419" lon="7.4400917">
        <ele>829.2</ele>
        <time>2026-09-10T11:20:22.756Z</time>
      </trkpt>
      <trkpt lat="46.9041864" lon="7.4401094">
        <ele>829.4000000000001</ele>
        <time>2026-09-10T11:20:22.756Z</time>
      </trkpt>
      <trkpt lat="46.9041749" lon="7.4401267">
        <ele>829.4000000000001</ele>
        <time>2026-09-10T11:20:22.756Z</time>
      </trkpt>
      <trkpt lat="46.9041632" lon="7.4401421">
        <ele>829.5999999999999</ele>
        <time>2026-09-10T11:20:22.756Z</time>
      </trkpt>
      <trkpt lat="46.9041563" lon="7.4401585">
        <ele>829.5999999999999</ele>
        <time>2026-09-10T11:20:22.756Z</time>
      </trkpt>
      <trkpt lat="46.9041482" lon="7.4401762">
        <ele>829.5999999999999</ele>
        <time>2026-09-10T11:20:22.756Z</time>
      </trkpt>
      <trkpt lat="46.9041366" lon="7.4401921">
        <ele>829.8</ele>
        <time>2026-09-10T11:20:22.756Z</time>
      </trkpt>
      <trkpt lat="46.9041293" lon="7.4402093">
        <ele>829.8</ele>
        <time>2026-09-10T11:20:22.756Z</time>
      </trkpt>
      <trkpt lat="46.9041216" lon="7.4402261">
        <ele>830</ele>
        <time>2026-09-10T11:20:22.756Z</time>
      </trkpt>
      <trkpt lat="46.9041097" lon="7.4402423">
        <ele>830</ele>
        <time>2026-09-10T11:20:22.756Z</time>
      </trkpt>
      <trkpt lat="46.9041025" lon="7.4402581">
        <ele>830.2</ele>
        <time>2026-09-10T11:20:22.756Z</time>
      </trkpt>
      <trkpt lat="46.9040949" lon="7.440273">
        <ele>830.4000000000001</ele>
        <time>2026-09-10T11:20:22.756Z</time>
      </trkpt>
      <trkpt lat="46.904083" lon="7.4402923">
        <ele>830.4000000000001</ele>
        <time>2026-09-10T11:20:22.757Z</time>
      </trkpt>
      <trkpt lat="46.9040722" lon="7.4403094">
        <ele>830.5999999999999</ele>
        <time>2026-09-10T11:20:22.757Z</time>
      </trkpt>
      <trkpt lat="46.9040682" lon="7.4403268">
        <ele>830.8</ele>
        <time>2026-09-10T11:20:22.757Z</time>
      </trkpt>
      <trkpt lat="46.9040565" lon="7.4403486">
        <ele>830.8</ele>
        <time>2026-09-10T11:20:22.757Z</time>
      </trkpt>
      <trkpt lat="46.9040528" lon="7.4403664">
        <ele>831</ele>
        <time>2026-09-10T11:20:22.757Z</time>
      </trkpt>
      <trkpt lat="46.9040453" lon="7.4403863">
        <ele>831.2</ele>
        <time>2026-09-10T11:20:22.757Z</time>
      </trkpt>
      <trkpt lat="46.9040413" lon="7.4404069">
        <ele>831.2</ele>
        <time>2026-09-10T11:20:22.757Z</time>
      </trkpt>
      <trkpt lat="46.9040339" lon="7.4404262">
        <ele>831.4000000000001</ele>
        <time>2026-09-10T11:20:22.757Z</time>
      </trkpt>
      <trkpt lat="46.9040299" lon="7.4404463">
        <ele>831.4000000000001</ele>
        <time>2026-09-10T11:20:22.757Z</time>
      </trkpt>
      <trkpt lat="46.9040296" lon="7.4404674">
        <ele>831.5999999999999</ele>
        <time>2026-09-10T11:20:22.757Z</time>
      </trkpt>
      <trkpt lat="46.9040226" lon="7.4404872">
        <ele>831.8</ele>
        <time>2026-09-10T11:20:22.757Z</time>
      </trkpt>
      <trkpt lat="46.9040184" lon="7.4405097">
        <ele>831.8</ele>
        <time>2026-09-10T11:20:22.757Z</time>
      </trkpt>
      <trkpt lat="46.9040184" lon="7.4405361">
        <ele>832</ele>
        <time>2026-09-10T11:20:22.757Z</time>
      </trkpt>
      <trkpt lat="46.9040184" lon="7.4405559">
        <ele>832</ele>
        <time>2026-09-10T11:20:22.757Z</time>
      </trkpt>
      <trkpt lat="46.9040184" lon="7.4405778">
        <ele>832.2</ele>
        <time>2026-09-10T11:20:22.757Z</time>
      </trkpt>
      <trkpt lat="46.9040185" lon="7.440604">
        <ele>832.2</ele>
        <time>2026-09-10T11:20:22.757Z</time>
      </trkpt>
      <trkpt lat="46.904022" lon="7.4406284">
        <ele>832.4000000000001</ele>
        <time>2026-09-10T11:20:22.757Z</time>
      </trkpt>
      <trkpt lat="46.9040259" lon="7.4406528">
        <ele>832.5999999999999</ele>
        <time>2026-09-10T11:20:22.757Z</time>
      </trkpt>
      <trkpt lat="46.9040299" lon="7.4406771">
        <ele>832.5999999999999</ele>
        <time>2026-09-10T11:20:22.757Z</time>
      </trkpt>
      <trkpt lat="46.9040372" lon="7.4406975">
        <ele>832.8</ele>
        <time>2026-09-10T11:20:22.757Z</time>
      </trkpt>
      <trkpt lat="46.9040449" lon="7.4407178">
        <ele>833</ele>
        <time>2026-09-10T11:20:22.757Z</time>
      </trkpt>
      <trkpt lat="46.9040562" lon="7.4407361">
        <ele>833</ele>
        <time>2026-09-10T11:20:22.757Z</time>
      </trkpt>
      <trkpt lat="46.9040677" lon="7.4407545">
        <ele>833.2</ele>
        <time>2026-09-10T11:20:22.757Z</time>
      </trkpt>
      <trkpt lat="46.904079" lon="7.4407677">
        <ele>833.4000000000001</ele>
        <time>2026-09-10T11:20:22.757Z</time>
      </trkpt>
      <trkpt lat="46.9040913" lon="7.4407855">
        <ele>833.4000000000001</ele>
        <time>2026-09-10T11:20:22.757Z</time>
      </trkpt>
      <trkpt lat="46.904102" lon="7.4408012">
        <ele>833.5999999999999</ele>
        <time>2026-09-10T11:20:22.757Z</time>
      </trkpt>
      <trkpt lat="46.9041134" lon="7.4408164">
        <ele>833.8</ele>
        <time>2026-09-10T11:20:22.757Z</time>
      </trkpt>
      <trkpt lat="46.9041253" lon="7.4408338">
        <ele>833.8</ele>
        <time>2026-09-10T11:20:22.757Z</time>
      </trkpt>
      <trkpt lat="46.9041321" lon="7.4408483">
        <ele>834</ele>
        <time>2026-09-10T11:20:22.757Z</time>
      </trkpt>
      <trkpt lat="46.9041438" lon="7.4408688">
        <ele>834</ele>
        <time>2026-09-10T11:20:22.757Z</time>
      </trkpt>
      <trkpt lat="46.9041516" lon="7.4408889">
        <ele>834.2</ele>
        <time>2026-09-10T11:20:22.757Z</time>
      </trkpt>
      <trkpt lat="46.9041592" lon="7.4409089">
        <ele>834.2</ele>
        <time>2026-09-10T11:20:22.757Z</time>
      </trkpt>
      <trkpt lat="46.9041671" lon="7.4409315">
        <ele>834.2</ele>
        <time>2026-09-10T11:20:22.757Z</time>
      </trkpt>
      <trkpt lat="46.9041745" lon="7.4409526">
        <ele>834.4000000000001</ele>
        <time>2026-09-10T11:20:22.757Z</time>
      </trkpt>
      <trkpt lat="46.9041822" lon="7.4409744">
        <ele>834.4000000000001</ele>
        <time>2026-09-10T11:20:22.757Z</time>
      </trkpt>
      <trkpt lat="46.9041862" lon="7.440998">
        <ele>834.5999999999999</ele>
        <time>2026-09-10T11:20:22.757Z</time>
      </trkpt>
      <trkpt lat="46.9041899" lon="7.441021">
        <ele>834.5999999999999</ele>
        <time>2026-09-10T11:20:22.757Z</time>
      </trkpt>
      <trkpt lat="46.90419" lon="7.4410468">
        <ele>834.5999999999999</ele>
        <time>2026-09-10T11:20:22.757Z</time>
      </trkpt>
      <trkpt lat="46.90419" lon="7.4410714">
        <ele>834.8</ele>
        <time>2026-09-10T11:20:22.757Z</time>
      </trkpt>
      <trkpt lat="46.90419" lon="7.4410947">
        <ele>834.8</ele>
        <time>2026-09-10T11:20:22.758Z</time>
      </trkpt>
      <trkpt lat="46.9041863" lon="7.4411163">
        <ele>835</ele>
        <time>2026-09-10T11:20:22.758Z</time>
      </trkpt>
      <trkpt lat="46.9041786" lon="7.4411381">
        <ele>835</ele>
        <time>2026-09-10T11:20:22.758Z</time>
      </trkpt>
      <trkpt lat="46.9041711" lon="7.4411599">
        <ele>835.2</ele>
        <time>2026-09-10T11:20:22.758Z</time>
      </trkpt>
      <trkpt lat="46.9041638" lon="7.441179">
        <ele>835.4000000000001</ele>
        <time>2026-09-10T11:20:22.758Z</time>
      </trkpt>
      <trkpt lat="46.9041562" lon="7.4411987">
        <ele>835.4000000000001</ele>
        <time>2026-09-10T11:20:22.758Z</time>
      </trkpt>
      <trkpt lat="46.9041448" lon="7.4412158">
        <ele>835.5999999999999</ele>
        <time>2026-09-10T11:20:22.758Z</time>
      </trkpt>
      <trkpt lat="46.9041337" lon="7.4412319">
        <ele>835.8</ele>
        <time>2026-09-10T11:20:22.758Z</time>
      </trkpt>
      <trkpt lat="46.9041182" lon="7.4412478">
        <ele>836</ele>
        <time>2026-09-10T11:20:22.758Z</time>
      </trkpt>
      <trkpt lat="46.9041064" lon="7.4412596">
        <ele>836</ele>
        <time>2026-09-10T11:20:22.758Z</time>
      </trkpt>
      <trkpt lat="46.9040952" lon="7.4412662">
        <ele>836.2</ele>
        <time>2026-09-10T11:20:22.758Z</time>
      </trkpt>
      <trkpt lat="46.9040796" lon="7.4412764">
        <ele>836.4000000000001</ele>
        <time>2026-09-10T11:20:22.758Z</time>
      </trkpt>
      <trkpt lat="46.9040683" lon="7.4412848">
        <ele>836.5999999999999</ele>
        <time>2026-09-10T11:20:22.758Z</time>
      </trkpt>
      <trkpt lat="46.904053" lon="7.4412898">
        <ele>836.5999999999999</ele>
        <time>2026-09-10T11:20:22.758Z</time>
      </trkpt>
      <trkpt lat="46.9040381" lon="7.4412899">
        <ele>836.8</ele>
        <time>2026-09-10T11:20:22.758Z</time>
      </trkpt>
      <trkpt lat="46.9040223" lon="7.4412899">
        <ele>837</ele>
        <time>2026-09-10T11:20:22.758Z</time>
      </trkpt>
      <trkpt lat="46.9040077" lon="7.4412885">
        <ele>837.2</ele>
        <time>2026-09-10T11:20:22.758Z</time>
      </trkpt>
      <trkpt lat="46.9039923" lon="7.4412835">
        <ele>837.4000000000001</ele>
        <time>2026-09-10T11:20:22.758Z</time>
      </trkpt>
      <trkpt lat="46.9039769" lon="7.4412786">
        <ele>837.5999999999999</ele>
        <time>2026-09-10T11:20:22.758Z</time>
      </trkpt>
      <trkpt lat="46.9039653" lon="7.4412702">
        <ele>837.8</ele>
        <time>2026-09-10T11:20:22.758Z</time>
      </trkpt>
      <trkpt lat="46.9039541" lon="7.4412603">
        <ele>838</ele>
        <time>2026-09-10T11:20:22.758Z</time>
      </trkpt>
      <trkpt lat="46.9039386" lon="7.44125">
        <ele>838.2</ele>
        <time>2026-09-10T11:20:22.758Z</time>
      </trkpt>
      <trkpt lat="46.9039274" lon="7.4412422">
        <ele>838.4000000000001</ele>
        <time>2026-09-10T11:20:22.758Z</time>
      </trkpt>
      <trkpt lat="46.9039156" lon="7.44123">
        <ele>838.4000000000001</ele>
        <time>2026-09-10T11:20:22.758Z</time>
      </trkpt>
      <trkpt lat="46.9039043" lon="7.4412154">
        <ele>838.5999999999999</ele>
        <time>2026-09-10T11:20:22.758Z</time>
      </trkpt>
      <trkpt lat="46.9038932" lon="7.4412008">
        <ele>838.8</ele>
        <time>2026-09-10T11:20:22.758Z</time>
      </trkpt>
      <trkpt lat="46.903885" lon="7.441182">
        <ele>839</ele>
        <time>2026-09-10T11:20:22.758Z</time>
      </trkpt>
      <trkpt lat="46.9038736" lon="7.4411651">
        <ele>839.2</ele>
        <time>2026-09-10T11:20:22.758Z</time>
      </trkpt>
      <trkpt lat="46.9038698" lon="7.4411457">
        <ele>839.2</ele>
        <time>2026-09-10T11:20:22.758Z</time>
      </trkpt>
      <trkpt lat="46.9038621" lon="7.4411272">
        <ele>839.4000000000001</ele>
        <time>2026-09-10T11:20:22.758Z</time>
      </trkpt>
      <trkpt lat="46.9038579" lon="7.4411056">
        <ele>839.5999999999999</ele>
        <time>2026-09-10T11:20:22.758Z</time>
      </trkpt>
      <trkpt lat="46.9038545" lon="7.4410856">
        <ele>839.8</ele>
        <time>2026-09-10T11:20:22.758Z</time>
      </trkpt>
      <trkpt lat="46.9038507" lon="7.4410659">
        <ele>839.8</ele>
        <time>2026-09-10T11:20:22.758Z</time>
      </trkpt>
      <trkpt lat="46.9038469" lon="7.4410443">
        <ele>840</ele>
        <time>2026-09-10T11:20:22.758Z</time>
      </trkpt>
      <trkpt lat="46.9038467" lon="7.4410222">
        <ele>840</ele>
        <time>2026-09-10T11:20:22.758Z</time>
      </trkpt>
      <trkpt lat="46.9038431" lon="7.4410027">
        <ele>840.2</ele>
        <time>2026-09-10T11:20:22.758Z</time>
      </trkpt>
      <trkpt lat="46.9038429" lon="7.4409806">
        <ele>840.2</ele>
        <time>2026-09-10T11:20:22.758Z</time>
      </trkpt>
      <trkpt lat="46.9038393" lon="7.4409611">
        <ele>840.4000000000001</ele>
        <time>2026-09-10T11:20:22.758Z</time>
      </trkpt>
      <trkpt lat="46.9038354" lon="7.4409407">
        <ele>840.4000000000001</ele>
        <time>2026-09-10T11:20:22.758Z</time>
      </trkpt>
      <trkpt lat="46.9038353" lon="7.4409196">
        <ele>840.5999999999999</ele>
        <time>2026-09-10T11:20:22.758Z</time>
      </trkpt>
      <trkpt lat="46.9038316" lon="7.4408976">
        <ele>840.5999999999999</ele>
        <time>2026-09-10T11:20:22.758Z</time>
      </trkpt>
      <trkpt lat="46.9038315" lon="7.4408794">
        <ele>840.8</ele>
        <time>2026-09-10T11:20:22.758Z</time>
      </trkpt>
      <trkpt lat="46.9038315" lon="7.4408569">
        <ele>841</ele>
        <time>2026-09-10T11:20:22.758Z</time>
      </trkpt>
      <trkpt lat="46.903828" lon="7.4408371">
        <ele>841</ele>
        <time>2026-09-10T11:20:22.758Z</time>
      </trkpt>
      <trkpt lat="46.9038277" lon="7.4408155">
        <ele>841.2</ele>
        <time>2026-09-10T11:20:22.758Z</time>
      </trkpt>
      <trkpt lat="46.9038277" lon="7.440794">
        <ele>841.4000000000001</ele>
        <time>2026-09-10T11:20:22.758Z</time>
      </trkpt>
      <trkpt lat="46.9038277" lon="7.4407724">
        <ele>841.4000000000001</ele>
        <time>2026-09-10T11:20:22.758Z</time>
      </trkpt>
      <trkpt lat="46.9038241" lon="7.4407515">
        <ele>841.5999999999999</ele>
        <time>2026-09-10T11:20:22.758Z</time>
      </trkpt>
      <trkpt lat="46.9038201" lon="7.4407287">
        <ele>841.5999999999999</ele>
        <time>2026-09-10T11:20:22.758Z</time>
      </trkpt>
      <trkpt lat="46.9038201" lon="7.4407076">
        <ele>841.8</ele>
        <time>2026-09-10T11:20:22.759Z</time>
      </trkpt>
      <trkpt lat="46.9038201" lon="7.4406843">
        <ele>842</ele>
        <time>2026-09-10T11:20:22.759Z</time>
      </trkpt>
      <trkpt lat="46.9038201" lon="7.4406592">
        <ele>842.2</ele>
        <time>2026-09-10T11:20:22.759Z</time>
      </trkpt>
      <trkpt lat="46.9038201" lon="7.4406376">
        <ele>842.4000000000001</ele>
        <time>2026-09-10T11:20:22.759Z</time>
      </trkpt>
      <trkpt lat="46.9038201" lon="7.4406156">
        <ele>842.4000000000001</ele>
        <time>2026-09-10T11:20:22.759Z</time>
      </trkpt>
      <trkpt lat="46.9038201" lon="7.4405925">
        <ele>842.5999999999999</ele>
        <time>2026-09-10T11:20:22.759Z</time>
      </trkpt>
      <trkpt lat="46.9038201" lon="7.4405724">
        <ele>842.8</ele>
        <time>2026-09-10T11:20:22.759Z</time>
      </trkpt>
      <trkpt lat="46.9038164" lon="7.4405556">
        <ele>843</ele>
        <time>2026-09-10T11:20:22.759Z</time>
      </trkpt>
      <trkpt lat="46.9038199" lon="7.4405342">
        <ele>843</ele>
        <time>2026-09-10T11:20:22.759Z</time>
      </trkpt>
      <trkpt lat="46.9038201" lon="7.4405103">
        <ele>843.2</ele>
        <time>2026-09-10T11:20:22.759Z</time>
      </trkpt>
      <trkpt lat="46.9038238" lon="7.4404869">
        <ele>843.4000000000001</ele>
        <time>2026-09-10T11:20:22.759Z</time>
      </trkpt>
      <trkpt lat="46.9038238" lon="7.4404653">
        <ele>843.5999999999999</ele>
        <time>2026-09-10T11:20:22.759Z</time>
      </trkpt>
      <trkpt lat="46.9038273" lon="7.4404454">
        <ele>843.8</ele>
        <time>2026-09-10T11:20:22.759Z</time>
      </trkpt>
      <trkpt lat="46.9038314" lon="7.4404223">
        <ele>844</ele>
        <time>2026-09-10T11:20:22.759Z</time>
      </trkpt>
      <trkpt lat="46.9038352" lon="7.4404018">
        <ele>844.2</ele>
        <time>2026-09-10T11:20:22.759Z</time>
      </trkpt>
      <trkpt lat="46.9038427" lon="7.4403808">
        <ele>844.4000000000001</ele>
        <time>2026-09-10T11:20:22.759Z</time>
      </trkpt>
      <trkpt lat="46.9038466" lon="7.4403588">
        <ele>844.5999999999999</ele>
        <time>2026-09-10T11:20:22.759Z</time>
      </trkpt>
      <trkpt lat="46.9038543" lon="7.4403372">
        <ele>844.8</ele>
        <time>2026-09-10T11:20:22.759Z</time>
      </trkpt>
      <trkpt lat="46.9038617" lon="7.4403155">
        <ele>845</ele>
        <time>2026-09-10T11:20:22.759Z</time>
      </trkpt>
      <trkpt lat="46.9038657" lon="7.4402924">
        <ele>845.2</ele>
        <time>2026-09-10T11:20:22.759Z</time>
      </trkpt>
      <trkpt lat="46.9038734" lon="7.44027">
        <ele>845.4000000000001</ele>
        <time>2026-09-10T11:20:22.759Z</time>
      </trkpt>
      <trkpt lat="46.9038771" lon="7.4402491">
        <ele>845.5999999999999</ele>
        <time>2026-09-10T11:20:22.759Z</time>
      </trkpt>
      <trkpt lat="46.9038848" lon="7.4402234">
        <ele>845.8</ele>
        <time>2026-09-10T11:20:22.759Z</time>
      </trkpt>
      <trkpt lat="46.9038848" lon="7.4402001">
        <ele>846</ele>
        <time>2026-09-10T11:20:22.759Z</time>
      </trkpt>
      <trkpt lat="46.9038923" lon="7.4401789">
        <ele>846.2</ele>
        <time>2026-09-10T11:20:22.759Z</time>
      </trkpt>
      <trkpt lat="46.9038962" lon="7.4401554">
        <ele>846.4000000000001</ele>
        <time>2026-09-10T11:20:22.759Z</time>
      </trkpt>
      <trkpt lat="46.9039039" lon="7.4401339">
        <ele>846.5999999999999</ele>
        <time>2026-09-10T11:20:22.759Z</time>
      </trkpt>
      <trkpt lat="46.9039076" lon="7.4401093">
        <ele>846.5999999999999</ele>
        <time>2026-09-10T11:20:22.759Z</time>
      </trkpt>
      <trkpt lat="46.9039113" lon="7.4400862">
        <ele>846.8</ele>
        <time>2026-09-10T11:20:22.759Z</time>
      </trkpt>
      <trkpt lat="46.903919" lon="7.4400622">
        <ele>847</ele>
        <time>2026-09-10T11:20:22.759Z</time>
      </trkpt>
      <trkpt lat="46.9039228" lon="7.4400394">
        <ele>847.2</ele>
        <time>2026-09-10T11:20:22.759Z</time>
      </trkpt>
      <trkpt lat="46.9039305" lon="7.4400153">
        <ele>847.4000000000001</ele>
        <time>2026-09-10T11:20:22.759Z</time>
      </trkpt>
      <trkpt lat="46.9039343" lon="7.4399925">
        <ele>847.5999999999999</ele>
        <time>2026-09-10T11:20:22.759Z</time>
      </trkpt>
      <trkpt lat="46.9039382" lon="7.4399679">
        <ele>847.5999999999999</ele>
        <time>2026-09-10T11:20:22.759Z</time>
      </trkpt>
      <trkpt lat="46.903942" lon="7.4399427">
        <ele>847.8</ele>
        <time>2026-09-10T11:20:22.759Z</time>
      </trkpt>
      <trkpt lat="46.9039496" lon="7.4399189">
        <ele>848</ele>
        <time>2026-09-10T11:20:22.759Z</time>
      </trkpt>
      <trkpt lat="46.9039534" lon="7.4398958">
        <ele>848.2</ele>
        <time>2026-09-10T11:20:22.760Z</time>
      </trkpt>
      <trkpt lat="46.9039574" lon="7.4398721">
        <ele>848.2</ele>
        <time>2026-09-10T11:20:22.760Z</time>
      </trkpt>
      <trkpt lat="46.903961" lon="7.4398491">
        <ele>848.4000000000001</ele>
        <time>2026-09-10T11:20:22.760Z</time>
      </trkpt>
      <trkpt lat="46.9039649" lon="7.4398256">
        <ele>848.4000000000001</ele>
        <time>2026-09-10T11:20:22.760Z</time>
      </trkpt>
      <trkpt lat="46.903965" lon="7.4398032">
        <ele>848.4000000000001</ele>
        <time>2026-09-10T11:20:22.760Z</time>
      </trkpt>
      <trkpt lat="46.9039686" lon="7.4397799">
        <ele>848.5999999999999</ele>
        <time>2026-09-10T11:20:22.760Z</time>
      </trkpt>
      <trkpt lat="46.9039725" lon="7.4397558">
        <ele>848.5999999999999</ele>
        <time>2026-09-10T11:20:22.760Z</time>
      </trkpt>
      <trkpt lat="46.9039726" lon="7.439732">
        <ele>848.5999999999999</ele>
        <time>2026-09-10T11:20:22.760Z</time>
      </trkpt>
      <trkpt lat="46.9039764" lon="7.4397073">
        <ele>848.8</ele>
        <time>2026-09-10T11:20:22.760Z</time>
      </trkpt>
      <trkpt lat="46.9039765" lon="7.4396825">
        <ele>848.8</ele>
        <time>2026-09-10T11:20:22.760Z</time>
      </trkpt>
      <trkpt lat="46.9039765" lon="7.4396578">
        <ele>849</ele>
        <time>2026-09-10T11:20:22.760Z</time>
      </trkpt>
      <trkpt lat="46.9039765" lon="7.4396307">
        <ele>849</ele>
        <time>2026-09-10T11:20:22.760Z</time>
      </trkpt>
      <trkpt lat="46.9039765" lon="7.4396087">
        <ele>849</ele>
        <time>2026-09-10T11:20:22.760Z</time>
      </trkpt>
      <trkpt lat="46.9039765" lon="7.4395835">
        <ele>849.2</ele>
        <time>2026-09-10T11:20:22.760Z</time>
      </trkpt>
      <trkpt lat="46.9039765" lon="7.4395606">
        <ele>849.4000000000001</ele>
        <time>2026-09-10T11:20:22.760Z</time>
      </trkpt>
      <trkpt lat="46.9039765" lon="7.4395369">
        <ele>849.4000000000001</ele>
        <time>2026-09-10T11:20:22.760Z</time>
      </trkpt>
      <trkpt lat="46.9039727" lon="7.4395123">
        <ele>849.5999999999999</ele>
        <time>2026-09-10T11:20:22.760Z</time>
      </trkpt>
      <trkpt lat="46.9039688" lon="7.4394884">
        <ele>849.8</ele>
        <time>2026-09-10T11:20:22.760Z</time>
      </trkpt>
      <trkpt lat="46.9039651" lon="7.4394638">
        <ele>850</ele>
        <time>2026-09-10T11:20:22.760Z</time>
      </trkpt>
      <trkpt lat="46.903965" lon="7.4394384">
        <ele>850.2</ele>
        <time>2026-09-10T11:20:22.760Z</time>
      </trkpt>
      <trkpt lat="46.9039575" lon="7.4394153">
        <ele>850.2</ele>
        <time>2026-09-10T11:20:22.760Z</time>
      </trkpt>
      <trkpt lat="46.9039501" lon="7.4393945">
        <ele>850.4000000000001</ele>
        <time>2026-09-10T11:20:22.760Z</time>
      </trkpt>
      <trkpt lat="46.9039424" lon="7.4393744">
        <ele>850.5999999999999</ele>
        <time>2026-09-10T11:20:22.760Z</time>
      </trkpt>
      <trkpt lat="46.9039348" lon="7.4393557">
        <ele>850.8</ele>
        <time>2026-09-10T11:20:22.760Z</time>
      </trkpt>
      <trkpt lat="46.9039273" lon="7.4393327">
        <ele>851</ele>
        <time>2026-09-10T11:20:22.760Z</time>
      </trkpt>
      <trkpt lat="46.9039192" lon="7.4393116">
        <ele>851.2</ele>
        <time>2026-09-10T11:20:22.760Z</time>
      </trkpt>
      <trkpt lat="46.9039118" lon="7.4392953">
        <ele>851.4000000000001</ele>
        <time>2026-09-10T11:20:22.760Z</time>
      </trkpt>
      <trkpt lat="46.9039005" lon="7.4392773">
        <ele>851.5999999999999</ele>
        <time>2026-09-10T11:20:22.760Z</time>
      </trkpt>
      <trkpt lat="46.9038892" lon="7.4392607">
        <ele>851.8</ele>
        <time>2026-09-10T11:20:22.760Z</time>
      </trkpt>
      <trkpt lat="46.903881" lon="7.4392432">
        <ele>851.8</ele>
        <time>2026-09-10T11:20:22.760Z</time>
      </trkpt>
      <trkpt lat="46.9038703" lon="7.4392277">
        <ele>852</ele>
        <time>2026-09-10T11:20:22.760Z</time>
      </trkpt>
      <trkpt lat="46.9038582" lon="7.4392118">
        <ele>852.2</ele>
        <time>2026-09-10T11:20:22.760Z</time>
      </trkpt>
      <trkpt lat="46.9038507" lon="7.4391988">
        <ele>852.4000000000001</ele>
        <time>2026-09-10T11:20:22.760Z</time>
      </trkpt>
      <trkpt lat="46.9038393" lon="7.4391834">
        <ele>852.5999999999999</ele>
        <time>2026-09-10T11:20:22.760Z</time>
      </trkpt>
      <trkpt lat="46.9038284" lon="7.4391694">
        <ele>852.8</ele>
        <time>2026-09-10T11:20:22.760Z</time>
      </trkpt>
      <trkpt lat="46.9038201" lon="7.4391534">
        <ele>852.8</ele>
        <time>2026-09-10T11:20:22.760Z</time>
      </trkpt>
      <trkpt lat="46.9038052" lon="7.4391388">
        <ele>853</ele>
        <time>2026-09-10T11:20:22.760Z</time>
      </trkpt>
      <trkpt lat="46.9037932" lon="7.4391264">
        <ele>853.2</ele>
        <time>2026-09-10T11:20:22.760Z</time>
      </trkpt>
      <trkpt lat="46.9037822" lon="7.4391134">
        <ele>853.4000000000001</ele>
        <time>2026-09-10T11:20:22.760Z</time>
      </trkpt>
      <trkpt lat="46.9037706" lon="7.4390986">
        <ele>853.5999999999999</ele>
        <time>2026-09-10T11:20:22.760Z</time>
      </trkpt>
      <trkpt lat="46.9037594" lon="7.4390854">
        <ele>853.8</ele>
        <time>2026-09-10T11:20:22.760Z</time>
      </trkpt>
      <trkpt lat="46.9037479" lon="7.439072">
        <ele>854</ele>
        <time>2026-09-10T11:20:22.760Z</time>
      </trkpt>
      <trkpt lat="46.9037331" lon="7.4390589">
        <ele>854</ele>
        <time>2026-09-10T11:20:22.760Z</time>
      </trkpt>
      <trkpt lat="46.903721" lon="7.439047">
        <ele>854.2</ele>
        <time>2026-09-10T11:20:22.760Z</time>
      </trkpt>
      <trkpt lat="46.9037096" lon="7.4390337">
        <ele>854.4000000000001</ele>
        <time>2026-09-10T11:20:22.760Z</time>
      </trkpt>
      <trkpt lat="46.903698" lon="7.4390202">
        <ele>854.5999999999999</ele>
        <time>2026-09-10T11:20:22.760Z</time>
      </trkpt>
      <trkpt lat="46.9036867" lon="7.439007">
        <ele>854.5999999999999</ele>
        <time>2026-09-10T11:20:22.760Z</time>
      </trkpt>
      <trkpt lat="46.9036713" lon="7.4389949">
        <ele>854.8</ele>
        <time>2026-09-10T11:20:22.760Z</time>
      </trkpt>
      <trkpt lat="46.9036605" lon="7.4389824">
        <ele>854.8</ele>
        <time>2026-09-10T11:20:22.760Z</time>
      </trkpt>
      <trkpt lat="46.9036485" lon="7.4389683">
        <ele>854.8</ele>
        <time>2026-09-10T11:20:22.760Z</time>
      </trkpt>
      <trkpt lat="46.9036339" lon="7.4389555">
        <ele>855</ele>
        <time>2026-09-10T11:20:22.760Z</time>
      </trkpt>
      <trkpt lat="46.9036219" lon="7.4389436">
        <ele>855</ele>
        <time>2026-09-10T11:20:22.760Z</time>
      </trkpt>
      <trkpt lat="46.9036109" lon="7.4389322">
        <ele>855.2</ele>
        <time>2026-09-10T11:20:22.760Z</time>
      </trkpt>
      <trkpt lat="46.9035989" lon="7.4389169">
        <ele>855.4000000000001</ele>
        <time>2026-09-10T11:20:22.760Z</time>
      </trkpt>
      <trkpt lat="46.9035879" lon="7.4389054">
        <ele>855.4000000000001</ele>
        <time>2026-09-10T11:20:22.760Z</time>
      </trkpt>
      <trkpt lat="46.9035737" lon="7.4388932">
        <ele>855.5999999999999</ele>
        <time>2026-09-10T11:20:22.760Z</time>
      </trkpt>
      <trkpt lat="46.9035609" lon="7.4388789">
        <ele>855.8</ele>
        <time>2026-09-10T11:20:22.760Z</time>
      </trkpt>
      <trkpt lat="46.9035495" lon="7.4388669">
        <ele>855.8</ele>
        <time>2026-09-10T11:20:22.760Z</time>
      </trkpt>
      <trkpt lat="46.9035381" lon="7.4388523">
        <ele>856</ele>
        <time>2026-09-10T11:20:22.760Z</time>
      </trkpt>
      <trkpt lat="46.9035304" lon="7.4388389">
        <ele>856.2</ele>
        <time>2026-09-10T11:20:22.760Z</time>
      </trkpt>
      <trkpt lat="46.903519" lon="7.4388236">
        <ele>856.4000000000001</ele>
        <time>2026-09-10T11:20:22.760Z</time>
      </trkpt>
      <trkpt lat="46.9035111" lon="7.4388065">
        <ele>856.5999999999999</ele>
        <time>2026-09-10T11:20:22.760Z</time>
      </trkpt>
      <trkpt lat="46.9035036" lon="7.4387904">
        <ele>856.8</ele>
        <time>2026-09-10T11:20:22.760Z</time>
      </trkpt>
      <trkpt lat="46.9034886" lon="7.438777">
        <ele>857</ele>
        <time>2026-09-10T11:20:22.760Z</time>
      </trkpt>
      <trkpt lat="46.9034808" lon="7.4387604">
        <ele>857</ele>
        <time>2026-09-10T11:20:22.761Z</time>
      </trkpt>
      <trkpt lat="46.903473" lon="7.438742">
        <ele>857.2</ele>
        <time>2026-09-10T11:20:22.761Z</time>
      </trkpt>
      <trkpt lat="46.9034657" lon="7.4387259">
        <ele>857.4000000000001</ele>
        <time>2026-09-10T11:20:22.761Z</time>
      </trkpt>
      <trkpt lat="46.9034578" lon="7.4387086">
        <ele>857.5999999999999</ele>
        <time>2026-09-10T11:20:22.761Z</time>
      </trkpt>
      <trkpt lat="46.9034539" lon="7.4386887">
        <ele>857.8</ele>
        <time>2026-09-10T11:20:22.761Z</time>
      </trkpt>
      <trkpt lat="46.9034502" lon="7.4386691">
        <ele>858</ele>
        <time>2026-09-10T11:20:22.761Z</time>
      </trkpt>
      <trkpt lat="46.9034462" lon="7.4386471">
        <ele>858</ele>
        <time>2026-09-10T11:20:22.761Z</time>
      </trkpt>
      <trkpt lat="46.9034386" lon="7.4386269">
        <ele>858.2</ele>
        <time>2026-09-10T11:20:22.761Z</time>
      </trkpt>
      <trkpt lat="46.9034349" lon="7.4386091">
        <ele>858.4000000000001</ele>
        <time>2026-09-10T11:20:22.761Z</time>
      </trkpt>
      <trkpt lat="46.9034272" lon="7.4385903">
        <ele>858.5999999999999</ele>
        <time>2026-09-10T11:20:22.761Z</time>
      </trkpt>
      <trkpt lat="46.9034233" lon="7.4385702">
        <ele>858.8</ele>
        <time>2026-09-10T11:20:22.761Z</time>
      </trkpt>
      <trkpt lat="46.9034158" lon="7.4385536">
        <ele>859</ele>
        <time>2026-09-10T11:20:22.761Z</time>
      </trkpt>
      <trkpt lat="46.9034119" lon="7.4385337">
        <ele>859.2</ele>
        <time>2026-09-10T11:20:22.761Z</time>
      </trkpt>
      <trkpt lat="46.9034042" lon="7.4385152">
        <ele>859.4000000000001</ele>
        <time>2026-09-10T11:20:22.761Z</time>
      </trkpt>
      <trkpt lat="46.903397" lon="7.4384975">
        <ele>859.4000000000001</ele>
        <time>2026-09-10T11:20:22.761Z</time>
      </trkpt>
      <trkpt lat="46.9033928" lon="7.4384766">
        <ele>859.5999999999999</ele>
        <time>2026-09-10T11:20:22.761Z</time>
      </trkpt>
      <trkpt lat="46.903389" lon="7.4384585">
        <ele>859.8</ele>
        <time>2026-09-10T11:20:22.761Z</time>
      </trkpt>
      <trkpt lat="46.9033852" lon="7.4384388">
        <ele>860</ele>
        <time>2026-09-10T11:20:22.761Z</time>
      </trkpt>
      <trkpt lat="46.9033777" lon="7.4384191">
        <ele>860</ele>
        <time>2026-09-10T11:20:22.761Z</time>
      </trkpt>
      <trkpt lat="46.9033738" lon="7.4384">
        <ele>860.2</ele>
        <time>2026-09-10T11:20:22.761Z</time>
      </trkpt>
      <trkpt lat="46.9033665" lon="7.4383808">
        <ele>860.4000000000001</ele>
        <time>2026-09-10T11:20:22.761Z</time>
      </trkpt>
      <trkpt lat="46.9033623" lon="7.4383617">
        <ele>860.4000000000001</ele>
        <time>2026-09-10T11:20:22.761Z</time>
      </trkpt>
      <trkpt lat="46.9033546" lon="7.4383416">
        <ele>860.5999999999999</ele>
        <time>2026-09-10T11:20:22.761Z</time>
      </trkpt>
      <trkpt lat="46.9033472" lon="7.438324">
        <ele>860.8</ele>
        <time>2026-09-10T11:20:22.761Z</time>
      </trkpt>
      <trkpt lat="46.9033432" lon="7.4383036">
        <ele>861</ele>
        <time>2026-09-10T11:20:22.761Z</time>
      </trkpt>
      <trkpt lat="46.9033356" lon="7.4382869">
        <ele>861</ele>
        <time>2026-09-10T11:20:22.761Z</time>
      </trkpt>
      <trkpt lat="46.9033281" lon="7.4382686">
        <ele>861.2</ele>
        <time>2026-09-10T11:20:22.761Z</time>
      </trkpt>
      <trkpt lat="46.9033242" lon="7.4382502">
        <ele>861.4000000000001</ele>
        <time>2026-09-10T11:20:22.761Z</time>
      </trkpt>
      <trkpt lat="46.9033167" lon="7.4382306">
        <ele>861.4000000000001</ele>
        <time>2026-09-10T11:20:22.761Z</time>
      </trkpt>
      <trkpt lat="46.9033089" lon="7.4382116">
        <ele>861.5999999999999</ele>
        <time>2026-09-10T11:20:22.761Z</time>
      </trkpt>
      <trkpt lat="46.9033052" lon="7.4381957">
        <ele>861.8</ele>
        <time>2026-09-10T11:20:22.761Z</time>
      </trkpt>
      <trkpt lat="46.9033013" lon="7.4381753">
        <ele>862</ele>
        <time>2026-09-10T11:20:22.761Z</time>
      </trkpt>
      <trkpt lat="46.9032938" lon="7.4381555">
        <ele>862</ele>
        <time>2026-09-10T11:20:22.761Z</time>
      </trkpt>
      <trkpt lat="46.9032898" lon="7.4381366">
        <ele>862.2</ele>
        <time>2026-09-10T11:20:22.761Z</time>
      </trkpt>
      <trkpt lat="46.903286" lon="7.438117">
        <ele>862.4000000000001</ele>
        <time>2026-09-10T11:20:22.761Z</time>
      </trkpt>
      <trkpt lat="46.9032785" lon="7.4380988">
        <ele>862.5999999999999</ele>
        <time>2026-09-10T11:20:22.761Z</time>
      </trkpt>
      <trkpt lat="46.9032746" lon="7.4380802">
        <ele>862.8</ele>
        <time>2026-09-10T11:20:22.761Z</time>
      </trkpt>
      <trkpt lat="46.903267" lon="7.4380601">
        <ele>862.8</ele>
        <time>2026-09-10T11:20:22.761Z</time>
      </trkpt>
      <trkpt lat="46.9032669" lon="7.4380394">
        <ele>863</ele>
        <time>2026-09-10T11:20:22.761Z</time>
      </trkpt>
      <trkpt lat="46.9032593" lon="7.4380183">
        <ele>863.2</ele>
        <time>2026-09-10T11:20:22.761Z</time>
      </trkpt>
      <trkpt lat="46.9032555" lon="7.4379982">
        <ele>863.4000000000001</ele>
        <time>2026-09-10T11:20:22.761Z</time>
      </trkpt>
      <trkpt lat="46.9032517" lon="7.4379785">
        <ele>863.4000000000001</ele>
        <time>2026-09-10T11:20:22.761Z</time>
      </trkpt>
      <trkpt lat="46.9032478" lon="7.4379602">
        <ele>863.5999999999999</ele>
        <time>2026-09-10T11:20:22.761Z</time>
      </trkpt>
      <trkpt lat="46.9032405" lon="7.437941">
        <ele>863.8</ele>
        <time>2026-09-10T11:20:22.761Z</time>
      </trkpt>
      <trkpt lat="46.9032365" lon="7.4379209">
        <ele>864</ele>
        <time>2026-09-10T11:20:22.761Z</time>
      </trkpt>
      <trkpt lat="46.9032327" lon="7.4379005">
        <ele>864</ele>
        <time>2026-09-10T11:20:22.761Z</time>
      </trkpt>
      <trkpt lat="46.9032289" lon="7.4378805">
        <ele>864.2</ele>
        <time>2026-09-10T11:20:22.761Z</time>
      </trkpt>
      <trkpt lat="46.9032288" lon="7.437861">
        <ele>864.4000000000001</ele>
        <time>2026-09-10T11:20:22.761Z</time>
      </trkpt>
      <trkpt lat="46.9032251" lon="7.4378393">
        <ele>864.5999999999999</ele>
        <time>2026-09-10T11:20:22.761Z</time>
      </trkpt>
      <trkpt lat="46.9032249" lon="7.4378188">
        <ele>864.8</ele>
        <time>2026-09-10T11:20:22.761Z</time>
      </trkpt>
      <trkpt lat="46.9032213" lon="7.4377994">
        <ele>864.8</ele>
        <time>2026-09-10T11:20:22.761Z</time>
      </trkpt>
      <trkpt lat="46.9032212" lon="7.4377787">
        <ele>865</ele>
        <time>2026-09-10T11:20:22.761Z</time>
      </trkpt>
      <trkpt lat="46.9032212" lon="7.437759">
        <ele>865.2</ele>
        <time>2026-09-10T11:20:22.761Z</time>
      </trkpt>
      <trkpt lat="46.9032212" lon="7.4377367">
        <ele>865.4000000000001</ele>
        <time>2026-09-10T11:20:22.761Z</time>
      </trkpt>
      <trkpt lat="46.9032212" lon="7.4377153">
        <ele>865.5999999999999</ele>
        <time>2026-09-10T11:20:22.761Z</time>
      </trkpt>
      <trkpt lat="46.9032249" lon="7.4376919">
        <ele>865.5999999999999</ele>
        <time>2026-09-10T11:20:22.761Z</time>
      </trkpt>
      <trkpt lat="46.9032249" lon="7.4376711">
        <ele>865.8</ele>
        <time>2026-09-10T11:20:22.761Z</time>
      </trkpt>
      <trkpt lat="46.9032249" lon="7.4376484">
        <ele>866</ele>
        <time>2026-09-10T11:20:22.761Z</time>
      </trkpt>
      <trkpt lat="46.9032249" lon="7.4376276">
        <ele>866.2</ele>
        <time>2026-09-10T11:20:22.761Z</time>
      </trkpt>
      <trkpt lat="46.9032287" lon="7.4376053">
        <ele>866.2</ele>
        <time>2026-09-10T11:20:22.761Z</time>
      </trkpt>
      <trkpt lat="46.9032325" lon="7.4375855">
        <ele>866.4000000000001</ele>
        <time>2026-09-10T11:20:22.761Z</time>
      </trkpt>
      <trkpt lat="46.9032326" lon="7.4375639">
        <ele>866.5999999999999</ele>
        <time>2026-09-10T11:20:22.761Z</time>
      </trkpt>
      <trkpt lat="46.9032363" lon="7.4375425">
        <ele>866.8</ele>
        <time>2026-09-10T11:20:22.761Z</time>
      </trkpt>
      <trkpt lat="46.9032364" lon="7.4375203">
        <ele>867</ele>
        <time>2026-09-10T11:20:22.761Z</time>
      </trkpt>
      <trkpt lat="46.9032364" lon="7.4375003">
        <ele>867.2</ele>
        <time>2026-09-10T11:20:22.761Z</time>
      </trkpt>
      <trkpt lat="46.90324" lon="7.4374794">
        <ele>867.2</ele>
        <time>2026-09-10T11:20:22.761Z</time>
      </trkpt>
      <trkpt lat="46.9032402" lon="7.4374589">
        <ele>867.4000000000001</ele>
        <time>2026-09-10T11:20:22.761Z</time>
      </trkpt>
      <trkpt lat="46.9032402" lon="7.4374356">
        <ele>867.5999999999999</ele>
        <time>2026-09-10T11:20:22.761Z</time>
      </trkpt>
      <trkpt lat="46.9032438" lon="7.4374161">
        <ele>867.8</ele>
        <time>2026-09-10T11:20:22.761Z</time>
      </trkpt>
      <trkpt lat="46.9032477" lon="7.4373939">
        <ele>867.8</ele>
        <time>2026-09-10T11:20:22.761Z</time>
      </trkpt>
      <trkpt lat="46.9032478" lon="7.4373726">
        <ele>868</ele>
        <time>2026-09-10T11:20:22.761Z</time>
      </trkpt>
      <trkpt lat="46.9032478" lon="7.4373504">
        <ele>868.2</ele>
        <time>2026-09-10T11:20:22.761Z</time>
      </trkpt>
      <trkpt lat="46.9032514" lon="7.4373295">
        <ele>868.4000000000001</ele>
        <time>2026-09-10T11:20:22.761Z</time>
      </trkpt>
      <trkpt lat="46.9032517" lon="7.437309">
        <ele>868.5999999999999</ele>
        <time>2026-09-10T11:20:22.761Z</time>
      </trkpt>
      <trkpt lat="46.9032517" lon="7.4372889">
        <ele>868.8</ele>
        <time>2026-09-10T11:20:22.761Z</time>
      </trkpt>
      <trkpt lat="46.9032554" lon="7.4372656">
        <ele>868.8</ele>
        <time>2026-09-10T11:20:22.761Z</time>
      </trkpt>
      <trkpt lat="46.9032555" lon="7.4372445">
        <ele>869</ele>
        <time>2026-09-10T11:20:22.761Z</time>
      </trkpt>
      <trkpt lat="46.9032555" lon="7.4372225">
        <ele>869.2</ele>
        <time>2026-09-10T11:20:22.761Z</time>
      </trkpt>
      <trkpt lat="46.903259" lon="7.4372029">
        <ele>869.4000000000001</ele>
        <time>2026-09-10T11:20:22.761Z</time>
      </trkpt>
      <trkpt lat="46.9032593" lon="7.4371791">
        <ele>869.4000000000001</ele>
        <time>2026-09-10T11:20:22.761Z</time>
      </trkpt>
      <trkpt lat="46.9032593" lon="7.4371577">
        <ele>869.5999999999999</ele>
        <time>2026-09-10T11:20:22.761Z</time>
      </trkpt>
      <trkpt lat="46.9032593" lon="7.4371359">
        <ele>869.8</ele>
        <time>2026-09-10T11:20:22.761Z</time>
      </trkpt>
      <trkpt lat="46.9032593" lon="7.4371158">
        <ele>870</ele>
        <time>2026-09-10T11:20:22.761Z</time>
      </trkpt>
      <trkpt lat="46.9032593" lon="7.4370937">
        <ele>870.2</ele>
        <time>2026-09-10T11:20:22.761Z</time>
      </trkpt>
      <trkpt lat="46.903263" lon="7.4370738">
        <ele>870.4000000000001</ele>
        <time>2026-09-10T11:20:22.761Z</time>
      </trkpt>
      <trkpt lat="46.9032631" lon="7.4370523">
        <ele>870.8</ele>
        <time>2026-09-10T11:20:22.761Z</time>
      </trkpt>
      <trkpt lat="46.9032631" lon="7.4370303">
        <ele>871</ele>
        <time>2026-09-10T11:20:22.761Z</time>
      </trkpt>
      <trkpt lat="46.9032595" lon="7.4370094">
        <ele>871.2</ele>
        <time>2026-09-10T11:20:22.761Z</time>
      </trkpt>
      <trkpt lat="46.9032593" lon="7.4369895">
        <ele>871.4000000000001</ele>
        <time>2026-09-10T11:20:22.761Z</time>
      </trkpt>
      <trkpt lat="46.9032593" lon="7.4369679">
        <ele>871.5999999999999</ele>
        <time>2026-09-10T11:20:22.762Z</time>
      </trkpt>
      <trkpt lat="46.9032593" lon="7.436949">
        <ele>871.8</ele>
        <time>2026-09-10T11:20:22.762Z</time>
      </trkpt>
      <trkpt lat="46.9032555" lon="7.4369287">
        <ele>872</ele>
        <time>2026-09-10T11:20:22.762Z</time>
      </trkpt>
      <trkpt lat="46.9032555" lon="7.4369095">
        <ele>872.2</ele>
        <time>2026-09-10T11:20:22.762Z</time>
      </trkpt>
      <trkpt lat="46.9032555" lon="7.4368879">
        <ele>872.4000000000001</ele>
        <time>2026-09-10T11:20:22.762Z</time>
      </trkpt>
      <trkpt lat="46.9032518" lon="7.4368658">
        <ele>872.4000000000001</ele>
        <time>2026-09-10T11:20:22.762Z</time>
      </trkpt>
      <trkpt lat="46.9032517" lon="7.4368457">
        <ele>872.5999999999999</ele>
        <time>2026-09-10T11:20:22.762Z</time>
      </trkpt>
      <trkpt lat="46.9032517" lon="7.4368246">
        <ele>872.8</ele>
        <time>2026-09-10T11:20:22.762Z</time>
      </trkpt>
      <trkpt lat="46.9032517" lon="7.4368034">
        <ele>873</ele>
        <time>2026-09-10T11:20:22.762Z</time>
      </trkpt>
      <trkpt lat="46.9032517" lon="7.4367827">
        <ele>873</ele>
        <time>2026-09-10T11:20:22.762Z</time>
      </trkpt>
      <trkpt lat="46.9032517" lon="7.4367619">
        <ele>873.2</ele>
        <time>2026-09-10T11:20:22.762Z</time>
      </trkpt>
      <trkpt lat="46.9032479" lon="7.4367422">
        <ele>873.4000000000001</ele>
        <time>2026-09-10T11:20:22.762Z</time>
      </trkpt>
      <trkpt lat="46.9032478" lon="7.4367225">
        <ele>873.4000000000001</ele>
        <time>2026-09-10T11:20:22.762Z</time>
      </trkpt>
      <trkpt lat="46.9032442" lon="7.4367008">
        <ele>873.5999999999999</ele>
        <time>2026-09-10T11:20:22.762Z</time>
      </trkpt>
      <trkpt lat="46.9032441" lon="7.4366795">
        <ele>873.5999999999999</ele>
        <time>2026-09-10T11:20:22.762Z</time>
      </trkpt>
      <trkpt lat="46.9032441" lon="7.4366574">
        <ele>873.8</ele>
        <time>2026-09-10T11:20:22.762Z</time>
      </trkpt>
      <trkpt lat="46.9032441" lon="7.4366356">
        <ele>873.8</ele>
        <time>2026-09-10T11:20:22.762Z</time>
      </trkpt>
      <trkpt lat="46.9032441" lon="7.4366157">
        <ele>874</ele>
        <time>2026-09-10T11:20:22.762Z</time>
      </trkpt>
      <trkpt lat="46.9032441" lon="7.4365962">
        <ele>874.2</ele>
        <time>2026-09-10T11:20:22.762Z</time>
      </trkpt>
      <trkpt lat="46.9032404" lon="7.4365744">
        <ele>874.2</ele>
        <time>2026-09-10T11:20:22.762Z</time>
      </trkpt>
      <trkpt lat="46.9032402" lon="7.4365528">
        <ele>874.2</ele>
        <time>2026-09-10T11:20:22.762Z</time>
      </trkpt>
      <trkpt lat="46.9032402" lon="7.4365318">
        <ele>874.4000000000001</ele>
        <time>2026-09-10T11:20:22.762Z</time>
      </trkpt>
      <trkpt lat="46.9032402" lon="7.4365107">
        <ele>874.5999999999999</ele>
        <time>2026-09-10T11:20:22.762Z</time>
      </trkpt>
      <trkpt lat="46.9032402" lon="7.4364901">
        <ele>874.5999999999999</ele>
        <time>2026-09-10T11:20:22.762Z</time>
      </trkpt>
      <trkpt lat="46.9032364" lon="7.4364703">
        <ele>874.8</ele>
        <time>2026-09-10T11:20:22.762Z</time>
      </trkpt>
      <trkpt lat="46.9032364" lon="7.4364502">
        <ele>875</ele>
        <time>2026-09-10T11:20:22.762Z</time>
      </trkpt>
      <trkpt lat="46.9032364" lon="7.4364302">
        <ele>875</ele>
        <time>2026-09-10T11:20:22.762Z</time>
      </trkpt>
      <trkpt lat="46.9032327" lon="7.4364123">
        <ele>875.2</ele>
        <time>2026-09-10T11:20:22.762Z</time>
      </trkpt>
      <trkpt lat="46.9032326" lon="7.4363936">
        <ele>875.2</ele>
        <time>2026-09-10T11:20:22.762Z</time>
      </trkpt>
      <trkpt lat="46.9032307" lon="7.4363753">
        <ele>875.4000000000001</ele>
        <time>2026-09-10T11:20:22.762Z</time>
      </trkpt>
      <trkpt lat="46.9032288" lon="7.4363571">
        <ele>875.4000000000001</ele>
        <time>2026-09-10T11:20:22.762Z</time>
      </trkpt>
      <trkpt lat="46.903225" lon="7.4363356">
        <ele>875.4000000000001</ele>
        <time>2026-09-10T11:20:22.762Z</time>
      </trkpt>
      <trkpt lat="46.9032249" lon="7.4363152">
        <ele>875.5999999999999</ele>
        <time>2026-09-10T11:20:22.762Z</time>
      </trkpt>
      <trkpt lat="46.9032174" lon="7.4362986">
        <ele>875.5999999999999</ele>
        <time>2026-09-10T11:20:22.762Z</time>
      </trkpt>
      <trkpt lat="46.9032099" lon="7.436282">
        <ele>875.5999999999999</ele>
        <time>2026-09-10T11:20:22.762Z</time>
      </trkpt>
      <trkpt lat="46.9031985" lon="7.4362687">
        <ele>875.8</ele>
        <time>2026-09-10T11:20:22.762Z</time>
      </trkpt>
      <trkpt lat="46.9031852" lon="7.4362651">
        <ele>875.8</ele>
        <time>2026-09-10T11:20:22.762Z</time>
      </trkpt>
      <trkpt lat="46.903172" lon="7.4362617">
        <ele>876</ele>
        <time>2026-09-10T11:20:22.762Z</time>
      </trkpt>
      <trkpt lat="46.9031566" lon="7.4362603">
        <ele>876.2</ele>
        <time>2026-09-10T11:20:22.762Z</time>
      </trkpt>
      <trkpt lat="46.9031451" lon="7.4362642">
        <ele>876.2</ele>
        <time>2026-09-10T11:20:22.762Z</time>
      </trkpt>
      <trkpt lat="46.9031335" lon="7.4362683">
        <ele>876.4000000000001</ele>
        <time>2026-09-10T11:20:22.762Z</time>
      </trkpt>
      <trkpt lat="46.903122" lon="7.4362831">
        <ele>876.5999999999999</ele>
        <time>2026-09-10T11:20:22.762Z</time>
      </trkpt>
      <trkpt lat="46.9031126" lon="7.4362946">
        <ele>876.5999999999999</ele>
        <time>2026-09-10T11:20:22.763Z</time>
      </trkpt>
      <trkpt lat="46.9031032" lon="7.4363061">
        <ele>876.8</ele>
        <time>2026-09-10T11:20:22.763Z</time>
      </trkpt>
      <trkpt lat="46.9030954" lon="7.4363164">
        <ele>877.2</ele>
        <time>2026-09-10T11:20:22.763Z</time>
      </trkpt>
      <trkpt lat="46.9030915" lon="7.4363281">
        <ele>877.4000000000001</ele>
        <time>2026-09-10T11:20:22.763Z</time>
      </trkpt>
      <trkpt lat="46.90308" lon="7.4363398">
        <ele>877.5999999999999</ele>
        <time>2026-09-10T11:20:22.763Z</time>
      </trkpt>
      <trkpt lat="46.9030723" lon="7.4363485">
        <ele>877.8</ele>
        <time>2026-09-10T11:20:22.763Z</time>
      </trkpt>
      <trkpt lat="46.9030649" lon="7.4363563">
        <ele>878.2</ele>
        <time>2026-09-10T11:20:22.763Z</time>
      </trkpt>
      <trkpt lat="46.903042" lon="7.4363863">
        <ele>879.2</ele>
        <time>2026-09-10T11:20:22.763Z</time>
      </trkpt>
      <trkpt lat="46.9030343" lon="7.4363947">
        <ele>879.2</ele>
        <time>2026-09-10T11:20:22.763Z</time>
      </trkpt>
      <trkpt lat="46.9030266" lon="7.4364032">
        <ele>879.2</ele>
        <time>2026-09-10T11:20:22.763Z</time>
      </trkpt>
      <trkpt lat="46.9030192" lon="7.4364128">
        <ele>879.2</ele>
        <time>2026-09-10T11:20:22.763Z</time>
      </trkpt>
      <trkpt lat="46.9030153" lon="7.4364216">
        <ele>879.4000000000001</ele>
        <time>2026-09-10T11:20:22.763Z</time>
      </trkpt>
      <trkpt lat="46.9030077" lon="7.4364284">
        <ele>879.4000000000001</ele>
        <time>2026-09-10T11:20:22.763Z</time>
      </trkpt>
      <trkpt lat="46.9030037" lon="7.4364399">
        <ele>879.4000000000001</ele>
        <time>2026-09-10T11:20:22.763Z</time>
      </trkpt>
      <trkpt lat="46.9030001" lon="7.4364477">
        <ele>879.5999999999999</ele>
        <time>2026-09-10T11:20:22.763Z</time>
      </trkpt>
      <trkpt lat="46.9029923" lon="7.436458">
        <ele>879.5999999999999</ele>
        <time>2026-09-10T11:20:22.763Z</time>
      </trkpt>
      <trkpt lat="46.9029886" lon="7.4364677">
        <ele>879.8</ele>
        <time>2026-09-10T11:20:22.763Z</time>
      </trkpt>
      <trkpt lat="46.9029811" lon="7.4364777">
        <ele>880</ele>
        <time>2026-09-10T11:20:22.763Z</time>
      </trkpt>
      <trkpt lat="46.9029735" lon="7.4364864">
        <ele>880.2</ele>
        <time>2026-09-10T11:20:22.763Z</time>
      </trkpt>
      <trkpt lat="46.9029695" lon="7.4364966">
        <ele>880.4000000000001</ele>
        <time>2026-09-10T11:20:22.763Z</time>
      </trkpt>
      <trkpt lat="46.9029619" lon="7.4365049">
        <ele>880.5999999999999</ele>
        <time>2026-09-10T11:20:22.763Z</time>
      </trkpt>
      <trkpt lat="46.9029543" lon="7.4365132">
        <ele>880.5999999999999</ele>
        <time>2026-09-10T11:20:22.763Z</time>
      </trkpt>
      <trkpt lat="46.9029504" lon="7.4365212">
        <ele>880.8</ele>
        <time>2026-09-10T11:20:22.763Z</time>
      </trkpt>
      <trkpt lat="46.9029466" lon="7.4365299">
        <ele>881</ele>
        <time>2026-09-10T11:20:22.763Z</time>
      </trkpt>
      <trkpt lat="46.9029391" lon="7.4365412">
        <ele>881.2</ele>
        <time>2026-09-10T11:20:22.763Z</time>
      </trkpt>
      <trkpt lat="46.9029351" lon="7.4365501">
        <ele>881.4000000000001</ele>
        <time>2026-09-10T11:20:22.763Z</time>
      </trkpt>
      <trkpt lat="46.9029275" lon="7.4365574">
        <ele>881.5999999999999</ele>
        <time>2026-09-10T11:20:22.763Z</time>
      </trkpt>
      <trkpt lat="46.9029198" lon="7.4365648">
        <ele>882</ele>
        <time>2026-09-10T11:20:22.763Z</time>
      </trkpt>
      <trkpt lat="46.9029161" lon="7.4365765">
        <ele>882.2</ele>
        <time>2026-09-10T11:20:22.763Z</time>
      </trkpt>
      <trkpt lat="46.9029086" lon="7.4365847">
        <ele>882.4000000000001</ele>
        <time>2026-09-10T11:20:22.763Z</time>
      </trkpt>
      <trkpt lat="46.9029047" lon="7.4365913">
        <ele>882.4000000000001</ele>
        <time>2026-09-10T11:20:22.763Z</time>
      </trkpt>
      <trkpt lat="46.902897" lon="7.4366015">
        <ele>882.5999999999999</ele>
        <time>2026-09-10T11:20:22.763Z</time>
      </trkpt>
      <trkpt lat="46.9028932" lon="7.43661">
        <ele>882.8</ele>
        <time>2026-09-10T11:20:22.763Z</time>
      </trkpt>
      <trkpt lat="46.9028854" lon="7.4366184">
        <ele>882.8</ele>
        <time>2026-09-10T11:20:22.763Z</time>
      </trkpt>
      <trkpt lat="46.9028778" lon="7.4366283">
        <ele>882.8</ele>
        <time>2026-09-10T11:20:22.763Z</time>
      </trkpt>
      <trkpt lat="46.9028703" lon="7.4366381">
        <ele>883</ele>
        <time>2026-09-10T11:20:22.763Z</time>
      </trkpt>
      <trkpt lat="46.9028666" lon="7.4366446">
        <ele>883</ele>
        <time>2026-09-10T11:20:22.763Z</time>
      </trkpt>
      <trkpt lat="46.902859" lon="7.4366529">
        <ele>883</ele>
        <time>2026-09-10T11:20:22.763Z</time>
      </trkpt>
      <trkpt lat="46.902855" lon="7.4366628">
        <ele>883.2</ele>
        <time>2026-09-10T11:20:22.763Z</time>
      </trkpt>
      <trkpt lat="46.9028475" lon="7.4366714">
        <ele>883.2</ele>
        <time>2026-09-10T11:20:22.764Z</time>
      </trkpt>
      <trkpt lat="46.9028393" lon="7.4366822">
        <ele>883.4000000000001</ele>
        <time>2026-09-10T11:20:22.764Z</time>
      </trkpt>
      <trkpt lat="46.9028323" lon="7.4366895">
        <ele>883.4000000000001</ele>
        <time>2026-09-10T11:20:22.764Z</time>
      </trkpt>
      <trkpt lat="46.9028283" lon="7.4366964">
        <ele>883.5999999999999</ele>
        <time>2026-09-10T11:20:22.764Z</time>
      </trkpt>
      <trkpt lat="46.9028208" lon="7.4367049">
        <ele>883.5999999999999</ele>
        <time>2026-09-10T11:20:22.764Z</time>
      </trkpt>
      <trkpt lat="46.902817" lon="7.4367127">
        <ele>883.8</ele>
        <time>2026-09-10T11:20:22.764Z</time>
      </trkpt>
      <trkpt lat="46.9028094" lon="7.4367215">
        <ele>883.8</ele>
        <time>2026-09-10T11:20:22.764Z</time>
      </trkpt>
      <trkpt lat="46.9028016" lon="7.4367318">
        <ele>884</ele>
        <time>2026-09-10T11:20:22.764Z</time>
      </trkpt>
      <trkpt lat="46.9027941" lon="7.4367365">
        <ele>884.2</ele>
        <time>2026-09-10T11:20:22.764Z</time>
      </trkpt>
      <trkpt lat="46.9027902" lon="7.4367464">
        <ele>884.4000000000001</ele>
        <time>2026-09-10T11:20:22.764Z</time>
      </trkpt>
      <trkpt lat="46.9027863" lon="7.436755">
        <ele>884.4000000000001</ele>
        <time>2026-09-10T11:20:22.764Z</time>
      </trkpt>
      <trkpt lat="46.9027789" lon="7.4367617">
        <ele>884.5999999999999</ele>
        <time>2026-09-10T11:20:22.764Z</time>
      </trkpt>
      <trkpt lat="46.9027749" lon="7.4367697">
        <ele>884.8</ele>
        <time>2026-09-10T11:20:22.764Z</time>
      </trkpt>
      <trkpt lat="46.9027673" lon="7.4367784">
        <ele>885</ele>
        <time>2026-09-10T11:20:22.764Z</time>
      </trkpt>
      <trkpt lat="46.9027635" lon="7.4367863">
        <ele>885</ele>
        <time>2026-09-10T11:20:22.764Z</time>
      </trkpt>
      <trkpt lat="46.9027559" lon="7.4367965">
        <ele>885.2</ele>
        <time>2026-09-10T11:20:22.764Z</time>
      </trkpt>
      <trkpt lat="46.902752" lon="7.4368064">
        <ele>885.2</ele>
        <time>2026-09-10T11:20:22.764Z</time>
      </trkpt>
      <trkpt lat="46.9027483" lon="7.4368194">
        <ele>885.2</ele>
        <time>2026-09-10T11:20:22.764Z</time>
      </trkpt>
      <trkpt lat="46.9027408" lon="7.4368278">
        <ele>885.2</ele>
        <time>2026-09-10T11:20:22.764Z</time>
      </trkpt>
      <trkpt lat="46.9027331" lon="7.4368397">
        <ele>885.2</ele>
        <time>2026-09-10T11:20:22.764Z</time>
      </trkpt>
      <trkpt lat="46.9027292" lon="7.4368528">
        <ele>885.4000000000001</ele>
        <time>2026-09-10T11:20:22.764Z</time>
      </trkpt>
      <trkpt lat="46.9027218" lon="7.4368643">
        <ele>885.4000000000001</ele>
        <time>2026-09-10T11:20:22.764Z</time>
      </trkpt>
      <trkpt lat="46.902716" lon="7.4368759">
        <ele>885.4000000000001</ele>
        <time>2026-09-10T11:20:22.764Z</time>
      </trkpt>
      <trkpt lat="46.9027103" lon="7.4368876">
        <ele>885.5999999999999</ele>
        <time>2026-09-10T11:20:22.764Z</time>
      </trkpt>
      <trkpt lat="46.9027027" lon="7.4368996">
        <ele>885.5999999999999</ele>
        <time>2026-09-10T11:20:22.764Z</time>
      </trkpt>
      <trkpt lat="46.9026986" lon="7.436913">
        <ele>885.8</ele>
        <time>2026-09-10T11:20:22.764Z</time>
      </trkpt>
      <trkpt lat="46.9026949" lon="7.4369231">
        <ele>886</ele>
        <time>2026-09-10T11:20:22.764Z</time>
      </trkpt>
      <trkpt lat="46.9026873" lon="7.4369346">
        <ele>886</ele>
        <time>2026-09-10T11:20:22.764Z</time>
      </trkpt>
      <trkpt lat="46.9026834" lon="7.4369478">
        <ele>886.2</ele>
        <time>2026-09-10T11:20:22.764Z</time>
      </trkpt>
      <trkpt lat="46.9026796" lon="7.4369611">
        <ele>886.4000000000001</ele>
        <time>2026-09-10T11:20:22.764Z</time>
      </trkpt>
      <trkpt lat="46.9026721" lon="7.4369713">
        <ele>886.4000000000001</ele>
        <time>2026-09-10T11:20:22.764Z</time>
      </trkpt>
      <trkpt lat="46.9026718" lon="7.436986">
        <ele>886.5999999999999</ele>
        <time>2026-09-10T11:20:22.764Z</time>
      </trkpt>
      <trkpt lat="46.9026645" lon="7.4369979">
        <ele>886.5999999999999</ele>
        <time>2026-09-10T11:20:22.764Z</time>
      </trkpt>
      <trkpt lat="46.9026605" lon="7.4370093">
        <ele>886.8</ele>
        <time>2026-09-10T11:20:22.764Z</time>
      </trkpt>
      <trkpt lat="46.9026566" lon="7.4370215">
        <ele>886.8</ele>
        <time>2026-09-10T11:20:22.764Z</time>
      </trkpt>
      <trkpt lat="46.9026529" lon="7.4370346">
        <ele>887</ele>
        <time>2026-09-10T11:20:22.764Z</time>
      </trkpt>
      <trkpt lat="46.902649" lon="7.437048">
        <ele>887</ele>
        <time>2026-09-10T11:20:22.764Z</time>
      </trkpt>
      <trkpt lat="46.9026452" lon="7.4370596">
        <ele>887.2</ele>
        <time>2026-09-10T11:20:22.764Z</time>
      </trkpt>
      <trkpt lat="46.9026415" lon="7.4370713">
        <ele>887.2</ele>
        <time>2026-09-10T11:20:22.764Z</time>
      </trkpt>
      <trkpt lat="46.9026376" lon="7.4370846">
        <ele>887.4000000000001</ele>
        <time>2026-09-10T11:20:22.764Z</time>
      </trkpt>
      <trkpt lat="46.9026338" lon="7.4370962">
        <ele>887.4000000000001</ele>
        <time>2026-09-10T11:20:22.764Z</time>
      </trkpt>
      <trkpt lat="46.9026302" lon="7.4371088">
        <ele>887.4000000000001</ele>
        <time>2026-09-10T11:20:22.765Z</time>
      </trkpt>
      <trkpt lat="46.9026298" lon="7.4371227">
        <ele>887.5999999999999</ele>
        <time>2026-09-10T11:20:22.765Z</time>
      </trkpt>
      <trkpt lat="46.9026262" lon="7.4371359">
        <ele>887.5999999999999</ele>
        <time>2026-09-10T11:20:22.765Z</time>
      </trkpt>
      <trkpt lat="46.9026224" lon="7.4371482">
        <ele>887.8</ele>
        <time>2026-09-10T11:20:22.765Z</time>
      </trkpt>
      <trkpt lat="46.9026187" lon="7.4371607">
        <ele>887.8</ele>
        <time>2026-09-10T11:20:22.765Z</time>
      </trkpt>
      <trkpt lat="46.9026147" lon="7.4371728">
        <ele>888</ele>
        <time>2026-09-10T11:20:22.765Z</time>
      </trkpt>
      <trkpt lat="46.9026106" lon="7.4371838">
        <ele>888</ele>
        <time>2026-09-10T11:20:22.765Z</time>
      </trkpt>
      <trkpt lat="46.9026071" lon="7.4371929">
        <ele>888.2</ele>
        <time>2026-09-10T11:20:22.765Z</time>
      </trkpt>
      <trkpt lat="46.9026069" lon="7.4372043">
        <ele>888.4000000000001</ele>
        <time>2026-09-10T11:20:22.765Z</time>
      </trkpt>
      <trkpt lat="46.9026034" lon="7.4372173">
        <ele>888.4000000000001</ele>
        <time>2026-09-10T11:20:22.765Z</time>
      </trkpt>
      <trkpt lat="46.9026032" lon="7.4372309">
        <ele>888.5999999999999</ele>
        <time>2026-09-10T11:20:22.765Z</time>
      </trkpt>
      <trkpt lat="46.9025959" lon="7.4372429">
        <ele>888.8</ele>
        <time>2026-09-10T11:20:22.765Z</time>
      </trkpt>
      <trkpt lat="46.9025919" lon="7.4372531">
        <ele>888.8</ele>
        <time>2026-09-10T11:20:22.765Z</time>
      </trkpt>
      <trkpt lat="46.9025881" lon="7.4372644">
        <ele>889</ele>
        <time>2026-09-10T11:20:22.765Z</time>
      </trkpt>
      <trkpt lat="46.9025879" lon="7.437274">
        <ele>889.2</ele>
        <time>2026-09-10T11:20:22.765Z</time>
      </trkpt>
      <trkpt lat="46.9025806" lon="7.4372862">
        <ele>889.4000000000001</ele>
        <time>2026-09-10T11:20:22.765Z</time>
      </trkpt>
      <trkpt lat="46.9025766" lon="7.4372945">
        <ele>889.5999999999999</ele>
        <time>2026-09-10T11:20:22.765Z</time>
      </trkpt>
      <trkpt lat="46.9025764" lon="7.4373046">
        <ele>889.8</ele>
        <time>2026-09-10T11:20:22.765Z</time>
      </trkpt>
      <trkpt lat="46.9025728" lon="7.4373144">
        <ele>889.8</ele>
        <time>2026-09-10T11:20:22.765Z</time>
      </trkpt>
      <trkpt lat="46.9025651" lon="7.4373248">
        <ele>890</ele>
        <time>2026-09-10T11:20:22.765Z</time>
      </trkpt>
      <trkpt lat="46.902565" lon="7.4373348">
        <ele>890.2</ele>
        <time>2026-09-10T11:20:22.765Z</time>
      </trkpt>
      <trkpt lat="46.9025578" lon="7.4373426">
        <ele>890.4000000000001</ele>
        <time>2026-09-10T11:20:22.765Z</time>
      </trkpt>
      <trkpt lat="46.9025536" lon="7.4373515">
        <ele>890.5999999999999</ele>
        <time>2026-09-10T11:20:22.765Z</time>
      </trkpt>
      <trkpt lat="46.9025536" lon="7.4373595">
        <ele>890.8</ele>
        <time>2026-09-10T11:20:22.765Z</time>
      </trkpt>
      <trkpt lat="46.9025463" lon="7.437368">
        <ele>891</ele>
        <time>2026-09-10T11:20:22.765Z</time>
      </trkpt>
      <trkpt lat="46.9025423" lon="7.4373779">
        <ele>891.2</ele>
        <time>2026-09-10T11:20:22.765Z</time>
      </trkpt>
      <trkpt lat="46.9025347" lon="7.4373945">
        <ele>891.5999999999999</ele>
        <time>2026-09-10T11:20:22.765Z</time>
      </trkpt>
      <trkpt lat="46.9025308" lon="7.4374049">
        <ele>891.5999999999999</ele>
        <time>2026-09-10T11:20:22.765Z</time>
      </trkpt>
      <trkpt lat="46.9025267" lon="7.437412">
        <ele>891.8</ele>
        <time>2026-09-10T11:20:22.765Z</time>
      </trkpt>
      <trkpt lat="46.9025232" lon="7.4374182">
        <ele>892</ele>
        <time>2026-09-10T11:20:22.765Z</time>
      </trkpt>
      <trkpt lat="46.9025193" lon="7.4374232">
        <ele>892.2</ele>
        <time>2026-09-10T11:20:22.765Z</time>
      </trkpt>
      <trkpt lat="46.9025116" lon="7.4374336">
        <ele>892.4000000000001</ele>
        <time>2026-09-10T11:20:22.765Z</time>
      </trkpt>
      <trkpt lat="46.9025116" lon="7.4374416">
        <ele>892.4000000000001</ele>
        <time>2026-09-10T11:20:22.765Z</time>
      </trkpt>
      <trkpt lat="46.9025079" lon="7.4374516">
        <ele>892.5999999999999</ele>
        <time>2026-09-10T11:20:22.765Z</time>
      </trkpt>
      <trkpt lat="46.9025042" lon="7.4374582">
        <ele>892.8</ele>
        <time>2026-09-10T11:20:22.765Z</time>
      </trkpt>
      <trkpt lat="46.9025005" lon="7.4374659">
        <ele>893</ele>
        <time>2026-09-10T11:20:22.765Z</time>
      </trkpt>
      <trkpt lat="46.9024966" lon="7.4374745">
        <ele>893</ele>
        <time>2026-09-10T11:20:22.765Z</time>
      </trkpt>
      <trkpt lat="46.9024888" lon="7.4374799">
        <ele>893.2</ele>
        <time>2026-09-10T11:20:22.765Z</time>
      </trkpt>
      <trkpt lat="46.9024852" lon="7.4374862">
        <ele>893.2</ele>
        <time>2026-09-10T11:20:22.765Z</time>
      </trkpt>
      <trkpt lat="46.9024812" lon="7.4374949">
        <ele>893.4000000000001</ele>
        <time>2026-09-10T11:20:22.766Z</time>
      </trkpt>
      <trkpt lat="46.9024738" lon="7.4374985">
        <ele>893.4000000000001</ele>
        <time>2026-09-10T11:20:22.766Z</time>
      </trkpt>
      <trkpt lat="46.9024697" lon="7.4375032">
        <ele>893.5999999999999</ele>
        <time>2026-09-10T11:20:22.766Z</time>
      </trkpt>
      <trkpt lat="46.902466" lon="7.4375079">
        <ele>893.8</ele>
        <time>2026-09-10T11:20:22.766Z</time>
      </trkpt>
      <trkpt lat="46.9024584" lon="7.4375146">
        <ele>893.8</ele>
        <time>2026-09-10T11:20:22.766Z</time>
      </trkpt>
      <trkpt lat="46.9024546" lon="7.4375197">
        <ele>894</ele>
        <time>2026-09-10T11:20:22.766Z</time>
      </trkpt>
      <trkpt lat="46.9024468" lon="7.4375247">
        <ele>894.2</ele>
        <time>2026-09-10T11:20:22.766Z</time>
      </trkpt>
      <trkpt lat="46.9024393" lon="7.4375281">
        <ele>894.4000000000001</ele>
        <time>2026-09-10T11:20:22.766Z</time>
      </trkpt>
      <trkpt lat="46.9024321" lon="7.4375329">
        <ele>894.4000000000001</ele>
        <time>2026-09-10T11:20:22.766Z</time>
      </trkpt>
      <trkpt lat="46.9024243" lon="7.4375356">
        <ele>894.5999999999999</ele>
        <time>2026-09-10T11:20:22.766Z</time>
      </trkpt>
      <trkpt lat="46.9024164" lon="7.4375381">
        <ele>895</ele>
        <time>2026-09-10T11:20:22.766Z</time>
      </trkpt>
      <trkpt lat="46.9024087" lon="7.43754">
        <ele>895.2</ele>
        <time>2026-09-10T11:20:22.766Z</time>
      </trkpt>
      <trkpt lat="46.9024049" lon="7.43754">
        <ele>895.4000000000001</ele>
        <time>2026-09-10T11:20:22.766Z</time>
      </trkpt>
      <trkpt lat="46.9023971" lon="7.43754">
        <ele>895.5999999999999</ele>
        <time>2026-09-10T11:20:22.766Z</time>
      </trkpt>
      <trkpt lat="46.9023899" lon="7.43754">
        <ele>895.8</ele>
        <time>2026-09-10T11:20:22.766Z</time>
      </trkpt>
      <trkpt lat="46.9023819" lon="7.4375381">
        <ele>896</ele>
        <time>2026-09-10T11:20:22.766Z</time>
      </trkpt>
      <trkpt lat="46.9023743" lon="7.4375367">
        <ele>896.2</ele>
        <time>2026-09-10T11:20:22.766Z</time>
      </trkpt>
      <trkpt lat="46.9023671" lon="7.4375349">
        <ele>896.4000000000001</ele>
        <time>2026-09-10T11:20:22.766Z</time>
      </trkpt>
      <trkpt lat="46.9023592" lon="7.4375334">
        <ele>896.5999999999999</ele>
        <time>2026-09-10T11:20:22.766Z</time>
      </trkpt>
      <trkpt lat="46.9023553" lon="7.4375282">
        <ele>896.8</ele>
        <time>2026-09-10T11:20:22.766Z</time>
      </trkpt>
      <trkpt lat="46.9023443" lon="7.4375268">
        <ele>897.2</ele>
        <time>2026-09-10T11:20:22.766Z</time>
      </trkpt>
      <trkpt lat="46.9023362" lon="7.4375215">
        <ele>897.4000000000001</ele>
        <time>2026-09-10T11:20:22.766Z</time>
      </trkpt>
      <trkpt lat="46.9023286" lon="7.4375167">
        <ele>897.5999999999999</ele>
        <time>2026-09-10T11:20:22.766Z</time>
      </trkpt>
      <trkpt lat="46.9023212" lon="7.4375117">
        <ele>897.8</ele>
        <time>2026-09-10T11:20:22.766Z</time>
      </trkpt>
      <trkpt lat="46.9023128" lon="7.4375079">
        <ele>898</ele>
        <time>2026-09-10T11:20:22.766Z</time>
      </trkpt>
      <trkpt lat="46.9023056" lon="7.4375048">
        <ele>898.2</ele>
        <time>2026-09-10T11:20:22.766Z</time>
      </trkpt>
      <trkpt lat="46.9023018" lon="7.4375001">
        <ele>898.4000000000001</ele>
        <time>2026-09-10T11:20:22.766Z</time>
      </trkpt>
      <trkpt lat="46.9022899" lon="7.4374966">
        <ele>898.5999999999999</ele>
        <time>2026-09-10T11:20:22.766Z</time>
      </trkpt>
      <trkpt lat="46.9022827" lon="7.4374952">
        <ele>898.8</ele>
        <time>2026-09-10T11:20:22.766Z</time>
      </trkpt>
      <trkpt lat="46.9022755" lon="7.4374934">
        <ele>898.8</ele>
        <time>2026-09-10T11:20:22.766Z</time>
      </trkpt>
      <trkpt lat="46.9022639" lon="7.4374901">
        <ele>899</ele>
        <time>2026-09-10T11:20:22.766Z</time>
      </trkpt>
      <trkpt lat="46.9022561" lon="7.4374852">
        <ele>899</ele>
        <time>2026-09-10T11:20:22.766Z</time>
      </trkpt>
      <trkpt lat="46.9022491" lon="7.4374822">
        <ele>899.2</ele>
        <time>2026-09-10T11:20:22.766Z</time>
      </trkpt>
      <trkpt lat="46.9022372" lon="7.4374786">
        <ele>899.2</ele>
        <time>2026-09-10T11:20:22.766Z</time>
      </trkpt>
      <trkpt lat="46.9022293" lon="7.4374752">
        <ele>899.4000000000001</ele>
        <time>2026-09-10T11:20:22.766Z</time>
      </trkpt>
      <trkpt lat="46.9022219" lon="7.4374701">
        <ele>899.5999999999999</ele>
        <time>2026-09-10T11:20:22.766Z</time>
      </trkpt>
      <trkpt lat="46.9022175" lon="7.4374664">
        <ele>899.5999999999999</ele>
        <time>2026-09-10T11:20:22.766Z</time>
      </trkpt>
      <trkpt lat="46.9022105" lon="7.4374634">
        <ele>899.8</ele>
        <time>2026-09-10T11:20:22.766Z</time>
      </trkpt>
      <trkpt lat="46.9022027" lon="7.43746">
        <ele>899.8</ele>
        <time>2026-09-10T11:20:22.766Z</time>
      </trkpt>
      <trkpt lat="46.9021952" lon="7.4374553">
        <ele>900</ele>
        <time>2026-09-10T11:20:22.766Z</time>
      </trkpt>
      <trkpt lat="46.9021841" lon="7.4374502">
        <ele>900.2</ele>
        <time>2026-09-10T11:20:22.767Z</time>
      </trkpt>
      <trkpt lat="46.9021798" lon="7.4374485">
        <ele>900.2</ele>
        <time>2026-09-10T11:20:22.767Z</time>
      </trkpt>
      <trkpt lat="46.9021686" lon="7.4374485">
        <ele>900.4000000000001</ele>
        <time>2026-09-10T11:20:22.767Z</time>
      </trkpt>
      <trkpt lat="46.9021607" lon="7.4374485">
        <ele>900.5999999999999</ele>
        <time>2026-09-10T11:20:22.767Z</time>
      </trkpt>
      <trkpt lat="46.9021531" lon="7.4374467">
        <ele>900.8</ele>
        <time>2026-09-10T11:20:22.767Z</time>
      </trkpt>
      <trkpt lat="46.9021454" lon="7.4374466">
        <ele>900.8</ele>
        <time>2026-09-10T11:20:22.767Z</time>
      </trkpt>
      <trkpt lat="46.9021341" lon="7.4374484">
        <ele>901</ele>
        <time>2026-09-10T11:20:22.767Z</time>
      </trkpt>
      <trkpt lat="46.9021303" lon="7.4374499">
        <ele>901</ele>
        <time>2026-09-10T11:20:22.767Z</time>
      </trkpt>
      <trkpt lat="46.9021148" lon="7.4374499">
        <ele>901.2</ele>
        <time>2026-09-10T11:20:22.767Z</time>
      </trkpt>
      <trkpt lat="46.9021112" lon="7.4374499">
        <ele>901.4000000000001</ele>
        <time>2026-09-10T11:20:22.767Z</time>
      </trkpt>
      <trkpt lat="46.9021042" lon="7.437453">
        <ele>901.4000000000001</ele>
        <time>2026-09-10T11:20:22.767Z</time>
      </trkpt>
      <trkpt lat="46.9020922" lon="7.4374551">
        <ele>901.5999999999999</ele>
        <time>2026-09-10T11:20:22.767Z</time>
      </trkpt>
      <trkpt lat="46.9020882" lon="7.4374566">
        <ele>901.5999999999999</ele>
        <time>2026-09-10T11:20:22.767Z</time>
      </trkpt>
      <trkpt lat="46.902077" lon="7.4374618">
        <ele>901.8</ele>
        <time>2026-09-10T11:20:22.767Z</time>
      </trkpt>
      <trkpt lat="46.9020692" lon="7.4374633">
        <ele>901.8</ele>
        <time>2026-09-10T11:20:22.767Z</time>
      </trkpt>
      <trkpt lat="46.9020616" lon="7.4374619">
        <ele>902</ele>
        <time>2026-09-10T11:20:22.767Z</time>
      </trkpt>
      <trkpt lat="46.90205" lon="7.4374652">
        <ele>902.2</ele>
        <time>2026-09-10T11:20:22.767Z</time>
      </trkpt>
      <trkpt lat="46.9020424" lon="7.4374652">
        <ele>902.2</ele>
        <time>2026-09-10T11:20:22.767Z</time>
      </trkpt>
      <trkpt lat="46.9020348" lon="7.4374652">
        <ele>902.4000000000001</ele>
        <time>2026-09-10T11:20:22.767Z</time>
      </trkpt>
      <trkpt lat="46.9020236" lon="7.4374666">
        <ele>902.5999999999999</ele>
        <time>2026-09-10T11:20:22.767Z</time>
      </trkpt>
      <trkpt lat="46.9020158" lon="7.4374699">
        <ele>902.8</ele>
        <time>2026-09-10T11:20:22.767Z</time>
      </trkpt>
      <trkpt lat="46.9020084" lon="7.4374718">
        <ele>902.8</ele>
        <time>2026-09-10T11:20:22.767Z</time>
      </trkpt>
      <trkpt lat="46.9019969" lon="7.4374732">
        <ele>903</ele>
        <time>2026-09-10T11:20:22.767Z</time>
      </trkpt>
      <trkpt lat="46.9019854" lon="7.4374766">
        <ele>903.2</ele>
        <time>2026-09-10T11:20:22.767Z</time>
      </trkpt>
      <trkpt lat="46.9019776" lon="7.4374799">
        <ele>903.2</ele>
        <time>2026-09-10T11:20:22.767Z</time>
      </trkpt>
      <trkpt lat="46.9019702" lon="7.4374818">
        <ele>903.4000000000001</ele>
        <time>2026-09-10T11:20:22.767Z</time>
      </trkpt>
      <trkpt lat="46.9019585" lon="7.4374852">
        <ele>903.5999999999999</ele>
        <time>2026-09-10T11:20:22.767Z</time>
      </trkpt>
      <trkpt lat="46.901951" lon="7.4374866">
        <ele>903.5999999999999</ele>
        <time>2026-09-10T11:20:22.767Z</time>
      </trkpt>
      <trkpt lat="46.90194" lon="7.4374866">
        <ele>903.8</ele>
        <time>2026-09-10T11:20:22.767Z</time>
      </trkpt>
      <trkpt lat="46.9019282" lon="7.4374899">
        <ele>904</ele>
        <time>2026-09-10T11:20:22.767Z</time>
      </trkpt>
      <trkpt lat="46.9019205" lon="7.437495">
        <ele>904.2</ele>
        <time>2026-09-10T11:20:22.767Z</time>
      </trkpt>
      <trkpt lat="46.9019129" lon="7.4374985">
        <ele>904.4000000000001</ele>
        <time>2026-09-10T11:20:22.767Z</time>
      </trkpt>
      <trkpt lat="46.9019051" lon="7.4375">
        <ele>904.4000000000001</ele>
        <time>2026-09-10T11:20:22.767Z</time>
      </trkpt>
      <trkpt lat="46.9018976" lon="7.4375014">
        <ele>904.5999999999999</ele>
        <time>2026-09-10T11:20:22.767Z</time>
      </trkpt>
      <trkpt lat="46.90189" lon="7.4375014">
        <ele>904.8</ele>
        <time>2026-09-10T11:20:22.767Z</time>
      </trkpt>
      <trkpt lat="46.9018785" lon="7.4375033">
        <ele>905</ele>
        <time>2026-09-10T11:20:22.767Z</time>
      </trkpt>
      <trkpt lat="46.9018745" lon="7.4375048">
        <ele>905</ele>
        <time>2026-09-10T11:20:22.767Z</time>
      </trkpt>
      <trkpt lat="46.9018634" lon="7.437508">
        <ele>905.2</ele>
        <time>2026-09-10T11:20:22.767Z</time>
      </trkpt>
      <trkpt lat="46.9018556" lon="7.4375114">
        <ele>905.4000000000001</ele>
        <time>2026-09-10T11:20:22.767Z</time>
      </trkpt>
      <trkpt lat="46.901848" lon="7.43751">
        <ele>905.5999999999999</ele>
        <time>2026-09-10T11:20:22.767Z</time>
      </trkpt>
      <trkpt lat="46.9018405" lon="7.43751">
        <ele>905.5999999999999</ele>
        <time>2026-09-10T11:20:22.767Z</time>
      </trkpt>
      <trkpt lat="46.901829" lon="7.4375133">
        <ele>905.8</ele>
        <time>2026-09-10T11:20:22.768Z</time>
      </trkpt>
      <trkpt lat="46.9018212" lon="7.4375167">
        <ele>905.8</ele>
        <time>2026-09-10T11:20:22.768Z</time>
      </trkpt>
      <trkpt lat="46.9018102" lon="7.4375167">
        <ele>906</ele>
        <time>2026-09-10T11:20:22.768Z</time>
      </trkpt>
      <trkpt lat="46.9018022" lon="7.4375181">
        <ele>906</ele>
        <time>2026-09-10T11:20:22.768Z</time>
      </trkpt>
      <trkpt lat="46.9017908" lon="7.43752">
        <ele>906</ele>
        <time>2026-09-10T11:20:22.768Z</time>
      </trkpt>
      <trkpt lat="46.9017833" lon="7.43752">
        <ele>906.2</ele>
        <time>2026-09-10T11:20:22.768Z</time>
      </trkpt>
      <trkpt lat="46.9017717" lon="7.4375214">
        <ele>906.2</ele>
        <time>2026-09-10T11:20:22.768Z</time>
      </trkpt>
      <trkpt lat="46.901764" lon="7.4375266">
        <ele>906.2</ele>
        <time>2026-09-10T11:20:22.768Z</time>
      </trkpt>
      <trkpt lat="46.9017567" lon="7.4375312">
        <ele>906.4000000000001</ele>
        <time>2026-09-10T11:20:22.768Z</time>
      </trkpt>
      <trkpt lat="46.9017453" lon="7.4375333">
        <ele>906.4000000000001</ele>
        <time>2026-09-10T11:20:22.768Z</time>
      </trkpt>
      <trkpt lat="46.9017374" lon="7.4375334">
        <ele>906.4000000000001</ele>
        <time>2026-09-10T11:20:22.768Z</time>
      </trkpt>
      <trkpt lat="46.90173" lon="7.4375379">
        <ele>906.5999999999999</ele>
        <time>2026-09-10T11:20:22.768Z</time>
      </trkpt>
      <trkpt lat="46.9017184" lon="7.4375433">
        <ele>906.5999999999999</ele>
        <time>2026-09-10T11:20:22.768Z</time>
      </trkpt>
      <trkpt lat="46.9017105" lon="7.4375448">
        <ele>906.8</ele>
        <time>2026-09-10T11:20:22.768Z</time>
      </trkpt>
      <trkpt lat="46.9017032" lon="7.4375467">
        <ele>906.8</ele>
        <time>2026-09-10T11:20:22.768Z</time>
      </trkpt>
      <trkpt lat="46.9016918" lon="7.4375467">
        <ele>907</ele>
        <time>2026-09-10T11:20:22.768Z</time>
      </trkpt>
      <trkpt lat="46.9016877" lon="7.4375449">
        <ele>907</ele>
        <time>2026-09-10T11:20:22.768Z</time>
      </trkpt>
      <trkpt lat="46.9016802" lon="7.4375467">
        <ele>907.2</ele>
        <time>2026-09-10T11:20:22.768Z</time>
      </trkpt>
      <trkpt lat="46.9016688" lon="7.43755">
        <ele>907.2</ele>
        <time>2026-09-10T11:20:22.768Z</time>
      </trkpt>
      <trkpt lat="46.9016611" lon="7.4375514">
        <ele>907.4000000000001</ele>
        <time>2026-09-10T11:20:22.768Z</time>
      </trkpt>
      <trkpt lat="46.9016535" lon="7.4375534">
        <ele>907.4000000000001</ele>
        <time>2026-09-10T11:20:22.768Z</time>
      </trkpt>
      <trkpt lat="46.9016419" lon="7.4375567">
        <ele>907.5999999999999</ele>
        <time>2026-09-10T11:20:22.768Z</time>
      </trkpt>
      <trkpt lat="46.9016344" lon="7.43756">
        <ele>907.8</ele>
        <time>2026-09-10T11:20:22.768Z</time>
      </trkpt>
      <trkpt lat="46.901627" lon="7.4375633">
        <ele>907.8</ele>
        <time>2026-09-10T11:20:22.768Z</time>
      </trkpt>
      <trkpt lat="46.901616" lon="7.4375634">
        <ele>908</ele>
        <time>2026-09-10T11:20:22.768Z</time>
      </trkpt>
      <trkpt lat="46.9016074" lon="7.4375668">
        <ele>908</ele>
        <time>2026-09-10T11:20:22.768Z</time>
      </trkpt>
      <trkpt lat="46.9016002" lon="7.43757">
        <ele>908.2</ele>
        <time>2026-09-10T11:20:22.768Z</time>
      </trkpt>
      <trkpt lat="46.9015925" lon="7.4375715">
        <ele>908.4000000000001</ele>
        <time>2026-09-10T11:20:22.768Z</time>
      </trkpt>
      <trkpt lat="46.9015848" lon="7.4375748">
        <ele>908.5999999999999</ele>
        <time>2026-09-10T11:20:22.768Z</time>
      </trkpt>
      <trkpt lat="46.9015772" lon="7.4375781">
        <ele>908.5999999999999</ele>
        <time>2026-09-10T11:20:22.768Z</time>
      </trkpt>
      <trkpt lat="46.9015695" lon="7.4375833">
        <ele>908.8</ele>
        <time>2026-09-10T11:20:22.768Z</time>
      </trkpt>
      <trkpt lat="46.9015619" lon="7.4375867">
        <ele>908.8</ele>
        <time>2026-09-10T11:20:22.768Z</time>
      </trkpt>
      <trkpt lat="46.9015543" lon="7.43759">
        <ele>909</ele>
        <time>2026-09-10T11:20:22.768Z</time>
      </trkpt>
      <trkpt lat="46.9015469" lon="7.4375946">
        <ele>909.2</ele>
        <time>2026-09-10T11:20:22.768Z</time>
      </trkpt>
      <trkpt lat="46.901539" lon="7.4375981">
        <ele>909.2</ele>
        <time>2026-09-10T11:20:22.768Z</time>
      </trkpt>
      <trkpt lat="46.9015315" lon="7.4376014">
        <ele>909.4000000000001</ele>
        <time>2026-09-10T11:20:22.768Z</time>
      </trkpt>
      <trkpt lat="46.9015238" lon="7.4376034">
        <ele>909.4000000000001</ele>
        <time>2026-09-10T11:20:22.768Z</time>
      </trkpt>
      <trkpt lat="46.901516" lon="7.4376049">
        <ele>909.5999999999999</ele>
        <time>2026-09-10T11:20:22.768Z</time>
      </trkpt>
      <trkpt lat="46.9015086" lon="7.4376081">
        <ele>909.5999999999999</ele>
        <time>2026-09-10T11:20:22.768Z</time>
      </trkpt>
      <trkpt lat="46.9015049" lon="7.4376143">
        <ele>909.8</ele>
        <time>2026-09-10T11:20:22.768Z</time>
      </trkpt>
      <trkpt lat="46.901497" lon="7.4376215">
        <ele>909.8</ele>
        <time>2026-09-10T11:20:22.768Z</time>
      </trkpt>
      <trkpt lat="46.9014934" lon="7.4376265">
        <ele>910</ele>
        <time>2026-09-10T11:20:22.768Z</time>
      </trkpt>
      <trkpt lat="46.901482" lon="7.4376333">
        <ele>910</ele>
        <time>2026-09-10T11:20:22.769Z</time>
      </trkpt>
      <trkpt lat="46.901474" lon="7.4376402">
        <ele>910.2</ele>
        <time>2026-09-10T11:20:22.769Z</time>
      </trkpt>
      <trkpt lat="46.9014668" lon="7.4376447">
        <ele>910.2</ele>
        <time>2026-09-10T11:20:22.769Z</time>
      </trkpt>
      <trkpt lat="46.9014589" lon="7.4376502">
        <ele>910.4000000000001</ele>
        <time>2026-09-10T11:20:22.769Z</time>
      </trkpt>
      <trkpt lat="46.9014514" lon="7.4376516">
        <ele>910.5999999999999</ele>
        <time>2026-09-10T11:20:22.769Z</time>
      </trkpt>
      <trkpt lat="46.9014438" lon="7.4376534">
        <ele>910.8</ele>
        <time>2026-09-10T11:20:22.769Z</time>
      </trkpt>
      <trkpt lat="46.9014361" lon="7.4376535">
        <ele>910.8</ele>
        <time>2026-09-10T11:20:22.769Z</time>
      </trkpt>
      <trkpt lat="46.9014284" lon="7.4376535">
        <ele>911</ele>
        <time>2026-09-10T11:20:22.769Z</time>
      </trkpt>
      <trkpt lat="46.9014173" lon="7.4376567">
        <ele>911.2</ele>
        <time>2026-09-10T11:20:22.769Z</time>
      </trkpt>
      <trkpt lat="46.9014094" lon="7.4376601">
        <ele>911.4000000000001</ele>
        <time>2026-09-10T11:20:22.769Z</time>
      </trkpt>
      <trkpt lat="46.9014016" lon="7.4376649">
        <ele>911.4000000000001</ele>
        <time>2026-09-10T11:20:22.769Z</time>
      </trkpt>
      <trkpt lat="46.9013903" lon="7.4376701">
        <ele>911.5999999999999</ele>
        <time>2026-09-10T11:20:22.769Z</time>
      </trkpt>
      <trkpt lat="46.9013829" lon="7.4376747">
        <ele>911.8</ele>
        <time>2026-09-10T11:20:22.769Z</time>
      </trkpt>
      <trkpt lat="46.901375" lon="7.4376797">
        <ele>912</ele>
        <time>2026-09-10T11:20:22.769Z</time>
      </trkpt>
      <trkpt lat="46.9013677" lon="7.437686">
        <ele>912</ele>
        <time>2026-09-10T11:20:22.769Z</time>
      </trkpt>
      <trkpt lat="46.90136" lon="7.4376928">
        <ele>912.2</ele>
        <time>2026-09-10T11:20:22.769Z</time>
      </trkpt>
      <trkpt lat="46.9013559" lon="7.4377013">
        <ele>912.4000000000001</ele>
        <time>2026-09-10T11:20:22.769Z</time>
      </trkpt>
      <trkpt lat="46.901349" lon="7.437703">
        <ele>912.5999999999999</ele>
        <time>2026-09-10T11:20:22.769Z</time>
      </trkpt>
      <trkpt lat="46.9013177" lon="7.437745">
        <ele>913.4000000000001</ele>
        <time>2026-09-10T11:20:22.769Z</time>
      </trkpt>
      <trkpt lat="46.901307" lon="7.4377526">
        <ele>913.4000000000001</ele>
        <time>2026-09-10T11:20:22.769Z</time>
      </trkpt>
      <trkpt lat="46.9012987" lon="7.4377597">
        <ele>913.5999999999999</ele>
        <time>2026-09-10T11:20:22.769Z</time>
      </trkpt>
      <trkpt lat="46.901291" lon="7.4377697">
        <ele>913.8</ele>
        <time>2026-09-10T11:20:22.769Z</time>
      </trkpt>
      <trkpt lat="46.9012836" lon="7.4377813">
        <ele>913.8</ele>
        <time>2026-09-10T11:20:22.769Z</time>
      </trkpt>
      <trkpt lat="46.9012723" lon="7.4377928">
        <ele>914</ele>
        <time>2026-09-10T11:20:22.769Z</time>
      </trkpt>
      <trkpt lat="46.9012643" lon="7.4378031">
        <ele>914.2</ele>
        <time>2026-09-10T11:20:22.769Z</time>
      </trkpt>
      <trkpt lat="46.9012533" lon="7.4378128">
        <ele>914.2</ele>
        <time>2026-09-10T11:20:22.769Z</time>
      </trkpt>
      <trkpt lat="46.9012453" lon="7.4378249">
        <ele>914.4000000000001</ele>
        <time>2026-09-10T11:20:22.769Z</time>
      </trkpt>
      <trkpt lat="46.901234" lon="7.4378363">
        <ele>914.5999999999999</ele>
        <time>2026-09-10T11:20:22.769Z</time>
      </trkpt>
      <trkpt lat="46.9012262" lon="7.4378483">
        <ele>914.5999999999999</ele>
        <time>2026-09-10T11:20:22.769Z</time>
      </trkpt>
      <trkpt lat="46.901215" lon="7.4378596">
        <ele>914.8</ele>
        <time>2026-09-10T11:20:22.769Z</time>
      </trkpt>
      <trkpt lat="46.9012032" lon="7.4378681">
        <ele>915</ele>
        <time>2026-09-10T11:20:22.769Z</time>
      </trkpt>
      <trkpt lat="46.9011957" lon="7.4378798">
        <ele>915</ele>
        <time>2026-09-10T11:20:22.769Z</time>
      </trkpt>
      <trkpt lat="46.9011881" lon="7.4378913">
        <ele>915.2</ele>
        <time>2026-09-10T11:20:22.769Z</time>
      </trkpt>
      <trkpt lat="46.9011765" lon="7.4379034">
        <ele>915.4000000000001</ele>
        <time>2026-09-10T11:20:22.769Z</time>
      </trkpt>
      <trkpt lat="46.9011691" lon="7.4379113">
        <ele>915.5999999999999</ele>
        <time>2026-09-10T11:20:22.769Z</time>
      </trkpt>
      <trkpt lat="46.901158" lon="7.4379196">
        <ele>915.5999999999999</ele>
        <time>2026-09-10T11:20:22.769Z</time>
      </trkpt>
      <trkpt lat="46.9011499" lon="7.437928">
        <ele>915.8</ele>
        <time>2026-09-10T11:20:22.769Z</time>
      </trkpt>
      <trkpt lat="46.9011393" lon="7.4379373">
        <ele>916</ele>
        <time>2026-09-10T11:20:22.769Z</time>
      </trkpt>
      <trkpt lat="46.9011308" lon="7.437948">
        <ele>916</ele>
        <time>2026-09-10T11:20:22.769Z</time>
      </trkpt>
      <trkpt lat="46.9011233" lon="7.4379611">
        <ele>916.2</ele>
        <time>2026-09-10T11:20:22.769Z</time>
      </trkpt>
      <trkpt lat="46.9011121" lon="7.4379712">
        <ele>916.4000000000001</ele>
        <time>2026-09-10T11:20:22.770Z</time>
      </trkpt>
      <trkpt lat="46.901101" lon="7.4379796">
        <ele>916.4000000000001</ele>
        <time>2026-09-10T11:20:22.770Z</time>
      </trkpt>
      <trkpt lat="46.9010894" lon="7.4379846">
        <ele>916.5999999999999</ele>
        <time>2026-09-10T11:20:22.770Z</time>
      </trkpt>
      <trkpt lat="46.9010776" lon="7.4379901">
        <ele>916.8</ele>
        <time>2026-09-10T11:20:22.770Z</time>
      </trkpt>
      <trkpt lat="46.9010697" lon="7.4379983">
        <ele>917</ele>
        <time>2026-09-10T11:20:22.770Z</time>
      </trkpt>
      <trkpt lat="46.9010586" lon="7.438008">
        <ele>917</ele>
        <time>2026-09-10T11:20:22.770Z</time>
      </trkpt>
      <trkpt lat="46.9010474" lon="7.4380146">
        <ele>917.2</ele>
        <time>2026-09-10T11:20:22.770Z</time>
      </trkpt>
      <trkpt lat="46.9010359" lon="7.4380181">
        <ele>917.4000000000001</ele>
        <time>2026-09-10T11:20:22.770Z</time>
      </trkpt>
      <trkpt lat="46.901024" lon="7.4380216">
        <ele>917.4000000000001</ele>
        <time>2026-09-10T11:20:22.770Z</time>
      </trkpt>
      <trkpt lat="46.9010133" lon="7.4380265">
        <ele>917.5999999999999</ele>
        <time>2026-09-10T11:20:22.770Z</time>
      </trkpt>
      <trkpt lat="46.901" lon="7.4380314">
        <ele>917.8</ele>
        <time>2026-09-10T11:20:22.770Z</time>
      </trkpt>
      <trkpt lat="46.9009864" lon="7.4380362">
        <ele>917.8</ele>
        <time>2026-09-10T11:20:22.770Z</time>
      </trkpt>
      <trkpt lat="46.9009747" lon="7.4380397">
        <ele>918</ele>
        <time>2026-09-10T11:20:22.770Z</time>
      </trkpt>
      <trkpt lat="46.9009639" lon="7.4380428">
        <ele>918.2</ele>
        <time>2026-09-10T11:20:22.770Z</time>
      </trkpt>
      <trkpt lat="46.9009517" lon="7.4380431">
        <ele>918.4000000000001</ele>
        <time>2026-09-10T11:20:22.770Z</time>
      </trkpt>
      <trkpt lat="46.9009412" lon="7.4380448">
        <ele>918.4000000000001</ele>
        <time>2026-09-10T11:20:22.770Z</time>
      </trkpt>
      <trkpt lat="46.9009279" lon="7.4380471">
        <ele>918.5999999999999</ele>
        <time>2026-09-10T11:20:22.770Z</time>
      </trkpt>
      <trkpt lat="46.9009141" lon="7.4380497">
        <ele>918.8</ele>
        <time>2026-09-10T11:20:22.770Z</time>
      </trkpt>
      <trkpt lat="46.9009024" lon="7.4380516">
        <ele>919</ele>
        <time>2026-09-10T11:20:22.770Z</time>
      </trkpt>
      <trkpt lat="46.9008877" lon="7.4380487">
        <ele>919</ele>
        <time>2026-09-10T11:20:22.770Z</time>
      </trkpt>
      <trkpt lat="46.9008751" lon="7.4380465">
        <ele>919.2</ele>
        <time>2026-09-10T11:20:22.770Z</time>
      </trkpt>
      <trkpt lat="46.9008608" lon="7.4380482">
        <ele>919.2</ele>
        <time>2026-09-10T11:20:22.770Z</time>
      </trkpt>
      <trkpt lat="46.9008486" lon="7.4380517">
        <ele>919.4000000000001</ele>
        <time>2026-09-10T11:20:22.770Z</time>
      </trkpt>
      <trkpt lat="46.9008375" lon="7.4380531">
        <ele>919.5999999999999</ele>
        <time>2026-09-10T11:20:22.770Z</time>
      </trkpt>
      <trkpt lat="46.9008265" lon="7.4380531">
        <ele>919.5999999999999</ele>
        <time>2026-09-10T11:20:22.770Z</time>
      </trkpt>
      <trkpt lat="46.9008115" lon="7.4380531">
        <ele>919.8</ele>
        <time>2026-09-10T11:20:22.770Z</time>
      </trkpt>
      <trkpt lat="46.9007994" lon="7.43805">
        <ele>919.8</ele>
        <time>2026-09-10T11:20:22.770Z</time>
      </trkpt>
      <trkpt lat="46.9007884" lon="7.4380498">
        <ele>920</ele>
        <time>2026-09-10T11:20:22.770Z</time>
      </trkpt>
      <trkpt lat="46.9007763" lon="7.4380466">
        <ele>920</ele>
        <time>2026-09-10T11:20:22.770Z</time>
      </trkpt>
      <trkpt lat="46.9007653" lon="7.4380451">
        <ele>920.2</ele>
        <time>2026-09-10T11:20:22.770Z</time>
      </trkpt>
      <trkpt lat="46.9007539" lon="7.4380451">
        <ele>920.2</ele>
        <time>2026-09-10T11:20:22.770Z</time>
      </trkpt>
      <trkpt lat="46.9007422" lon="7.4380482">
        <ele>920.4000000000001</ele>
        <time>2026-09-10T11:20:22.770Z</time>
      </trkpt>
      <trkpt lat="46.9007308" lon="7.4380559">
        <ele>920.4000000000001</ele>
        <time>2026-09-10T11:20:22.770Z</time>
      </trkpt>
      <trkpt lat="46.9007202" lon="7.4380652">
        <ele>920.5999999999999</ele>
        <time>2026-09-10T11:20:22.770Z</time>
      </trkpt>
      <trkpt lat="46.9007119" lon="7.4380777">
        <ele>920.5999999999999</ele>
        <time>2026-09-10T11:20:22.770Z</time>
      </trkpt>
      <trkpt lat="46.9007039" lon="7.4380909">
        <ele>920.5999999999999</ele>
        <time>2026-09-10T11:20:22.770Z</time>
      </trkpt>
      <trkpt lat="46.900696" lon="7.4381047">
        <ele>920.8</ele>
        <time>2026-09-10T11:20:22.770Z</time>
      </trkpt>
      <trkpt lat="46.9006885" lon="7.4381179">
        <ele>920.8</ele>
        <time>2026-09-10T11:20:22.770Z</time>
      </trkpt>
      <trkpt lat="46.9006768" lon="7.4381332">
        <ele>920.8</ele>
        <time>2026-09-10T11:20:22.770Z</time>
      </trkpt>
      <trkpt lat="46.9006696" lon="7.4381488">
        <ele>920.8</ele>
        <time>2026-09-10T11:20:22.770Z</time>
      </trkpt>
      <trkpt lat="46.9006616" lon="7.4381663">
        <ele>921</ele>
        <time>2026-09-10T11:20:22.771Z</time>
      </trkpt>
      <trkpt lat="46.9006578" lon="7.4381828">
        <ele>921</ele>
        <time>2026-09-10T11:20:22.771Z</time>
      </trkpt>
      <trkpt lat="46.9006539" lon="7.438203">
        <ele>921</ele>
        <time>2026-09-10T11:20:22.771Z</time>
      </trkpt>
      <trkpt lat="46.9006502" lon="7.4382205">
        <ele>921.2</ele>
        <time>2026-09-10T11:20:22.771Z</time>
      </trkpt>
      <trkpt lat="46.9006426" lon="7.4382378">
        <ele>921.2</ele>
        <time>2026-09-10T11:20:22.771Z</time>
      </trkpt>
      <trkpt lat="46.9006354" lon="7.4382523">
        <ele>921.4000000000001</ele>
        <time>2026-09-10T11:20:22.771Z</time>
      </trkpt>
      <trkpt lat="46.9006273" lon="7.4382678">
        <ele>921.5999999999999</ele>
        <time>2026-09-10T11:20:22.771Z</time>
      </trkpt>
      <trkpt lat="46.9006198" lon="7.4382827">
        <ele>921.8</ele>
        <time>2026-09-10T11:20:22.771Z</time>
      </trkpt>
      <trkpt lat="46.9006083" lon="7.4382965">
        <ele>922.2</ele>
        <time>2026-09-10T11:20:22.771Z</time>
      </trkpt>
      <trkpt lat="46.9006009" lon="7.4383125">
        <ele>922.5999999999999</ele>
        <time>2026-09-10T11:20:22.771Z</time>
      </trkpt>
      <trkpt lat="46.9005966" lon="7.43833">
        <ele>922.8</ele>
        <time>2026-09-10T11:20:22.771Z</time>
      </trkpt>
      <trkpt lat="46.9005895" lon="7.4383471">
        <ele>923.2</ele>
        <time>2026-09-10T11:20:22.771Z</time>
      </trkpt>
      <trkpt lat="46.9005817" lon="7.4383642">
        <ele>923.4000000000001</ele>
        <time>2026-09-10T11:20:22.771Z</time>
      </trkpt>
      <trkpt lat="46.9005777" lon="7.4383843">
        <ele>923.8</ele>
        <time>2026-09-10T11:20:22.771Z</time>
      </trkpt>
      <trkpt lat="46.9005704" lon="7.438402">
        <ele>924</ele>
        <time>2026-09-10T11:20:22.771Z</time>
      </trkpt>
      <trkpt lat="46.9005699" lon="7.4384217">
        <ele>924.2</ele>
        <time>2026-09-10T11:20:22.771Z</time>
      </trkpt>
      <trkpt lat="46.9005663" lon="7.4384423">
        <ele>924.2</ele>
        <time>2026-09-10T11:20:22.771Z</time>
      </trkpt>
      <trkpt lat="46.9005591" lon="7.4384603">
        <ele>924.4000000000001</ele>
        <time>2026-09-10T11:20:22.771Z</time>
      </trkpt>
      <trkpt lat="46.9005473" lon="7.4384781">
        <ele>924.4000000000001</ele>
        <time>2026-09-10T11:20:22.771Z</time>
      </trkpt>
      <trkpt lat="46.9005396" lon="7.4384946">
        <ele>924.4000000000001</ele>
        <time>2026-09-10T11:20:22.771Z</time>
      </trkpt>
      <trkpt lat="46.900532" lon="7.4385146">
        <ele>924.5999999999999</ele>
        <time>2026-09-10T11:20:22.771Z</time>
      </trkpt>
      <trkpt lat="46.9005281" lon="7.4385344">
        <ele>924.5999999999999</ele>
        <time>2026-09-10T11:20:22.771Z</time>
      </trkpt>
      <trkpt lat="46.9005242" lon="7.4385561">
        <ele>924.5999999999999</ele>
        <time>2026-09-10T11:20:22.771Z</time>
      </trkpt>
      <trkpt lat="46.900517" lon="7.4385755">
        <ele>924.5999999999999</ele>
        <time>2026-09-10T11:20:22.771Z</time>
      </trkpt>
      <trkpt lat="46.900509" lon="7.4385966">
        <ele>924.5999999999999</ele>
        <time>2026-09-10T11:20:22.771Z</time>
      </trkpt>
      <trkpt lat="46.9005017" lon="7.438617">
        <ele>924.5999999999999</ele>
        <time>2026-09-10T11:20:22.771Z</time>
      </trkpt>
      <trkpt lat="46.9004939" lon="7.4386374">
        <ele>924.5999999999999</ele>
        <time>2026-09-10T11:20:22.771Z</time>
      </trkpt>
      <trkpt lat="46.9004862" lon="7.4386575">
        <ele>924.5999999999999</ele>
        <time>2026-09-10T11:20:22.771Z</time>
      </trkpt>
      <trkpt lat="46.9004785" lon="7.4386777">
        <ele>924.5999999999999</ele>
        <time>2026-09-10T11:20:22.771Z</time>
      </trkpt>
      <trkpt lat="46.9004652" lon="7.4386943">
        <ele>924.8</ele>
        <time>2026-09-10T11:20:22.771Z</time>
      </trkpt>
      <trkpt lat="46.9004562" lon="7.4387146">
        <ele>924.8</ele>
        <time>2026-09-10T11:20:22.771Z</time>
      </trkpt>
      <trkpt lat="46.9004482" lon="7.4387356">
        <ele>924.8</ele>
        <time>2026-09-10T11:20:22.771Z</time>
      </trkpt>
      <trkpt lat="46.9004405" lon="7.4387577">
        <ele>924.8</ele>
        <time>2026-09-10T11:20:22.771Z</time>
      </trkpt>
      <trkpt lat="46.9004293" lon="7.4387774">
        <ele>924.8</ele>
        <time>2026-09-10T11:20:22.771Z</time>
      </trkpt>
      <trkpt lat="46.9004218" lon="7.4387981">
        <ele>924.8</ele>
        <time>2026-09-10T11:20:22.771Z</time>
      </trkpt>
      <trkpt lat="46.9004142" lon="7.4388198">
        <ele>925</ele>
        <time>2026-09-10T11:20:22.771Z</time>
      </trkpt>
      <trkpt lat="46.900399" lon="7.4388441">
        <ele>925</ele>
        <time>2026-09-10T11:20:22.771Z</time>
      </trkpt>
      <trkpt lat="46.9003836" lon="7.438869">
        <ele>925</ele>
        <time>2026-09-10T11:20:22.771Z</time>
      </trkpt>
      <trkpt lat="46.9003649" lon="7.4388953">
        <ele>925</ele>
        <time>2026-09-10T11:20:22.771Z</time>
      </trkpt>
      <trkpt lat="46.9003453" lon="7.438926">
        <ele>925</ele>
        <time>2026-09-10T11:20:22.771Z</time>
      </trkpt>
      <trkpt lat="46.9003132" lon="7.4389519">
        <ele>924.8</ele>
        <time>2026-09-10T11:20:22.771Z</time>
      </trkpt>
      <trkpt lat="46.9002821" lon="7.4389627">
        <ele>924.8</ele>
        <time>2026-09-10T11:20:22.771Z</time>
      </trkpt>
      <trkpt lat="46.9002479" lon="7.4389554">
        <ele>924.8</ele>
        <time>2026-09-10T11:20:22.771Z</time>
      </trkpt>
      <trkpt lat="46.9002231" lon="7.4389403">
        <ele>925</ele>
        <time>2026-09-10T11:20:22.772Z</time>
      </trkpt>
      <trkpt lat="46.9002015" lon="7.4389258">
        <ele>925</ele>
        <time>2026-09-10T11:20:22.772Z</time>
      </trkpt>
      <trkpt lat="46.9001851" lon="7.4389151">
        <ele>925.2</ele>
        <time>2026-09-10T11:20:22.772Z</time>
      </trkpt>
      <trkpt lat="46.9001667" lon="7.4389071">
        <ele>925.4000000000001</ele>
        <time>2026-09-10T11:20:22.772Z</time>
      </trkpt>
      <trkpt lat="46.9001516" lon="7.4388975">
        <ele>925.5999999999999</ele>
        <time>2026-09-10T11:20:22.772Z</time>
      </trkpt>
      <trkpt lat="46.9001358" lon="7.4388889">
        <ele>925.8</ele>
        <time>2026-09-10T11:20:22.772Z</time>
      </trkpt>
      <trkpt lat="46.9001239" lon="7.438877">
        <ele>926</ele>
        <time>2026-09-10T11:20:22.772Z</time>
      </trkpt>
      <trkpt lat="46.9001129" lon="7.4388659">
        <ele>926.2</ele>
        <time>2026-09-10T11:20:22.772Z</time>
      </trkpt>
      <trkpt lat="46.9000977" lon="7.438854">
        <ele>926.4000000000001</ele>
        <time>2026-09-10T11:20:22.772Z</time>
      </trkpt>
      <trkpt lat="46.9000861" lon="7.4388438">
        <ele>926.5999999999999</ele>
        <time>2026-09-10T11:20:22.772Z</time>
      </trkpt>
      <trkpt lat="46.9000742" lon="7.4388287">
        <ele>926.8</ele>
        <time>2026-09-10T11:20:22.772Z</time>
      </trkpt>
      <trkpt lat="46.9000596" lon="7.4388159">
        <ele>927</ele>
        <time>2026-09-10T11:20:22.772Z</time>
      </trkpt>
      <trkpt lat="46.9000483" lon="7.4388042">
        <ele>927.2</ele>
        <time>2026-09-10T11:20:22.772Z</time>
      </trkpt>
      <trkpt lat="46.9000326" lon="7.4387967">
        <ele>927.4000000000001</ele>
        <time>2026-09-10T11:20:22.772Z</time>
      </trkpt>
      <trkpt lat="46.9000213" lon="7.4387889">
        <ele>927.4000000000001</ele>
        <time>2026-09-10T11:20:22.772Z</time>
      </trkpt>
      <trkpt lat="46.9000092" lon="7.4387718">
        <ele>927.5999999999999</ele>
        <time>2026-09-10T11:20:22.772Z</time>
      </trkpt>
      <trkpt lat="46.9000023" lon="7.4387566">
        <ele>927.8</ele>
        <time>2026-09-10T11:20:22.772Z</time>
      </trkpt>
      <trkpt lat="46.8999904" lon="7.438742">
        <ele>927.8</ele>
        <time>2026-09-10T11:20:22.772Z</time>
      </trkpt>
      <trkpt lat="46.8999792" lon="7.4387277">
        <ele>928</ele>
        <time>2026-09-10T11:20:22.772Z</time>
      </trkpt>
      <trkpt lat="46.8999682" lon="7.4387129">
        <ele>928.2</ele>
        <time>2026-09-10T11:20:22.772Z</time>
      </trkpt>
      <trkpt lat="46.8999569" lon="7.4386996">
        <ele>928.4000000000001</ele>
        <time>2026-09-10T11:20:22.772Z</time>
      </trkpt>
      <trkpt lat="46.8999484" lon="7.4386822">
        <ele>928.5999999999999</ele>
        <time>2026-09-10T11:20:22.772Z</time>
      </trkpt>
      <trkpt lat="46.8999383" lon="7.4386673">
        <ele>928.8</ele>
        <time>2026-09-10T11:20:22.772Z</time>
      </trkpt>
      <trkpt lat="46.8999316" lon="7.4386496">
        <ele>929</ele>
        <time>2026-09-10T11:20:22.772Z</time>
      </trkpt>
      <trkpt lat="46.8999256" lon="7.4386311">
        <ele>929.2</ele>
        <time>2026-09-10T11:20:22.772Z</time>
      </trkpt>
      <trkpt lat="46.8999142" lon="7.4386139">
        <ele>929.4000000000001</ele>
        <time>2026-09-10T11:20:22.772Z</time>
      </trkpt>
      <trkpt lat="46.8999102" lon="7.4385947">
        <ele>929.5999999999999</ele>
        <time>2026-09-10T11:20:22.772Z</time>
      </trkpt>
      <trkpt lat="46.8999026" lon="7.4385739">
        <ele>929.5999999999999</ele>
        <time>2026-09-10T11:20:22.772Z</time>
      </trkpt>
      <trkpt lat="46.8998988" lon="7.4385531">
        <ele>929.8</ele>
        <time>2026-09-10T11:20:22.772Z</time>
      </trkpt>
      <trkpt lat="46.8998947" lon="7.4385321">
        <ele>929.8</ele>
        <time>2026-09-10T11:20:22.772Z</time>
      </trkpt>
      <trkpt lat="46.8998911" lon="7.4385132">
        <ele>929.8</ele>
        <time>2026-09-10T11:20:22.772Z</time>
      </trkpt>
      <trkpt lat="46.8998874" lon="7.4384913">
        <ele>930</ele>
        <time>2026-09-10T11:20:22.772Z</time>
      </trkpt>
      <trkpt lat="46.8998836" lon="7.4384703">
        <ele>930</ele>
        <time>2026-09-10T11:20:22.772Z</time>
      </trkpt>
      <trkpt lat="46.8998832" lon="7.4384472">
        <ele>930.2</ele>
        <time>2026-09-10T11:20:22.772Z</time>
      </trkpt>
      <trkpt lat="46.8998832" lon="7.4384283">
        <ele>930.4000000000001</ele>
        <time>2026-09-10T11:20:22.772Z</time>
      </trkpt>
      <trkpt lat="46.8998832" lon="7.4384054">
        <ele>930.5999999999999</ele>
        <time>2026-09-10T11:20:22.772Z</time>
      </trkpt>
      <trkpt lat="46.8998832" lon="7.4383844">
        <ele>930.5999999999999</ele>
        <time>2026-09-10T11:20:22.772Z</time>
      </trkpt>
      <trkpt lat="46.8998832" lon="7.4383615">
        <ele>930.8</ele>
        <time>2026-09-10T11:20:22.772Z</time>
      </trkpt>
      <trkpt lat="46.8998868" lon="7.4383418">
        <ele>931</ele>
        <time>2026-09-10T11:20:22.772Z</time>
      </trkpt>
      <trkpt lat="46.8998942" lon="7.4383215">
        <ele>931</ele>
        <time>2026-09-10T11:20:22.772Z</time>
      </trkpt>
      <trkpt lat="46.8998981" lon="7.4383009">
        <ele>931.2</ele>
        <time>2026-09-10T11:20:22.772Z</time>
      </trkpt>
      <trkpt lat="46.8999036" lon="7.4382788">
        <ele>931.2</ele>
        <time>2026-09-10T11:20:22.772Z</time>
      </trkpt>
      <trkpt lat="46.8999095" lon="7.4382566">
        <ele>931.4000000000001</ele>
        <time>2026-09-10T11:20:22.773Z</time>
      </trkpt>
      <trkpt lat="46.8999169" lon="7.4382322">
        <ele>931.5999999999999</ele>
        <time>2026-09-10T11:20:22.773Z</time>
      </trkpt>
      <trkpt lat="46.8999246" lon="7.43821">
        <ele>931.5999999999999</ele>
        <time>2026-09-10T11:20:22.773Z</time>
      </trkpt>
      <trkpt lat="46.8999323" lon="7.4381882">
        <ele>931.5999999999999</ele>
        <time>2026-09-10T11:20:22.773Z</time>
      </trkpt>
      <trkpt lat="46.8999394" lon="7.4381681">
        <ele>932</ele>
        <time>2026-09-10T11:20:22.773Z</time>
      </trkpt>
      <trkpt lat="46.8999511" lon="7.4381449">
        <ele>932.2</ele>
        <time>2026-09-10T11:20:22.773Z</time>
      </trkpt>
      <trkpt lat="46.8999589" lon="7.4381236">
        <ele>932.5999999999999</ele>
        <time>2026-09-10T11:20:22.773Z</time>
      </trkpt>
      <trkpt lat="46.8999703" lon="7.4381043">
        <ele>932.8</ele>
        <time>2026-09-10T11:20:22.773Z</time>
      </trkpt>
      <trkpt lat="46.8999814" lon="7.4380837">
        <ele>933.2</ele>
        <time>2026-09-10T11:20:22.773Z</time>
      </trkpt>
      <trkpt lat="46.8999896" lon="7.4380628">
        <ele>933.4000000000001</ele>
        <time>2026-09-10T11:20:22.773Z</time>
      </trkpt>
      <trkpt lat="46.9000001" lon="7.4380442">
        <ele>933.5999999999999</ele>
        <time>2026-09-10T11:20:22.773Z</time>
      </trkpt>
      <trkpt lat="46.9000118" lon="7.4380231">
        <ele>933.5999999999999</ele>
        <time>2026-09-10T11:20:22.773Z</time>
      </trkpt>
      <trkpt lat="46.9000237" lon="7.4380015">
        <ele>933.8</ele>
        <time>2026-09-10T11:20:22.773Z</time>
      </trkpt>
      <trkpt lat="46.9000314" lon="7.4379803">
        <ele>934</ele>
        <time>2026-09-10T11:20:22.773Z</time>
      </trkpt>
      <trkpt lat="46.9000391" lon="7.4379584">
        <ele>934</ele>
        <time>2026-09-10T11:20:22.773Z</time>
      </trkpt>
      <trkpt lat="46.900051" lon="7.4379351">
        <ele>934.2</ele>
        <time>2026-09-10T11:20:22.773Z</time>
      </trkpt>
      <trkpt lat="46.9000578" lon="7.4379175">
        <ele>934.2</ele>
        <time>2026-09-10T11:20:22.773Z</time>
      </trkpt>
      <trkpt lat="46.9000697" lon="7.4378944">
        <ele>934.4000000000001</ele>
        <time>2026-09-10T11:20:22.773Z</time>
      </trkpt>
      <trkpt lat="46.9000772" lon="7.4378732">
        <ele>934.4000000000001</ele>
        <time>2026-09-10T11:20:22.773Z</time>
      </trkpt>
      <trkpt lat="46.9000885" lon="7.4378528">
        <ele>934.5999999999999</ele>
        <time>2026-09-10T11:20:22.773Z</time>
      </trkpt>
      <trkpt lat="46.900096" lon="7.4378325">
        <ele>934.5999999999999</ele>
        <time>2026-09-10T11:20:22.773Z</time>
      </trkpt>
      <trkpt lat="46.9001078" lon="7.4378094">
        <ele>934.8</ele>
        <time>2026-09-10T11:20:22.773Z</time>
      </trkpt>
      <trkpt lat="46.9001153" lon="7.4377887">
        <ele>934.8</ele>
        <time>2026-09-10T11:20:22.773Z</time>
      </trkpt>
      <trkpt lat="46.9001267" lon="7.4377664">
        <ele>935</ele>
        <time>2026-09-10T11:20:22.773Z</time>
      </trkpt>
      <trkpt lat="46.9001344" lon="7.4377468">
        <ele>935.2</ele>
        <time>2026-09-10T11:20:22.773Z</time>
      </trkpt>
      <trkpt lat="46.9001454" lon="7.4377239">
        <ele>935.2</ele>
        <time>2026-09-10T11:20:22.773Z</time>
      </trkpt>
      <trkpt lat="46.9001535" lon="7.4377003">
        <ele>935.4000000000001</ele>
        <time>2026-09-10T11:20:22.773Z</time>
      </trkpt>
      <trkpt lat="46.9001649" lon="7.4376778">
        <ele>935.4000000000001</ele>
        <time>2026-09-10T11:20:22.773Z</time>
      </trkpt>
      <trkpt lat="46.9001725" lon="7.4376568">
        <ele>935.5999999999999</ele>
        <time>2026-09-10T11:20:22.773Z</time>
      </trkpt>
      <trkpt lat="46.9001842" lon="7.4376327">
        <ele>935.8</ele>
        <time>2026-09-10T11:20:22.773Z</time>
      </trkpt>
      <trkpt lat="46.9001951" lon="7.4376132">
        <ele>935.8</ele>
        <time>2026-09-10T11:20:22.773Z</time>
      </trkpt>
      <trkpt lat="46.9002031" lon="7.4375918">
        <ele>936</ele>
        <time>2026-09-10T11:20:22.773Z</time>
      </trkpt>
      <trkpt lat="46.9002138" lon="7.4375695">
        <ele>936.2</ele>
        <time>2026-09-10T11:20:22.773Z</time>
      </trkpt>
      <trkpt lat="46.9002223" lon="7.4375461">
        <ele>936.4000000000001</ele>
        <time>2026-09-10T11:20:22.773Z</time>
      </trkpt>
      <trkpt lat="46.9002329" lon="7.4375259">
        <ele>936.5999999999999</ele>
        <time>2026-09-10T11:20:22.773Z</time>
      </trkpt>
      <trkpt lat="46.9002429" lon="7.437503">
        <ele>936.5999999999999</ele>
        <time>2026-09-10T11:20:22.773Z</time>
      </trkpt>
      <trkpt lat="46.9002528" lon="7.4374797">
        <ele>936.8</ele>
        <time>2026-09-10T11:20:22.773Z</time>
      </trkpt>
      <trkpt lat="46.9002604" lon="7.4374579">
        <ele>937</ele>
        <time>2026-09-10T11:20:22.773Z</time>
      </trkpt>
      <trkpt lat="46.9002715" lon="7.4374369">
        <ele>937</ele>
        <time>2026-09-10T11:20:22.773Z</time>
      </trkpt>
      <trkpt lat="46.9002832" lon="7.4374142">
        <ele>937.2</ele>
        <time>2026-09-10T11:20:22.773Z</time>
      </trkpt>
      <trkpt lat="46.9002907" lon="7.4373909">
        <ele>937.4000000000001</ele>
        <time>2026-09-10T11:20:22.774Z</time>
      </trkpt>
      <trkpt lat="46.9002988" lon="7.4373657">
        <ele>937.4000000000001</ele>
        <time>2026-09-10T11:20:22.774Z</time>
      </trkpt>
      <trkpt lat="46.9003064" lon="7.4373427">
        <ele>937.5999999999999</ele>
        <time>2026-09-10T11:20:22.774Z</time>
      </trkpt>
      <trkpt lat="46.9003138" lon="7.4373186">
        <ele>937.8</ele>
        <time>2026-09-10T11:20:22.775Z</time>
      </trkpt>
      <trkpt lat="46.9003178" lon="7.4372942">
        <ele>938</ele>
        <time>2026-09-10T11:20:22.775Z</time>
      </trkpt>
      <trkpt lat="46.9003219" lon="7.4372656">
        <ele>938.2</ele>
        <time>2026-09-10T11:20:22.775Z</time>
      </trkpt>
      <trkpt lat="46.9003256" lon="7.4372417">
        <ele>938.4000000000001</ele>
        <time>2026-09-10T11:20:22.775Z</time>
      </trkpt>
      <trkpt lat="46.9003293" lon="7.4372166">
        <ele>938.5999999999999</ele>
        <time>2026-09-10T11:20:22.775Z</time>
      </trkpt>
      <trkpt lat="46.9003331" lon="7.4371921">
        <ele>938.5999999999999</ele>
        <time>2026-09-10T11:20:22.775Z</time>
      </trkpt>
      <trkpt lat="46.900337" lon="7.4371653">
        <ele>938.8</ele>
        <time>2026-09-10T11:20:22.775Z</time>
      </trkpt>
      <trkpt lat="46.9003372" lon="7.4371393">
        <ele>938.8</ele>
        <time>2026-09-10T11:20:22.775Z</time>
      </trkpt>
      <trkpt lat="46.900341" lon="7.4371104">
        <ele>939</ele>
        <time>2026-09-10T11:20:22.775Z</time>
      </trkpt>
      <trkpt lat="46.9003377" lon="7.4370857">
        <ele>939</ele>
        <time>2026-09-10T11:20:22.775Z</time>
      </trkpt>
      <trkpt lat="46.9003355" lon="7.4370591">
        <ele>939.2</ele>
        <time>2026-09-10T11:20:22.775Z</time>
      </trkpt>
      <trkpt lat="46.9003336" lon="7.4370321">
        <ele>939.4000000000001</ele>
        <time>2026-09-10T11:20:22.775Z</time>
      </trkpt>
      <trkpt lat="46.9003334" lon="7.4370039">
        <ele>939.4000000000001</ele>
        <time>2026-09-10T11:20:22.775Z</time>
      </trkpt>
      <trkpt lat="46.9003298" lon="7.4369798">
        <ele>939.5999999999999</ele>
        <time>2026-09-10T11:20:22.775Z</time>
      </trkpt>
      <trkpt lat="46.9003258" lon="7.4369505">
        <ele>939.5999999999999</ele>
        <time>2026-09-10T11:20:22.775Z</time>
      </trkpt>
      <trkpt lat="46.9003186" lon="7.4369283">
        <ele>939.8</ele>
        <time>2026-09-10T11:20:22.775Z</time>
      </trkpt>
      <trkpt lat="46.9003143" lon="7.4369018">
        <ele>939.8</ele>
        <time>2026-09-10T11:20:22.775Z</time>
      </trkpt>
      <trkpt lat="46.9003107" lon="7.4368762">
        <ele>940</ele>
        <time>2026-09-10T11:20:22.775Z</time>
      </trkpt>
      <trkpt lat="46.9003032" lon="7.4368509">
        <ele>940.2</ele>
        <time>2026-09-10T11:20:22.775Z</time>
      </trkpt>
      <trkpt lat="46.9002958" lon="7.4368284">
        <ele>940.2</ele>
        <time>2026-09-10T11:20:22.775Z</time>
      </trkpt>
      <trkpt lat="46.9002916" lon="7.4368024">
        <ele>940.2</ele>
        <time>2026-09-10T11:20:22.775Z</time>
      </trkpt>
      <trkpt lat="46.9002844" lon="7.4367785">
        <ele>940.4000000000001</ele>
        <time>2026-09-10T11:20:22.775Z</time>
      </trkpt>
      <trkpt lat="46.90028" lon="7.43675">
        <ele>940.5999999999999</ele>
        <time>2026-09-10T11:20:22.775Z</time>
      </trkpt>
      <trkpt lat="46.9002764" lon="7.4367243">
        <ele>940.8</ele>
        <time>2026-09-10T11:20:22.775Z</time>
      </trkpt>
      <trkpt lat="46.9002688" lon="7.4366993">
        <ele>941</ele>
        <time>2026-09-10T11:20:22.775Z</time>
      </trkpt>
      <trkpt lat="46.9002649" lon="7.4366761">
        <ele>941.2</ele>
        <time>2026-09-10T11:20:22.775Z</time>
      </trkpt>
      <trkpt lat="46.9002572" lon="7.4366488">
        <ele>941.5999999999999</ele>
        <time>2026-09-10T11:20:22.775Z</time>
      </trkpt>
      <trkpt lat="46.9002538" lon="7.4366262">
        <ele>941.8</ele>
        <time>2026-09-10T11:20:22.775Z</time>
      </trkpt>
      <trkpt lat="46.9002481" lon="7.4366008">
        <ele>941.8</ele>
        <time>2026-09-10T11:20:22.775Z</time>
      </trkpt>
      <trkpt lat="46.9002422" lon="7.4365748">
        <ele>942</ele>
        <time>2026-09-10T11:20:22.775Z</time>
      </trkpt>
      <trkpt lat="46.9002418" lon="7.4365481">
        <ele>942.2</ele>
        <time>2026-09-10T11:20:22.775Z</time>
      </trkpt>
      <trkpt lat="46.9002382" lon="7.4365214">
        <ele>942.4000000000001</ele>
        <time>2026-09-10T11:20:22.775Z</time>
      </trkpt>
      <trkpt lat="46.9002381" lon="7.4364933">
        <ele>942.4000000000001</ele>
        <time>2026-09-10T11:20:22.775Z</time>
      </trkpt>
      <trkpt lat="46.9002313" lon="7.4364709">
        <ele>942.5999999999999</ele>
        <time>2026-09-10T11:20:22.775Z</time>
      </trkpt>
      <trkpt lat="46.9002287" lon="7.4364451">
        <ele>942.8</ele>
        <time>2026-09-10T11:20:22.775Z</time>
      </trkpt>
      <trkpt lat="46.9002267" lon="7.4364188">
        <ele>943</ele>
        <time>2026-09-10T11:20:22.775Z</time>
      </trkpt>
      <trkpt lat="46.9002229" lon="7.4363894">
        <ele>943</ele>
        <time>2026-09-10T11:20:22.775Z</time>
      </trkpt>
      <trkpt lat="46.9002193" lon="7.4363639">
        <ele>943.2</ele>
        <time>2026-09-10T11:20:22.775Z</time>
      </trkpt>
      <trkpt lat="46.9002189" lon="7.4363338">
        <ele>943.2</ele>
        <time>2026-09-10T11:20:22.775Z</time>
      </trkpt>
      <trkpt lat="46.9002154" lon="7.4363085">
        <ele>943.2</ele>
        <time>2026-09-10T11:20:22.775Z</time>
      </trkpt>
      <trkpt lat="46.9002152" lon="7.4362807">
        <ele>943.4000000000001</ele>
        <time>2026-09-10T11:20:22.775Z</time>
      </trkpt>
      <trkpt lat="46.9002152" lon="7.4362553">
        <ele>943.4000000000001</ele>
        <time>2026-09-10T11:20:22.775Z</time>
      </trkpt>
      <trkpt lat="46.9002114" lon="7.4362257">
        <ele>943.5999999999999</ele>
        <time>2026-09-10T11:20:22.776Z</time>
      </trkpt>
      <trkpt lat="46.9002149" lon="7.4361996">
        <ele>943.5999999999999</ele>
        <time>2026-09-10T11:20:22.776Z</time>
      </trkpt>
      <trkpt lat="46.9002152" lon="7.4361704">
        <ele>943.5999999999999</ele>
        <time>2026-09-10T11:20:22.776Z</time>
      </trkpt>
      <trkpt lat="46.9002152" lon="7.4361428">
        <ele>943.8</ele>
        <time>2026-09-10T11:20:22.776Z</time>
      </trkpt>
      <trkpt lat="46.9002114" lon="7.4361118">
        <ele>943.8</ele>
        <time>2026-09-10T11:20:22.776Z</time>
      </trkpt>
      <trkpt lat="46.9002113" lon="7.4360816">
        <ele>943.8</ele>
        <time>2026-09-10T11:20:22.776Z</time>
      </trkpt>
      <trkpt lat="46.9002113" lon="7.4360497">
        <ele>943.8</ele>
        <time>2026-09-10T11:20:22.776Z</time>
      </trkpt>
      <trkpt lat="46.900215" lon="7.4360165">
        <ele>943.8</ele>
        <time>2026-09-10T11:20:22.776Z</time>
      </trkpt>
      <trkpt lat="46.9002152" lon="7.4359823">
        <ele>943.8</ele>
        <time>2026-09-10T11:20:22.776Z</time>
      </trkpt>
      <trkpt lat="46.9002152" lon="7.4359482">
        <ele>943.8</ele>
        <time>2026-09-10T11:20:22.776Z</time>
      </trkpt>
      <trkpt lat="46.9002152" lon="7.4359122">
        <ele>943.8</ele>
        <time>2026-09-10T11:20:22.776Z</time>
      </trkpt>
      <trkpt lat="46.9002189" lon="7.4358794">
        <ele>944</ele>
        <time>2026-09-10T11:20:22.776Z</time>
      </trkpt>
      <trkpt lat="46.9002153" lon="7.4358424">
        <ele>944</ele>
        <time>2026-09-10T11:20:22.776Z</time>
      </trkpt>
      <trkpt lat="46.9002152" lon="7.4358065">
        <ele>944.2</ele>
        <time>2026-09-10T11:20:22.776Z</time>
      </trkpt>
      <trkpt lat="46.9002152" lon="7.4357692">
        <ele>944.2</ele>
        <time>2026-09-10T11:20:22.776Z</time>
      </trkpt>
      <trkpt lat="46.9002152" lon="7.4357361">
        <ele>944.2</ele>
        <time>2026-09-10T11:20:22.776Z</time>
      </trkpt>
      <trkpt lat="46.9002152" lon="7.435699">
        <ele>944.2</ele>
        <time>2026-09-10T11:20:22.776Z</time>
      </trkpt>
      <trkpt lat="46.9002188" lon="7.4356634">
        <ele>944.4000000000001</ele>
        <time>2026-09-10T11:20:22.776Z</time>
      </trkpt>
      <trkpt lat="46.9002189" lon="7.4356246">
        <ele>944.4000000000001</ele>
        <time>2026-09-10T11:20:22.776Z</time>
      </trkpt>
      <trkpt lat="46.9002226" lon="7.4355869">
        <ele>944.5999999999999</ele>
        <time>2026-09-10T11:20:22.776Z</time>
      </trkpt>
      <trkpt lat="46.9002228" lon="7.435549">
        <ele>944.5999999999999</ele>
        <time>2026-09-10T11:20:22.776Z</time>
      </trkpt>
      <trkpt lat="46.9002261" lon="7.4355119">
        <ele>944.5999999999999</ele>
        <time>2026-09-10T11:20:22.776Z</time>
      </trkpt>
      <trkpt lat="46.9002266" lon="7.43547">
        <ele>944.8</ele>
        <time>2026-09-10T11:20:22.776Z</time>
      </trkpt>
      <trkpt lat="46.9002266" lon="7.4354286">
        <ele>944.8</ele>
        <time>2026-09-10T11:20:22.776Z</time>
      </trkpt>
      <trkpt lat="46.9002266" lon="7.4353865">
        <ele>944.8</ele>
        <time>2026-09-10T11:20:22.776Z</time>
      </trkpt>
      <trkpt lat="46.9002266" lon="7.4353483">
        <ele>944.8</ele>
        <time>2026-09-10T11:20:22.776Z</time>
      </trkpt>
      <trkpt lat="46.9002266" lon="7.4353074">
        <ele>944.8</ele>
        <time>2026-09-10T11:20:22.776Z</time>
      </trkpt>
      <trkpt lat="46.9002302" lon="7.4352677">
        <ele>944.8</ele>
        <time>2026-09-10T11:20:22.776Z</time>
      </trkpt>
      <trkpt lat="46.9002341" lon="7.4352242">
        <ele>945</ele>
        <time>2026-09-10T11:20:22.776Z</time>
      </trkpt>
      <trkpt lat="46.9002379" lon="7.4351868">
        <ele>945</ele>
        <time>2026-09-10T11:20:22.776Z</time>
      </trkpt>
      <trkpt lat="46.9002417" lon="7.4351482">
        <ele>945</ele>
        <time>2026-09-10T11:20:22.776Z</time>
      </trkpt>
      <trkpt lat="46.9002492" lon="7.4351113">
        <ele>945</ele>
        <time>2026-09-10T11:20:22.776Z</time>
      </trkpt>
      <trkpt lat="46.9002533" lon="7.4350749">
        <ele>945</ele>
        <time>2026-09-10T11:20:22.776Z</time>
      </trkpt>
      <trkpt lat="46.9002606" lon="7.4350413">
        <ele>945</ele>
        <time>2026-09-10T11:20:22.776Z</time>
      </trkpt>
      <trkpt lat="46.9002686" lon="7.4350067">
        <ele>945.2</ele>
        <time>2026-09-10T11:20:22.776Z</time>
      </trkpt>
      <trkpt lat="46.9002722" lon="7.434975">
        <ele>945.2</ele>
        <time>2026-09-10T11:20:22.776Z</time>
      </trkpt>
      <trkpt lat="46.9002796" lon="7.4349416">
        <ele>945.2</ele>
        <time>2026-09-10T11:20:22.776Z</time>
      </trkpt>
      <trkpt lat="46.9002836" lon="7.4349099">
        <ele>945.4000000000001</ele>
        <time>2026-09-10T11:20:22.776Z</time>
      </trkpt>
      <trkpt lat="46.9002876" lon="7.4348769">
        <ele>945.4000000000001</ele>
        <time>2026-09-10T11:20:22.776Z</time>
      </trkpt>
      <trkpt lat="46.9002947" lon="7.4348489">
        <ele>945.4000000000001</ele>
        <time>2026-09-10T11:20:22.776Z</time>
      </trkpt>
      <trkpt lat="46.9003028" lon="7.4348153">
        <ele>945.4000000000001</ele>
        <time>2026-09-10T11:20:22.776Z</time>
      </trkpt>
      <trkpt lat="46.9003066" lon="7.4347855">
        <ele>945.4000000000001</ele>
        <time>2026-09-10T11:20:22.776Z</time>
      </trkpt>
      <trkpt lat="46.9003067" lon="7.4347545">
        <ele>945.5999999999999</ele>
        <time>2026-09-10T11:20:22.777Z</time>
      </trkpt>
      <trkpt lat="46.9003067" lon="7.4347214">
        <ele>945.5999999999999</ele>
        <time>2026-09-10T11:20:22.777Z</time>
      </trkpt>
      <trkpt lat="46.9003029" lon="7.4346892">
        <ele>945.5999999999999</ele>
        <time>2026-09-10T11:20:22.777Z</time>
      </trkpt>
      <trkpt lat="46.9002956" lon="7.43466">
        <ele>945.5999999999999</ele>
        <time>2026-09-10T11:20:22.777Z</time>
      </trkpt>
      <trkpt lat="46.9002838" lon="7.4346319">
        <ele>945.5999999999999</ele>
        <time>2026-09-10T11:20:22.777Z</time>
      </trkpt>
      <trkpt lat="46.90028" lon="7.434607">
        <ele>945.8</ele>
        <time>2026-09-10T11:20:22.777Z</time>
      </trkpt>
      <trkpt lat="46.9002724" lon="7.4345852">
        <ele>945.8</ele>
        <time>2026-09-10T11:20:22.777Z</time>
      </trkpt>
      <trkpt lat="46.9002689" lon="7.434564">
        <ele>945.8</ele>
        <time>2026-09-10T11:20:22.777Z</time>
      </trkpt>
      <trkpt lat="46.9002611" lon="7.4345388">
        <ele>945.8</ele>
        <time>2026-09-10T11:20:22.777Z</time>
      </trkpt>
      <trkpt lat="46.9002573" lon="7.4345148">
        <ele>945.8</ele>
        <time>2026-09-10T11:20:22.777Z</time>
      </trkpt>
      <trkpt lat="46.9002495" lon="7.4344903">
        <ele>946</ele>
        <time>2026-09-10T11:20:22.777Z</time>
      </trkpt>
      <trkpt lat="46.9002422" lon="7.4344663">
        <ele>946</ele>
        <time>2026-09-10T11:20:22.777Z</time>
      </trkpt>
      <trkpt lat="46.9002382" lon="7.4344424">
        <ele>946</ele>
        <time>2026-09-10T11:20:22.777Z</time>
      </trkpt>
      <trkpt lat="46.9002344" lon="7.4344198">
        <ele>946.2</ele>
        <time>2026-09-10T11:20:22.777Z</time>
      </trkpt>
      <trkpt lat="46.900227" lon="7.4343977">
        <ele>946.2</ele>
        <time>2026-09-10T11:20:22.777Z</time>
      </trkpt>
      <trkpt lat="46.900223" lon="7.4343765">
        <ele>946.2</ele>
        <time>2026-09-10T11:20:22.777Z</time>
      </trkpt>
      <trkpt lat="46.9002153" lon="7.4343569">
        <ele>946.2</ele>
        <time>2026-09-10T11:20:22.777Z</time>
      </trkpt>
      <trkpt lat="46.9002078" lon="7.4343405">
        <ele>946.2</ele>
        <time>2026-09-10T11:20:22.777Z</time>
      </trkpt>
      <trkpt lat="46.9002001" lon="7.4343238">
        <ele>946.4000000000001</ele>
        <time>2026-09-10T11:20:22.777Z</time>
      </trkpt>
      <trkpt lat="46.9001962" lon="7.4343071">
        <ele>946.4000000000001</ele>
        <time>2026-09-10T11:20:22.777Z</time>
      </trkpt>
      <trkpt lat="46.9001885" lon="7.4342921">
        <ele>946.4000000000001</ele>
        <time>2026-09-10T11:20:22.777Z</time>
      </trkpt>
      <trkpt lat="46.9001812" lon="7.4342774">
        <ele>946.4000000000001</ele>
        <time>2026-09-10T11:20:22.777Z</time>
      </trkpt>
      <trkpt lat="46.9001735" lon="7.4342637">
        <ele>946.2</ele>
        <time>2026-09-10T11:20:22.777Z</time>
      </trkpt>
      <trkpt lat="46.9001659" lon="7.4342505">
        <ele>946.2</ele>
        <time>2026-09-10T11:20:22.777Z</time>
      </trkpt>
      <trkpt lat="46.9001583" lon="7.4342341">
        <ele>946.2</ele>
        <time>2026-09-10T11:20:22.777Z</time>
      </trkpt>
      <trkpt lat="46.900147" lon="7.4342173">
        <ele>946.2</ele>
        <time>2026-09-10T11:20:22.777Z</time>
      </trkpt>
      <trkpt lat="46.900139" lon="7.4341988">
        <ele>946</ele>
        <time>2026-09-10T11:20:22.777Z</time>
      </trkpt>
      <trkpt lat="46.9001317" lon="7.4341826">
        <ele>946</ele>
        <time>2026-09-10T11:20:22.777Z</time>
      </trkpt>
      <trkpt lat="46.9001198" lon="7.4341616">
        <ele>946</ele>
        <time>2026-09-10T11:20:22.777Z</time>
      </trkpt>
      <trkpt lat="46.9001049" lon="7.4341291">
        <ele>945.8</ele>
        <time>2026-09-10T11:20:22.777Z</time>
      </trkpt>
      <trkpt lat="46.9000863" lon="7.43409">
        <ele>945.4000000000001</ele>
        <time>2026-09-10T11:20:22.777Z</time>
      </trkpt>
      <trkpt lat="46.9000706" lon="7.4340428">
        <ele>945.2</ele>
        <time>2026-09-10T11:20:22.777Z</time>
      </trkpt>
      <trkpt lat="46.9000549" lon="7.4339886">
        <ele>945</ele>
        <time>2026-09-10T11:20:22.777Z</time>
      </trkpt>
      <trkpt lat="46.900041" lon="7.433944">
        <ele>944.8</ele>
        <time>2026-09-10T11:20:22.777Z</time>
      </trkpt>
      <trkpt lat="46.9000284" lon="7.4339038">
        <ele>944.4000000000001</ele>
        <time>2026-09-10T11:20:22.777Z</time>
      </trkpt>
      <trkpt lat="46.9000172" lon="7.4338792">
        <ele>944.2</ele>
        <time>2026-09-10T11:20:22.777Z</time>
      </trkpt>
      <trkpt lat="46.9000056" lon="7.4338687">
        <ele>944</ele>
        <time>2026-09-10T11:20:22.777Z</time>
      </trkpt>
      <trkpt lat="46.8999759" lon="7.433844">
        <ele>943</ele>
        <time>2026-09-10T11:20:22.777Z</time>
      </trkpt>
      <trkpt lat="46.8999531" lon="7.4338228">
        <ele>943</ele>
        <time>2026-09-10T11:20:22.777Z</time>
      </trkpt>
      <trkpt lat="46.8999256" lon="7.4337939">
        <ele>942.8</ele>
        <time>2026-09-10T11:20:22.777Z</time>
      </trkpt>
      <trkpt lat="46.8998861" lon="7.4337668">
        <ele>942.4000000000001</ele>
        <time>2026-09-10T11:20:22.777Z</time>
      </trkpt>
      <trkpt lat="46.8998459" lon="7.4337373">
        <ele>942</ele>
        <time>2026-09-10T11:20:22.777Z</time>
      </trkpt>
      <trkpt lat="46.8998114" lon="7.4337086">
        <ele>941.4000000000001</ele>
        <time>2026-09-10T11:20:22.778Z</time>
      </trkpt>
      <trkpt lat="46.8997744" lon="7.4336736">
        <ele>940.5999999999999</ele>
        <time>2026-09-10T11:20:22.778Z</time>
      </trkpt>
      <trkpt lat="46.899737" lon="7.4336377">
        <ele>939.8</ele>
        <time>2026-09-10T11:20:22.778Z</time>
      </trkpt>
      <trkpt lat="46.8996988" lon="7.4336021">
        <ele>939</ele>
        <time>2026-09-10T11:20:22.778Z</time>
      </trkpt>
      <trkpt lat="46.8996616" lon="7.4335679">
        <ele>938</ele>
        <time>2026-09-10T11:20:22.778Z</time>
      </trkpt>
      <trkpt lat="46.8996245" lon="7.4335337">
        <ele>937</ele>
        <time>2026-09-10T11:20:22.778Z</time>
      </trkpt>
      <trkpt lat="46.8995975" lon="7.4335003">
        <ele>936</ele>
        <time>2026-09-10T11:20:22.778Z</time>
      </trkpt>
      <trkpt lat="46.8995708" lon="7.4334668">
        <ele>934.8</ele>
        <time>2026-09-10T11:20:22.778Z</time>
      </trkpt>
      <trkpt lat="46.8995631" lon="7.4334409">
        <ele>933.8</ele>
        <time>2026-09-10T11:20:22.778Z</time>
      </trkpt>
      <trkpt lat="46.8995628" lon="7.4334337">
        <ele>933</ele>
        <time>2026-09-10T11:20:22.778Z</time>
      </trkpt>
      <trkpt lat="46.8995645" lon="7.4333301">
        <ele>930.8</ele>
        <time>2026-09-10T11:20:22.778Z</time>
      </trkpt>
      <trkpt lat="46.8995741" lon="7.433294">
        <ele>930.4000000000001</ele>
        <time>2026-09-10T11:20:22.778Z</time>
      </trkpt>
      <trkpt lat="46.8995649" lon="7.4332616">
        <ele>930</ele>
        <time>2026-09-10T11:20:22.778Z</time>
      </trkpt>
      <trkpt lat="46.8995554" lon="7.4332291">
        <ele>929.8</ele>
        <time>2026-09-10T11:20:22.778Z</time>
      </trkpt>
      <trkpt lat="46.8995443" lon="7.4332094">
        <ele>929.4000000000001</ele>
        <time>2026-09-10T11:20:22.778Z</time>
      </trkpt>
      <trkpt lat="46.8995289" lon="7.433189">
        <ele>929.2</ele>
        <time>2026-09-10T11:20:22.778Z</time>
      </trkpt>
      <trkpt lat="46.8995023" lon="7.4331623">
        <ele>928.8</ele>
        <time>2026-09-10T11:20:22.778Z</time>
      </trkpt>
      <trkpt lat="46.8994755" lon="7.4331354">
        <ele>928.4000000000001</ele>
        <time>2026-09-10T11:20:22.778Z</time>
      </trkpt>
      <trkpt lat="46.8994414" lon="7.4331038">
        <ele>928</ele>
        <time>2026-09-10T11:20:22.778Z</time>
      </trkpt>
      <trkpt lat="46.8994072" lon="7.4330723">
        <ele>927.5999999999999</ele>
        <time>2026-09-10T11:20:22.778Z</time>
      </trkpt>
      <trkpt lat="46.8993729" lon="7.433039">
        <ele>927</ele>
        <time>2026-09-10T11:20:22.778Z</time>
      </trkpt>
      <trkpt lat="46.8993429" lon="7.4330031">
        <ele>926.4000000000001</ele>
        <time>2026-09-10T11:20:22.778Z</time>
      </trkpt>
      <trkpt lat="46.8993197" lon="7.4329634">
        <ele>925.8</ele>
        <time>2026-09-10T11:20:22.778Z</time>
      </trkpt>
      <trkpt lat="46.8992984" lon="7.4329176">
        <ele>925.2</ele>
        <time>2026-09-10T11:20:22.778Z</time>
      </trkpt>
      <trkpt lat="46.8992802" lon="7.4328618">
        <ele>924.5999999999999</ele>
        <time>2026-09-10T11:20:22.778Z</time>
      </trkpt>
      <trkpt lat="46.8992624" lon="7.4328046">
        <ele>924</ele>
        <time>2026-09-10T11:20:22.778Z</time>
      </trkpt>
      <trkpt lat="46.8992512" lon="7.4327417">
        <ele>923.4000000000001</ele>
        <time>2026-09-10T11:20:22.778Z</time>
      </trkpt>
      <trkpt lat="46.8992326" lon="7.4326608">
        <ele>922.8</ele>
        <time>2026-09-10T11:20:22.778Z</time>
      </trkpt>
      <trkpt lat="46.8992133" lon="7.4325777">
        <ele>922.2</ele>
        <time>2026-09-10T11:20:22.778Z</time>
      </trkpt>
      <trkpt lat="46.8991908" lon="7.4324891">
        <ele>921.4000000000001</ele>
        <time>2026-09-10T11:20:22.778Z</time>
      </trkpt>
      <trkpt lat="46.8991621" lon="7.432408">
        <ele>920.8</ele>
        <time>2026-09-10T11:20:22.778Z</time>
      </trkpt>
      <trkpt lat="46.8991327" lon="7.4323275">
        <ele>920.2</ele>
        <time>2026-09-10T11:20:22.778Z</time>
      </trkpt>
      <trkpt lat="46.8991103" lon="7.4322652">
        <ele>919.5999999999999</ele>
        <time>2026-09-10T11:20:22.778Z</time>
      </trkpt>
      <trkpt lat="46.8990944" lon="7.4322093">
        <ele>919</ele>
        <time>2026-09-10T11:20:22.778Z</time>
      </trkpt>
      <trkpt lat="46.8990828" lon="7.4321578">
        <ele>918.5999999999999</ele>
        <time>2026-09-10T11:20:22.778Z</time>
      </trkpt>
      <trkpt lat="46.8990785" lon="7.4321035">
        <ele>918.2</ele>
        <time>2026-09-10T11:20:22.778Z</time>
      </trkpt>
      <trkpt lat="46.8990748" lon="7.4320486">
        <ele>918</ele>
        <time>2026-09-10T11:20:22.778Z</time>
      </trkpt>
      <trkpt lat="46.8990746" lon="7.4319925">
        <ele>917.8</ele>
        <time>2026-09-10T11:20:22.778Z</time>
      </trkpt>
      <trkpt lat="46.8990782" lon="7.4319395">
        <ele>917.5999999999999</ele>
        <time>2026-09-10T11:20:22.778Z</time>
      </trkpt>
      <trkpt lat="46.8990855" lon="7.4318876">
        <ele>917.4000000000001</ele>
        <time>2026-09-10T11:20:22.778Z</time>
      </trkpt>
      <trkpt lat="46.8990932" lon="7.4318393">
        <ele>917.2</ele>
        <time>2026-09-10T11:20:22.779Z</time>
      </trkpt>
      <trkpt lat="46.8991044" lon="7.4317927">
        <ele>917.2</ele>
        <time>2026-09-10T11:20:22.779Z</time>
      </trkpt>
      <trkpt lat="46.8991121" lon="7.4317545">
        <ele>917.2</ele>
        <time>2026-09-10T11:20:22.779Z</time>
      </trkpt>
      <trkpt lat="46.8991162" lon="7.4317176">
        <ele>917.2</ele>
        <time>2026-09-10T11:20:22.779Z</time>
      </trkpt>
      <trkpt lat="46.8991129" lon="7.4316818">
        <ele>917.2</ele>
        <time>2026-09-10T11:20:22.779Z</time>
      </trkpt>
      <trkpt lat="46.8991019" lon="7.4316532">
        <ele>917.4000000000001</ele>
        <time>2026-09-10T11:20:22.779Z</time>
      </trkpt>
      <trkpt lat="46.8990904" lon="7.4316312">
        <ele>917.5999999999999</ele>
        <time>2026-09-10T11:20:22.779Z</time>
      </trkpt>
      <trkpt lat="46.8990825" lon="7.4316124">
        <ele>917.8</ele>
        <time>2026-09-10T11:20:22.779Z</time>
      </trkpt>
      <trkpt lat="46.8990787" lon="7.4315961">
        <ele>918</ele>
        <time>2026-09-10T11:20:22.779Z</time>
      </trkpt>
      <trkpt lat="46.8990708" lon="7.4315768">
        <ele>918</ele>
        <time>2026-09-10T11:20:22.779Z</time>
      </trkpt>
      <trkpt lat="46.8990707" lon="7.431559">
        <ele>918.2</ele>
        <time>2026-09-10T11:20:22.779Z</time>
      </trkpt>
      <trkpt lat="46.899067" lon="7.4315351">
        <ele>918.4000000000001</ele>
        <time>2026-09-10T11:20:22.779Z</time>
      </trkpt>
      <trkpt lat="46.8990632" lon="7.4315142">
        <ele>918.4000000000001</ele>
        <time>2026-09-10T11:20:22.779Z</time>
      </trkpt>
      <trkpt lat="46.8990631" lon="7.4314961">
        <ele>918.4000000000001</ele>
        <time>2026-09-10T11:20:22.779Z</time>
      </trkpt>
      <trkpt lat="46.8990559" lon="7.4314743">
        <ele>918.4000000000001</ele>
        <time>2026-09-10T11:20:22.779Z</time>
      </trkpt>
      <trkpt lat="46.899048" lon="7.4314555">
        <ele>918.4000000000001</ele>
        <time>2026-09-10T11:20:22.779Z</time>
      </trkpt>
      <trkpt lat="46.8990405" lon="7.431431">
        <ele>918.5999999999999</ele>
        <time>2026-09-10T11:20:22.779Z</time>
      </trkpt>
      <trkpt lat="46.8990257" lon="7.4314044">
        <ele>918.5999999999999</ele>
        <time>2026-09-10T11:20:22.779Z</time>
      </trkpt>
      <trkpt lat="46.8990104" lon="7.4313808">
        <ele>918.4000000000001</ele>
        <time>2026-09-10T11:20:22.779Z</time>
      </trkpt>
      <trkpt lat="46.8989988" lon="7.4313549">
        <ele>918.4000000000001</ele>
        <time>2026-09-10T11:20:22.779Z</time>
      </trkpt>
      <trkpt lat="46.8989912" lon="7.4313302">
        <ele>918.4000000000001</ele>
        <time>2026-09-10T11:20:22.779Z</time>
      </trkpt>
      <trkpt lat="46.8989869" lon="7.4313085">
        <ele>918.2</ele>
        <time>2026-09-10T11:20:22.779Z</time>
      </trkpt>
      <trkpt lat="46.8989758" lon="7.4312845">
        <ele>918.2</ele>
        <time>2026-09-10T11:20:22.779Z</time>
      </trkpt>
      <trkpt lat="46.8989717" lon="7.4312612">
        <ele>918</ele>
        <time>2026-09-10T11:20:22.779Z</time>
      </trkpt>
      <trkpt lat="46.8989643" lon="7.4312425">
        <ele>917.8</ele>
        <time>2026-09-10T11:20:22.779Z</time>
      </trkpt>
      <trkpt lat="46.8989453" lon="7.4312285">
        <ele>917.5999999999999</ele>
        <time>2026-09-10T11:20:22.779Z</time>
      </trkpt>
      <trkpt lat="46.8989382" lon="7.4312281">
        <ele>917.4000000000001</ele>
        <time>2026-09-10T11:20:22.779Z</time>
      </trkpt>
      <trkpt lat="46.8989264" lon="7.4312268">
        <ele>917.2</ele>
        <time>2026-09-10T11:20:22.779Z</time>
      </trkpt>
      <trkpt lat="46.8989186" lon="7.4312267">
        <ele>917</ele>
        <time>2026-09-10T11:20:22.779Z</time>
      </trkpt>
      <trkpt lat="46.8989182" lon="7.4312267">
        <ele>916.8</ele>
        <time>2026-09-10T11:20:22.779Z</time>
      </trkpt>
      <trkpt lat="46.8989106" lon="7.4312135">
        <ele>916.4000000000001</ele>
        <time>2026-09-10T11:20:22.779Z</time>
      </trkpt>
      <trkpt lat="46.8989032" lon="7.431207">
        <ele>916.4000000000001</ele>
        <time>2026-09-10T11:20:22.779Z</time>
      </trkpt>
      <trkpt lat="46.8988956" lon="7.4312036">
        <ele>916.2</ele>
        <time>2026-09-10T11:20:22.779Z</time>
      </trkpt>
      <trkpt lat="46.8988953" lon="7.4312034">
        <ele>916.2</ele>
        <time>2026-09-10T11:20:22.779Z</time>
      </trkpt>
      <trkpt lat="46.8988915" lon="7.4311968">
        <ele>916</ele>
        <time>2026-09-10T11:20:22.779Z</time>
      </trkpt>
      <trkpt lat="46.8988804" lon="7.4311917">
        <ele>915.8</ele>
        <time>2026-09-10T11:20:22.779Z</time>
      </trkpt>
      <trkpt lat="46.8988726" lon="7.4311868">
        <ele>915.8</ele>
        <time>2026-09-10T11:20:22.779Z</time>
      </trkpt>
      <trkpt lat="46.8988687" lon="7.4311802">
        <ele>915.5999999999999</ele>
        <time>2026-09-10T11:20:22.779Z</time>
      </trkpt>
      <trkpt lat="46.8988685" lon="7.4311737">
        <ele>915.4000000000001</ele>
        <time>2026-09-10T11:20:22.779Z</time>
      </trkpt>
      <trkpt lat="46.898865" lon="7.431164">
        <ele>915.2</ele>
        <time>2026-09-10T11:20:22.779Z</time>
      </trkpt>
      <trkpt lat="46.8988648" lon="7.4311522">
        <ele>915</ele>
        <time>2026-09-10T11:20:22.779Z</time>
      </trkpt>
      <trkpt lat="46.8988584" lon="7.431142">
        <ele>914.8</ele>
        <time>2026-09-10T11:20:22.779Z</time>
      </trkpt>
      <trkpt lat="46.8988571" lon="7.4311385">
        <ele>914.5999999999999</ele>
        <time>2026-09-10T11:20:22.779Z</time>
      </trkpt>
      <trkpt lat="46.8988535" lon="7.4311289">
        <ele>914.2</ele>
        <time>2026-09-10T11:20:22.779Z</time>
      </trkpt>
      <trkpt lat="46.8988462" lon="7.4311173">
        <ele>914</ele>
        <time>2026-09-10T11:20:22.780Z</time>
      </trkpt>
      <trkpt lat="46.8988419" lon="7.4311086">
        <ele>913.8</ele>
        <time>2026-09-10T11:20:22.780Z</time>
      </trkpt>
      <trkpt lat="46.8988346" lon="7.431097">
        <ele>913.5999999999999</ele>
        <time>2026-09-10T11:20:22.780Z</time>
      </trkpt>
      <trkpt lat="46.8988306" lon="7.4310838">
        <ele>913.4000000000001</ele>
        <time>2026-09-10T11:20:22.780Z</time>
      </trkpt>
      <trkpt lat="46.8988268" lon="7.4310659">
        <ele>913.2</ele>
        <time>2026-09-10T11:20:22.780Z</time>
      </trkpt>
      <trkpt lat="46.8988266" lon="7.4310435">
        <ele>913</ele>
        <time>2026-09-10T11:20:22.780Z</time>
      </trkpt>
      <trkpt lat="46.8988233" lon="7.4310331">
        <ele>912.8</ele>
        <time>2026-09-10T11:20:22.780Z</time>
      </trkpt>
      <trkpt lat="46.8988193" lon="7.4310279">
        <ele>912.5999999999999</ele>
        <time>2026-09-10T11:20:22.780Z</time>
      </trkpt>
      <trkpt lat="46.8988115" lon="7.431012">
        <ele>912</ele>
        <time>2026-09-10T11:20:22.780Z</time>
      </trkpt>
      <trkpt lat="46.8988114" lon="7.4310067">
        <ele>911.8</ele>
        <time>2026-09-10T11:20:22.780Z</time>
      </trkpt>
      <trkpt lat="46.8988115" lon="7.4309986">
        <ele>911.5999999999999</ele>
        <time>2026-09-10T11:20:22.780Z</time>
      </trkpt>
      <trkpt lat="46.8988114" lon="7.430988">
        <ele>911.4000000000001</ele>
        <time>2026-09-10T11:20:22.780Z</time>
      </trkpt>
      <trkpt lat="46.898815" lon="7.4309788">
        <ele>911.2</ele>
        <time>2026-09-10T11:20:22.780Z</time>
      </trkpt>
      <trkpt lat="46.8988151" lon="7.4309752">
        <ele>911</ele>
        <time>2026-09-10T11:20:22.780Z</time>
      </trkpt>
      <trkpt lat="46.8988114" lon="7.4309618">
        <ele>910.4000000000001</ele>
        <time>2026-09-10T11:20:22.780Z</time>
      </trkpt>
      <trkpt lat="46.898804" lon="7.4309538">
        <ele>910.2</ele>
        <time>2026-09-10T11:20:22.780Z</time>
      </trkpt>
      <trkpt lat="46.8988001" lon="7.4309421">
        <ele>910</ele>
        <time>2026-09-10T11:20:22.780Z</time>
      </trkpt>
      <trkpt lat="46.8987885" lon="7.430925">
        <ele>909.8</ele>
        <time>2026-09-10T11:20:22.780Z</time>
      </trkpt>
      <trkpt lat="46.8987738" lon="7.4308947">
        <ele>909.5999999999999</ele>
        <time>2026-09-10T11:20:22.780Z</time>
      </trkpt>
      <trkpt lat="46.8987545" lon="7.4308422">
        <ele>909.2</ele>
        <time>2026-09-10T11:20:22.780Z</time>
      </trkpt>
      <trkpt lat="46.8987362" lon="7.4307886">
        <ele>909</ele>
        <time>2026-09-10T11:20:22.780Z</time>
      </trkpt>
      <trkpt lat="46.8987163" lon="7.4307261">
        <ele>908.5999999999999</ele>
        <time>2026-09-10T11:20:22.780Z</time>
      </trkpt>
      <trkpt lat="46.8986973" lon="7.4306676">
        <ele>908.4000000000001</ele>
        <time>2026-09-10T11:20:22.780Z</time>
      </trkpt>
      <trkpt lat="46.8986819" lon="7.4306113">
        <ele>908.2</ele>
        <time>2026-09-10T11:20:22.780Z</time>
      </trkpt>
      <trkpt lat="46.8986707" lon="7.4305656">
        <ele>908.2</ele>
        <time>2026-09-10T11:20:22.780Z</time>
      </trkpt>
      <trkpt lat="46.8986628" lon="7.430526">
        <ele>908</ele>
        <time>2026-09-10T11:20:22.780Z</time>
      </trkpt>
      <trkpt lat="46.8986551" lon="7.4304922">
        <ele>908</ele>
        <time>2026-09-10T11:20:22.780Z</time>
      </trkpt>
      <trkpt lat="46.8986475" lon="7.4304593">
        <ele>908.2</ele>
        <time>2026-09-10T11:20:22.780Z</time>
      </trkpt>
      <trkpt lat="46.8986398" lon="7.4304224">
        <ele>908.2</ele>
        <time>2026-09-10T11:20:22.780Z</time>
      </trkpt>
      <trkpt lat="46.8986287" lon="7.4303834">
        <ele>908.2</ele>
        <time>2026-09-10T11:20:22.780Z</time>
      </trkpt>
      <trkpt lat="46.8986177" lon="7.4303463">
        <ele>908.2</ele>
        <time>2026-09-10T11:20:22.780Z</time>
      </trkpt>
      <trkpt lat="46.8986059" lon="7.4303082">
        <ele>908.4000000000001</ele>
        <time>2026-09-10T11:20:22.780Z</time>
      </trkpt>
      <trkpt lat="46.8985908" lon="7.4302752">
        <ele>908.4000000000001</ele>
        <time>2026-09-10T11:20:22.780Z</time>
      </trkpt>
      <trkpt lat="46.8985792" lon="7.4302418">
        <ele>908.4000000000001</ele>
        <time>2026-09-10T11:20:22.780Z</time>
      </trkpt>
      <trkpt lat="46.8985677" lon="7.4302065">
        <ele>908.4000000000001</ele>
        <time>2026-09-10T11:20:22.780Z</time>
      </trkpt>
      <trkpt lat="46.8985524" lon="7.4301662">
        <ele>908.2</ele>
        <time>2026-09-10T11:20:22.780Z</time>
      </trkpt>
      <trkpt lat="46.8985447" lon="7.4301252">
        <ele>908.2</ele>
        <time>2026-09-10T11:20:22.780Z</time>
      </trkpt>
      <trkpt lat="46.8985298" lon="7.4300808">
        <ele>908</ele>
        <time>2026-09-10T11:20:22.780Z</time>
      </trkpt>
      <trkpt lat="46.8985219" lon="7.4300319">
        <ele>907.8</ele>
        <time>2026-09-10T11:20:22.780Z</time>
      </trkpt>
      <trkpt lat="46.8985139" lon="7.429976">
        <ele>907.5999999999999</ele>
        <time>2026-09-10T11:20:22.780Z</time>
      </trkpt>
      <trkpt lat="46.8985174" lon="7.4299206">
        <ele>907.4000000000001</ele>
        <time>2026-09-10T11:20:22.780Z</time>
      </trkpt>
      <trkpt lat="46.8985213" lon="7.4298666">
        <ele>907.4000000000001</ele>
        <time>2026-09-10T11:20:22.780Z</time>
      </trkpt>
      <trkpt lat="46.898525" lon="7.4298159">
        <ele>907.2</ele>
        <time>2026-09-10T11:20:22.780Z</time>
      </trkpt>
      <trkpt lat="46.898529" lon="7.4297627">
        <ele>907</ele>
        <time>2026-09-10T11:20:22.780Z</time>
      </trkpt>
      <trkpt lat="46.8985291" lon="7.4297139">
        <ele>907</ele>
        <time>2026-09-10T11:20:22.780Z</time>
      </trkpt>
      <trkpt lat="46.8985253" lon="7.4296692">
        <ele>906.8</ele>
        <time>2026-09-10T11:20:22.780Z</time>
      </trkpt>
      <trkpt lat="46.8985215" lon="7.4296292">
        <ele>906.8</ele>
        <time>2026-09-10T11:20:22.780Z</time>
      </trkpt>
      <trkpt lat="46.8985141" lon="7.4295982">
        <ele>906.8</ele>
        <time>2026-09-10T11:20:22.780Z</time>
      </trkpt>
      <trkpt lat="46.8985101" lon="7.4295627">
        <ele>906.8</ele>
        <time>2026-09-10T11:20:22.780Z</time>
      </trkpt>
      <trkpt lat="46.8984949" lon="7.4295253">
        <ele>906.8</ele>
        <time>2026-09-10T11:20:22.780Z</time>
      </trkpt>
      <trkpt lat="46.8984802" lon="7.4294886">
        <ele>906.8</ele>
        <time>2026-09-10T11:20:22.780Z</time>
      </trkpt>
      <trkpt lat="46.8984652" lon="7.4294475">
        <ele>907</ele>
        <time>2026-09-10T11:20:22.780Z</time>
      </trkpt>
      <trkpt lat="46.8984567" lon="7.4294041">
        <ele>907</ele>
        <time>2026-09-10T11:20:22.780Z</time>
      </trkpt>
      <trkpt lat="46.8984527" lon="7.4293649">
        <ele>907</ele>
        <time>2026-09-10T11:20:22.780Z</time>
      </trkpt>
      <trkpt lat="46.8984455" lon="7.4293284">
        <ele>906.8</ele>
        <time>2026-09-10T11:20:22.780Z</time>
      </trkpt>
      <trkpt lat="46.8984338" lon="7.4292839">
        <ele>906.8</ele>
        <time>2026-09-10T11:20:22.781Z</time>
      </trkpt>
      <trkpt lat="46.8984189" lon="7.4292463">
        <ele>906.5999999999999</ele>
        <time>2026-09-10T11:20:22.781Z</time>
      </trkpt>
      <trkpt lat="46.8984034" lon="7.4292009">
        <ele>906.5999999999999</ele>
        <time>2026-09-10T11:20:22.781Z</time>
      </trkpt>
      <trkpt lat="46.8983922" lon="7.4291601">
        <ele>906.4000000000001</ele>
        <time>2026-09-10T11:20:22.781Z</time>
      </trkpt>
      <trkpt lat="46.8983768" lon="7.4291192">
        <ele>906.2</ele>
        <time>2026-09-10T11:20:22.781Z</time>
      </trkpt>
      <trkpt lat="46.898366" lon="7.42908">
        <ele>906</ele>
        <time>2026-09-10T11:20:22.781Z</time>
      </trkpt>
      <trkpt lat="46.8983576" lon="7.4290458">
        <ele>905.8</ele>
        <time>2026-09-10T11:20:22.781Z</time>
      </trkpt>
      <trkpt lat="46.8983501" lon="7.4290132">
        <ele>905.5999999999999</ele>
        <time>2026-09-10T11:20:22.781Z</time>
      </trkpt>
      <trkpt lat="46.8983498" lon="7.4289881">
        <ele>905.4000000000001</ele>
        <time>2026-09-10T11:20:22.781Z</time>
      </trkpt>
      <trkpt lat="46.8983533" lon="7.4289665">
        <ele>905.2</ele>
        <time>2026-09-10T11:20:22.781Z</time>
      </trkpt>
      <trkpt lat="46.8983573" lon="7.4289468">
        <ele>905</ele>
        <time>2026-09-10T11:20:22.781Z</time>
      </trkpt>
      <trkpt lat="46.8983574" lon="7.4289276">
        <ele>904.8</ele>
        <time>2026-09-10T11:20:22.781Z</time>
      </trkpt>
      <trkpt lat="46.8983611" lon="7.4289089">
        <ele>904.5999999999999</ele>
        <time>2026-09-10T11:20:22.781Z</time>
      </trkpt>
      <trkpt lat="46.8983612" lon="7.4288877">
        <ele>904.4000000000001</ele>
        <time>2026-09-10T11:20:22.781Z</time>
      </trkpt>
      <trkpt lat="46.8983649" lon="7.4288607">
        <ele>904.2</ele>
        <time>2026-09-10T11:20:22.781Z</time>
      </trkpt>
      <trkpt lat="46.898354" lon="7.4288326">
        <ele>904</ele>
        <time>2026-09-10T11:20:22.781Z</time>
      </trkpt>
      <trkpt lat="46.8983461" lon="7.4288039">
        <ele>903.8</ele>
        <time>2026-09-10T11:20:22.781Z</time>
      </trkpt>
      <trkpt lat="46.8983386" lon="7.4287779">
        <ele>903.8</ele>
        <time>2026-09-10T11:20:22.781Z</time>
      </trkpt>
      <trkpt lat="46.8983383" lon="7.4287529">
        <ele>903.5999999999999</ele>
        <time>2026-09-10T11:20:22.781Z</time>
      </trkpt>
      <trkpt lat="46.8983383" lon="7.4287286">
        <ele>903.4000000000001</ele>
        <time>2026-09-10T11:20:22.781Z</time>
      </trkpt>
      <trkpt lat="46.8983346" lon="7.4287156">
        <ele>903.4000000000001</ele>
        <time>2026-09-10T11:20:22.781Z</time>
      </trkpt>
      <trkpt lat="46.898338" lon="7.4287072">
        <ele>903.2</ele>
        <time>2026-09-10T11:20:22.781Z</time>
      </trkpt>
      <trkpt lat="46.8983499" lon="7.428683">
        <ele>902.4000000000001</ele>
        <time>2026-09-10T11:20:22.781Z</time>
      </trkpt>
      <trkpt lat="46.8983535" lon="7.4286657">
        <ele>902</ele>
        <time>2026-09-10T11:20:22.781Z</time>
      </trkpt>
      <trkpt lat="46.8983652" lon="7.4286566">
        <ele>901.8</ele>
        <time>2026-09-10T11:20:22.781Z</time>
      </trkpt>
      <trkpt lat="46.8983765" lon="7.4286566">
        <ele>901.4000000000001</ele>
        <time>2026-09-10T11:20:22.781Z</time>
      </trkpt>
      <trkpt lat="46.8983919" lon="7.4286667">
        <ele>901.2</ele>
        <time>2026-09-10T11:20:22.781Z</time>
      </trkpt>
      <trkpt lat="46.898407" lon="7.428682">
        <ele>900.8</ele>
        <time>2026-09-10T11:20:22.781Z</time>
      </trkpt>
      <trkpt lat="46.8984184" lon="7.4287151">
        <ele>900.2</ele>
        <time>2026-09-10T11:20:22.781Z</time>
      </trkpt>
      <trkpt lat="46.898433" lon="7.4287659">
        <ele>899.8</ele>
        <time>2026-09-10T11:20:22.781Z</time>
      </trkpt>
      <trkpt lat="46.8984487" lon="7.4288206">
        <ele>899.2</ele>
        <time>2026-09-10T11:20:22.781Z</time>
      </trkpt>
      <trkpt lat="46.8984677" lon="7.4288794">
        <ele>898.8</ele>
        <time>2026-09-10T11:20:22.781Z</time>
      </trkpt>
      <trkpt lat="46.8984795" lon="7.4289334">
        <ele>898.4000000000001</ele>
        <time>2026-09-10T11:20:22.781Z</time>
      </trkpt>
      <trkpt lat="46.8984864" lon="7.4289711">
        <ele>898</ele>
        <time>2026-09-10T11:20:22.781Z</time>
      </trkpt>
      <trkpt lat="46.8985099" lon="7.4290016">
        <ele>897.8</ele>
        <time>2026-09-10T11:20:22.781Z</time>
      </trkpt>
      <trkpt lat="46.8985399" lon="7.4290345">
        <ele>897.4000000000001</ele>
        <time>2026-09-10T11:20:22.781Z</time>
      </trkpt>
      <trkpt lat="46.8985662" lon="7.4290719">
        <ele>897</ele>
        <time>2026-09-10T11:20:22.781Z</time>
      </trkpt>
      <trkpt lat="46.8985897" lon="7.429124">
        <ele>896.5999999999999</ele>
        <time>2026-09-10T11:20:22.781Z</time>
      </trkpt>
      <trkpt lat="46.8986053" lon="7.4291802">
        <ele>896</ele>
        <time>2026-09-10T11:20:22.781Z</time>
      </trkpt>
      <trkpt lat="46.8986239" lon="7.4292158">
        <ele>895.5999999999999</ele>
        <time>2026-09-10T11:20:22.781Z</time>
      </trkpt>
      <trkpt lat="46.8986428" lon="7.4292458">
        <ele>895.4000000000001</ele>
        <time>2026-09-10T11:20:22.781Z</time>
      </trkpt>
      <trkpt lat="46.8986618" lon="7.429274">
        <ele>895</ele>
        <time>2026-09-10T11:20:22.781Z</time>
      </trkpt>
      <trkpt lat="46.8986768" lon="7.4293014">
        <ele>894.4000000000001</ele>
        <time>2026-09-10T11:20:22.781Z</time>
      </trkpt>
      <trkpt lat="46.8986927" lon="7.4293292">
        <ele>894</ele>
        <time>2026-09-10T11:20:22.781Z</time>
      </trkpt>
      <trkpt lat="46.8987116" lon="7.4293576">
        <ele>893.4000000000001</ele>
        <time>2026-09-10T11:20:22.781Z</time>
      </trkpt>
      <trkpt lat="46.8987266" lon="7.4293882">
        <ele>892.8</ele>
        <time>2026-09-10T11:20:22.781Z</time>
      </trkpt>
      <trkpt lat="46.8987386" lon="7.4294193">
        <ele>892.2</ele>
        <time>2026-09-10T11:20:22.781Z</time>
      </trkpt>
      <trkpt lat="46.8987461" lon="7.4294482">
        <ele>891.5999999999999</ele>
        <time>2026-09-10T11:20:22.781Z</time>
      </trkpt>
      <trkpt lat="46.8987575" lon="7.4294789">
        <ele>891</ele>
        <time>2026-09-10T11:20:22.781Z</time>
      </trkpt>
      <trkpt lat="46.8987722" lon="7.4295096">
        <ele>890.2</ele>
        <time>2026-09-10T11:20:22.781Z</time>
      </trkpt>
      <trkpt lat="46.8987841" lon="7.4295402">
        <ele>889.5999999999999</ele>
        <time>2026-09-10T11:20:22.781Z</time>
      </trkpt>
      <trkpt lat="46.8987956" lon="7.4295755">
        <ele>889</ele>
        <time>2026-09-10T11:20:22.781Z</time>
      </trkpt>
      <trkpt lat="46.8988037" lon="7.4296227">
        <ele>888.2</ele>
        <time>2026-09-10T11:20:22.781Z</time>
      </trkpt>
      <trkpt lat="46.898811" lon="7.4296775">
        <ele>887.5999999999999</ele>
        <time>2026-09-10T11:20:22.781Z</time>
      </trkpt>
      <trkpt lat="46.8988187" lon="7.4297334">
        <ele>887.2</ele>
        <time>2026-09-10T11:20:22.781Z</time>
      </trkpt>
      <trkpt lat="46.8988303" lon="7.4297844">
        <ele>886.8</ele>
        <time>2026-09-10T11:20:22.782Z</time>
      </trkpt>
      <trkpt lat="46.8988419" lon="7.4298333">
        <ele>886.4000000000001</ele>
        <time>2026-09-10T11:20:22.782Z</time>
      </trkpt>
      <trkpt lat="46.8988532" lon="7.4298763">
        <ele>886.2</ele>
        <time>2026-09-10T11:20:22.782Z</time>
      </trkpt>
      <trkpt lat="46.8988608" lon="7.4299196">
        <ele>885.8</ele>
        <time>2026-09-10T11:20:22.782Z</time>
      </trkpt>
      <trkpt lat="46.8988794" lon="7.4299553">
        <ele>885.5999999999999</ele>
        <time>2026-09-10T11:20:22.782Z</time>
      </trkpt>
      <trkpt lat="46.8988948" lon="7.4299921">
        <ele>885.2</ele>
        <time>2026-09-10T11:20:22.782Z</time>
      </trkpt>
      <trkpt lat="46.8989141" lon="7.4300329">
        <ele>884.8</ele>
        <time>2026-09-10T11:20:22.782Z</time>
      </trkpt>
      <trkpt lat="46.8989335" lon="7.4300653">
        <ele>884.4000000000001</ele>
        <time>2026-09-10T11:20:22.782Z</time>
      </trkpt>
      <trkpt lat="46.8989522" lon="7.4300947">
        <ele>884</ele>
        <time>2026-09-10T11:20:22.782Z</time>
      </trkpt>
      <trkpt lat="46.8989637" lon="7.4301293">
        <ele>883.5999999999999</ele>
        <time>2026-09-10T11:20:22.782Z</time>
      </trkpt>
      <trkpt lat="46.8989789" lon="7.4301742">
        <ele>883.2</ele>
        <time>2026-09-10T11:20:22.782Z</time>
      </trkpt>
      <trkpt lat="46.8989944" lon="7.4302067">
        <ele>883</ele>
        <time>2026-09-10T11:20:22.782Z</time>
      </trkpt>
      <trkpt lat="46.8990131" lon="7.4302409">
        <ele>882.5999999999999</ele>
        <time>2026-09-10T11:20:22.782Z</time>
      </trkpt>
      <trkpt lat="46.8990249" lon="7.4302781">
        <ele>882.2</ele>
        <time>2026-09-10T11:20:22.782Z</time>
      </trkpt>
      <trkpt lat="46.8990434" lon="7.4303184">
        <ele>881.8</ele>
        <time>2026-09-10T11:20:22.782Z</time>
      </trkpt>
      <trkpt lat="46.8990629" lon="7.4303646">
        <ele>881.4000000000001</ele>
        <time>2026-09-10T11:20:22.782Z</time>
      </trkpt>
      <trkpt lat="46.8990807" lon="7.4304002">
        <ele>881</ele>
        <time>2026-09-10T11:20:22.782Z</time>
      </trkpt>
      <trkpt lat="46.8990893" lon="7.4304175">
        <ele>880.5999999999999</ele>
        <time>2026-09-10T11:20:22.782Z</time>
      </trkpt>
      <trkpt lat="46.8990898" lon="7.4304216">
        <ele>880.2</ele>
        <time>2026-09-10T11:20:22.782Z</time>
      </trkpt>
      <trkpt lat="46.8991077" lon="7.4304669">
        <ele>878.8</ele>
        <time>2026-09-10T11:20:22.782Z</time>
      </trkpt>
      <trkpt lat="46.8991198" lon="7.4304924">
        <ele>878.5999999999999</ele>
        <time>2026-09-10T11:20:22.782Z</time>
      </trkpt>
      <trkpt lat="46.8991314" lon="7.430516">
        <ele>878.4000000000001</ele>
        <time>2026-09-10T11:20:22.782Z</time>
      </trkpt>
      <trkpt lat="46.8991355" lon="7.4305297">
        <ele>878.4000000000001</ele>
        <time>2026-09-10T11:20:22.782Z</time>
      </trkpt>
      <trkpt lat="46.8991393" lon="7.4305365">
        <ele>878.2</ele>
        <time>2026-09-10T11:20:22.782Z</time>
      </trkpt>
      <trkpt lat="46.8991413" lon="7.4305423">
        <ele>878</ele>
        <time>2026-09-10T11:20:22.782Z</time>
      </trkpt>
      <trkpt lat="46.8991432" lon="7.4305481">
        <ele>878</ele>
        <time>2026-09-10T11:20:22.782Z</time>
      </trkpt>
      <trkpt lat="46.8991432" lon="7.43055">
        <ele>877.8</ele>
        <time>2026-09-10T11:20:22.782Z</time>
      </trkpt>
      <trkpt lat="46.899145" lon="7.4305524">
        <ele>877.8</ele>
        <time>2026-09-10T11:20:22.782Z</time>
      </trkpt>
      <trkpt lat="46.899147" lon="7.4305548">
        <ele>877.5999999999999</ele>
        <time>2026-09-10T11:20:22.782Z</time>
      </trkpt>
      <trkpt lat="46.8991545" lon="7.4305681">
        <ele>877.5999999999999</ele>
        <time>2026-09-10T11:20:22.782Z</time>
      </trkpt>
      <trkpt lat="46.8991641" lon="7.4305988">
        <ele>877.4000000000001</ele>
        <time>2026-09-10T11:20:22.782Z</time>
      </trkpt>
      <trkpt lat="46.8991736" lon="7.4306298">
        <ele>877.2</ele>
        <time>2026-09-10T11:20:22.782Z</time>
      </trkpt>
      <trkpt lat="46.8991775" lon="7.4306527">
        <ele>877.2</ele>
        <time>2026-09-10T11:20:22.782Z</time>
      </trkpt>
      <trkpt lat="46.8991849" lon="7.4306757">
        <ele>877.2</ele>
        <time>2026-09-10T11:20:22.782Z</time>
      </trkpt>
      <trkpt lat="46.8991927" lon="7.4306946">
        <ele>877</ele>
        <time>2026-09-10T11:20:22.782Z</time>
      </trkpt>
      <trkpt lat="46.8992149" lon="7.4307175">
        <ele>877</ele>
        <time>2026-09-10T11:20:22.782Z</time>
      </trkpt>
      <trkpt lat="46.8992402" lon="7.430738">
        <ele>876.5999999999999</ele>
        <time>2026-09-10T11:20:22.782Z</time>
      </trkpt>
      <trkpt lat="46.899264" lon="7.4307698">
        <ele>876.2</ele>
        <time>2026-09-10T11:20:22.782Z</time>
      </trkpt>
      <trkpt lat="46.8992876" lon="7.4308026">
        <ele>875.8</ele>
        <time>2026-09-10T11:20:22.782Z</time>
      </trkpt>
      <trkpt lat="46.899307" lon="7.4308427">
        <ele>875.4000000000001</ele>
        <time>2026-09-10T11:20:22.782Z</time>
      </trkpt>
      <trkpt lat="46.8993279" lon="7.4308812">
        <ele>874.8</ele>
        <time>2026-09-10T11:20:22.782Z</time>
      </trkpt>
      <trkpt lat="46.8993489" lon="7.4309196">
        <ele>874.4000000000001</ele>
        <time>2026-09-10T11:20:22.782Z</time>
      </trkpt>
      <trkpt lat="46.8993643" lon="7.4309613">
        <ele>874</ele>
        <time>2026-09-10T11:20:22.782Z</time>
      </trkpt>
      <trkpt lat="46.8993796" lon="7.4310031">
        <ele>873.5999999999999</ele>
        <time>2026-09-10T11:20:22.782Z</time>
      </trkpt>
      <trkpt lat="46.8993942" lon="7.4310441">
        <ele>873.4000000000001</ele>
        <time>2026-09-10T11:20:22.782Z</time>
      </trkpt>
      <trkpt lat="46.8994061" lon="7.4310838">
        <ele>873.2</ele>
        <time>2026-09-10T11:20:22.782Z</time>
      </trkpt>
      <trkpt lat="46.8994175" lon="7.4311124">
        <ele>873.2</ele>
        <time>2026-09-10T11:20:22.782Z</time>
      </trkpt>
      <trkpt lat="46.8994254" lon="7.431135">
        <ele>873.2</ele>
        <time>2026-09-10T11:20:22.782Z</time>
      </trkpt>
      <trkpt lat="46.8994406" lon="7.431155">
        <ele>873</ele>
        <time>2026-09-10T11:20:22.782Z</time>
      </trkpt>
      <trkpt lat="46.8994675" lon="7.4311814">
        <ele>872.8</ele>
        <time>2026-09-10T11:20:22.782Z</time>
      </trkpt>
      <trkpt lat="46.8994933" lon="7.4312188">
        <ele>872.5999999999999</ele>
        <time>2026-09-10T11:20:22.782Z</time>
      </trkpt>
      <trkpt lat="46.8995167" lon="7.4312497">
        <ele>872.2</ele>
        <time>2026-09-10T11:20:22.782Z</time>
      </trkpt>
      <trkpt lat="46.899517" lon="7.4312581">
        <ele>872</ele>
        <time>2026-09-10T11:20:22.782Z</time>
      </trkpt>
      <trkpt lat="46.8995209" lon="7.4312669">
        <ele>871.5999999999999</ele>
        <time>2026-09-10T11:20:22.782Z</time>
      </trkpt>
      <trkpt lat="46.8995282" lon="7.4312841">
        <ele>871.4000000000001</ele>
        <time>2026-09-10T11:20:22.782Z</time>
      </trkpt>
      <trkpt lat="46.899536" lon="7.4313046">
        <ele>871.2</ele>
        <time>2026-09-10T11:20:22.782Z</time>
      </trkpt>
      <trkpt lat="46.8995473" lon="7.4313277">
        <ele>871</ele>
        <time>2026-09-10T11:20:22.782Z</time>
      </trkpt>
      <trkpt lat="46.8995587" lon="7.4313529">
        <ele>871</ele>
        <time>2026-09-10T11:20:22.782Z</time>
      </trkpt>
      <trkpt lat="46.8995703" lon="7.4313747">
        <ele>870.8</ele>
        <time>2026-09-10T11:20:22.782Z</time>
      </trkpt>
      <trkpt lat="46.8995895" lon="7.4314064">
        <ele>870.5999999999999</ele>
        <time>2026-09-10T11:20:22.782Z</time>
      </trkpt>
      <trkpt lat="46.8996121" lon="7.431438">
        <ele>870.4000000000001</ele>
        <time>2026-09-10T11:20:22.783Z</time>
      </trkpt>
      <trkpt lat="46.8996316" lon="7.4314822">
        <ele>870.2</ele>
        <time>2026-09-10T11:20:22.783Z</time>
      </trkpt>
      <trkpt lat="46.8996465" lon="7.4315213">
        <ele>870</ele>
        <time>2026-09-10T11:20:22.783Z</time>
      </trkpt>
      <trkpt lat="46.8996617" lon="7.4315606">
        <ele>869.8</ele>
        <time>2026-09-10T11:20:22.783Z</time>
      </trkpt>
      <trkpt lat="46.8996733" lon="7.4316042">
        <ele>869.5999999999999</ele>
        <time>2026-09-10T11:20:22.783Z</time>
      </trkpt>
      <trkpt lat="46.8996924" lon="7.4316611">
        <ele>869.4000000000001</ele>
        <time>2026-09-10T11:20:22.783Z</time>
      </trkpt>
      <trkpt lat="46.8997146" lon="7.4317081">
        <ele>869.2</ele>
        <time>2026-09-10T11:20:22.783Z</time>
      </trkpt>
      <trkpt lat="46.8997413" lon="7.4317162">
        <ele>869.2</ele>
        <time>2026-09-10T11:20:22.783Z</time>
      </trkpt>
      <trkpt lat="46.8997647" lon="7.4317131">
        <ele>869</ele>
        <time>2026-09-10T11:20:22.783Z</time>
      </trkpt>
      <trkpt lat="46.8997949" lon="7.4317131">
        <ele>869</ele>
        <time>2026-09-10T11:20:22.783Z</time>
      </trkpt>
      <trkpt lat="46.8998144" lon="7.431715">
        <ele>869</ele>
        <time>2026-09-10T11:20:22.783Z</time>
      </trkpt>
      <trkpt lat="46.8998336" lon="7.4317183">
        <ele>868.8</ele>
        <time>2026-09-10T11:20:22.783Z</time>
      </trkpt>
      <trkpt lat="46.8998563" lon="7.4317197">
        <ele>868.8</ele>
        <time>2026-09-10T11:20:22.783Z</time>
      </trkpt>
      <trkpt lat="46.8998871" lon="7.4317184">
        <ele>868.5999999999999</ele>
        <time>2026-09-10T11:20:22.783Z</time>
      </trkpt>
      <trkpt lat="46.8999243" lon="7.431736">
        <ele>868.5999999999999</ele>
        <time>2026-09-10T11:20:22.783Z</time>
      </trkpt>
      <trkpt lat="46.8999443" lon="7.431755">
        <ele>868.5999999999999</ele>
        <time>2026-09-10T11:20:22.783Z</time>
      </trkpt>
      <trkpt lat="46.8999634" lon="7.4317651">
        <ele>868.5999999999999</ele>
        <time>2026-09-10T11:20:22.783Z</time>
      </trkpt>
      <trkpt lat="46.8999713" lon="7.4317733">
        <ele>868.8</ele>
        <time>2026-09-10T11:20:22.783Z</time>
      </trkpt>
      <trkpt lat="46.899986" lon="7.4317816">
        <ele>868.8</ele>
        <time>2026-09-10T11:20:22.783Z</time>
      </trkpt>
      <trkpt lat="46.9000125" lon="7.4317865">
        <ele>868.8</ele>
        <time>2026-09-10T11:20:22.783Z</time>
      </trkpt>
      <trkpt lat="46.9000449" lon="7.4318032">
        <ele>868.8</ele>
        <time>2026-09-10T11:20:22.783Z</time>
      </trkpt>
      <trkpt lat="46.900065" lon="7.4318237">
        <ele>868.8</ele>
        <time>2026-09-10T11:20:22.783Z</time>
      </trkpt>
      <trkpt lat="46.9000889" lon="7.431835">
        <ele>868.5999999999999</ele>
        <time>2026-09-10T11:20:22.783Z</time>
      </trkpt>
      <trkpt lat="46.9001159" lon="7.4318399">
        <ele>868.5999999999999</ele>
        <time>2026-09-10T11:20:22.783Z</time>
      </trkpt>
      <trkpt lat="46.9001427" lon="7.4318619">
        <ele>868.4000000000001</ele>
        <time>2026-09-10T11:20:22.783Z</time>
      </trkpt>
      <trkpt lat="46.9001728" lon="7.4319009">
        <ele>868</ele>
        <time>2026-09-10T11:20:22.783Z</time>
      </trkpt>
      <trkpt lat="46.9001964" lon="7.431937">
        <ele>867.8</ele>
        <time>2026-09-10T11:20:22.783Z</time>
      </trkpt>
      <trkpt lat="46.9002224" lon="7.4319565">
        <ele>867.8</ele>
        <time>2026-09-10T11:20:22.783Z</time>
      </trkpt>
      <trkpt lat="46.900253" lon="7.4319897">
        <ele>867.5999999999999</ele>
        <time>2026-09-10T11:20:22.783Z</time>
      </trkpt>
      <trkpt lat="46.9002857" lon="7.4320294">
        <ele>867.2</ele>
        <time>2026-09-10T11:20:22.783Z</time>
      </trkpt>
      <trkpt lat="46.9003181" lon="7.4320502">
        <ele>867</ele>
        <time>2026-09-10T11:20:22.783Z</time>
      </trkpt>
      <trkpt lat="46.900349" lon="7.4320569">
        <ele>866.8</ele>
        <time>2026-09-10T11:20:22.783Z</time>
      </trkpt>
      <trkpt lat="46.900371" lon="7.432055">
        <ele>866.5999999999999</ele>
        <time>2026-09-10T11:20:22.783Z</time>
      </trkpt>
      <trkpt lat="46.9003753" lon="7.4320502">
        <ele>866.4000000000001</ele>
        <time>2026-09-10T11:20:22.783Z</time>
      </trkpt>
      <trkpt lat="46.9004136" lon="7.4320201">
        <ele>865</ele>
        <time>2026-09-10T11:20:22.783Z</time>
      </trkpt>
      <trkpt lat="46.9004326" lon="7.4320116">
        <ele>864.8</ele>
        <time>2026-09-10T11:20:22.783Z</time>
      </trkpt>
      <trkpt lat="46.9004514" lon="7.4320051">
        <ele>864.5999999999999</ele>
        <time>2026-09-10T11:20:22.783Z</time>
      </trkpt>
      <trkpt lat="46.900467" lon="7.4320002">
        <ele>864.4000000000001</ele>
        <time>2026-09-10T11:20:22.783Z</time>
      </trkpt>
      <trkpt lat="46.90049" lon="7.4319983">
        <ele>864</ele>
        <time>2026-09-10T11:20:22.783Z</time>
      </trkpt>
      <trkpt lat="46.9005153" lon="7.4320033">
        <ele>863.8</ele>
        <time>2026-09-10T11:20:22.783Z</time>
      </trkpt>
      <trkpt lat="46.900551" lon="7.4320136">
        <ele>863.2</ele>
        <time>2026-09-10T11:20:22.783Z</time>
      </trkpt>
      <trkpt lat="46.9005773" lon="7.4320234">
        <ele>862.8</ele>
        <time>2026-09-10T11:20:22.783Z</time>
      </trkpt>
      <trkpt lat="46.9005968" lon="7.4320384">
        <ele>862.4000000000001</ele>
        <time>2026-09-10T11:20:22.783Z</time>
      </trkpt>
      <trkpt lat="46.9006149" lon="7.4320512">
        <ele>862</ele>
        <time>2026-09-10T11:20:22.783Z</time>
      </trkpt>
      <trkpt lat="46.9006386" lon="7.4320569">
        <ele>861.5999999999999</ele>
        <time>2026-09-10T11:20:22.783Z</time>
      </trkpt>
      <trkpt lat="46.9006653" lon="7.4320483">
        <ele>861.2</ele>
        <time>2026-09-10T11:20:22.783Z</time>
      </trkpt>
      <trkpt lat="46.9006843" lon="7.4320203">
        <ele>860.5999999999999</ele>
        <time>2026-09-10T11:20:22.783Z</time>
      </trkpt>
      <trkpt lat="46.9006883" lon="7.4319828">
        <ele>860.2</ele>
        <time>2026-09-10T11:20:22.783Z</time>
      </trkpt>
      <trkpt lat="46.9006959" lon="7.4319514">
        <ele>859.8</ele>
        <time>2026-09-10T11:20:22.783Z</time>
      </trkpt>
      <trkpt lat="46.9006996" lon="7.4319367">
        <ele>859.4000000000001</ele>
        <time>2026-09-10T11:20:22.783Z</time>
      </trkpt>
      <trkpt lat="46.9006996" lon="7.4319248">
        <ele>858.4000000000001</ele>
        <time>2026-09-10T11:20:22.783Z</time>
      </trkpt>
      <trkpt lat="46.9007034" lon="7.4319044">
        <ele>858</ele>
        <time>2026-09-10T11:20:22.783Z</time>
      </trkpt>
      <trkpt lat="46.9007034" lon="7.4318935">
        <ele>857.8</ele>
        <time>2026-09-10T11:20:22.783Z</time>
      </trkpt>
      <trkpt lat="46.9007034" lon="7.4318818">
        <ele>857.5999999999999</ele>
        <time>2026-09-10T11:20:22.783Z</time>
      </trkpt>
      <trkpt lat="46.9007034" lon="7.4318697">
        <ele>857.4000000000001</ele>
        <time>2026-09-10T11:20:22.783Z</time>
      </trkpt>
      <trkpt lat="46.9007034" lon="7.431857">
        <ele>857</ele>
        <time>2026-09-10T11:20:22.783Z</time>
      </trkpt>
      <trkpt lat="46.9007034" lon="7.4318385">
        <ele>856.5999999999999</ele>
        <time>2026-09-10T11:20:22.783Z</time>
      </trkpt>
      <trkpt lat="46.9007034" lon="7.43182">
        <ele>856.4000000000001</ele>
        <time>2026-09-10T11:20:22.783Z</time>
      </trkpt>
      <trkpt lat="46.9007034" lon="7.4318084">
        <ele>856.2</ele>
        <time>2026-09-10T11:20:22.783Z</time>
      </trkpt>
      <trkpt lat="46.9007034" lon="7.4317998">
        <ele>856</ele>
        <time>2026-09-10T11:20:22.783Z</time>
      </trkpt>
      <trkpt lat="46.9007034" lon="7.4317844">
        <ele>855.5999999999999</ele>
        <time>2026-09-10T11:20:22.783Z</time>
      </trkpt>
      <trkpt lat="46.9007034" lon="7.4317735">
        <ele>855.5999999999999</ele>
        <time>2026-09-10T11:20:22.783Z</time>
      </trkpt>
      <trkpt lat="46.9007146" lon="7.4317569">
        <ele>855.4000000000001</ele>
        <time>2026-09-10T11:20:22.783Z</time>
      </trkpt>
      <trkpt lat="46.9007187" lon="7.43174">
        <ele>855.4000000000001</ele>
        <time>2026-09-10T11:20:22.783Z</time>
      </trkpt>
      <trkpt lat="46.9007264" lon="7.4317196">
        <ele>855.2</ele>
        <time>2026-09-10T11:20:22.783Z</time>
      </trkpt>
      <trkpt lat="46.9007339" lon="7.4317004">
        <ele>855.2</ele>
        <time>2026-09-10T11:20:22.783Z</time>
      </trkpt>
      <trkpt lat="46.9007455" lon="7.4316815">
        <ele>855</ele>
        <time>2026-09-10T11:20:22.783Z</time>
      </trkpt>
      <trkpt lat="46.9007561" lon="7.4316647">
        <ele>855</ele>
        <time>2026-09-10T11:20:22.783Z</time>
      </trkpt>
      <trkpt lat="46.9007644" lon="7.4316417">
        <ele>855</ele>
        <time>2026-09-10T11:20:22.783Z</time>
      </trkpt>
      <trkpt lat="46.9007756" lon="7.4316176">
        <ele>855</ele>
        <time>2026-09-10T11:20:22.783Z</time>
      </trkpt>
      <trkpt lat="46.9007835" lon="7.431587">
        <ele>854.8</ele>
        <time>2026-09-10T11:20:22.783Z</time>
      </trkpt>
      <trkpt lat="46.9007985" lon="7.4315571">
        <ele>854.8</ele>
        <time>2026-09-10T11:20:22.783Z</time>
      </trkpt>
      <trkpt lat="46.9008213" lon="7.4315272">
        <ele>854.5999999999999</ele>
        <time>2026-09-10T11:20:22.783Z</time>
      </trkpt>
      <trkpt lat="46.9008436" lon="7.4314996">
        <ele>854.5999999999999</ele>
        <time>2026-09-10T11:20:22.783Z</time>
      </trkpt>
      <trkpt lat="46.9008629" lon="7.431471">
        <ele>854.4000000000001</ele>
        <time>2026-09-10T11:20:22.783Z</time>
      </trkpt>
      <trkpt lat="46.9008744" lon="7.4314434">
        <ele>854.2</ele>
        <time>2026-09-10T11:20:22.784Z</time>
      </trkpt>
      <trkpt lat="46.9008751" lon="7.4314145">
        <ele>854</ele>
        <time>2026-09-10T11:20:22.784Z</time>
      </trkpt>
      <trkpt lat="46.9008751" lon="7.4314006">
        <ele>853.8</ele>
        <time>2026-09-10T11:20:22.784Z</time>
      </trkpt>
      <trkpt lat="46.9008751" lon="7.4313902">
        <ele>853.5999999999999</ele>
        <time>2026-09-10T11:20:22.784Z</time>
      </trkpt>
      <trkpt lat="46.9008751" lon="7.4313866">
        <ele>853.4000000000001</ele>
        <time>2026-09-10T11:20:22.784Z</time>
      </trkpt>
      <trkpt lat="46.9008214" lon="7.4313967">
        <ele>852.5999999999999</ele>
        <time>2026-09-10T11:20:22.784Z</time>
      </trkpt>
      <trkpt lat="46.900803" lon="7.4314096">
        <ele>852.4000000000001</ele>
        <time>2026-09-10T11:20:22.784Z</time>
      </trkpt>
      <trkpt lat="46.9007768" lon="7.4314357">
        <ele>852</ele>
        <time>2026-09-10T11:20:22.784Z</time>
      </trkpt>
      <trkpt lat="46.9007623" lon="7.4314592">
        <ele>851.8</ele>
        <time>2026-09-10T11:20:22.784Z</time>
      </trkpt>
      <trkpt lat="46.9007572" lon="7.431472">
        <ele>851.4000000000001</ele>
        <time>2026-09-10T11:20:22.784Z</time>
      </trkpt>
      <trkpt lat="46.9007568" lon="7.4314732">
        <ele>851.2</ele>
        <time>2026-09-10T11:20:22.784Z</time>
      </trkpt>
      <trkpt lat="46.9007528" lon="7.4314788">
        <ele>850.4000000000001</ele>
        <time>2026-09-10T11:20:22.784Z</time>
      </trkpt>
      <trkpt lat="46.9007454" lon="7.4314866">
        <ele>850.2</ele>
        <time>2026-09-10T11:20:22.784Z</time>
      </trkpt>
      <trkpt lat="46.9007343" lon="7.4314898">
        <ele>850</ele>
        <time>2026-09-10T11:20:22.784Z</time>
      </trkpt>
      <trkpt lat="46.9007305" lon="7.43149">
        <ele>849.8</ele>
        <time>2026-09-10T11:20:22.784Z</time>
      </trkpt>
      <trkpt lat="46.9007264" lon="7.4314918">
        <ele>849.5999999999999</ele>
        <time>2026-09-10T11:20:22.784Z</time>
      </trkpt>
      <trkpt lat="46.9007302" lon="7.4314109">
        <ele>848.5999999999999</ele>
        <time>2026-09-10T11:20:22.784Z</time>
      </trkpt>
      <trkpt lat="46.9007351" lon="7.431365">
        <ele>848.4000000000001</ele>
        <time>2026-09-10T11:20:22.784Z</time>
      </trkpt>
      <trkpt lat="46.900749" lon="7.431324">
        <ele>847.8</ele>
        <time>2026-09-10T11:20:22.784Z</time>
      </trkpt>
      <trkpt lat="46.9007607" lon="7.4312732">
        <ele>847.2</ele>
        <time>2026-09-10T11:20:22.784Z</time>
      </trkpt>
      <trkpt lat="46.9007739" lon="7.4312177">
        <ele>846.8</ele>
        <time>2026-09-10T11:20:22.784Z</time>
      </trkpt>
      <trkpt lat="46.9007945" lon="7.4311761">
        <ele>846.2</ele>
        <time>2026-09-10T11:20:22.784Z</time>
      </trkpt>
      <trkpt lat="46.9008249" lon="7.4311407">
        <ele>845.8</ele>
        <time>2026-09-10T11:20:22.784Z</time>
      </trkpt>
      <trkpt lat="46.9008572" lon="7.4311116">
        <ele>845.5999999999999</ele>
        <time>2026-09-10T11:20:22.784Z</time>
      </trkpt>
      <trkpt lat="46.900875" lon="7.4310887">
        <ele>845.2</ele>
        <time>2026-09-10T11:20:22.784Z</time>
      </trkpt>
      <trkpt lat="46.9008982" lon="7.4310615">
        <ele>845</ele>
        <time>2026-09-10T11:20:22.784Z</time>
      </trkpt>
      <trkpt lat="46.9009206" lon="7.4310401">
        <ele>844.8</ele>
        <time>2026-09-10T11:20:22.784Z</time>
      </trkpt>
      <trkpt lat="46.9009468" lon="7.4310255">
        <ele>844.5999999999999</ele>
        <time>2026-09-10T11:20:22.784Z</time>
      </trkpt>
      <trkpt lat="46.9009746" lon="7.4310115">
        <ele>844.5999999999999</ele>
        <time>2026-09-10T11:20:22.784Z</time>
      </trkpt>
      <trkpt lat="46.9009937" lon="7.4310049">
        <ele>844.4000000000001</ele>
        <time>2026-09-10T11:20:22.784Z</time>
      </trkpt>
      <trkpt lat="46.9010217" lon="7.4309965">
        <ele>844.4000000000001</ele>
        <time>2026-09-10T11:20:22.784Z</time>
      </trkpt>
      <trkpt lat="46.901043" lon="7.4309903">
        <ele>844.4000000000001</ele>
        <time>2026-09-10T11:20:22.784Z</time>
      </trkpt>
      <trkpt lat="46.9010655" lon="7.4309818">
        <ele>844.4000000000001</ele>
        <time>2026-09-10T11:20:22.784Z</time>
      </trkpt>
      <trkpt lat="46.9010849" lon="7.4309736">
        <ele>844.4000000000001</ele>
        <time>2026-09-10T11:20:22.784Z</time>
      </trkpt>
      <trkpt lat="46.9011036" lon="7.4309684">
        <ele>844.4000000000001</ele>
        <time>2026-09-10T11:20:22.784Z</time>
      </trkpt>
      <trkpt lat="46.9011201" lon="7.4309543">
        <ele>844.4000000000001</ele>
        <time>2026-09-10T11:20:22.784Z</time>
      </trkpt>
      <trkpt lat="46.9011339" lon="7.430944">
        <ele>844.4000000000001</ele>
        <time>2026-09-10T11:20:22.784Z</time>
      </trkpt>
      <trkpt lat="46.9011421" lon="7.4309349">
        <ele>844.2</ele>
        <time>2026-09-10T11:20:22.784Z</time>
      </trkpt>
      <trkpt lat="46.9011534" lon="7.4309284">
        <ele>844</ele>
        <time>2026-09-10T11:20:22.784Z</time>
      </trkpt>
      <trkpt lat="46.9011536" lon="7.4309282">
        <ele>843.8</ele>
        <time>2026-09-10T11:20:22.784Z</time>
      </trkpt>
      <trkpt lat="46.901161" lon="7.4309235">
        <ele>843.5999999999999</ele>
        <time>2026-09-10T11:20:22.784Z</time>
      </trkpt>
      <trkpt lat="46.9011612" lon="7.4309235">
        <ele>843.4000000000001</ele>
        <time>2026-09-10T11:20:22.784Z</time>
      </trkpt>
      <trkpt lat="46.9011387" lon="7.4308771">
        <ele>842</ele>
        <time>2026-09-10T11:20:22.784Z</time>
      </trkpt>
      <trkpt lat="46.9011121" lon="7.4308683">
        <ele>841.8</ele>
        <time>2026-09-10T11:20:22.784Z</time>
      </trkpt>
      <trkpt lat="46.9010858" lon="7.4308635">
        <ele>841.5999999999999</ele>
        <time>2026-09-10T11:20:22.784Z</time>
      </trkpt>
      <trkpt lat="46.9010662" lon="7.4308615">
        <ele>841.4000000000001</ele>
        <time>2026-09-10T11:20:22.784Z</time>
      </trkpt>
      <trkpt lat="46.9010436" lon="7.4308536">
        <ele>841</ele>
        <time>2026-09-10T11:20:22.784Z</time>
      </trkpt>
      <trkpt lat="46.9010244" lon="7.430845">
        <ele>840.8</ele>
        <time>2026-09-10T11:20:22.784Z</time>
      </trkpt>
      <trkpt lat="46.9010044" lon="7.4308345">
        <ele>840.4000000000001</ele>
        <time>2026-09-10T11:20:22.784Z</time>
      </trkpt>
      <trkpt lat="46.900994" lon="7.4308271">
        <ele>840</ele>
        <time>2026-09-10T11:20:22.784Z</time>
      </trkpt>
      <trkpt lat="46.9009896" lon="7.4308252">
        <ele>839.8</ele>
        <time>2026-09-10T11:20:22.784Z</time>
      </trkpt>
      <trkpt lat="46.9009821" lon="7.4308153">
        <ele>839</ele>
        <time>2026-09-10T11:20:22.784Z</time>
      </trkpt>
      <trkpt lat="46.9009819" lon="7.430812">
        <ele>838.8</ele>
        <time>2026-09-10T11:20:22.784Z</time>
      </trkpt>
      <trkpt lat="46.9009551" lon="7.43081">
        <ele>838</ele>
        <time>2026-09-10T11:20:22.784Z</time>
      </trkpt>
      <trkpt lat="46.9009514" lon="7.4308052">
        <ele>838</ele>
        <time>2026-09-10T11:20:22.785Z</time>
      </trkpt>
      <trkpt lat="46.9009703" lon="7.4306934">
        <ele>837.5999999999999</ele>
        <time>2026-09-10T11:20:22.785Z</time>
      </trkpt>
      <trkpt lat="46.9009778" lon="7.4306885">
        <ele>837.4000000000001</ele>
        <time>2026-09-10T11:20:22.785Z</time>
      </trkpt>
      <trkpt lat="46.9009818" lon="7.4306852">
        <ele>837.4000000000001</ele>
        <time>2026-09-10T11:20:22.785Z</time>
      </trkpt>
      <trkpt lat="46.9009857" lon="7.4306798">
        <ele>837.2</ele>
        <time>2026-09-10T11:20:22.785Z</time>
      </trkpt>
      <trkpt lat="46.9009933" lon="7.4306632">
        <ele>837</ele>
        <time>2026-09-10T11:20:22.785Z</time>
      </trkpt>
      <trkpt lat="46.9010047" lon="7.4306453">
        <ele>836.5999999999999</ele>
        <time>2026-09-10T11:20:22.785Z</time>
      </trkpt>
      <trkpt lat="46.9010279" lon="7.4306248">
        <ele>836.4000000000001</ele>
        <time>2026-09-10T11:20:22.785Z</time>
      </trkpt>
      <trkpt lat="46.9010487" lon="7.4306034">
        <ele>836</ele>
        <time>2026-09-10T11:20:22.785Z</time>
      </trkpt>
      <trkpt lat="46.9010695" lon="7.4305771">
        <ele>835.8</ele>
        <time>2026-09-10T11:20:22.785Z</time>
      </trkpt>
      <trkpt lat="46.901084" lon="7.4305624">
        <ele>835.4000000000001</ele>
        <time>2026-09-10T11:20:22.785Z</time>
      </trkpt>
      <trkpt lat="46.9010995" lon="7.4305519">
        <ele>835</ele>
        <time>2026-09-10T11:20:22.785Z</time>
      </trkpt>
      <trkpt lat="46.9011191" lon="7.4305303">
        <ele>834.5999999999999</ele>
        <time>2026-09-10T11:20:22.785Z</time>
      </trkpt>
      <trkpt lat="46.9011265" lon="7.4305046">
        <ele>834.2</ele>
        <time>2026-09-10T11:20:22.785Z</time>
      </trkpt>
      <trkpt lat="46.9011378" lon="7.4304764">
        <ele>833.8</ele>
        <time>2026-09-10T11:20:22.785Z</time>
      </trkpt>
      <trkpt lat="46.9011536" lon="7.4304484">
        <ele>833.4000000000001</ele>
        <time>2026-09-10T11:20:22.785Z</time>
      </trkpt>
      <trkpt lat="46.9011694" lon="7.4304254">
        <ele>833</ele>
        <time>2026-09-10T11:20:22.785Z</time>
      </trkpt>
      <trkpt lat="46.9011796" lon="7.4304045">
        <ele>832.5999999999999</ele>
        <time>2026-09-10T11:20:22.785Z</time>
      </trkpt>
      <trkpt lat="46.901184" lon="7.4303733">
        <ele>832.2</ele>
        <time>2026-09-10T11:20:22.785Z</time>
      </trkpt>
      <trkpt lat="46.9011803" lon="7.4303387">
        <ele>831.5999999999999</ele>
        <time>2026-09-10T11:20:22.785Z</time>
      </trkpt>
      <trkpt lat="46.9011617" lon="7.4303106">
        <ele>830.8</ele>
        <time>2026-09-10T11:20:22.785Z</time>
      </trkpt>
      <trkpt lat="46.9011389" lon="7.4303018">
        <ele>830.2</ele>
        <time>2026-09-10T11:20:22.785Z</time>
      </trkpt>
      <trkpt lat="46.9011192" lon="7.4302935">
        <ele>829.5999999999999</ele>
        <time>2026-09-10T11:20:22.785Z</time>
      </trkpt>
      <trkpt lat="46.9010979" lon="7.4302793">
        <ele>829</ele>
        <time>2026-09-10T11:20:22.785Z</time>
      </trkpt>
      <trkpt lat="46.9010703" lon="7.430275">
        <ele>828.2</ele>
        <time>2026-09-10T11:20:22.785Z</time>
      </trkpt>
      <trkpt lat="46.9010498" lon="7.4302672">
        <ele>827.5999999999999</ele>
        <time>2026-09-10T11:20:22.785Z</time>
      </trkpt>
      <trkpt lat="46.901036" lon="7.4302491">
        <ele>827</ele>
        <time>2026-09-10T11:20:22.785Z</time>
      </trkpt>
      <trkpt lat="46.9010279" lon="7.430219">
        <ele>826.2</ele>
        <time>2026-09-10T11:20:22.785Z</time>
      </trkpt>
      <trkpt lat="46.9010282" lon="7.430178">
        <ele>825.5999999999999</ele>
        <time>2026-09-10T11:20:22.785Z</time>
      </trkpt>
      <trkpt lat="46.9010387" lon="7.4301397">
        <ele>824.8</ele>
        <time>2026-09-10T11:20:22.785Z</time>
      </trkpt>
      <trkpt lat="46.9010577" lon="7.4301125">
        <ele>824.2</ele>
        <time>2026-09-10T11:20:22.785Z</time>
      </trkpt>
      <trkpt lat="46.9010867" lon="7.430074">
        <ele>823.4000000000001</ele>
        <time>2026-09-10T11:20:22.785Z</time>
      </trkpt>
      <trkpt lat="46.9011115" lon="7.4300386">
        <ele>823</ele>
        <time>2026-09-10T11:20:22.785Z</time>
      </trkpt>
      <trkpt lat="46.9011386" lon="7.4300093">
        <ele>822.4000000000001</ele>
        <time>2026-09-10T11:20:22.785Z</time>
      </trkpt>
      <trkpt lat="46.901159" lon="7.4299736">
        <ele>822</ele>
        <time>2026-09-10T11:20:22.785Z</time>
      </trkpt>
      <trkpt lat="46.9011799" lon="7.4299375">
        <ele>821.5999999999999</ele>
        <time>2026-09-10T11:20:22.785Z</time>
      </trkpt>
      <trkpt lat="46.9012111" lon="7.4299066">
        <ele>821</ele>
        <time>2026-09-10T11:20:22.785Z</time>
      </trkpt>
      <trkpt lat="46.9012418" lon="7.4298833">
        <ele>820.8</ele>
        <time>2026-09-10T11:20:22.785Z</time>
      </trkpt>
      <trkpt lat="46.9012719" lon="7.4298701">
        <ele>820.4000000000001</ele>
        <time>2026-09-10T11:20:22.785Z</time>
      </trkpt>
      <trkpt lat="46.9012901" lon="7.4298619">
        <ele>820.2</ele>
        <time>2026-09-10T11:20:22.785Z</time>
      </trkpt>
      <trkpt lat="46.9013106" lon="7.4298512">
        <ele>820</ele>
        <time>2026-09-10T11:20:22.785Z</time>
      </trkpt>
      <trkpt lat="46.9013283" lon="7.4298405">
        <ele>819.8</ele>
        <time>2026-09-10T11:20:22.785Z</time>
      </trkpt>
      <trkpt lat="46.9013481" lon="7.42982">
        <ele>819.5999999999999</ele>
        <time>2026-09-10T11:20:22.785Z</time>
      </trkpt>
      <trkpt lat="46.901368" lon="7.4298046">
        <ele>819.5999999999999</ele>
        <time>2026-09-10T11:20:22.785Z</time>
      </trkpt>
      <trkpt lat="46.9013887" lon="7.4297972">
        <ele>819.4000000000001</ele>
        <time>2026-09-10T11:20:22.785Z</time>
      </trkpt>
      <trkpt lat="46.9014048" lon="7.4297916">
        <ele>819.4000000000001</ele>
        <time>2026-09-10T11:20:22.785Z</time>
      </trkpt>
      <trkpt lat="46.9014203" lon="7.4297761">
        <ele>819.4000000000001</ele>
        <time>2026-09-10T11:20:22.785Z</time>
      </trkpt>
      <trkpt lat="46.9014357" lon="7.4297601">
        <ele>819.4000000000001</ele>
        <time>2026-09-10T11:20:22.785Z</time>
      </trkpt>
      <trkpt lat="46.9014545" lon="7.429739">
        <ele>819.2</ele>
        <time>2026-09-10T11:20:22.785Z</time>
      </trkpt>
      <trkpt lat="46.9014706" lon="7.4297283">
        <ele>819.2</ele>
        <time>2026-09-10T11:20:22.785Z</time>
      </trkpt>
      <trkpt lat="46.9014776" lon="7.4297253">
        <ele>819</ele>
        <time>2026-09-10T11:20:22.785Z</time>
      </trkpt>
      <trkpt lat="46.9014778" lon="7.4297252">
        <ele>819</ele>
        <time>2026-09-10T11:20:22.785Z</time>
      </trkpt>
      <trkpt lat="46.9014816" lon="7.4297147">
        <ele>818.8</ele>
        <time>2026-09-10T11:20:22.785Z</time>
      </trkpt>
      <trkpt lat="46.9014816" lon="7.429707">
        <ele>818.8</ele>
        <time>2026-09-10T11:20:22.785Z</time>
      </trkpt>
      <trkpt lat="46.9014853" lon="7.4296937">
        <ele>818.5999999999999</ele>
        <time>2026-09-10T11:20:22.785Z</time>
      </trkpt>
      <trkpt lat="46.9014895" lon="7.4296707">
        <ele>818.4000000000001</ele>
        <time>2026-09-10T11:20:22.785Z</time>
      </trkpt>
      <trkpt lat="46.901493" lon="7.4296523">
        <ele>818.2</ele>
        <time>2026-09-10T11:20:22.785Z</time>
      </trkpt>
      <trkpt lat="46.9014931" lon="7.4296432">
        <ele>817.8</ele>
        <time>2026-09-10T11:20:22.785Z</time>
      </trkpt>
      <trkpt lat="46.9014967" lon="7.4296336">
        <ele>817.5999999999999</ele>
        <time>2026-09-10T11:20:22.785Z</time>
      </trkpt>
      <trkpt lat="46.9015046" lon="7.4296264">
        <ele>817.4000000000001</ele>
        <time>2026-09-10T11:20:22.785Z</time>
      </trkpt>
      <trkpt lat="46.9015048" lon="7.4296258">
        <ele>817</ele>
        <time>2026-09-10T11:20:22.785Z</time>
      </trkpt>
      <trkpt lat="46.9015083" lon="7.4296165">
        <ele>816.8</ele>
        <time>2026-09-10T11:20:22.785Z</time>
      </trkpt>
      <trkpt lat="46.9015227" lon="7.4295979">
        <ele>816.5999999999999</ele>
        <time>2026-09-10T11:20:22.786Z</time>
      </trkpt>
      <trkpt lat="46.9015456" lon="7.429584">
        <ele>816.5999999999999</ele>
        <time>2026-09-10T11:20:22.786Z</time>
      </trkpt>
      <trkpt lat="46.9015689" lon="7.4295704">
        <ele>816.4000000000001</ele>
        <time>2026-09-10T11:20:22.786Z</time>
      </trkpt>
      <trkpt lat="46.9015846" lon="7.4295602">
        <ele>816.4000000000001</ele>
        <time>2026-09-10T11:20:22.786Z</time>
      </trkpt>
      <trkpt lat="46.9015997" lon="7.4295404">
        <ele>816.2</ele>
        <time>2026-09-10T11:20:22.786Z</time>
      </trkpt>
      <trkpt lat="46.9016036" lon="7.429527">
        <ele>816.2</ele>
        <time>2026-09-10T11:20:22.786Z</time>
      </trkpt>
      <trkpt lat="46.9016037" lon="7.4295268">
        <ele>816</ele>
        <time>2026-09-10T11:20:22.786Z</time>
      </trkpt>
      <trkpt lat="46.9016037" lon="7.4295183">
        <ele>815.5999999999999</ele>
        <time>2026-09-10T11:20:22.786Z</time>
      </trkpt>
      <trkpt lat="46.9016074" lon="7.4295103">
        <ele>815.4000000000001</ele>
        <time>2026-09-10T11:20:22.786Z</time>
      </trkpt>
      <trkpt lat="46.9016114" lon="7.4294966">
        <ele>815.4000000000001</ele>
        <time>2026-09-10T11:20:22.786Z</time>
      </trkpt>
      <trkpt lat="46.9016224" lon="7.4294806">
        <ele>815.2</ele>
        <time>2026-09-10T11:20:22.786Z</time>
      </trkpt>
      <trkpt lat="46.901638" lon="7.4294615">
        <ele>815</ele>
        <time>2026-09-10T11:20:22.786Z</time>
      </trkpt>
      <trkpt lat="46.9016527" lon="7.4294487">
        <ele>814.8</ele>
        <time>2026-09-10T11:20:22.786Z</time>
      </trkpt>
      <trkpt lat="46.9016643" lon="7.4294338">
        <ele>814.5999999999999</ele>
        <time>2026-09-10T11:20:22.786Z</time>
      </trkpt>
      <trkpt lat="46.9016683" lon="7.4294207">
        <ele>814.2</ele>
        <time>2026-09-10T11:20:22.786Z</time>
      </trkpt>
      <trkpt lat="46.9016762" lon="7.4294085">
        <ele>814</ele>
        <time>2026-09-10T11:20:22.786Z</time>
      </trkpt>
      <trkpt lat="46.9016908" lon="7.4294003">
        <ele>813.8</ele>
        <time>2026-09-10T11:20:22.786Z</time>
      </trkpt>
      <trkpt lat="46.9017066" lon="7.4293919">
        <ele>813.5999999999999</ele>
        <time>2026-09-10T11:20:22.786Z</time>
      </trkpt>
      <trkpt lat="46.9017104" lon="7.4293886">
        <ele>813.5999999999999</ele>
        <time>2026-09-10T11:20:22.786Z</time>
      </trkpt>
      <trkpt lat="46.9017142" lon="7.4293899">
        <ele>813.4000000000001</ele>
        <time>2026-09-10T11:20:22.786Z</time>
      </trkpt>
      <trkpt lat="46.9017161" lon="7.4293828">
        <ele>813.2</ele>
        <time>2026-09-10T11:20:22.786Z</time>
      </trkpt>
      <trkpt lat="46.901718" lon="7.4293788">
        <ele>813.2</ele>
        <time>2026-09-10T11:20:22.786Z</time>
      </trkpt>
      <trkpt lat="46.9017293" lon="7.4293656">
        <ele>813</ele>
        <time>2026-09-10T11:20:22.786Z</time>
      </trkpt>
      <trkpt lat="46.9017373" lon="7.4293528">
        <ele>812.8</ele>
        <time>2026-09-10T11:20:22.786Z</time>
      </trkpt>
      <trkpt lat="46.9017408" lon="7.4293425">
        <ele>812.5999999999999</ele>
        <time>2026-09-10T11:20:22.786Z</time>
      </trkpt>
      <trkpt lat="46.9017562" lon="7.4293135">
        <ele>812.4000000000001</ele>
        <time>2026-09-10T11:20:22.786Z</time>
      </trkpt>
      <trkpt lat="46.9017764" lon="7.4292805">
        <ele>812</ele>
        <time>2026-09-10T11:20:22.786Z</time>
      </trkpt>
      <trkpt lat="46.9017976" lon="7.4292558">
        <ele>811.5999999999999</ele>
        <time>2026-09-10T11:20:22.786Z</time>
      </trkpt>
      <trkpt lat="46.9018347" lon="7.4292327">
        <ele>811.2</ele>
        <time>2026-09-10T11:20:22.786Z</time>
      </trkpt>
      <trkpt lat="46.9018647" lon="7.4292094">
        <ele>810.5999999999999</ele>
        <time>2026-09-10T11:20:22.786Z</time>
      </trkpt>
      <trkpt lat="46.9018928" lon="7.4291939">
        <ele>810.2</ele>
        <time>2026-09-10T11:20:22.786Z</time>
      </trkpt>
      <trkpt lat="46.9019314" lon="7.4291803">
        <ele>809.5999999999999</ele>
        <time>2026-09-10T11:20:22.786Z</time>
      </trkpt>
      <trkpt lat="46.9019721" lon="7.4291705">
        <ele>809.2</ele>
        <time>2026-09-10T11:20:22.786Z</time>
      </trkpt>
      <trkpt lat="46.9020039" lon="7.4291749">
        <ele>808.8</ele>
        <time>2026-09-10T11:20:22.786Z</time>
      </trkpt>
      <trkpt lat="46.9020307" lon="7.4291749">
        <ele>808.4000000000001</ele>
        <time>2026-09-10T11:20:22.786Z</time>
      </trkpt>
      <trkpt lat="46.9020506" lon="7.4291611">
        <ele>808</ele>
        <time>2026-09-10T11:20:22.786Z</time>
      </trkpt>
      <trkpt lat="46.9020607" lon="7.4291539">
        <ele>807.5999999999999</ele>
        <time>2026-09-10T11:20:22.786Z</time>
      </trkpt>
      <trkpt lat="46.902076" lon="7.4291484">
        <ele>807.4000000000001</ele>
        <time>2026-09-10T11:20:22.786Z</time>
      </trkpt>
      <trkpt lat="46.902097" lon="7.4291485">
        <ele>807</ele>
        <time>2026-09-10T11:20:22.786Z</time>
      </trkpt>
      <trkpt lat="46.9021215" lon="7.4291546">
        <ele>806.5999999999999</ele>
        <time>2026-09-10T11:20:22.786Z</time>
      </trkpt>
      <trkpt lat="46.902145" lon="7.4291633">
        <ele>806.2</ele>
        <time>2026-09-10T11:20:22.787Z</time>
      </trkpt>
      <trkpt lat="46.9021569" lon="7.4291649">
        <ele>805.8</ele>
        <time>2026-09-10T11:20:22.787Z</time>
      </trkpt>
      <trkpt lat="46.902161" lon="7.4291669">
        <ele>805.2</ele>
        <time>2026-09-10T11:20:22.787Z</time>
      </trkpt>
      <trkpt lat="46.9021681" lon="7.42917">
        <ele>805</ele>
        <time>2026-09-10T11:20:22.787Z</time>
      </trkpt>
      <trkpt lat="46.9021682" lon="7.4291701">
        <ele>804.8</ele>
        <time>2026-09-10T11:20:22.787Z</time>
      </trkpt>
      <trkpt lat="46.9021912" lon="7.4291701">
        <ele>803.5999999999999</ele>
        <time>2026-09-10T11:20:22.787Z</time>
      </trkpt>
      <trkpt lat="46.9022064" lon="7.4291749">
        <ele>803</ele>
        <time>2026-09-10T11:20:22.787Z</time>
      </trkpt>
      <trkpt lat="46.9022254" lon="7.4291867">
        <ele>803</ele>
        <time>2026-09-10T11:20:22.787Z</time>
      </trkpt>
      <trkpt lat="46.9022484" lon="7.4292083">
        <ele>802.8</ele>
        <time>2026-09-10T11:20:22.787Z</time>
      </trkpt>
      <trkpt lat="46.9022675" lon="7.4292316">
        <ele>802.8</ele>
        <time>2026-09-10T11:20:22.787Z</time>
      </trkpt>
      <trkpt lat="46.9022818" lon="7.4292504">
        <ele>802.5999999999999</ele>
        <time>2026-09-10T11:20:22.787Z</time>
      </trkpt>
      <trkpt lat="46.9022941" lon="7.4292664">
        <ele>802.5999999999999</ele>
        <time>2026-09-10T11:20:22.787Z</time>
      </trkpt>
      <trkpt lat="46.9023095" lon="7.4292833">
        <ele>802.5999999999999</ele>
        <time>2026-09-10T11:20:22.787Z</time>
      </trkpt>
      <trkpt lat="46.9023209" lon="7.4292985">
        <ele>802.5999999999999</ele>
        <time>2026-09-10T11:20:22.787Z</time>
      </trkpt>
      <trkpt lat="46.902332" lon="7.4293161">
        <ele>802.8</ele>
        <time>2026-09-10T11:20:22.787Z</time>
      </trkpt>
      <trkpt lat="46.9023477" lon="7.42933">
        <ele>803</ele>
        <time>2026-09-10T11:20:22.787Z</time>
      </trkpt>
      <trkpt lat="46.9023625" lon="7.429343">
        <ele>803</ele>
        <time>2026-09-10T11:20:22.787Z</time>
      </trkpt>
      <trkpt lat="46.9023816" lon="7.4293597">
        <ele>803.2</ele>
        <time>2026-09-10T11:20:22.787Z</time>
      </trkpt>
      <trkpt lat="46.9024159" lon="7.4293798">
        <ele>803</ele>
        <time>2026-09-10T11:20:22.787Z</time>
      </trkpt>
      <trkpt lat="46.9024347" lon="7.4294109">
        <ele>803</ele>
        <time>2026-09-10T11:20:22.787Z</time>
      </trkpt>
      <trkpt lat="46.902459" lon="7.4294414">
        <ele>802.8</ele>
        <time>2026-09-10T11:20:22.787Z</time>
      </trkpt>
      <trkpt lat="46.9024733" lon="7.4294678">
        <ele>802.5999999999999</ele>
        <time>2026-09-10T11:20:22.787Z</time>
      </trkpt>
      <trkpt lat="46.9024922" lon="7.4294896">
        <ele>802.4000000000001</ele>
        <time>2026-09-10T11:20:22.787Z</time>
      </trkpt>
      <trkpt lat="46.9025136" lon="7.4294921">
        <ele>802</ele>
        <time>2026-09-10T11:20:22.787Z</time>
      </trkpt>
      <trkpt lat="46.9025484" lon="7.429469">
        <ele>801.5999999999999</ele>
        <time>2026-09-10T11:20:22.787Z</time>
      </trkpt>
      <trkpt lat="46.9025835" lon="7.4294339">
        <ele>801.2</ele>
        <time>2026-09-10T11:20:22.788Z</time>
      </trkpt>
      <trkpt lat="46.9026064" lon="7.429406">
        <ele>801</ele>
        <time>2026-09-10T11:20:22.788Z</time>
      </trkpt>
      <trkpt lat="46.9026108" lon="7.4293933">
        <ele>800.8</ele>
        <time>2026-09-10T11:20:22.788Z</time>
      </trkpt>
      <trkpt lat="46.9026146" lon="7.4293865">
        <ele>800.5999999999999</ele>
        <time>2026-09-10T11:20:22.788Z</time>
      </trkpt>
      <trkpt lat="46.9026261" lon="7.4293114">
        <ele>799.4000000000001</ele>
        <time>2026-09-10T11:20:22.788Z</time>
      </trkpt>
      <trkpt lat="46.9026261" lon="7.4293052">
        <ele>799.4000000000001</ele>
        <time>2026-09-10T11:20:22.788Z</time>
      </trkpt>
      <trkpt lat="46.9026299" lon="7.429293">
        <ele>799.2</ele>
        <time>2026-09-10T11:20:22.788Z</time>
      </trkpt>
      <trkpt lat="46.9026339" lon="7.4292809">
        <ele>799.2</ele>
        <time>2026-09-10T11:20:22.788Z</time>
      </trkpt>
      <trkpt lat="46.9026374" lon="7.4292702">
        <ele>799</ele>
        <time>2026-09-10T11:20:22.788Z</time>
      </trkpt>
      <trkpt lat="46.9026451" lon="7.4292598">
        <ele>799</ele>
        <time>2026-09-10T11:20:22.788Z</time>
      </trkpt>
      <trkpt lat="46.9026489" lon="7.4292497">
        <ele>798.8</ele>
        <time>2026-09-10T11:20:22.788Z</time>
      </trkpt>
      <trkpt lat="46.9026489" lon="7.4292437">
        <ele>798.8</ele>
        <time>2026-09-10T11:20:22.788Z</time>
      </trkpt>
      <trkpt lat="46.9026527" lon="7.4292402">
        <ele>798.5999999999999</ele>
        <time>2026-09-10T11:20:22.788Z</time>
      </trkpt>
      <trkpt lat="46.9026527" lon="7.4291815">
        <ele>798</ele>
        <time>2026-09-10T11:20:22.788Z</time>
      </trkpt>
      <trkpt lat="46.9026489" lon="7.4291663">
        <ele>798</ele>
        <time>2026-09-10T11:20:22.788Z</time>
      </trkpt>
      <trkpt lat="46.9026489" lon="7.4291584">
        <ele>797.8</ele>
        <time>2026-09-10T11:20:22.788Z</time>
      </trkpt>
      <trkpt lat="46.9026489" lon="7.4291582">
        <ele>797.8</ele>
        <time>2026-09-10T11:20:22.788Z</time>
      </trkpt>
      <trkpt lat="46.9026566" lon="7.4291415">
        <ele>797.5999999999999</ele>
        <time>2026-09-10T11:20:22.788Z</time>
      </trkpt>
      <trkpt lat="46.9026609" lon="7.4291288">
        <ele>797.5999999999999</ele>
        <time>2026-09-10T11:20:22.788Z</time>
      </trkpt>
      <trkpt lat="46.902668" lon="7.4291116">
        <ele>797.5999999999999</ele>
        <time>2026-09-10T11:20:22.788Z</time>
      </trkpt>
      <trkpt lat="46.9026796" lon="7.4290876">
        <ele>797.5999999999999</ele>
        <time>2026-09-10T11:20:22.788Z</time>
      </trkpt>
      <trkpt lat="46.9026879" lon="7.4290599">
        <ele>797.4000000000001</ele>
        <time>2026-09-10T11:20:22.788Z</time>
      </trkpt>
      <trkpt lat="46.9026986" lon="7.429035">
        <ele>797.4000000000001</ele>
        <time>2026-09-10T11:20:22.788Z</time>
      </trkpt>
      <trkpt lat="46.9027137" lon="7.4290019">
        <ele>797.4000000000001</ele>
        <time>2026-09-10T11:20:22.788Z</time>
      </trkpt>
      <trkpt lat="46.9027298" lon="7.4289679">
        <ele>797.4000000000001</ele>
        <time>2026-09-10T11:20:22.788Z</time>
      </trkpt>
      <trkpt lat="46.90274" lon="7.428941">
        <ele>797.4000000000001</ele>
        <time>2026-09-10T11:20:22.788Z</time>
      </trkpt>
      <trkpt lat="46.902755" lon="7.4289131">
        <ele>797.4000000000001</ele>
        <time>2026-09-10T11:20:22.788Z</time>
      </trkpt>
      <trkpt lat="46.9027674" lon="7.4288775">
        <ele>797.4000000000001</ele>
        <time>2026-09-10T11:20:22.788Z</time>
      </trkpt>
      <trkpt lat="46.9027785" lon="7.4288385">
        <ele>797.2</ele>
        <time>2026-09-10T11:20:22.788Z</time>
      </trkpt>
      <trkpt lat="46.9027979" lon="7.4287963">
        <ele>797.2</ele>
        <time>2026-09-10T11:20:22.788Z</time>
      </trkpt>
      <trkpt lat="46.9028133" lon="7.4287526">
        <ele>797</ele>
        <time>2026-09-10T11:20:22.789Z</time>
      </trkpt>
      <trkpt lat="46.9028317" lon="7.4287093">
        <ele>797</ele>
        <time>2026-09-10T11:20:22.789Z</time>
      </trkpt>
      <trkpt lat="46.9028512" lon="7.4286617">
        <ele>796.8</ele>
        <time>2026-09-10T11:20:22.789Z</time>
      </trkpt>
      <trkpt lat="46.9028716" lon="7.4286207">
        <ele>796.8</ele>
        <time>2026-09-10T11:20:22.789Z</time>
      </trkpt>
      <trkpt lat="46.9028921" lon="7.4285867">
        <ele>796.5999999999999</ele>
        <time>2026-09-10T11:20:22.789Z</time>
      </trkpt>
      <trkpt lat="46.902912" lon="7.4285486">
        <ele>796.5999999999999</ele>
        <time>2026-09-10T11:20:22.789Z</time>
      </trkpt>
      <trkpt lat="46.9029366" lon="7.4285149">
        <ele>796.4000000000001</ele>
        <time>2026-09-10T11:20:22.789Z</time>
      </trkpt>
      <trkpt lat="46.9029574" lon="7.4284889">
        <ele>796.4000000000001</ele>
        <time>2026-09-10T11:20:22.789Z</time>
      </trkpt>
      <trkpt lat="46.9029771" lon="7.4284634">
        <ele>796.4000000000001</ele>
        <time>2026-09-10T11:20:22.789Z</time>
      </trkpt>
      <trkpt lat="46.9030009" lon="7.4284427">
        <ele>796.4000000000001</ele>
        <time>2026-09-10T11:20:22.789Z</time>
      </trkpt>
      <trkpt lat="46.9030185" lon="7.4284304">
        <ele>796.4000000000001</ele>
        <time>2026-09-10T11:20:22.789Z</time>
      </trkpt>
      <trkpt lat="46.9030415" lon="7.4284235">
        <ele>796.4000000000001</ele>
        <time>2026-09-10T11:20:22.789Z</time>
      </trkpt>
      <trkpt lat="46.903062" lon="7.4284181">
        <ele>796.4000000000001</ele>
        <time>2026-09-10T11:20:22.789Z</time>
      </trkpt>
      <trkpt lat="46.9030793" lon="7.4284168">
        <ele>796.5999999999999</ele>
        <time>2026-09-10T11:20:22.789Z</time>
      </trkpt>
      <trkpt lat="46.9030986" lon="7.42842">
        <ele>796.5999999999999</ele>
        <time>2026-09-10T11:20:22.789Z</time>
      </trkpt>
      <trkpt lat="46.9031192" lon="7.42842">
        <ele>796.8</ele>
        <time>2026-09-10T11:20:22.789Z</time>
      </trkpt>
      <trkpt lat="46.9031334" lon="7.42842">
        <ele>796.8</ele>
        <time>2026-09-10T11:20:22.789Z</time>
      </trkpt>
      <trkpt lat="46.9031516" lon="7.42842">
        <ele>797</ele>
        <time>2026-09-10T11:20:22.789Z</time>
      </trkpt>
      <trkpt lat="46.9031711" lon="7.42842">
        <ele>797.2</ele>
        <time>2026-09-10T11:20:22.789Z</time>
      </trkpt>
      <trkpt lat="46.903187" lon="7.4284168">
        <ele>797.4000000000001</ele>
        <time>2026-09-10T11:20:22.789Z</time>
      </trkpt>
      <trkpt lat="46.9032018" lon="7.4284168">
        <ele>797.4000000000001</ele>
        <time>2026-09-10T11:20:22.789Z</time>
      </trkpt>
      <trkpt lat="46.9032212" lon="7.4284201">
        <ele>797.5999999999999</ele>
        <time>2026-09-10T11:20:22.789Z</time>
      </trkpt>
      <trkpt lat="46.9032364" lon="7.4284267">
        <ele>797.8</ele>
        <time>2026-09-10T11:20:22.789Z</time>
      </trkpt>
      <trkpt lat="46.903251" lon="7.4284345">
        <ele>798</ele>
        <time>2026-09-10T11:20:22.789Z</time>
      </trkpt>
      <trkpt lat="46.9032669" lon="7.4284448">
        <ele>798.2</ele>
        <time>2026-09-10T11:20:22.789Z</time>
      </trkpt>
      <trkpt lat="46.9032824" lon="7.4284501">
        <ele>798.4000000000001</ele>
        <time>2026-09-10T11:20:22.789Z</time>
      </trkpt>
      <trkpt lat="46.9032969" lon="7.4284533">
        <ele>798.4000000000001</ele>
        <time>2026-09-10T11:20:22.789Z</time>
      </trkpt>
      <trkpt lat="46.9033162" lon="7.42846">
        <ele>798.5999999999999</ele>
        <time>2026-09-10T11:20:22.789Z</time>
      </trkpt>
      <trkpt lat="46.9033314" lon="7.4284634">
        <ele>798.8</ele>
        <time>2026-09-10T11:20:22.789Z</time>
      </trkpt>
      <trkpt lat="46.9033466" lon="7.4284681">
        <ele>799</ele>
        <time>2026-09-10T11:20:22.789Z</time>
      </trkpt>
      <trkpt lat="46.9033664" lon="7.4284769">
        <ele>799</ele>
        <time>2026-09-10T11:20:22.789Z</time>
      </trkpt>
      <trkpt lat="46.9033808" lon="7.4284832">
        <ele>799.2</ele>
        <time>2026-09-10T11:20:22.789Z</time>
      </trkpt>
      <trkpt lat="46.9033964" lon="7.4284882">
        <ele>799.2</ele>
        <time>2026-09-10T11:20:22.789Z</time>
      </trkpt>
      <trkpt lat="46.903416" lon="7.428495">
        <ele>799.4000000000001</ele>
        <time>2026-09-10T11:20:22.789Z</time>
      </trkpt>
      <trkpt lat="46.9034304" lon="7.4285013">
        <ele>799.4000000000001</ele>
        <time>2026-09-10T11:20:22.789Z</time>
      </trkpt>
      <trkpt lat="46.9034462" lon="7.4285102">
        <ele>799.5999999999999</ele>
        <time>2026-09-10T11:20:22.789Z</time>
      </trkpt>
      <trkpt lat="46.9034617" lon="7.4285183">
        <ele>799.8</ele>
        <time>2026-09-10T11:20:22.789Z</time>
      </trkpt>
      <trkpt lat="46.9034759" lon="7.4285233">
        <ele>799.8</ele>
        <time>2026-09-10T11:20:22.789Z</time>
      </trkpt>
      <trkpt lat="46.9034912" lon="7.4285313">
        <ele>800</ele>
        <time>2026-09-10T11:20:22.789Z</time>
      </trkpt>
      <trkpt lat="46.9035072" lon="7.4285402">
        <ele>800</ele>
        <time>2026-09-10T11:20:22.789Z</time>
      </trkpt>
      <trkpt lat="46.9035216" lon="7.4285479">
        <ele>800.2</ele>
        <time>2026-09-10T11:20:22.789Z</time>
      </trkpt>
      <trkpt lat="46.9035376" lon="7.4285597">
        <ele>800.2</ele>
        <time>2026-09-10T11:20:22.789Z</time>
      </trkpt>
      <trkpt lat="46.9035497" lon="7.4285702">
        <ele>800.4000000000001</ele>
        <time>2026-09-10T11:20:22.789Z</time>
      </trkpt>
      <trkpt lat="46.9035603" lon="7.4285814">
        <ele>800.5999999999999</ele>
        <time>2026-09-10T11:20:22.790Z</time>
      </trkpt>
      <trkpt lat="46.903572" lon="7.4285916">
        <ele>800.8</ele>
        <time>2026-09-10T11:20:22.790Z</time>
      </trkpt>
      <trkpt lat="46.9035876" lon="7.4286001">
        <ele>801</ele>
        <time>2026-09-10T11:20:22.790Z</time>
      </trkpt>
      <trkpt lat="46.9035982" lon="7.4286079">
        <ele>801.2</ele>
        <time>2026-09-10T11:20:22.790Z</time>
      </trkpt>
      <trkpt lat="46.9036102" lon="7.4286151">
        <ele>801.4000000000001</ele>
        <time>2026-09-10T11:20:22.790Z</time>
      </trkpt>
      <trkpt lat="46.9036222" lon="7.428627">
        <ele>801.4000000000001</ele>
        <time>2026-09-10T11:20:22.790Z</time>
      </trkpt>
      <trkpt lat="46.9036327" lon="7.4286362">
        <ele>801.5999999999999</ele>
        <time>2026-09-10T11:20:22.790Z</time>
      </trkpt>
      <trkpt lat="46.9036445" lon="7.4286465">
        <ele>801.8</ele>
        <time>2026-09-10T11:20:22.790Z</time>
      </trkpt>
      <trkpt lat="46.9036558" lon="7.4286582">
        <ele>802</ele>
        <time>2026-09-10T11:20:22.790Z</time>
      </trkpt>
      <trkpt lat="46.9036672" lon="7.4286696">
        <ele>802.2</ele>
        <time>2026-09-10T11:20:22.790Z</time>
      </trkpt>
      <trkpt lat="46.9036786" lon="7.4286815">
        <ele>802.2</ele>
        <time>2026-09-10T11:20:22.790Z</time>
      </trkpt>
      <trkpt lat="46.9036901" lon="7.4286931">
        <ele>802.4000000000001</ele>
        <time>2026-09-10T11:20:22.790Z</time>
      </trkpt>
      <trkpt lat="46.9037015" lon="7.4287049">
        <ele>802.5999999999999</ele>
        <time>2026-09-10T11:20:22.790Z</time>
      </trkpt>
      <trkpt lat="46.9037129" lon="7.4287181">
        <ele>802.8</ele>
        <time>2026-09-10T11:20:22.790Z</time>
      </trkpt>
      <trkpt lat="46.9037251" lon="7.4287304">
        <ele>803</ele>
        <time>2026-09-10T11:20:22.790Z</time>
      </trkpt>
      <trkpt lat="46.9037356" lon="7.428741">
        <ele>803.2</ele>
        <time>2026-09-10T11:20:22.790Z</time>
      </trkpt>
      <trkpt lat="46.9037473" lon="7.4287531">
        <ele>803.2</ele>
        <time>2026-09-10T11:20:22.790Z</time>
      </trkpt>
      <trkpt lat="46.9037596" lon="7.4287641">
        <ele>803.4000000000001</ele>
        <time>2026-09-10T11:20:22.790Z</time>
      </trkpt>
      <trkpt lat="46.90377" lon="7.4287763">
        <ele>803.5999999999999</ele>
        <time>2026-09-10T11:20:22.790Z</time>
      </trkpt>
      <trkpt lat="46.9037819" lon="7.4287882">
        <ele>803.8</ele>
        <time>2026-09-10T11:20:22.790Z</time>
      </trkpt>
      <trkpt lat="46.9037927" lon="7.4287995">
        <ele>804</ele>
        <time>2026-09-10T11:20:22.790Z</time>
      </trkpt>
      <trkpt lat="46.9038046" lon="7.4288133">
        <ele>804.2</ele>
        <time>2026-09-10T11:20:22.790Z</time>
      </trkpt>
      <trkpt lat="46.9038162" lon="7.4288249">
        <ele>804.2</ele>
        <time>2026-09-10T11:20:22.790Z</time>
      </trkpt>
      <trkpt lat="46.9038269" lon="7.4288361">
        <ele>804.4000000000001</ele>
        <time>2026-09-10T11:20:22.790Z</time>
      </trkpt>
      <trkpt lat="46.9038393" lon="7.4288504">
        <ele>804.5999999999999</ele>
        <time>2026-09-10T11:20:22.790Z</time>
      </trkpt>
      <trkpt lat="46.9038501" lon="7.4288611">
        <ele>804.8</ele>
        <time>2026-09-10T11:20:22.790Z</time>
      </trkpt>
      <trkpt lat="46.903862" lon="7.4288716">
        <ele>805</ele>
        <time>2026-09-10T11:20:22.790Z</time>
      </trkpt>
      <trkpt lat="46.9038732" lon="7.4288833">
        <ele>805.2</ele>
        <time>2026-09-10T11:20:22.790Z</time>
      </trkpt>
      <trkpt lat="46.9038848" lon="7.4288968">
        <ele>805.4000000000001</ele>
        <time>2026-09-10T11:20:22.790Z</time>
      </trkpt>
      <trkpt lat="46.903897" lon="7.4289092">
        <ele>805.5999999999999</ele>
        <time>2026-09-10T11:20:22.790Z</time>
      </trkpt>
      <trkpt lat="46.9039073" lon="7.4289212">
        <ele>805.8</ele>
        <time>2026-09-10T11:20:22.790Z</time>
      </trkpt>
      <trkpt lat="46.903919" lon="7.428933">
        <ele>805.8</ele>
        <time>2026-09-10T11:20:22.790Z</time>
      </trkpt>
      <trkpt lat="46.9039268" lon="7.4289463">
        <ele>806</ele>
        <time>2026-09-10T11:20:22.790Z</time>
      </trkpt>
      <trkpt lat="46.9039379" lon="7.428958">
        <ele>806.2</ele>
        <time>2026-09-10T11:20:22.790Z</time>
      </trkpt>
      <trkpt lat="46.9039532" lon="7.4289696">
        <ele>806.4000000000001</ele>
        <time>2026-09-10T11:20:22.790Z</time>
      </trkpt>
      <trkpt lat="46.903961" lon="7.4289829">
        <ele>806.5999999999999</ele>
        <time>2026-09-10T11:20:22.790Z</time>
      </trkpt>
      <trkpt lat="46.9039724" lon="7.4289964">
        <ele>806.8</ele>
        <time>2026-09-10T11:20:22.790Z</time>
      </trkpt>
      <trkpt lat="46.9039838" lon="7.4290064">
        <ele>807</ele>
        <time>2026-09-10T11:20:22.790Z</time>
      </trkpt>
      <trkpt lat="46.9039959" lon="7.4290172">
        <ele>807</ele>
        <time>2026-09-10T11:20:22.790Z</time>
      </trkpt>
      <trkpt lat="46.9040029" lon="7.4290295">
        <ele>807.2</ele>
        <time>2026-09-10T11:20:22.790Z</time>
      </trkpt>
      <trkpt lat="46.9040145" lon="7.4290418">
        <ele>807.4000000000001</ele>
        <time>2026-09-10T11:20:22.790Z</time>
      </trkpt>
      <trkpt lat="46.9040261" lon="7.4290534">
        <ele>807.5999999999999</ele>
        <time>2026-09-10T11:20:22.790Z</time>
      </trkpt>
      <trkpt lat="46.9040371" lon="7.4290649">
        <ele>807.5999999999999</ele>
        <time>2026-09-10T11:20:22.790Z</time>
      </trkpt>
      <trkpt lat="46.9040494" lon="7.4290771">
        <ele>807.8</ele>
        <time>2026-09-10T11:20:22.790Z</time>
      </trkpt>
      <trkpt lat="46.9040599" lon="7.4290863">
        <ele>808</ele>
        <time>2026-09-10T11:20:22.790Z</time>
      </trkpt>
      <trkpt lat="46.9040716" lon="7.4290965">
        <ele>808.2</ele>
        <time>2026-09-10T11:20:22.790Z</time>
      </trkpt>
      <trkpt lat="46.9040832" lon="7.429108">
        <ele>808.4000000000001</ele>
        <time>2026-09-10T11:20:22.790Z</time>
      </trkpt>
      <trkpt lat="46.9040948" lon="7.4291202">
        <ele>808.4000000000001</ele>
        <time>2026-09-10T11:20:22.790Z</time>
      </trkpt>
      <trkpt lat="46.9041059" lon="7.4291312">
        <ele>808.5999999999999</ele>
        <time>2026-09-10T11:20:22.790Z</time>
      </trkpt>
      <trkpt lat="46.9041138" lon="7.4291415">
        <ele>808.8</ele>
        <time>2026-09-10T11:20:22.790Z</time>
      </trkpt>
      <trkpt lat="46.9041246" lon="7.4291528">
        <ele>809</ele>
        <time>2026-09-10T11:20:22.790Z</time>
      </trkpt>
      <trkpt lat="46.9041363" lon="7.4291664">
        <ele>809.2</ele>
        <time>2026-09-10T11:20:22.790Z</time>
      </trkpt>
      <trkpt lat="46.9041442" lon="7.4291767">
        <ele>809.4000000000001</ele>
        <time>2026-09-10T11:20:22.791Z</time>
      </trkpt>
      <trkpt lat="46.9041595" lon="7.4291882">
        <ele>809.4000000000001</ele>
        <time>2026-09-10T11:20:22.791Z</time>
      </trkpt>
      <trkpt lat="46.9041668" lon="7.4291996">
        <ele>809.5999999999999</ele>
        <time>2026-09-10T11:20:22.791Z</time>
      </trkpt>
      <trkpt lat="46.9041784" lon="7.4292132">
        <ele>809.8</ele>
        <time>2026-09-10T11:20:22.791Z</time>
      </trkpt>
      <trkpt lat="46.9041907" lon="7.4292289">
        <ele>810</ele>
        <time>2026-09-10T11:20:22.791Z</time>
      </trkpt>
      <trkpt lat="46.9042011" lon="7.4292379">
        <ele>810.2</ele>
        <time>2026-09-10T11:20:22.791Z</time>
      </trkpt>
      <trkpt lat="46.904213" lon="7.4292518">
        <ele>810.2</ele>
        <time>2026-09-10T11:20:22.791Z</time>
      </trkpt>
      <trkpt lat="46.9042203" lon="7.4292627">
        <ele>810.4000000000001</ele>
        <time>2026-09-10T11:20:22.791Z</time>
      </trkpt>
      <trkpt lat="46.9042357" lon="7.4292749">
        <ele>810.5999999999999</ele>
        <time>2026-09-10T11:20:22.791Z</time>
      </trkpt>
      <trkpt lat="46.9042471" lon="7.4292863">
        <ele>810.5999999999999</ele>
        <time>2026-09-10T11:20:22.791Z</time>
      </trkpt>
      <trkpt lat="46.9042587" lon="7.4292964">
        <ele>810.8</ele>
        <time>2026-09-10T11:20:22.791Z</time>
      </trkpt>
      <trkpt lat="46.9042697" lon="7.4293061">
        <ele>811</ele>
        <time>2026-09-10T11:20:22.791Z</time>
      </trkpt>
      <trkpt lat="46.9042817" lon="7.4293151">
        <ele>811.2</ele>
        <time>2026-09-10T11:20:22.791Z</time>
      </trkpt>
      <trkpt lat="46.9042967" lon="7.4293232">
        <ele>811.4000000000001</ele>
        <time>2026-09-10T11:20:22.791Z</time>
      </trkpt>
      <trkpt lat="46.9043077" lon="7.4293313">
        <ele>811.5999999999999</ele>
        <time>2026-09-10T11:20:22.791Z</time>
      </trkpt>
      <trkpt lat="46.9043198" lon="7.4293365">
        <ele>811.8</ele>
        <time>2026-09-10T11:20:22.791Z</time>
      </trkpt>
      <trkpt lat="46.9043311" lon="7.4293418">
        <ele>811.8</ele>
        <time>2026-09-10T11:20:22.791Z</time>
      </trkpt>
      <trkpt lat="46.9043428" lon="7.4293433">
        <ele>812</ele>
        <time>2026-09-10T11:20:22.791Z</time>
      </trkpt>
      <trkpt lat="46.9043576" lon="7.4293483">
        <ele>812.2</ele>
        <time>2026-09-10T11:20:22.791Z</time>
      </trkpt>
      <trkpt lat="46.9043694" lon="7.4293518">
        <ele>812.4000000000001</ele>
        <time>2026-09-10T11:20:22.791Z</time>
      </trkpt>
      <trkpt lat="46.9043843" lon="7.4293551">
        <ele>812.5999999999999</ele>
        <time>2026-09-10T11:20:22.791Z</time>
      </trkpt>
      <trkpt lat="46.9043954" lon="7.4293583">
        <ele>812.8</ele>
        <time>2026-09-10T11:20:22.791Z</time>
      </trkpt>
      <trkpt lat="46.904407" lon="7.4293617">
        <ele>813</ele>
        <time>2026-09-10T11:20:22.791Z</time>
      </trkpt>
      <trkpt lat="46.9044188" lon="7.4293651">
        <ele>813.2</ele>
        <time>2026-09-10T11:20:22.791Z</time>
      </trkpt>
      <trkpt lat="46.9044343" lon="7.4293699">
        <ele>813.4000000000001</ele>
        <time>2026-09-10T11:20:22.791Z</time>
      </trkpt>
      <trkpt lat="46.9044505" lon="7.4293754">
        <ele>813.5999999999999</ele>
        <time>2026-09-10T11:20:22.791Z</time>
      </trkpt>
      <trkpt lat="46.9044647" lon="7.4293785">
        <ele>813.8</ele>
        <time>2026-09-10T11:20:22.791Z</time>
      </trkpt>
      <trkpt lat="46.9044762" lon="7.4293833">
        <ele>814</ele>
        <time>2026-09-10T11:20:22.791Z</time>
      </trkpt>
      <trkpt lat="46.9044921" lon="7.429387">
        <ele>814.2</ele>
        <time>2026-09-10T11:20:22.791Z</time>
      </trkpt>
      <trkpt lat="46.9045027" lon="7.4293917">
        <ele>814.4000000000001</ele>
        <time>2026-09-10T11:20:22.791Z</time>
      </trkpt>
      <trkpt lat="46.9045143" lon="7.4293967">
        <ele>814.4000000000001</ele>
        <time>2026-09-10T11:20:22.791Z</time>
      </trkpt>
      <trkpt lat="46.9045178" lon="7.4294018">
        <ele>814.5999999999999</ele>
        <time>2026-09-10T11:20:22.791Z</time>
      </trkpt>
      <trkpt lat="46.904511" lon="7.4294001">
        <ele>814.5999999999999</ele>
        <time>2026-09-10T11:20:22.791Z</time>
      </trkpt>
      <trkpt lat="46.9045105" lon="7.4294">
        <ele>814.8</ele>
        <time>2026-09-10T11:20:22.791Z</time>
      </trkpt>
      <trkpt lat="46.9045412" lon="7.4293598">
        <ele>814.4000000000001</ele>
        <time>2026-09-10T11:20:22.791Z</time>
      </trkpt>
      <trkpt lat="46.9045482" lon="7.4293568">
        <ele>814.2</ele>
        <time>2026-09-10T11:20:22.791Z</time>
      </trkpt>
      <trkpt lat="46.9045597" lon="7.4293519">
        <ele>814</ele>
        <time>2026-09-10T11:20:22.791Z</time>
      </trkpt>
      <trkpt lat="46.9045822" lon="7.4293467">
        <ele>813.5999999999999</ele>
        <time>2026-09-10T11:20:22.791Z</time>
      </trkpt>
      <trkpt lat="46.9045977" lon="7.4293337">
        <ele>813.2</ele>
        <time>2026-09-10T11:20:22.791Z</time>
      </trkpt>
      <trkpt lat="46.9046268" lon="7.4293145">
        <ele>812.5999999999999</ele>
        <time>2026-09-10T11:20:22.791Z</time>
      </trkpt>
      <trkpt lat="46.9046506" lon="7.4293022">
        <ele>812</ele>
        <time>2026-09-10T11:20:22.791Z</time>
      </trkpt>
      <trkpt lat="46.9046717" lon="7.429295">
        <ele>811.5999999999999</ele>
        <time>2026-09-10T11:20:22.791Z</time>
      </trkpt>
      <trkpt lat="46.9046927" lon="7.4292933">
        <ele>811</ele>
        <time>2026-09-10T11:20:22.792Z</time>
      </trkpt>
      <trkpt lat="46.9047199" lon="7.4292885">
        <ele>810.5999999999999</ele>
        <time>2026-09-10T11:20:22.792Z</time>
      </trkpt>
      <trkpt lat="46.9047371" lon="7.4292788">
        <ele>810.2</ele>
        <time>2026-09-10T11:20:22.792Z</time>
      </trkpt>
      <trkpt lat="46.904758" lon="7.4292653">
        <ele>809.8</ele>
        <time>2026-09-10T11:20:22.792Z</time>
      </trkpt>
      <trkpt lat="46.9047775" lon="7.429245">
        <ele>809.2</ele>
        <time>2026-09-10T11:20:22.792Z</time>
      </trkpt>
      <trkpt lat="46.9048011" lon="7.4292379">
        <ele>808.5999999999999</ele>
        <time>2026-09-10T11:20:22.792Z</time>
      </trkpt>
      <trkpt lat="46.9048116" lon="7.4292304">
        <ele>808</ele>
        <time>2026-09-10T11:20:22.792Z</time>
      </trkpt>
      <trkpt lat="46.9048157" lon="7.4292283">
        <ele>807.4000000000001</ele>
        <time>2026-09-10T11:20:22.792Z</time>
      </trkpt>
      <trkpt lat="46.9047278" lon="7.4291445">
        <ele>805.8</ele>
        <time>2026-09-10T11:20:22.792Z</time>
      </trkpt>
      <trkpt lat="46.9047241" lon="7.4291349">
        <ele>805.8</ele>
        <time>2026-09-10T11:20:22.792Z</time>
      </trkpt>
      <trkpt lat="46.9047204" lon="7.4291269">
        <ele>805.5999999999999</ele>
        <time>2026-09-10T11:20:22.792Z</time>
      </trkpt>
      <trkpt lat="46.9047165" lon="7.4291111">
        <ele>805.4000000000001</ele>
        <time>2026-09-10T11:20:22.792Z</time>
      </trkpt>
      <trkpt lat="46.9047165" lon="7.4291037">
        <ele>805.2</ele>
        <time>2026-09-10T11:20:22.792Z</time>
      </trkpt>
      <trkpt lat="46.9047165" lon="7.4290951">
        <ele>805</ele>
        <time>2026-09-10T11:20:22.792Z</time>
      </trkpt>
      <trkpt lat="46.9047147" lon="7.4290851">
        <ele>804.8</ele>
        <time>2026-09-10T11:20:22.792Z</time>
      </trkpt>
      <trkpt lat="46.9047127" lon="7.429075">
        <ele>804.5999999999999</ele>
        <time>2026-09-10T11:20:22.792Z</time>
      </trkpt>
      <trkpt lat="46.9047126" lon="7.4290702">
        <ele>804.4000000000001</ele>
        <time>2026-09-10T11:20:22.792Z</time>
      </trkpt>
      <trkpt lat="46.9046652" lon="7.4290037">
        <ele>802.8</ele>
        <time>2026-09-10T11:20:22.792Z</time>
      </trkpt>
      <trkpt lat="46.9046275" lon="7.4289794">
        <ele>802.8</ele>
        <time>2026-09-10T11:20:22.792Z</time>
      </trkpt>
      <trkpt lat="46.9045955" lon="7.4289669">
        <ele>802.5999999999999</ele>
        <time>2026-09-10T11:20:22.792Z</time>
      </trkpt>
      <trkpt lat="46.9045617" lon="7.4289633">
        <ele>802.4000000000001</ele>
        <time>2026-09-10T11:20:22.792Z</time>
      </trkpt>
      <trkpt lat="46.9045329" lon="7.4289581">
        <ele>802.4000000000001</ele>
        <time>2026-09-10T11:20:22.792Z</time>
      </trkpt>
      <trkpt lat="46.9045184" lon="7.42895">
        <ele>802.2</ele>
        <time>2026-09-10T11:20:22.792Z</time>
      </trkpt>
      <trkpt lat="46.904507" lon="7.4289401">
        <ele>802</ele>
        <time>2026-09-10T11:20:22.793Z</time>
      </trkpt>
      <trkpt lat="46.9044953" lon="7.4289265">
        <ele>801.5999999999999</ele>
        <time>2026-09-10T11:20:22.793Z</time>
      </trkpt>
      <trkpt lat="46.9044773" lon="7.4289032">
        <ele>801.2</ele>
        <time>2026-09-10T11:20:22.793Z</time>
      </trkpt>
      <trkpt lat="46.9044543" lon="7.4288921">
        <ele>801</ele>
        <time>2026-09-10T11:20:22.793Z</time>
      </trkpt>
      <trkpt lat="46.9044379" lon="7.4288799">
        <ele>800.5999999999999</ele>
        <time>2026-09-10T11:20:22.793Z</time>
      </trkpt>
      <trkpt lat="46.9044344" lon="7.4288739">
        <ele>800.4000000000001</ele>
        <time>2026-09-10T11:20:22.793Z</time>
      </trkpt>
      <trkpt lat="46.9044342" lon="7.4288671">
        <ele>800</ele>
        <time>2026-09-10T11:20:22.793Z</time>
      </trkpt>
      <trkpt lat="46.9044816" lon="7.4288245">
        <ele>798.5999999999999</ele>
        <time>2026-09-10T11:20:22.793Z</time>
      </trkpt>
      <trkpt lat="46.9045072" lon="7.4288045">
        <ele>798.4000000000001</ele>
        <time>2026-09-10T11:20:22.793Z</time>
      </trkpt>
      <trkpt lat="46.904525" lon="7.428792">
        <ele>798.2</ele>
        <time>2026-09-10T11:20:22.793Z</time>
      </trkpt>
      <trkpt lat="46.9045368" lon="7.4287773">
        <ele>797.8</ele>
        <time>2026-09-10T11:20:22.793Z</time>
      </trkpt>
      <trkpt lat="46.9045452" lon="7.4287509">
        <ele>797.4000000000001</ele>
        <time>2026-09-10T11:20:22.793Z</time>
      </trkpt>
      <trkpt lat="46.9045673" lon="7.4287224">
        <ele>796.8</ele>
        <time>2026-09-10T11:20:22.793Z</time>
      </trkpt>
      <trkpt lat="46.9045862" lon="7.4286993">
        <ele>796.2</ele>
        <time>2026-09-10T11:20:22.793Z</time>
      </trkpt>
      <trkpt lat="46.9046145" lon="7.4286759">
        <ele>795.5999999999999</ele>
        <time>2026-09-10T11:20:22.793Z</time>
      </trkpt>
      <trkpt lat="46.9046398" lon="7.4286587">
        <ele>795</ele>
        <time>2026-09-10T11:20:22.793Z</time>
      </trkpt>
      <trkpt lat="46.9046663" lon="7.4286436">
        <ele>794.2</ele>
        <time>2026-09-10T11:20:22.793Z</time>
      </trkpt>
      <trkpt lat="46.9046906" lon="7.4286241">
        <ele>793.5999999999999</ele>
        <time>2026-09-10T11:20:22.793Z</time>
      </trkpt>
      <trkpt lat="46.9047049" lon="7.4286067">
        <ele>793</ele>
        <time>2026-09-10T11:20:22.793Z</time>
      </trkpt>
      <trkpt lat="46.904724" lon="7.4285951">
        <ele>792.4000000000001</ele>
        <time>2026-09-10T11:20:22.793Z</time>
      </trkpt>
      <trkpt lat="46.9047279" lon="7.4285932">
        <ele>791.8</ele>
        <time>2026-09-10T11:20:22.793Z</time>
      </trkpt>
      <trkpt lat="46.9047463" lon="7.4285899">
        <ele>790.5999999999999</ele>
        <time>2026-09-10T11:20:22.793Z</time>
      </trkpt>
      <trkpt lat="46.9047582" lon="7.428593">
        <ele>790.4000000000001</ele>
        <time>2026-09-10T11:20:22.793Z</time>
      </trkpt>
      <trkpt lat="46.9047826" lon="7.4285914">
        <ele>790</ele>
        <time>2026-09-10T11:20:22.793Z</time>
      </trkpt>
      <trkpt lat="46.9048108" lon="7.4285835">
        <ele>789.5999999999999</ele>
        <time>2026-09-10T11:20:22.793Z</time>
      </trkpt>
      <trkpt lat="46.9048332" lon="7.4285676">
        <ele>789.2</ele>
        <time>2026-09-10T11:20:22.793Z</time>
      </trkpt>
      <trkpt lat="46.9048504" lon="7.4285561">
        <ele>789</ele>
        <time>2026-09-10T11:20:22.793Z</time>
      </trkpt>
      <trkpt lat="46.9048648" lon="7.4285468">
        <ele>788.8</ele>
        <time>2026-09-10T11:20:22.793Z</time>
      </trkpt>
      <trkpt lat="46.9048881" lon="7.4285317">
        <ele>788.4000000000001</ele>
        <time>2026-09-10T11:20:22.793Z</time>
      </trkpt>
      <trkpt lat="46.904923" lon="7.4285151">
        <ele>788.2</ele>
        <time>2026-09-10T11:20:22.793Z</time>
      </trkpt>
      <trkpt lat="46.9049523" lon="7.4285201">
        <ele>787.8</ele>
        <time>2026-09-10T11:20:22.794Z</time>
      </trkpt>
      <trkpt lat="46.9049863" lon="7.4285235">
        <ele>787.5999999999999</ele>
        <time>2026-09-10T11:20:22.794Z</time>
      </trkpt>
      <trkpt lat="46.9050229" lon="7.4285278">
        <ele>787.4000000000001</ele>
        <time>2026-09-10T11:20:22.794Z</time>
      </trkpt>
      <trkpt lat="46.9050433" lon="7.428544">
        <ele>787.2</ele>
        <time>2026-09-10T11:20:22.794Z</time>
      </trkpt>
      <trkpt lat="46.9050706" lon="7.4285627">
        <ele>787</ele>
        <time>2026-09-10T11:20:22.794Z</time>
      </trkpt>
      <trkpt lat="46.9050913" lon="7.4285859">
        <ele>786.8</ele>
        <time>2026-09-10T11:20:22.794Z</time>
      </trkpt>
      <trkpt lat="46.9051126" lon="7.4286028">
        <ele>786.8</ele>
        <time>2026-09-10T11:20:22.794Z</time>
      </trkpt>
      <trkpt lat="46.9051208" lon="7.4286215">
        <ele>786.8</ele>
        <time>2026-09-10T11:20:22.794Z</time>
      </trkpt>
      <trkpt lat="46.9051328" lon="7.4286333">
        <ele>787</ele>
        <time>2026-09-10T11:20:22.794Z</time>
      </trkpt>
      <trkpt lat="46.9051432" lon="7.4286364">
        <ele>787</ele>
        <time>2026-09-10T11:20:22.794Z</time>
      </trkpt>
      <trkpt lat="46.905158" lon="7.4286334">
        <ele>787</ele>
        <time>2026-09-10T11:20:22.794Z</time>
      </trkpt>
      <trkpt lat="46.9051626" lon="7.4286127">
        <ele>787</ele>
        <time>2026-09-10T11:20:22.794Z</time>
      </trkpt>
      <trkpt lat="46.9051664" lon="7.4285908">
        <ele>786.8</ele>
        <time>2026-09-10T11:20:22.794Z</time>
      </trkpt>
      <trkpt lat="46.9051741" lon="7.4285573">
        <ele>786.4000000000001</ele>
        <time>2026-09-10T11:20:22.794Z</time>
      </trkpt>
      <trkpt lat="46.9051544" lon="7.4285239">
        <ele>786</ele>
        <time>2026-09-10T11:20:22.794Z</time>
      </trkpt>
      <trkpt lat="46.9051401" lon="7.4285053">
        <ele>785.5999999999999</ele>
        <time>2026-09-10T11:20:22.794Z</time>
      </trkpt>
      <trkpt lat="46.9051213" lon="7.428479">
        <ele>785.2</ele>
        <time>2026-09-10T11:20:22.794Z</time>
      </trkpt>
      <trkpt lat="46.9051125" lon="7.4284396">
        <ele>784.8</ele>
        <time>2026-09-10T11:20:22.794Z</time>
      </trkpt>
      <trkpt lat="46.905102" lon="7.4284075">
        <ele>784.4000000000001</ele>
        <time>2026-09-10T11:20:22.794Z</time>
      </trkpt>
      <trkpt lat="46.9050871" lon="7.428381">
        <ele>783.8</ele>
        <time>2026-09-10T11:20:22.794Z</time>
      </trkpt>
      <trkpt lat="46.9050589" lon="7.4283544">
        <ele>783.4000000000001</ele>
        <time>2026-09-10T11:20:22.794Z</time>
      </trkpt>
      <trkpt lat="46.9050382" lon="7.4283363">
        <ele>783</ele>
        <time>2026-09-10T11:20:22.794Z</time>
      </trkpt>
      <trkpt lat="46.9050141" lon="7.4283185">
        <ele>782.5999999999999</ele>
        <time>2026-09-10T11:20:22.794Z</time>
      </trkpt>
      <trkpt lat="46.905003" lon="7.4283023">
        <ele>782.2</ele>
        <time>2026-09-10T11:20:22.794Z</time>
      </trkpt>
      <trkpt lat="46.9049838" lon="7.4282788">
        <ele>781.8</ele>
        <time>2026-09-10T11:20:22.794Z</time>
      </trkpt>
      <trkpt lat="46.9049593" lon="7.4282586">
        <ele>781.4000000000001</ele>
        <time>2026-09-10T11:20:22.794Z</time>
      </trkpt>
      <trkpt lat="46.9049311" lon="7.4282326">
        <ele>781</ele>
        <time>2026-09-10T11:20:22.794Z</time>
      </trkpt>
      <trkpt lat="46.9049143" lon="7.4282215">
        <ele>780.5999999999999</ele>
        <time>2026-09-10T11:20:22.794Z</time>
      </trkpt>
      <trkpt lat="46.9049" lon="7.4282152">
        <ele>780.2</ele>
        <time>2026-09-10T11:20:22.794Z</time>
      </trkpt>
      <trkpt lat="46.9048731" lon="7.4282032">
        <ele>779.5999999999999</ele>
        <time>2026-09-10T11:20:22.794Z</time>
      </trkpt>
      <trkpt lat="46.9048469" lon="7.4281966">
        <ele>779</ele>
        <time>2026-09-10T11:20:22.794Z</time>
      </trkpt>
      <trkpt lat="46.9048311" lon="7.4281917">
        <ele>778.8</ele>
        <time>2026-09-10T11:20:22.794Z</time>
      </trkpt>
      <trkpt lat="46.9048199" lon="7.4281884">
        <ele>778.8</ele>
        <time>2026-09-10T11:20:22.794Z</time>
      </trkpt>
      <trkpt lat="46.904809" lon="7.4281839">
        <ele>778.5999999999999</ele>
        <time>2026-09-10T11:20:22.794Z</time>
      </trkpt>
      <trkpt lat="46.904797" lon="7.4281687">
        <ele>778.4000000000001</ele>
        <time>2026-09-10T11:20:22.794Z</time>
      </trkpt>
      <trkpt lat="46.9047966" lon="7.4281436">
        <ele>778</ele>
        <time>2026-09-10T11:20:22.794Z</time>
      </trkpt>
      <trkpt lat="46.9048111" lon="7.4281194">
        <ele>777.8</ele>
        <time>2026-09-10T11:20:22.794Z</time>
      </trkpt>
      <trkpt lat="46.9048343" lon="7.4281037">
        <ele>777.4000000000001</ele>
        <time>2026-09-10T11:20:22.794Z</time>
      </trkpt>
      <trkpt lat="46.9048533" lon="7.4281067">
        <ele>777</ele>
        <time>2026-09-10T11:20:22.794Z</time>
      </trkpt>
      <trkpt lat="46.9048727" lon="7.4281082">
        <ele>776.8</ele>
        <time>2026-09-10T11:20:22.794Z</time>
      </trkpt>
      <trkpt lat="46.9048874" lon="7.4281164">
        <ele>776.4000000000001</ele>
        <time>2026-09-10T11:20:22.794Z</time>
      </trkpt>
      <trkpt lat="46.9049133" lon="7.428115">
        <ele>776</ele>
        <time>2026-09-10T11:20:22.794Z</time>
      </trkpt>
      <trkpt lat="46.9049369" lon="7.4280975">
        <ele>775.5999999999999</ele>
        <time>2026-09-10T11:20:22.794Z</time>
      </trkpt>
      <trkpt lat="46.9049452" lon="7.4280645">
        <ele>775.2</ele>
        <time>2026-09-10T11:20:22.794Z</time>
      </trkpt>
      <trkpt lat="46.9049491" lon="7.4280309">
        <ele>774.8</ele>
        <time>2026-09-10T11:20:22.794Z</time>
      </trkpt>
      <trkpt lat="46.9049492" lon="7.4280076">
        <ele>774.2</ele>
        <time>2026-09-10T11:20:22.794Z</time>
      </trkpt>
      <trkpt lat="46.9049492" lon="7.4279762">
        <ele>773.4000000000001</ele>
        <time>2026-09-10T11:20:22.794Z</time>
      </trkpt>
      <trkpt lat="46.9049416" lon="7.4279502">
        <ele>772.8</ele>
        <time>2026-09-10T11:20:22.794Z</time>
      </trkpt>
      <trkpt lat="46.9049308" lon="7.4279203">
        <ele>772.2</ele>
        <time>2026-09-10T11:20:22.794Z</time>
      </trkpt>
      <trkpt lat="46.9049338" lon="7.4278811">
        <ele>771.5999999999999</ele>
        <time>2026-09-10T11:20:22.794Z</time>
      </trkpt>
      <trkpt lat="46.9049561" lon="7.4278572">
        <ele>771.2</ele>
        <time>2026-09-10T11:20:22.794Z</time>
      </trkpt>
      <trkpt lat="46.9049823" lon="7.4278442">
        <ele>770.5999999999999</ele>
        <time>2026-09-10T11:20:22.794Z</time>
      </trkpt>
      <trkpt lat="46.9049982" lon="7.4278211">
        <ele>770.2</ele>
        <time>2026-09-10T11:20:22.794Z</time>
      </trkpt>
      <trkpt lat="46.9050102" lon="7.4277968">
        <ele>770</ele>
        <time>2026-09-10T11:20:22.794Z</time>
      </trkpt>
      <trkpt lat="46.9050219" lon="7.4277728">
        <ele>769.8</ele>
        <time>2026-09-10T11:20:22.794Z</time>
      </trkpt>
      <trkpt lat="46.9050291" lon="7.4277519">
        <ele>769.5999999999999</ele>
        <time>2026-09-10T11:20:22.794Z</time>
      </trkpt>
      <trkpt lat="46.9050405" lon="7.4277189">
        <ele>769.4000000000001</ele>
        <time>2026-09-10T11:20:22.794Z</time>
      </trkpt>
      <trkpt lat="46.905048" lon="7.4277087">
        <ele>769.2</ele>
        <time>2026-09-10T11:20:22.794Z</time>
      </trkpt>
      <trkpt lat="46.9050483" lon="7.4277001">
        <ele>769</ele>
        <time>2026-09-10T11:20:22.794Z</time>
      </trkpt>
      <trkpt lat="46.9050483" lon="7.4277">
        <ele>768.8</ele>
        <time>2026-09-10T11:20:22.794Z</time>
      </trkpt>
      <trkpt lat="46.905052" lon="7.427695">
        <ele>768.8</ele>
        <time>2026-09-10T11:20:22.795Z</time>
      </trkpt>
      <trkpt lat="46.9050629" lon="7.427681">
        <ele>768.5999999999999</ele>
        <time>2026-09-10T11:20:22.795Z</time>
      </trkpt>
      <trkpt lat="46.9050784" lon="7.427656">
        <ele>768.4000000000001</ele>
        <time>2026-09-10T11:20:22.795Z</time>
      </trkpt>
      <trkpt lat="46.9050825" lon="7.4276299">
        <ele>768.2</ele>
        <time>2026-09-10T11:20:22.795Z</time>
      </trkpt>
      <trkpt lat="46.9050789" lon="7.427597">
        <ele>767.8</ele>
        <time>2026-09-10T11:20:22.795Z</time>
      </trkpt>
      <trkpt lat="46.9050752" lon="7.4275644">
        <ele>767.4000000000001</ele>
        <time>2026-09-10T11:20:22.795Z</time>
      </trkpt>
      <trkpt lat="46.9050788" lon="7.427533">
        <ele>766.8</ele>
        <time>2026-09-10T11:20:22.795Z</time>
      </trkpt>
      <trkpt lat="46.9050863" lon="7.4274994">
        <ele>766.4000000000001</ele>
        <time>2026-09-10T11:20:22.795Z</time>
      </trkpt>
      <trkpt lat="46.9050903" lon="7.4274722">
        <ele>766</ele>
        <time>2026-09-10T11:20:22.795Z</time>
      </trkpt>
      <trkpt lat="46.9050974" lon="7.4274487">
        <ele>765.5999999999999</ele>
        <time>2026-09-10T11:20:22.795Z</time>
      </trkpt>
      <trkpt lat="46.9051017" lon="7.4274284">
        <ele>765</ele>
        <time>2026-09-10T11:20:22.795Z</time>
      </trkpt>
      <trkpt lat="46.9050944" lon="7.4274108">
        <ele>764.5999999999999</ele>
        <time>2026-09-10T11:20:22.795Z</time>
      </trkpt>
      <trkpt lat="46.9050941" lon="7.4273906">
        <ele>764.2</ele>
        <time>2026-09-10T11:20:22.795Z</time>
      </trkpt>
      <trkpt lat="46.9051049" lon="7.4273588">
        <ele>763.5999999999999</ele>
        <time>2026-09-10T11:20:22.795Z</time>
      </trkpt>
      <trkpt lat="46.9051248" lon="7.4273265">
        <ele>763.2</ele>
        <time>2026-09-10T11:20:22.795Z</time>
      </trkpt>
      <trkpt lat="46.9051543" lon="7.4272961">
        <ele>762.5999999999999</ele>
        <time>2026-09-10T11:20:22.795Z</time>
      </trkpt>
      <trkpt lat="46.9051892" lon="7.4272754">
        <ele>762.2</ele>
        <time>2026-09-10T11:20:22.795Z</time>
      </trkpt>
      <trkpt lat="46.9052154" lon="7.4272525">
        <ele>761.5999999999999</ele>
        <time>2026-09-10T11:20:22.795Z</time>
      </trkpt>
      <trkpt lat="46.9052384" lon="7.4272162">
        <ele>761.2</ele>
        <time>2026-09-10T11:20:22.795Z</time>
      </trkpt>
      <trkpt lat="46.9052464" lon="7.4271769">
        <ele>760.5999999999999</ele>
        <time>2026-09-10T11:20:22.795Z</time>
      </trkpt>
      <trkpt lat="46.9052467" lon="7.4271341">
        <ele>760</ele>
        <time>2026-09-10T11:20:22.795Z</time>
      </trkpt>
      <trkpt lat="46.905247" lon="7.4270912">
        <ele>759.4000000000001</ele>
        <time>2026-09-10T11:20:22.795Z</time>
      </trkpt>
      <trkpt lat="46.905264" lon="7.4270657">
        <ele>759</ele>
        <time>2026-09-10T11:20:22.795Z</time>
      </trkpt>
      <trkpt lat="46.9052811" lon="7.4270401">
        <ele>758.5999999999999</ele>
        <time>2026-09-10T11:20:22.795Z</time>
      </trkpt>
      <trkpt lat="46.9053096" lon="7.4270451">
        <ele>758.2</ele>
        <time>2026-09-10T11:20:22.795Z</time>
      </trkpt>
      <trkpt lat="46.9053382" lon="7.4270501">
        <ele>757.8</ele>
        <time>2026-09-10T11:20:22.795Z</time>
      </trkpt>
      <trkpt lat="46.9053601" lon="7.4270579">
        <ele>757.5999999999999</ele>
        <time>2026-09-10T11:20:22.795Z</time>
      </trkpt>
      <trkpt lat="46.9053833" lon="7.4270697">
        <ele>757.4000000000001</ele>
        <time>2026-09-10T11:20:22.795Z</time>
      </trkpt>
      <trkpt lat="46.9054066" lon="7.4270807">
        <ele>757.2</ele>
        <time>2026-09-10T11:20:22.795Z</time>
      </trkpt>
      <trkpt lat="46.9054298" lon="7.4270916">
        <ele>757</ele>
        <time>2026-09-10T11:20:22.795Z</time>
      </trkpt>
      <trkpt lat="46.9054585" lon="7.427101">
        <ele>756.8</ele>
        <time>2026-09-10T11:20:22.795Z</time>
      </trkpt>
      <trkpt lat="46.905486" lon="7.427108">
        <ele>756.5999999999999</ele>
        <time>2026-09-10T11:20:22.795Z</time>
      </trkpt>
      <trkpt lat="46.905509" lon="7.4271197">
        <ele>756.4000000000001</ele>
        <time>2026-09-10T11:20:22.795Z</time>
      </trkpt>
      <trkpt lat="46.9055356" lon="7.4271266">
        <ele>756.2</ele>
        <time>2026-09-10T11:20:22.795Z</time>
      </trkpt>
      <trkpt lat="46.905568" lon="7.4271379">
        <ele>756</ele>
        <time>2026-09-10T11:20:22.795Z</time>
      </trkpt>
      <trkpt lat="46.9056008" lon="7.4271495">
        <ele>755.8</ele>
        <time>2026-09-10T11:20:22.795Z</time>
      </trkpt>
      <trkpt lat="46.9056265" lon="7.4271498">
        <ele>755.5999999999999</ele>
        <time>2026-09-10T11:20:22.795Z</time>
      </trkpt>
      <trkpt lat="46.9056428" lon="7.4271279">
        <ele>755.4000000000001</ele>
        <time>2026-09-10T11:20:22.795Z</time>
      </trkpt>
      <trkpt lat="46.9056542" lon="7.4270969">
        <ele>755</ele>
        <time>2026-09-10T11:20:22.795Z</time>
      </trkpt>
      <trkpt lat="46.9056751" lon="7.4270741">
        <ele>754.5999999999999</ele>
        <time>2026-09-10T11:20:22.795Z</time>
      </trkpt>
      <trkpt lat="46.9056966" lon="7.4270518">
        <ele>754.2</ele>
        <time>2026-09-10T11:20:22.795Z</time>
      </trkpt>
      <trkpt lat="46.9057265" lon="7.4270502">
        <ele>753.8</ele>
        <time>2026-09-10T11:20:22.795Z</time>
      </trkpt>
      <trkpt lat="46.9057481" lon="7.4270304">
        <ele>753.2</ele>
        <time>2026-09-10T11:20:22.795Z</time>
      </trkpt>
      <trkpt lat="46.9057694" lon="7.42701">
        <ele>752.8</ele>
        <time>2026-09-10T11:20:22.795Z</time>
      </trkpt>
      <trkpt lat="46.905788" lon="7.4269919">
        <ele>752.2</ele>
        <time>2026-09-10T11:20:22.795Z</time>
      </trkpt>
      <trkpt lat="46.9058111" lon="7.4269749">
        <ele>751.5999999999999</ele>
        <time>2026-09-10T11:20:22.795Z</time>
      </trkpt>
      <trkpt lat="46.90583" lon="7.4269556">
        <ele>751.2</ele>
        <time>2026-09-10T11:20:22.795Z</time>
      </trkpt>
      <trkpt lat="46.9058452" lon="7.4269243">
        <ele>750.5999999999999</ele>
        <time>2026-09-10T11:20:22.795Z</time>
      </trkpt>
      <trkpt lat="46.9058532" lon="7.426878">
        <ele>750</ele>
        <time>2026-09-10T11:20:22.795Z</time>
      </trkpt>
      <trkpt lat="46.9058513" lon="7.426838">
        <ele>749.5999999999999</ele>
        <time>2026-09-10T11:20:22.795Z</time>
      </trkpt>
      <trkpt lat="46.9058496" lon="7.426798">
        <ele>749</ele>
        <time>2026-09-10T11:20:22.795Z</time>
      </trkpt>
      <trkpt lat="46.9058531" lon="7.426771">
        <ele>748.4000000000001</ele>
        <time>2026-09-10T11:20:22.795Z</time>
      </trkpt>
      <trkpt lat="46.9058569" lon="7.4267444">
        <ele>747.8</ele>
        <time>2026-09-10T11:20:22.795Z</time>
      </trkpt>
      <trkpt lat="46.9058719" lon="7.4267112">
        <ele>747.2</ele>
        <time>2026-09-10T11:20:22.795Z</time>
      </trkpt>
      <trkpt lat="46.9058835" lon="7.426684">
        <ele>746.5999999999999</ele>
        <time>2026-09-10T11:20:22.795Z</time>
      </trkpt>
      <trkpt lat="46.9059017" lon="7.4266659">
        <ele>746</ele>
        <time>2026-09-10T11:20:22.796Z</time>
      </trkpt>
      <trkpt lat="46.9059215" lon="7.4266355">
        <ele>745.4000000000001</ele>
        <time>2026-09-10T11:20:22.796Z</time>
      </trkpt>
      <trkpt lat="46.9059432" lon="7.4266104">
        <ele>744.8</ele>
        <time>2026-09-10T11:20:22.796Z</time>
      </trkpt>
      <trkpt lat="46.9059672" lon="7.4265791">
        <ele>744.2</ele>
        <time>2026-09-10T11:20:22.796Z</time>
      </trkpt>
      <trkpt lat="46.9059828" lon="7.4265436">
        <ele>743.4000000000001</ele>
        <time>2026-09-10T11:20:22.796Z</time>
      </trkpt>
      <trkpt lat="46.9059983" lon="7.4265084">
        <ele>742.8</ele>
        <time>2026-09-10T11:20:22.796Z</time>
      </trkpt>
      <trkpt lat="46.9060056" lon="7.4264743">
        <ele>742.2</ele>
        <time>2026-09-10T11:20:22.796Z</time>
      </trkpt>
      <trkpt lat="46.9060059" lon="7.42644">
        <ele>741.5999999999999</ele>
        <time>2026-09-10T11:20:22.796Z</time>
      </trkpt>
      <trkpt lat="46.9060168" lon="7.4264147">
        <ele>741</ele>
        <time>2026-09-10T11:20:22.796Z</time>
      </trkpt>
      <trkpt lat="46.9060324" lon="7.4263852">
        <ele>740.4000000000001</ele>
        <time>2026-09-10T11:20:22.796Z</time>
      </trkpt>
      <trkpt lat="46.9060471" lon="7.4263613">
        <ele>739.8</ele>
        <time>2026-09-10T11:20:22.796Z</time>
      </trkpt>
      <trkpt lat="46.9060665" lon="7.426347">
        <ele>739.4000000000001</ele>
        <time>2026-09-10T11:20:22.796Z</time>
      </trkpt>
      <trkpt lat="46.9060991" lon="7.4263526">
        <ele>739</ele>
        <time>2026-09-10T11:20:22.796Z</time>
      </trkpt>
      <trkpt lat="46.9061216" lon="7.4263679">
        <ele>738.5999999999999</ele>
        <time>2026-09-10T11:20:22.796Z</time>
      </trkpt>
      <trkpt lat="46.9061463" lon="7.4263877">
        <ele>738.4000000000001</ele>
        <time>2026-09-10T11:20:22.796Z</time>
      </trkpt>
      <trkpt lat="46.9061689" lon="7.4264042">
        <ele>738.2</ele>
        <time>2026-09-10T11:20:22.796Z</time>
      </trkpt>
      <trkpt lat="46.906193" lon="7.4264082">
        <ele>738</ele>
        <time>2026-09-10T11:20:22.796Z</time>
      </trkpt>
      <trkpt lat="46.9062039" lon="7.4264051">
        <ele>737.8</ele>
        <time>2026-09-10T11:20:22.796Z</time>
      </trkpt>
      <trkpt lat="46.9062118" lon="7.4264016">
        <ele>737.5999999999999</ele>
        <time>2026-09-10T11:20:22.796Z</time>
      </trkpt>
      <trkpt lat="46.906223" lon="7.4263878">
        <ele>737</ele>
        <time>2026-09-10T11:20:22.796Z</time>
      </trkpt>
      <trkpt lat="46.9062343" lon="7.4263579">
        <ele>736.5999999999999</ele>
        <time>2026-09-10T11:20:22.796Z</time>
      </trkpt>
      <trkpt lat="46.9062349" lon="7.4263157">
        <ele>736.4000000000001</ele>
        <time>2026-09-10T11:20:22.796Z</time>
      </trkpt>
      <trkpt lat="46.9062383" lon="7.426284">
        <ele>736</ele>
        <time>2026-09-10T11:20:22.796Z</time>
      </trkpt>
      <trkpt lat="46.9062568" lon="7.4262655">
        <ele>735.5999999999999</ele>
        <time>2026-09-10T11:20:22.796Z</time>
      </trkpt>
      <trkpt lat="46.9062667" lon="7.4262634">
        <ele>735.2</ele>
        <time>2026-09-10T11:20:22.796Z</time>
      </trkpt>
      <trkpt lat="46.9063073" lon="7.4262467">
        <ele>734.2</ele>
        <time>2026-09-10T11:20:22.796Z</time>
      </trkpt>
      <trkpt lat="46.9063193" lon="7.4262523">
        <ele>734.2</ele>
        <time>2026-09-10T11:20:22.796Z</time>
      </trkpt>
      <trkpt lat="46.9063306" lon="7.4262604">
        <ele>734.2</ele>
        <time>2026-09-10T11:20:22.796Z</time>
      </trkpt>
      <trkpt lat="46.9063381" lon="7.4262665">
        <ele>734.2</ele>
        <time>2026-09-10T11:20:22.796Z</time>
      </trkpt>
      <trkpt lat="46.9063458" lon="7.4262648">
        <ele>734.4000000000001</ele>
        <time>2026-09-10T11:20:22.796Z</time>
      </trkpt>
      <trkpt lat="46.9063532" lon="7.4262647">
        <ele>734.5999999999999</ele>
        <time>2026-09-10T11:20:22.796Z</time>
      </trkpt>
      <trkpt lat="46.9063571" lon="7.4262634">
        <ele>734.5999999999999</ele>
        <time>2026-09-10T11:20:22.796Z</time>
      </trkpt>
      <trkpt lat="46.9063645" lon="7.4262648">
        <ele>734.8</ele>
        <time>2026-09-10T11:20:22.796Z</time>
      </trkpt>
      <trkpt lat="46.9063798" lon="7.4262768">
        <ele>735</ele>
        <time>2026-09-10T11:20:22.796Z</time>
      </trkpt>
      <trkpt lat="46.9063875" lon="7.4262801">
        <ele>735</ele>
        <time>2026-09-10T11:20:22.796Z</time>
      </trkpt>
      <trkpt lat="46.9063951" lon="7.4262834">
        <ele>735</ele>
        <time>2026-09-10T11:20:22.796Z</time>
      </trkpt>
      <trkpt lat="46.9064032" lon="7.4262836">
        <ele>735.2</ele>
        <time>2026-09-10T11:20:22.796Z</time>
      </trkpt>
      <trkpt lat="46.9064141" lon="7.4262867">
        <ele>735.2</ele>
        <time>2026-09-10T11:20:22.796Z</time>
      </trkpt>
      <trkpt lat="46.9064221" lon="7.4262903">
        <ele>735.2</ele>
        <time>2026-09-10T11:20:22.796Z</time>
      </trkpt>
      <trkpt lat="46.906434" lon="7.4262971">
        <ele>735.4000000000001</ele>
        <time>2026-09-10T11:20:22.796Z</time>
      </trkpt>
      <trkpt lat="46.9064528" lon="7.4263052">
        <ele>735.4000000000001</ele>
        <time>2026-09-10T11:20:22.796Z</time>
      </trkpt>
      <trkpt lat="46.9064677" lon="7.4263136">
        <ele>735.5999999999999</ele>
        <time>2026-09-10T11:20:22.796Z</time>
      </trkpt>
      <trkpt lat="46.9064818" lon="7.426321">
        <ele>735.5999999999999</ele>
        <time>2026-09-10T11:20:22.796Z</time>
      </trkpt>
      <trkpt lat="46.9064987" lon="7.4263277">
        <ele>735.5999999999999</ele>
        <time>2026-09-10T11:20:22.796Z</time>
      </trkpt>
      <trkpt lat="46.9065158" lon="7.4263344">
        <ele>735.5999999999999</ele>
        <time>2026-09-10T11:20:22.796Z</time>
      </trkpt>
      <trkpt lat="46.9065391" lon="7.4263496">
        <ele>735.5999999999999</ele>
        <time>2026-09-10T11:20:22.796Z</time>
      </trkpt>
      <trkpt lat="46.9065669" lon="7.4263685">
        <ele>735.4000000000001</ele>
        <time>2026-09-10T11:20:22.796Z</time>
      </trkpt>
      <trkpt lat="46.9065885" lon="7.4263874">
        <ele>735.4000000000001</ele>
        <time>2026-09-10T11:20:22.796Z</time>
      </trkpt>
      <trkpt lat="46.9066071" lon="7.4264067">
        <ele>735.4000000000001</ele>
        <time>2026-09-10T11:20:22.796Z</time>
      </trkpt>
      <trkpt lat="46.9066302" lon="7.4264287">
        <ele>735.4000000000001</ele>
        <time>2026-09-10T11:20:22.796Z</time>
      </trkpt>
      <trkpt lat="46.9066537" lon="7.426451">
        <ele>735.4000000000001</ele>
        <time>2026-09-10T11:20:22.796Z</time>
      </trkpt>
      <trkpt lat="46.906673" lon="7.4264745">
        <ele>735.4000000000001</ele>
        <time>2026-09-10T11:20:22.796Z</time>
      </trkpt>
      <trkpt lat="46.9066893" lon="7.4264936">
        <ele>735.4000000000001</ele>
        <time>2026-09-10T11:20:22.796Z</time>
      </trkpt>
      <trkpt lat="46.9067035" lon="7.4265061">
        <ele>735.4000000000001</ele>
        <time>2026-09-10T11:20:22.797Z</time>
      </trkpt>
      <trkpt lat="46.9067299" lon="7.4265162">
        <ele>735.4000000000001</ele>
        <time>2026-09-10T11:20:22.797Z</time>
      </trkpt>
      <trkpt lat="46.9067541" lon="7.42652">
        <ele>735.4000000000001</ele>
        <time>2026-09-10T11:20:22.797Z</time>
      </trkpt>
      <trkpt lat="46.9067756" lon="7.4265263">
        <ele>735.2</ele>
        <time>2026-09-10T11:20:22.797Z</time>
      </trkpt>
      <trkpt lat="46.9068023" lon="7.4265298">
        <ele>735.2</ele>
        <time>2026-09-10T11:20:22.797Z</time>
      </trkpt>
      <trkpt lat="46.9068425" lon="7.4265411">
        <ele>735</ele>
        <time>2026-09-10T11:20:22.797Z</time>
      </trkpt>
      <trkpt lat="46.9068674" lon="7.4265646">
        <ele>734.8</ele>
        <time>2026-09-10T11:20:22.797Z</time>
      </trkpt>
      <trkpt lat="46.9068982" lon="7.4265864">
        <ele>734.8</ele>
        <time>2026-09-10T11:20:22.797Z</time>
      </trkpt>
      <trkpt lat="46.9069267" lon="7.4266165">
        <ele>734.5999999999999</ele>
        <time>2026-09-10T11:20:22.797Z</time>
      </trkpt>
      <trkpt lat="46.9069551" lon="7.4266395">
        <ele>734.4000000000001</ele>
        <time>2026-09-10T11:20:22.797Z</time>
      </trkpt>
      <trkpt lat="46.906993" lon="7.4266596">
        <ele>734.2</ele>
        <time>2026-09-10T11:20:22.797Z</time>
      </trkpt>
      <trkpt lat="46.9070293" lon="7.4266685">
        <ele>734</ele>
        <time>2026-09-10T11:20:22.797Z</time>
      </trkpt>
      <trkpt lat="46.907054" lon="7.4266746">
        <ele>733.5999999999999</ele>
        <time>2026-09-10T11:20:22.797Z</time>
      </trkpt>
      <trkpt lat="46.9070815" lon="7.42669">
        <ele>733.2</ele>
        <time>2026-09-10T11:20:22.797Z</time>
      </trkpt>
      <trkpt lat="46.9071089" lon="7.4266974">
        <ele>732.8</ele>
        <time>2026-09-10T11:20:22.797Z</time>
      </trkpt>
      <trkpt lat="46.9071271" lon="7.4267165">
        <ele>732.4000000000001</ele>
        <time>2026-09-10T11:20:22.797Z</time>
      </trkpt>
      <trkpt lat="46.9071465" lon="7.4267349">
        <ele>732.2</ele>
        <time>2026-09-10T11:20:22.797Z</time>
      </trkpt>
      <trkpt lat="46.9071587" lon="7.4267545">
        <ele>732</ele>
        <time>2026-09-10T11:20:22.797Z</time>
      </trkpt>
      <trkpt lat="46.9071761" lon="7.4267758">
        <ele>731.8</ele>
        <time>2026-09-10T11:20:22.797Z</time>
      </trkpt>
      <trkpt lat="46.9071954" lon="7.4267991">
        <ele>731.5999999999999</ele>
        <time>2026-09-10T11:20:22.797Z</time>
      </trkpt>
      <trkpt lat="46.9072241" lon="7.4268161">
        <ele>731.5999999999999</ele>
        <time>2026-09-10T11:20:22.797Z</time>
      </trkpt>
      <trkpt lat="46.9072454" lon="7.4268316">
        <ele>731.4000000000001</ele>
        <time>2026-09-10T11:20:22.797Z</time>
      </trkpt>
      <trkpt lat="46.9072566" lon="7.4268639">
        <ele>731.2</ele>
        <time>2026-09-10T11:20:22.797Z</time>
      </trkpt>
      <trkpt lat="46.9072611" lon="7.4268842">
        <ele>731.2</ele>
        <time>2026-09-10T11:20:22.797Z</time>
      </trkpt>
      <trkpt lat="46.9072644" lon="7.4269005">
        <ele>731</ele>
        <time>2026-09-10T11:20:22.797Z</time>
      </trkpt>
      <trkpt lat="46.9072722" lon="7.426923">
        <ele>731</ele>
        <time>2026-09-10T11:20:22.797Z</time>
      </trkpt>
      <trkpt lat="46.9072845" lon="7.4269503">
        <ele>731</ele>
        <time>2026-09-10T11:20:22.797Z</time>
      </trkpt>
      <trkpt lat="46.9072952" lon="7.4269731">
        <ele>731</ele>
        <time>2026-09-10T11:20:22.797Z</time>
      </trkpt>
      <trkpt lat="46.9073029" lon="7.4269934">
        <ele>731</ele>
        <time>2026-09-10T11:20:22.797Z</time>
      </trkpt>
      <trkpt lat="46.9073111" lon="7.4270104">
        <ele>731</ele>
        <time>2026-09-10T11:20:22.797Z</time>
      </trkpt>
      <trkpt lat="46.9073323" lon="7.4270196">
        <ele>730.8</ele>
        <time>2026-09-10T11:20:22.797Z</time>
      </trkpt>
      <trkpt lat="46.9073446" lon="7.4270431">
        <ele>730.8</ele>
        <time>2026-09-10T11:20:22.797Z</time>
      </trkpt>
      <trkpt lat="46.9073566" lon="7.4270643">
        <ele>730.8</ele>
        <time>2026-09-10T11:20:22.797Z</time>
      </trkpt>
      <trkpt lat="46.9073638" lon="7.4270813">
        <ele>730.5999999999999</ele>
        <time>2026-09-10T11:20:22.797Z</time>
      </trkpt>
      <trkpt lat="46.9073747" lon="7.4270911">
        <ele>730.5999999999999</ele>
        <time>2026-09-10T11:20:22.797Z</time>
      </trkpt>
      <trkpt lat="46.9073827" lon="7.4270957">
        <ele>730.4000000000001</ele>
        <time>2026-09-10T11:20:22.797Z</time>
      </trkpt>
      <trkpt lat="46.9073904" lon="7.4271">
        <ele>730.2</ele>
        <time>2026-09-10T11:20:22.797Z</time>
      </trkpt>
      <trkpt lat="46.9073981" lon="7.4271016">
        <ele>730</ele>
        <time>2026-09-10T11:20:22.797Z</time>
      </trkpt>
      <trkpt lat="46.907407" lon="7.4271052">
        <ele>729.8</ele>
        <time>2026-09-10T11:20:22.797Z</time>
      </trkpt>
      <trkpt lat="46.9074245" lon="7.4271082">
        <ele>729.4000000000001</ele>
        <time>2026-09-10T11:20:22.797Z</time>
      </trkpt>
      <trkpt lat="46.9074477" lon="7.4271169">
        <ele>729</ele>
        <time>2026-09-10T11:20:22.797Z</time>
      </trkpt>
      <trkpt lat="46.9074762" lon="7.427127">
        <ele>728.4000000000001</ele>
        <time>2026-09-10T11:20:22.797Z</time>
      </trkpt>
      <trkpt lat="46.9075044" lon="7.4271301">
        <ele>728</ele>
        <time>2026-09-10T11:20:22.797Z</time>
      </trkpt>
      <trkpt lat="46.907524" lon="7.4271336">
        <ele>727.5999999999999</ele>
        <time>2026-09-10T11:20:22.797Z</time>
      </trkpt>
      <trkpt lat="46.9075317" lon="7.4271369">
        <ele>727.2</ele>
        <time>2026-09-10T11:20:22.797Z</time>
      </trkpt>
      <trkpt lat="46.9075321" lon="7.4271336">
        <ele>726.5999999999999</ele>
        <time>2026-09-10T11:20:22.797Z</time>
      </trkpt>
      <trkpt lat="46.9075392" lon="7.4271336">
        <ele>726.4000000000001</ele>
        <time>2026-09-10T11:20:22.797Z</time>
      </trkpt>
      <trkpt lat="46.907543" lon="7.4271349">
        <ele>726.4000000000001</ele>
        <time>2026-09-10T11:20:22.797Z</time>
      </trkpt>
      <trkpt lat="46.9075582" lon="7.4271368">
        <ele>726.2</ele>
        <time>2026-09-10T11:20:22.797Z</time>
      </trkpt>
      <trkpt lat="46.9075698" lon="7.4271384">
        <ele>726.2</ele>
        <time>2026-09-10T11:20:22.797Z</time>
      </trkpt>
      <trkpt lat="46.9075816" lon="7.4271417">
        <ele>726</ele>
        <time>2026-09-10T11:20:22.797Z</time>
      </trkpt>
      <trkpt lat="46.9075884" lon="7.4271417">
        <ele>726</ele>
        <time>2026-09-10T11:20:22.797Z</time>
      </trkpt>
      <trkpt lat="46.9075965" lon="7.4271384">
        <ele>726</ele>
        <time>2026-09-10T11:20:22.798Z</time>
      </trkpt>
      <trkpt lat="46.9076082" lon="7.4271384">
        <ele>726</ele>
        <time>2026-09-10T11:20:22.798Z</time>
      </trkpt>
      <trkpt lat="46.9076118" lon="7.4271402">
        <ele>726</ele>
        <time>2026-09-10T11:20:22.798Z</time>
      </trkpt>
      <trkpt lat="46.9076194" lon="7.4271384">
        <ele>726</ele>
        <time>2026-09-10T11:20:22.798Z</time>
      </trkpt>
      <trkpt lat="46.9076273" lon="7.4271351">
        <ele>726</ele>
        <time>2026-09-10T11:20:22.798Z</time>
      </trkpt>
      <trkpt lat="46.9076308" lon="7.4271368">
        <ele>726.2</ele>
        <time>2026-09-10T11:20:22.798Z</time>
      </trkpt>
      <trkpt lat="46.9076309" lon="7.4271369">
        <ele>726.2</ele>
        <time>2026-09-10T11:20:22.798Z</time>
      </trkpt>
      <trkpt lat="46.907639" lon="7.4271332">
        <ele>726.2</ele>
        <time>2026-09-10T11:20:22.798Z</time>
      </trkpt>
      <trkpt lat="46.9076493" lon="7.4271254">
        <ele>726</ele>
        <time>2026-09-10T11:20:22.798Z</time>
      </trkpt>
      <trkpt lat="46.9076605" lon="7.4271145">
        <ele>726</ele>
        <time>2026-09-10T11:20:22.798Z</time>
      </trkpt>
      <trkpt lat="46.9076684" lon="7.4270989">
        <ele>725.8</ele>
        <time>2026-09-10T11:20:22.798Z</time>
      </trkpt>
      <trkpt lat="46.9076762" lon="7.4270827">
        <ele>725.8</ele>
        <time>2026-09-10T11:20:22.798Z</time>
      </trkpt>
      <trkpt lat="46.9076839" lon="7.4270689">
        <ele>725.4000000000001</ele>
        <time>2026-09-10T11:20:22.798Z</time>
      </trkpt>
      <trkpt lat="46.9076861" lon="7.4270505">
        <ele>725.2</ele>
        <time>2026-09-10T11:20:22.798Z</time>
      </trkpt>
      <trkpt lat="46.9076881" lon="7.4270318">
        <ele>725</ele>
        <time>2026-09-10T11:20:22.798Z</time>
      </trkpt>
      <trkpt lat="46.9077032" lon="7.4270216">
        <ele>724.8</ele>
        <time>2026-09-10T11:20:22.798Z</time>
      </trkpt>
      <trkpt lat="46.9077158" lon="7.4270184">
        <ele>724.4000000000001</ele>
        <time>2026-09-10T11:20:22.798Z</time>
      </trkpt>
      <trkpt lat="46.9077295" lon="7.4270213">
        <ele>724.4000000000001</ele>
        <time>2026-09-10T11:20:22.798Z</time>
      </trkpt>
      <trkpt lat="46.9077415" lon="7.4270148">
        <ele>724.2</ele>
        <time>2026-09-10T11:20:22.798Z</time>
      </trkpt>
      <trkpt lat="46.9077537" lon="7.4270031">
        <ele>723.8</ele>
        <time>2026-09-10T11:20:22.798Z</time>
      </trkpt>
      <trkpt lat="46.9077679" lon="7.4269969">
        <ele>723.5999999999999</ele>
        <time>2026-09-10T11:20:22.798Z</time>
      </trkpt>
      <trkpt lat="46.9077871" lon="7.4269868">
        <ele>723.2</ele>
        <time>2026-09-10T11:20:22.798Z</time>
      </trkpt>
      <trkpt lat="46.9078114" lon="7.4269726">
        <ele>723</ele>
        <time>2026-09-10T11:20:22.798Z</time>
      </trkpt>
      <trkpt lat="46.9078324" lon="7.426959">
        <ele>722.5999999999999</ele>
        <time>2026-09-10T11:20:22.798Z</time>
      </trkpt>
      <trkpt lat="46.9078514" lon="7.4269457">
        <ele>722.2</ele>
        <time>2026-09-10T11:20:22.798Z</time>
      </trkpt>
      <trkpt lat="46.9078758" lon="7.4269411">
        <ele>721.8</ele>
        <time>2026-09-10T11:20:22.798Z</time>
      </trkpt>
      <trkpt lat="46.9079005" lon="7.4269368">
        <ele>721.5999999999999</ele>
        <time>2026-09-10T11:20:22.798Z</time>
      </trkpt>
      <trkpt lat="46.9079281" lon="7.4269465">
        <ele>721.2</ele>
        <time>2026-09-10T11:20:22.798Z</time>
      </trkpt>
      <trkpt lat="46.907956" lon="7.4269659">
        <ele>721</ele>
        <time>2026-09-10T11:20:22.798Z</time>
      </trkpt>
      <trkpt lat="46.9079811" lon="7.4269861">
        <ele>720.8</ele>
        <time>2026-09-10T11:20:22.798Z</time>
      </trkpt>
      <trkpt lat="46.9080006" lon="7.4270064">
        <ele>720.5999999999999</ele>
        <time>2026-09-10T11:20:22.798Z</time>
      </trkpt>
      <trkpt lat="46.9080212" lon="7.4270261">
        <ele>720.5999999999999</ele>
        <time>2026-09-10T11:20:22.798Z</time>
      </trkpt>
      <trkpt lat="46.9080388" lon="7.4270446">
        <ele>720.4000000000001</ele>
        <time>2026-09-10T11:20:22.798Z</time>
      </trkpt>
      <trkpt lat="46.9080575" lon="7.4270629">
        <ele>720.4000000000001</ele>
        <time>2026-09-10T11:20:22.798Z</time>
      </trkpt>
      <trkpt lat="46.9080742" lon="7.4270822">
        <ele>720.4000000000001</ele>
        <time>2026-09-10T11:20:22.798Z</time>
      </trkpt>
      <trkpt lat="46.9080943" lon="7.4270985">
        <ele>720.2</ele>
        <time>2026-09-10T11:20:22.798Z</time>
      </trkpt>
      <trkpt lat="46.9081146" lon="7.4271176">
        <ele>720.2</ele>
        <time>2026-09-10T11:20:22.798Z</time>
      </trkpt>
      <trkpt lat="46.908139" lon="7.4271411">
        <ele>720.2</ele>
        <time>2026-09-10T11:20:22.798Z</time>
      </trkpt>
      <trkpt lat="46.9081564" lon="7.4271606">
        <ele>720.2</ele>
        <time>2026-09-10T11:20:22.798Z</time>
      </trkpt>
      <trkpt lat="46.9081754" lon="7.4271882">
        <ele>720.2</ele>
        <time>2026-09-10T11:20:22.798Z</time>
      </trkpt>
      <trkpt lat="46.9081999" lon="7.4272174">
        <ele>720.2</ele>
        <time>2026-09-10T11:20:22.798Z</time>
      </trkpt>
      <trkpt lat="46.9082172" lon="7.4272447">
        <ele>720.2</ele>
        <time>2026-09-10T11:20:22.798Z</time>
      </trkpt>
      <trkpt lat="46.9082373" lon="7.4272763">
        <ele>720.2</ele>
        <time>2026-09-10T11:20:22.798Z</time>
      </trkpt>
      <trkpt lat="46.9082605" lon="7.4273068">
        <ele>720</ele>
        <time>2026-09-10T11:20:22.798Z</time>
      </trkpt>
      <trkpt lat="46.9082825" lon="7.4273338">
        <ele>720</ele>
        <time>2026-09-10T11:20:22.798Z</time>
      </trkpt>
      <trkpt lat="46.9082984" lon="7.4273699">
        <ele>720</ele>
        <time>2026-09-10T11:20:22.798Z</time>
      </trkpt>
      <trkpt lat="46.9083185" lon="7.4274071">
        <ele>720</ele>
        <time>2026-09-10T11:20:22.798Z</time>
      </trkpt>
      <trkpt lat="46.9083318" lon="7.4274391">
        <ele>720</ele>
        <time>2026-09-10T11:20:22.798Z</time>
      </trkpt>
      <trkpt lat="46.9083515" lon="7.4274728">
        <ele>720</ele>
        <time>2026-09-10T11:20:22.798Z</time>
      </trkpt>
      <trkpt lat="46.9083712" lon="7.4275036">
        <ele>720.2</ele>
        <time>2026-09-10T11:20:22.798Z</time>
      </trkpt>
      <trkpt lat="46.9083856" lon="7.427537">
        <ele>720.2</ele>
        <time>2026-09-10T11:20:22.798Z</time>
      </trkpt>
      <trkpt lat="46.9084014" lon="7.4275716">
        <ele>720.2</ele>
        <time>2026-09-10T11:20:22.798Z</time>
      </trkpt>
      <trkpt lat="46.9084172" lon="7.4276102">
        <ele>720.2</ele>
        <time>2026-09-10T11:20:22.798Z</time>
      </trkpt>
      <trkpt lat="46.9084279" lon="7.4276475">
        <ele>720.2</ele>
        <time>2026-09-10T11:20:22.799Z</time>
      </trkpt>
      <trkpt lat="46.9084426" lon="7.4276828">
        <ele>720.2</ele>
        <time>2026-09-10T11:20:22.799Z</time>
      </trkpt>
      <trkpt lat="46.9084552" lon="7.4277243">
        <ele>720.2</ele>
        <time>2026-09-10T11:20:22.799Z</time>
      </trkpt>
      <trkpt lat="46.9084697" lon="7.4277571">
        <ele>720</ele>
        <time>2026-09-10T11:20:22.799Z</time>
      </trkpt>
      <trkpt lat="46.9084889" lon="7.4277943">
        <ele>720</ele>
        <time>2026-09-10T11:20:22.799Z</time>
      </trkpt>
      <trkpt lat="46.908505" lon="7.4278351">
        <ele>720</ele>
        <time>2026-09-10T11:20:22.799Z</time>
      </trkpt>
      <trkpt lat="46.9085155" lon="7.4278672">
        <ele>720</ele>
        <time>2026-09-10T11:20:22.799Z</time>
      </trkpt>
      <trkpt lat="46.9085272" lon="7.427906">
        <ele>720</ele>
        <time>2026-09-10T11:20:22.799Z</time>
      </trkpt>
      <trkpt lat="46.9085398" lon="7.4279443">
        <ele>720.2</ele>
        <time>2026-09-10T11:20:22.799Z</time>
      </trkpt>
      <trkpt lat="46.9085536" lon="7.4279786">
        <ele>720</ele>
        <time>2026-09-10T11:20:22.799Z</time>
      </trkpt>
      <trkpt lat="46.9085652" lon="7.4280174">
        <ele>720</ele>
        <time>2026-09-10T11:20:22.799Z</time>
      </trkpt>
      <trkpt lat="46.9085775" lon="7.4280583">
        <ele>720</ele>
        <time>2026-09-10T11:20:22.799Z</time>
      </trkpt>
      <trkpt lat="46.9085879" lon="7.428095">
        <ele>719.8</ele>
        <time>2026-09-10T11:20:22.799Z</time>
      </trkpt>
      <trkpt lat="46.9085995" lon="7.4281355">
        <ele>719.8</ele>
        <time>2026-09-10T11:20:22.799Z</time>
      </trkpt>
      <trkpt lat="46.908608" lon="7.4281828">
        <ele>719.8</ele>
        <time>2026-09-10T11:20:22.799Z</time>
      </trkpt>
      <trkpt lat="46.9086148" lon="7.428221">
        <ele>719.5999999999999</ele>
        <time>2026-09-10T11:20:22.799Z</time>
      </trkpt>
      <trkpt lat="46.9086186" lon="7.4282615">
        <ele>719.5999999999999</ele>
        <time>2026-09-10T11:20:22.799Z</time>
      </trkpt>
      <trkpt lat="46.9086281" lon="7.4283057">
        <ele>719.5999999999999</ele>
        <time>2026-09-10T11:20:22.799Z</time>
      </trkpt>
      <trkpt lat="46.9086381" lon="7.4283502">
        <ele>719.5999999999999</ele>
        <time>2026-09-10T11:20:22.799Z</time>
      </trkpt>
      <trkpt lat="46.9086454" lon="7.4283919">
        <ele>719.5999999999999</ele>
        <time>2026-09-10T11:20:22.799Z</time>
      </trkpt>
      <trkpt lat="46.9086531" lon="7.4284338">
        <ele>719.5999999999999</ele>
        <time>2026-09-10T11:20:22.799Z</time>
      </trkpt>
      <trkpt lat="46.9086644" lon="7.428477">
        <ele>719.8</ele>
        <time>2026-09-10T11:20:22.799Z</time>
      </trkpt>
      <trkpt lat="46.9086723" lon="7.4285235">
        <ele>719.8</ele>
        <time>2026-09-10T11:20:22.799Z</time>
      </trkpt>
      <trkpt lat="46.9086795" lon="7.4285642">
        <ele>719.8</ele>
        <time>2026-09-10T11:20:22.799Z</time>
      </trkpt>
      <trkpt lat="46.9086835" lon="7.4286064">
        <ele>719.8</ele>
        <time>2026-09-10T11:20:22.799Z</time>
      </trkpt>
      <trkpt lat="46.9086911" lon="7.4286535">
        <ele>720</ele>
        <time>2026-09-10T11:20:22.799Z</time>
      </trkpt>
      <trkpt lat="46.9086953" lon="7.4286991">
        <ele>720</ele>
        <time>2026-09-10T11:20:22.799Z</time>
      </trkpt>
      <trkpt lat="46.9086987" lon="7.4287358">
        <ele>720</ele>
        <time>2026-09-10T11:20:22.799Z</time>
      </trkpt>
      <trkpt lat="46.9087042" lon="7.4287769">
        <ele>720</ele>
        <time>2026-09-10T11:20:22.799Z</time>
      </trkpt>
      <trkpt lat="46.9087101" lon="7.4288187">
        <ele>720</ele>
        <time>2026-09-10T11:20:22.799Z</time>
      </trkpt>
      <trkpt lat="46.9087174" lon="7.4288576">
        <ele>720</ele>
        <time>2026-09-10T11:20:22.799Z</time>
      </trkpt>
      <trkpt lat="46.9087181" lon="7.4289003">
        <ele>720.2</ele>
        <time>2026-09-10T11:20:22.799Z</time>
      </trkpt>
      <trkpt lat="46.9087219" lon="7.4289395">
        <ele>720.2</ele>
        <time>2026-09-10T11:20:22.799Z</time>
      </trkpt>
      <trkpt lat="46.9087255" lon="7.4289755">
        <ele>720.4000000000001</ele>
        <time>2026-09-10T11:20:22.799Z</time>
      </trkpt>
      <trkpt lat="46.9087293" lon="7.4290147">
        <ele>720.4000000000001</ele>
        <time>2026-09-10T11:20:22.799Z</time>
      </trkpt>
      <trkpt lat="46.9087332" lon="7.4290532">
        <ele>720.5999999999999</ele>
        <time>2026-09-10T11:20:22.799Z</time>
      </trkpt>
      <trkpt lat="46.9087369" lon="7.4290933">
        <ele>720.5999999999999</ele>
        <time>2026-09-10T11:20:22.799Z</time>
      </trkpt>
      <trkpt lat="46.9087407" lon="7.4291361">
        <ele>720.5999999999999</ele>
        <time>2026-09-10T11:20:22.799Z</time>
      </trkpt>
      <trkpt lat="46.9087447" lon="7.4291833">
        <ele>720.5999999999999</ele>
        <time>2026-09-10T11:20:22.799Z</time>
      </trkpt>
      <trkpt lat="46.9087484" lon="7.4292313">
        <ele>720.8</ele>
        <time>2026-09-10T11:20:22.799Z</time>
      </trkpt>
      <trkpt lat="46.9087522" lon="7.429284">
        <ele>720.8</ele>
        <time>2026-09-10T11:20:22.799Z</time>
      </trkpt>
      <trkpt lat="46.9087561" lon="7.4293406">
        <ele>720.5999999999999</ele>
        <time>2026-09-10T11:20:22.799Z</time>
      </trkpt>
      <trkpt lat="46.9087598" lon="7.4293963">
        <ele>720.5999999999999</ele>
        <time>2026-09-10T11:20:22.799Z</time>
      </trkpt>
      <trkpt lat="46.9087601" lon="7.4294541">
        <ele>720.5999999999999</ele>
        <time>2026-09-10T11:20:22.799Z</time>
      </trkpt>
      <trkpt lat="46.9087637" lon="7.4295135">
        <ele>720.4000000000001</ele>
        <time>2026-09-10T11:20:22.799Z</time>
      </trkpt>
      <trkpt lat="46.9087639" lon="7.4295708">
        <ele>720.4000000000001</ele>
        <time>2026-09-10T11:20:22.799Z</time>
      </trkpt>
      <trkpt lat="46.9087676" lon="7.429631">
        <ele>720.4000000000001</ele>
        <time>2026-09-10T11:20:22.799Z</time>
      </trkpt>
      <trkpt lat="46.9087677" lon="7.4296885">
        <ele>720.4000000000001</ele>
        <time>2026-09-10T11:20:22.799Z</time>
      </trkpt>
      <trkpt lat="46.908764" lon="7.4297419">
        <ele>720.4000000000001</ele>
        <time>2026-09-10T11:20:22.799Z</time>
      </trkpt>
      <trkpt lat="46.9087639" lon="7.429799">
        <ele>720.2</ele>
        <time>2026-09-10T11:20:22.799Z</time>
      </trkpt>
      <trkpt lat="46.9087639" lon="7.4298547">
        <ele>720.2</ele>
        <time>2026-09-10T11:20:22.799Z</time>
      </trkpt>
      <trkpt lat="46.9087639" lon="7.4299026">
        <ele>720</ele>
        <time>2026-09-10T11:20:22.799Z</time>
      </trkpt>
      <trkpt lat="46.9087677" lon="7.42996">
        <ele>719.8</ele>
        <time>2026-09-10T11:20:22.799Z</time>
      </trkpt>
      <trkpt lat="46.9087714" lon="7.4300109">
        <ele>719.5999999999999</ele>
        <time>2026-09-10T11:20:22.799Z</time>
      </trkpt>
      <trkpt lat="46.9087715" lon="7.4300599">
        <ele>719.5999999999999</ele>
        <time>2026-09-10T11:20:22.799Z</time>
      </trkpt>
      <trkpt lat="46.9087715" lon="7.4301121">
        <ele>719.5999999999999</ele>
        <time>2026-09-10T11:20:22.799Z</time>
      </trkpt>
      <trkpt lat="46.9087715" lon="7.4301646">
        <ele>719.5999999999999</ele>
        <time>2026-09-10T11:20:22.799Z</time>
      </trkpt>
      <trkpt lat="46.9087715" lon="7.4302122">
        <ele>719.5999999999999</ele>
        <time>2026-09-10T11:20:22.799Z</time>
      </trkpt>
      <trkpt lat="46.9087715" lon="7.4302651">
        <ele>719.5999999999999</ele>
        <time>2026-09-10T11:20:22.799Z</time>
      </trkpt>
      <trkpt lat="46.9087715" lon="7.4303138">
        <ele>719.5999999999999</ele>
        <time>2026-09-10T11:20:22.799Z</time>
      </trkpt>
      <trkpt lat="46.9087715" lon="7.4303629">
        <ele>719.5999999999999</ele>
        <time>2026-09-10T11:20:22.799Z</time>
      </trkpt>
      <trkpt lat="46.9087715" lon="7.4304139">
        <ele>719.5999999999999</ele>
        <time>2026-09-10T11:20:22.800Z</time>
      </trkpt>
      <trkpt lat="46.9087716" lon="7.4304642">
        <ele>719.5999999999999</ele>
        <time>2026-09-10T11:20:22.800Z</time>
      </trkpt>
      <trkpt lat="46.9087753" lon="7.430511">
        <ele>719.5999999999999</ele>
        <time>2026-09-10T11:20:22.800Z</time>
      </trkpt>
      <trkpt lat="46.9087754" lon="7.4305608">
        <ele>719.5999999999999</ele>
        <time>2026-09-10T11:20:22.800Z</time>
      </trkpt>
      <trkpt lat="46.9087754" lon="7.4306065">
        <ele>719.5999999999999</ele>
        <time>2026-09-10T11:20:22.800Z</time>
      </trkpt>
      <trkpt lat="46.9087717" lon="7.4306549">
        <ele>719.5999999999999</ele>
        <time>2026-09-10T11:20:22.800Z</time>
      </trkpt>
      <trkpt lat="46.9087753" lon="7.4307048">
        <ele>719.5999999999999</ele>
        <time>2026-09-10T11:20:22.800Z</time>
      </trkpt>
      <trkpt lat="46.9087754" lon="7.4307528">
        <ele>719.5999999999999</ele>
        <time>2026-09-10T11:20:22.800Z</time>
      </trkpt>
      <trkpt lat="46.9087754" lon="7.4307997">
        <ele>719.5999999999999</ele>
        <time>2026-09-10T11:20:22.800Z</time>
      </trkpt>
      <trkpt lat="46.9087716" lon="7.4308459">
        <ele>719.5999999999999</ele>
        <time>2026-09-10T11:20:22.800Z</time>
      </trkpt>
      <trkpt lat="46.9087715" lon="7.4308916">
        <ele>719.5999999999999</ele>
        <time>2026-09-10T11:20:22.800Z</time>
      </trkpt>
      <trkpt lat="46.9087715" lon="7.4309322">
        <ele>719.5999999999999</ele>
        <time>2026-09-10T11:20:22.800Z</time>
      </trkpt>
      <trkpt lat="46.9087715" lon="7.4309784">
        <ele>719.8</ele>
        <time>2026-09-10T11:20:22.800Z</time>
      </trkpt>
      <trkpt lat="46.9087698" lon="7.4310251">
        <ele>719.8</ele>
        <time>2026-09-10T11:20:22.800Z</time>
      </trkpt>
      <trkpt lat="46.9087679" lon="7.4310718">
        <ele>719.8</ele>
        <time>2026-09-10T11:20:22.800Z</time>
      </trkpt>
      <trkpt lat="46.908764" lon="7.4311201">
        <ele>719.8</ele>
        <time>2026-09-10T11:20:22.800Z</time>
      </trkpt>
      <trkpt lat="46.9087639" lon="7.4311659">
        <ele>720</ele>
        <time>2026-09-10T11:20:22.800Z</time>
      </trkpt>
      <trkpt lat="46.9087639" lon="7.4312109">
        <ele>720.2</ele>
        <time>2026-09-10T11:20:22.800Z</time>
      </trkpt>
      <trkpt lat="46.9087603" lon="7.4312564">
        <ele>720.2</ele>
        <time>2026-09-10T11:20:22.800Z</time>
      </trkpt>
      <trkpt lat="46.9087601" lon="7.4313013">
        <ele>720.2</ele>
        <time>2026-09-10T11:20:22.800Z</time>
      </trkpt>
      <trkpt lat="46.9087601" lon="7.4313425">
        <ele>720.4000000000001</ele>
        <time>2026-09-10T11:20:22.800Z</time>
      </trkpt>
      <trkpt lat="46.9087565" lon="7.431386">
        <ele>720.4000000000001</ele>
        <time>2026-09-10T11:20:22.800Z</time>
      </trkpt>
      <trkpt lat="46.90876" lon="7.4314282">
        <ele>720.5999999999999</ele>
        <time>2026-09-10T11:20:22.800Z</time>
      </trkpt>
      <trkpt lat="46.9087567" lon="7.4314626">
        <ele>720.5999999999999</ele>
        <time>2026-09-10T11:20:22.800Z</time>
      </trkpt>
      <trkpt lat="46.9087597" lon="7.4314999">
        <ele>720.8</ele>
        <time>2026-09-10T11:20:22.800Z</time>
      </trkpt>
      <trkpt lat="46.9087583" lon="7.4315337">
        <ele>720.8</ele>
        <time>2026-09-10T11:20:22.800Z</time>
      </trkpt>
      <trkpt lat="46.9087565" lon="7.4315672">
        <ele>721</ele>
        <time>2026-09-10T11:20:22.800Z</time>
      </trkpt>
      <trkpt lat="46.9087562" lon="7.4316015">
        <ele>721.2</ele>
        <time>2026-09-10T11:20:22.800Z</time>
      </trkpt>
      <trkpt lat="46.9087562" lon="7.4316331">
        <ele>721.2</ele>
        <time>2026-09-10T11:20:22.800Z</time>
      </trkpt>
      <trkpt lat="46.9087562" lon="7.4316642">
        <ele>721.4000000000001</ele>
        <time>2026-09-10T11:20:22.800Z</time>
      </trkpt>
      <trkpt lat="46.9087527" lon="7.4316982">
        <ele>721.5999999999999</ele>
        <time>2026-09-10T11:20:22.800Z</time>
      </trkpt>
      <trkpt lat="46.9087525" lon="7.4317335">
        <ele>721.5999999999999</ele>
        <time>2026-09-10T11:20:22.800Z</time>
      </trkpt>
      <trkpt lat="46.9087525" lon="7.4317638">
        <ele>721.8</ele>
        <time>2026-09-10T11:20:22.800Z</time>
      </trkpt>
      <trkpt lat="46.9087525" lon="7.4317994">
        <ele>721.8</ele>
        <time>2026-09-10T11:20:22.800Z</time>
      </trkpt>
      <trkpt lat="46.9087525" lon="7.4318319">
        <ele>721.8</ele>
        <time>2026-09-10T11:20:22.800Z</time>
      </trkpt>
      <trkpt lat="46.908749" lon="7.4318587">
        <ele>721.8</ele>
        <time>2026-09-10T11:20:22.800Z</time>
      </trkpt>
      <trkpt lat="46.9087452" lon="7.4318917">
        <ele>721.8</ele>
        <time>2026-09-10T11:20:22.800Z</time>
      </trkpt>
      <trkpt lat="46.9087414" lon="7.4319294">
        <ele>721.8</ele>
        <time>2026-09-10T11:20:22.800Z</time>
      </trkpt>
      <trkpt lat="46.9087376" lon="7.4319674">
        <ele>721.5999999999999</ele>
        <time>2026-09-10T11:20:22.800Z</time>
      </trkpt>
      <trkpt lat="46.9087372" lon="7.4320109">
        <ele>721.5999999999999</ele>
        <time>2026-09-10T11:20:22.800Z</time>
      </trkpt>
      <trkpt lat="46.9087337" lon="7.4320563">
        <ele>721.4000000000001</ele>
        <time>2026-09-10T11:20:22.800Z</time>
      </trkpt>
      <trkpt lat="46.9087299" lon="7.4321019">
        <ele>721.4000000000001</ele>
        <time>2026-09-10T11:20:22.800Z</time>
      </trkpt>
      <trkpt lat="46.9087262" lon="7.432147">
        <ele>721.4000000000001</ele>
        <time>2026-09-10T11:20:22.800Z</time>
      </trkpt>
      <trkpt lat="46.9087223" lon="7.432192">
        <ele>721.2</ele>
        <time>2026-09-10T11:20:22.800Z</time>
      </trkpt>
      <trkpt lat="46.9087185" lon="7.4322369">
        <ele>721</ele>
        <time>2026-09-10T11:20:22.800Z</time>
      </trkpt>
      <trkpt lat="46.9087147" lon="7.4322822">
        <ele>721</ele>
        <time>2026-09-10T11:20:22.800Z</time>
      </trkpt>
      <trkpt lat="46.9087092" lon="7.4323273">
        <ele>721</ele>
        <time>2026-09-10T11:20:22.800Z</time>
      </trkpt>
      <trkpt lat="46.9087036" lon="7.4323723">
        <ele>720.8</ele>
        <time>2026-09-10T11:20:22.800Z</time>
      </trkpt>
      <trkpt lat="46.9086959" lon="7.432419">
        <ele>720.8</ele>
        <time>2026-09-10T11:20:22.800Z</time>
      </trkpt>
      <trkpt lat="46.9086914" lon="7.4324687">
        <ele>720.8</ele>
        <time>2026-09-10T11:20:22.800Z</time>
      </trkpt>
      <trkpt lat="46.9086846" lon="7.4325084">
        <ele>720.8</ele>
        <time>2026-09-10T11:20:22.800Z</time>
      </trkpt>
      <trkpt lat="46.9086804" lon="7.4325552">
        <ele>720.8</ele>
        <time>2026-09-10T11:20:22.800Z</time>
      </trkpt>
      <trkpt lat="46.9086761" lon="7.4326067">
        <ele>720.8</ele>
        <time>2026-09-10T11:20:22.800Z</time>
      </trkpt>
      <trkpt lat="46.9086727" lon="7.4326502">
        <ele>720.5999999999999</ele>
        <time>2026-09-10T11:20:22.800Z</time>
      </trkpt>
      <trkpt lat="46.9086651" lon="7.4326989">
        <ele>720.5999999999999</ele>
        <time>2026-09-10T11:20:22.800Z</time>
      </trkpt>
      <trkpt lat="46.9086532" lon="7.4327505">
        <ele>720.4000000000001</ele>
        <time>2026-09-10T11:20:22.800Z</time>
      </trkpt>
      <trkpt lat="46.9086464" lon="7.4327962">
        <ele>720.4000000000001</ele>
        <time>2026-09-10T11:20:22.800Z</time>
      </trkpt>
      <trkpt lat="46.9086386" lon="7.4328491">
        <ele>720.2</ele>
        <time>2026-09-10T11:20:22.800Z</time>
      </trkpt>
      <trkpt lat="46.908631" lon="7.4329014">
        <ele>720.2</ele>
        <time>2026-09-10T11:20:22.800Z</time>
      </trkpt>
      <trkpt lat="46.9086234" lon="7.4329535">
        <ele>720</ele>
        <time>2026-09-10T11:20:22.800Z</time>
      </trkpt>
      <trkpt lat="46.9086156" lon="7.4330048">
        <ele>720</ele>
        <time>2026-09-10T11:20:22.800Z</time>
      </trkpt>
      <trkpt lat="46.9086074" lon="7.4330579">
        <ele>720</ele>
        <time>2026-09-10T11:20:22.801Z</time>
      </trkpt>
      <trkpt lat="46.9086039" lon="7.433098">
        <ele>720</ele>
        <time>2026-09-10T11:20:22.801Z</time>
      </trkpt>
      <trkpt lat="46.9086037" lon="7.4331391">
        <ele>720.2</ele>
        <time>2026-09-10T11:20:22.801Z</time>
      </trkpt>
      <trkpt lat="46.9086054" lon="7.4331766">
        <ele>720.2</ele>
        <time>2026-09-10T11:20:22.801Z</time>
      </trkpt>
      <trkpt lat="46.9086072" lon="7.4332136">
        <ele>720.4000000000001</ele>
        <time>2026-09-10T11:20:22.801Z</time>
      </trkpt>
      <trkpt lat="46.908611" lon="7.4332507">
        <ele>720.4000000000001</ele>
        <time>2026-09-10T11:20:22.801Z</time>
      </trkpt>
      <trkpt lat="46.9086113" lon="7.4332886">
        <ele>720.5999999999999</ele>
        <time>2026-09-10T11:20:22.801Z</time>
      </trkpt>
      <trkpt lat="46.9086113" lon="7.4333188">
        <ele>720.5999999999999</ele>
        <time>2026-09-10T11:20:22.801Z</time>
      </trkpt>
      <trkpt lat="46.9086148" lon="7.4333497">
        <ele>720.8</ele>
        <time>2026-09-10T11:20:22.801Z</time>
      </trkpt>
      <trkpt lat="46.9086189" lon="7.4333833">
        <ele>720.8</ele>
        <time>2026-09-10T11:20:22.801Z</time>
      </trkpt>
      <trkpt lat="46.9086261" lon="7.4334098">
        <ele>721</ele>
        <time>2026-09-10T11:20:22.801Z</time>
      </trkpt>
      <trkpt lat="46.9086266" lon="7.4334396">
        <ele>721</ele>
        <time>2026-09-10T11:20:22.801Z</time>
      </trkpt>
      <trkpt lat="46.9086344" lon="7.433474">
        <ele>721</ele>
        <time>2026-09-10T11:20:22.801Z</time>
      </trkpt>
      <trkpt lat="46.9086412" lon="7.4335009">
        <ele>721.2</ele>
        <time>2026-09-10T11:20:22.801Z</time>
      </trkpt>
      <trkpt lat="46.9086454" lon="7.4335295">
        <ele>721.4000000000001</ele>
        <time>2026-09-10T11:20:22.801Z</time>
      </trkpt>
      <trkpt lat="46.9086526" lon="7.4335564">
        <ele>721.4000000000001</ele>
        <time>2026-09-10T11:20:22.801Z</time>
      </trkpt>
      <trkpt lat="46.9086603" lon="7.433583">
        <ele>721.5999999999999</ele>
        <time>2026-09-10T11:20:22.801Z</time>
      </trkpt>
      <trkpt lat="46.9086645" lon="7.4336083">
        <ele>721.8</ele>
        <time>2026-09-10T11:20:22.801Z</time>
      </trkpt>
      <trkpt lat="46.9086687" lon="7.4336324">
        <ele>721.8</ele>
        <time>2026-09-10T11:20:22.801Z</time>
      </trkpt>
      <trkpt lat="46.908679" lon="7.4336545">
        <ele>722</ele>
        <time>2026-09-10T11:20:22.801Z</time>
      </trkpt>
      <trkpt lat="46.9086904" lon="7.4336809">
        <ele>722</ele>
        <time>2026-09-10T11:20:22.801Z</time>
      </trkpt>
      <trkpt lat="46.9087086" lon="7.433706">
        <ele>722</ele>
        <time>2026-09-10T11:20:22.801Z</time>
      </trkpt>
      <trkpt lat="46.9087276" lon="7.4337309">
        <ele>722</ele>
        <time>2026-09-10T11:20:22.801Z</time>
      </trkpt>
      <trkpt lat="46.9087473" lon="7.4337645">
        <ele>722</ele>
        <time>2026-09-10T11:20:22.801Z</time>
      </trkpt>
      <trkpt lat="46.9087676" lon="7.4338013">
        <ele>722</ele>
        <time>2026-09-10T11:20:22.801Z</time>
      </trkpt>
      <trkpt lat="46.9087887" lon="7.4338352">
        <ele>722</ele>
        <time>2026-09-10T11:20:22.801Z</time>
      </trkpt>
      <trkpt lat="46.9088116" lon="7.4338766">
        <ele>722</ele>
        <time>2026-09-10T11:20:22.801Z</time>
      </trkpt>
      <trkpt lat="46.9088337" lon="7.4339242">
        <ele>722</ele>
        <time>2026-09-10T11:20:22.801Z</time>
      </trkpt>
      <trkpt lat="46.9088556" lon="7.4339723">
        <ele>721.8</ele>
        <time>2026-09-10T11:20:22.801Z</time>
      </trkpt>
      <trkpt lat="46.9088771" lon="7.4340207">
        <ele>721.5999999999999</ele>
        <time>2026-09-10T11:20:22.801Z</time>
      </trkpt>
      <trkpt lat="46.9089033" lon="7.4340732">
        <ele>721.4000000000001</ele>
        <time>2026-09-10T11:20:22.801Z</time>
      </trkpt>
      <trkpt lat="46.9089306" lon="7.4341342">
        <ele>721.2</ele>
        <time>2026-09-10T11:20:22.801Z</time>
      </trkpt>
      <trkpt lat="46.908956" lon="7.434194">
        <ele>720.8</ele>
        <time>2026-09-10T11:20:22.801Z</time>
      </trkpt>
      <trkpt lat="46.9089831" lon="7.4342615">
        <ele>720.4000000000001</ele>
        <time>2026-09-10T11:20:22.801Z</time>
      </trkpt>
      <trkpt lat="46.9090147" lon="7.4343364">
        <ele>720.2</ele>
        <time>2026-09-10T11:20:22.801Z</time>
      </trkpt>
      <trkpt lat="46.9090437" lon="7.4344105">
        <ele>719.8</ele>
        <time>2026-09-10T11:20:22.801Z</time>
      </trkpt>
      <trkpt lat="46.9090712" lon="7.434492">
        <ele>719.4000000000001</ele>
        <time>2026-09-10T11:20:22.801Z</time>
      </trkpt>
      <trkpt lat="46.9091027" lon="7.4345779">
        <ele>718.8</ele>
        <time>2026-09-10T11:20:22.801Z</time>
      </trkpt>
      <trkpt lat="46.9091306" lon="7.4346558">
        <ele>718.4000000000001</ele>
        <time>2026-09-10T11:20:22.801Z</time>
      </trkpt>
      <trkpt lat="46.9091658" lon="7.4347439">
        <ele>718.2</ele>
        <time>2026-09-10T11:20:22.801Z</time>
      </trkpt>
      <trkpt lat="46.9091938" lon="7.4348247">
        <ele>717.8</ele>
        <time>2026-09-10T11:20:22.801Z</time>
      </trkpt>
      <trkpt lat="46.9092196" lon="7.4348944">
        <ele>717.2</ele>
        <time>2026-09-10T11:20:22.801Z</time>
      </trkpt>
      <trkpt lat="46.9092466" lon="7.4349622">
        <ele>716.5999999999999</ele>
        <time>2026-09-10T11:20:22.801Z</time>
      </trkpt>
      <trkpt lat="46.9092711" lon="7.4350229">
        <ele>716</ele>
        <time>2026-09-10T11:20:22.801Z</time>
      </trkpt>
      <trkpt lat="46.9092884" lon="7.4350714">
        <ele>715.5999999999999</ele>
        <time>2026-09-10T11:20:22.801Z</time>
      </trkpt>
      <trkpt lat="46.9093046" lon="7.4351157">
        <ele>715</ele>
        <time>2026-09-10T11:20:22.801Z</time>
      </trkpt>
      <trkpt lat="46.9093169" lon="7.4351578">
        <ele>714.5999999999999</ele>
        <time>2026-09-10T11:20:22.801Z</time>
      </trkpt>
      <trkpt lat="46.9093275" lon="7.4351919">
        <ele>714</ele>
        <time>2026-09-10T11:20:22.801Z</time>
      </trkpt>
      <trkpt lat="46.9093355" lon="7.4352152">
        <ele>713.5999999999999</ele>
        <time>2026-09-10T11:20:22.801Z</time>
      </trkpt>
      <trkpt lat="46.9093399" lon="7.4352315">
        <ele>713.2</ele>
        <time>2026-09-10T11:20:22.801Z</time>
      </trkpt>
      <trkpt lat="46.9093362" lon="7.435169">
        <ele>712</ele>
        <time>2026-09-10T11:20:22.801Z</time>
      </trkpt>
      <trkpt lat="46.9093291" lon="7.4351561">
        <ele>712</ele>
        <time>2026-09-10T11:20:22.801Z</time>
      </trkpt>
      <trkpt lat="46.909325" lon="7.4351418">
        <ele>712</ele>
        <time>2026-09-10T11:20:22.801Z</time>
      </trkpt>
      <trkpt lat="46.9093209" lon="7.4351273">
        <ele>712.2</ele>
        <time>2026-09-10T11:20:22.801Z</time>
      </trkpt>
      <trkpt lat="46.9093139" lon="7.4351116">
        <ele>712.2</ele>
        <time>2026-09-10T11:20:22.801Z</time>
      </trkpt>
      <trkpt lat="46.9093132" lon="7.4350934">
        <ele>712.4000000000001</ele>
        <time>2026-09-10T11:20:22.801Z</time>
      </trkpt>
      <trkpt lat="46.9093132" lon="7.4350748">
        <ele>712.4000000000001</ele>
        <time>2026-09-10T11:20:22.801Z</time>
      </trkpt>
      <trkpt lat="46.9093204" lon="7.4350557">
        <ele>712.5999999999999</ele>
        <time>2026-09-10T11:20:22.801Z</time>
      </trkpt>
      <trkpt lat="46.9093276" lon="7.4350327">
        <ele>712.5999999999999</ele>
        <time>2026-09-10T11:20:22.801Z</time>
      </trkpt>
      <trkpt lat="46.9093384" lon="7.4349998">
        <ele>712.4000000000001</ele>
        <time>2026-09-10T11:20:22.801Z</time>
      </trkpt>
      <trkpt lat="46.9093433" lon="7.4349539">
        <ele>712.4000000000001</ele>
        <time>2026-09-10T11:20:22.801Z</time>
      </trkpt>
      <trkpt lat="46.9093473" lon="7.4349061">
        <ele>712</ele>
        <time>2026-09-10T11:20:22.801Z</time>
      </trkpt>
      <trkpt lat="46.9093531" lon="7.4348537">
        <ele>711.8</ele>
        <time>2026-09-10T11:20:22.801Z</time>
      </trkpt>
      <trkpt lat="46.9093591" lon="7.4348011">
        <ele>711.5999999999999</ele>
        <time>2026-09-10T11:20:22.802Z</time>
      </trkpt>
      <trkpt lat="46.9093659" lon="7.4347577">
        <ele>711.4000000000001</ele>
        <time>2026-09-10T11:20:22.802Z</time>
      </trkpt>
      <trkpt lat="46.9093732" lon="7.4347106">
        <ele>711</ele>
        <time>2026-09-10T11:20:22.802Z</time>
      </trkpt>
      <trkpt lat="46.9093796" lon="7.4346576">
        <ele>710.5999999999999</ele>
        <time>2026-09-10T11:20:22.802Z</time>
      </trkpt>
      <trkpt lat="46.9093859" lon="7.4346039">
        <ele>710.2</ele>
        <time>2026-09-10T11:20:22.802Z</time>
      </trkpt>
      <trkpt lat="46.9093926" lon="7.4345611">
        <ele>709.8</ele>
        <time>2026-09-10T11:20:22.802Z</time>
      </trkpt>
      <trkpt lat="46.9094001" lon="7.4345137">
        <ele>709.4000000000001</ele>
        <time>2026-09-10T11:20:22.802Z</time>
      </trkpt>
      <trkpt lat="46.9094079" lon="7.4344677">
        <ele>709.2</ele>
        <time>2026-09-10T11:20:22.802Z</time>
      </trkpt>
      <trkpt lat="46.9094156" lon="7.4344219">
        <ele>708.8</ele>
        <time>2026-09-10T11:20:22.802Z</time>
      </trkpt>
      <trkpt lat="46.9094267" lon="7.4343753">
        <ele>708.4000000000001</ele>
        <time>2026-09-10T11:20:22.802Z</time>
      </trkpt>
      <trkpt lat="46.9094353" lon="7.4343186">
        <ele>708</ele>
        <time>2026-09-10T11:20:22.802Z</time>
      </trkpt>
      <trkpt lat="46.9094459" lon="7.4342691">
        <ele>707.4000000000001</ele>
        <time>2026-09-10T11:20:22.802Z</time>
      </trkpt>
      <trkpt lat="46.9094503" lon="7.4342196">
        <ele>707</ele>
        <time>2026-09-10T11:20:22.802Z</time>
      </trkpt>
      <trkpt lat="46.9094612" lon="7.4341747">
        <ele>706.5999999999999</ele>
        <time>2026-09-10T11:20:22.802Z</time>
      </trkpt>
      <trkpt lat="46.9094726" lon="7.4341301">
        <ele>706.2</ele>
        <time>2026-09-10T11:20:22.802Z</time>
      </trkpt>
      <trkpt lat="46.9094843" lon="7.4340794">
        <ele>705.8</ele>
        <time>2026-09-10T11:20:22.802Z</time>
      </trkpt>
      <trkpt lat="46.9094967" lon="7.4340248">
        <ele>705.4000000000001</ele>
        <time>2026-09-10T11:20:22.802Z</time>
      </trkpt>
      <trkpt lat="46.909507" lon="7.4339692">
        <ele>705</ele>
        <time>2026-09-10T11:20:22.802Z</time>
      </trkpt>
      <trkpt lat="46.9095113" lon="7.4339033">
        <ele>704.4000000000001</ele>
        <time>2026-09-10T11:20:22.802Z</time>
      </trkpt>
      <trkpt lat="46.9095154" lon="7.433839">
        <ele>704.2</ele>
        <time>2026-09-10T11:20:22.802Z</time>
      </trkpt>
      <trkpt lat="46.9095172" lon="7.4337867">
        <ele>703.8</ele>
        <time>2026-09-10T11:20:22.802Z</time>
      </trkpt>
      <trkpt lat="46.9095191" lon="7.4337345">
        <ele>703.5999999999999</ele>
        <time>2026-09-10T11:20:22.802Z</time>
      </trkpt>
      <trkpt lat="46.9095157" lon="7.4336844">
        <ele>703.2</ele>
        <time>2026-09-10T11:20:22.802Z</time>
      </trkpt>
      <trkpt lat="46.909512" lon="7.4336347">
        <ele>703</ele>
        <time>2026-09-10T11:20:22.802Z</time>
      </trkpt>
      <trkpt lat="46.9095081" lon="7.4335891">
        <ele>703</ele>
        <time>2026-09-10T11:20:22.802Z</time>
      </trkpt>
      <trkpt lat="46.9095037" lon="7.4335441">
        <ele>702.8</ele>
        <time>2026-09-10T11:20:22.802Z</time>
      </trkpt>
      <trkpt lat="46.909497" lon="7.4335114">
        <ele>702.8</ele>
        <time>2026-09-10T11:20:22.802Z</time>
      </trkpt>
      <trkpt lat="46.9094892" lon="7.4334786">
        <ele>702.8</ele>
        <time>2026-09-10T11:20:22.802Z</time>
      </trkpt>
      <trkpt lat="46.9094831" lon="7.4334427">
        <ele>702.5999999999999</ele>
        <time>2026-09-10T11:20:22.802Z</time>
      </trkpt>
      <trkpt lat="46.9094773" lon="7.4334067">
        <ele>702.5999999999999</ele>
        <time>2026-09-10T11:20:22.802Z</time>
      </trkpt>
      <trkpt lat="46.9094773" lon="7.4333773">
        <ele>702.5999999999999</ele>
        <time>2026-09-10T11:20:22.802Z</time>
      </trkpt>
      <trkpt lat="46.9094737" lon="7.4333499">
        <ele>702.4000000000001</ele>
        <time>2026-09-10T11:20:22.802Z</time>
      </trkpt>
      <trkpt lat="46.9094734" lon="7.4333168">
        <ele>702.4000000000001</ele>
        <time>2026-09-10T11:20:22.802Z</time>
      </trkpt>
      <trkpt lat="46.9094769" lon="7.4332859">
        <ele>702.2</ele>
        <time>2026-09-10T11:20:22.802Z</time>
      </trkpt>
      <trkpt lat="46.9094807" lon="7.4332578">
        <ele>702.2</ele>
        <time>2026-09-10T11:20:22.802Z</time>
      </trkpt>
      <trkpt lat="46.9094848" lon="7.4332338">
        <ele>702</ele>
        <time>2026-09-10T11:20:22.802Z</time>
      </trkpt>
      <trkpt lat="46.9094883" lon="7.4332151">
        <ele>702</ele>
        <time>2026-09-10T11:20:22.802Z</time>
      </trkpt>
      <trkpt lat="46.9094887" lon="7.4331908">
        <ele>702</ele>
        <time>2026-09-10T11:20:22.802Z</time>
      </trkpt>
      <trkpt lat="46.9094923" lon="7.4331661">
        <ele>702</ele>
        <time>2026-09-10T11:20:22.802Z</time>
      </trkpt>
      <trkpt lat="46.9094925" lon="7.4331449">
        <ele>702</ele>
        <time>2026-09-10T11:20:22.802Z</time>
      </trkpt>
      <trkpt lat="46.909489" lon="7.4331265">
        <ele>702</ele>
        <time>2026-09-10T11:20:22.802Z</time>
      </trkpt>
      <trkpt lat="46.9094887" lon="7.4331037">
        <ele>702</ele>
        <time>2026-09-10T11:20:22.802Z</time>
      </trkpt>
      <trkpt lat="46.9094851" lon="7.433077">
        <ele>702</ele>
        <time>2026-09-10T11:20:22.802Z</time>
      </trkpt>
      <trkpt lat="46.9094813" lon="7.4330487">
        <ele>702.2</ele>
        <time>2026-09-10T11:20:22.802Z</time>
      </trkpt>
      <trkpt lat="46.9094735" lon="7.4330169">
        <ele>702.2</ele>
        <time>2026-09-10T11:20:22.802Z</time>
      </trkpt>
      <trkpt lat="46.9094629" lon="7.4329874">
        <ele>702.2</ele>
        <time>2026-09-10T11:20:22.802Z</time>
      </trkpt>
      <trkpt lat="46.9094549" lon="7.4329505">
        <ele>702</ele>
        <time>2026-09-10T11:20:22.802Z</time>
      </trkpt>
      <trkpt lat="46.9094469" lon="7.4329109">
        <ele>702</ele>
        <time>2026-09-10T11:20:22.802Z</time>
      </trkpt>
      <trkpt lat="46.9094364" lon="7.4328707">
        <ele>701.8</ele>
        <time>2026-09-10T11:20:22.802Z</time>
      </trkpt>
      <trkpt lat="46.9094282" lon="7.4328297">
        <ele>701.4000000000001</ele>
        <time>2026-09-10T11:20:22.802Z</time>
      </trkpt>
      <trkpt lat="46.9094202" lon="7.4327893">
        <ele>701.2</ele>
        <time>2026-09-10T11:20:22.802Z</time>
      </trkpt>
      <trkpt lat="46.90942" lon="7.4327539">
        <ele>700.8</ele>
        <time>2026-09-10T11:20:22.802Z</time>
      </trkpt>
      <trkpt lat="46.90942" lon="7.4327202">
        <ele>700.5999999999999</ele>
        <time>2026-09-10T11:20:22.802Z</time>
      </trkpt>
      <trkpt lat="46.9094315" lon="7.4326934">
        <ele>700.2</ele>
        <time>2026-09-10T11:20:22.802Z</time>
      </trkpt>
      <trkpt lat="46.9094353" lon="7.4326801">
        <ele>700</ele>
        <time>2026-09-10T11:20:22.802Z</time>
      </trkpt>
      <trkpt lat="46.9094458" lon="7.432674">
        <ele>699.8</ele>
        <time>2026-09-10T11:20:22.802Z</time>
      </trkpt>
      <trkpt lat="46.9094568" lon="7.4326688">
        <ele>699.5999999999999</ele>
        <time>2026-09-10T11:20:22.802Z</time>
      </trkpt>
      <trkpt lat="46.9094702" lon="7.4326721">
        <ele>699.2</ele>
        <time>2026-09-10T11:20:22.802Z</time>
      </trkpt>
      <trkpt lat="46.909484" lon="7.4326765">
        <ele>699</ele>
        <time>2026-09-10T11:20:22.802Z</time>
      </trkpt>
      <trkpt lat="46.9094918" lon="7.4326768">
        <ele>698.8</ele>
        <time>2026-09-10T11:20:22.802Z</time>
      </trkpt>
      <trkpt lat="46.9095044" lon="7.4326738">
        <ele>698.5999999999999</ele>
        <time>2026-09-10T11:20:22.802Z</time>
      </trkpt>
      <trkpt lat="46.9095177" lon="7.4326705">
        <ele>698.2</ele>
        <time>2026-09-10T11:20:22.802Z</time>
      </trkpt>
      <trkpt lat="46.9095365" lon="7.4326593">
        <ele>698</ele>
        <time>2026-09-10T11:20:22.802Z</time>
      </trkpt>
      <trkpt lat="46.9095611" lon="7.4326501">
        <ele>697.8</ele>
        <time>2026-09-10T11:20:22.802Z</time>
      </trkpt>
      <trkpt lat="46.9095824" lon="7.432636">
        <ele>697.5999999999999</ele>
        <time>2026-09-10T11:20:22.802Z</time>
      </trkpt>
      <trkpt lat="46.9096014" lon="7.4326166">
        <ele>697.4000000000001</ele>
        <time>2026-09-10T11:20:22.802Z</time>
      </trkpt>
      <trkpt lat="46.9096188" lon="7.4325921">
        <ele>697</ele>
        <time>2026-09-10T11:20:22.802Z</time>
      </trkpt>
      <trkpt lat="46.9096361" lon="7.4325671">
        <ele>696.8</ele>
        <time>2026-09-10T11:20:22.802Z</time>
      </trkpt>
      <trkpt lat="46.9096548" lon="7.4325453">
        <ele>696.5999999999999</ele>
        <time>2026-09-10T11:20:22.802Z</time>
      </trkpt>
      <trkpt lat="46.9096653" lon="7.4325266">
        <ele>696.2</ele>
        <time>2026-09-10T11:20:22.803Z</time>
      </trkpt>
      <trkpt lat="46.9096748" lon="7.4325081">
        <ele>695.8</ele>
        <time>2026-09-10T11:20:22.803Z</time>
      </trkpt>
      <trkpt lat="46.9096827" lon="7.4324972">
        <ele>695.4000000000001</ele>
        <time>2026-09-10T11:20:22.803Z</time>
      </trkpt>
      <trkpt lat="46.9096903" lon="7.4324764">
        <ele>695.2</ele>
        <time>2026-09-10T11:20:22.803Z</time>
      </trkpt>
      <trkpt lat="46.9096979" lon="7.4324547">
        <ele>694.8</ele>
        <time>2026-09-10T11:20:22.803Z</time>
      </trkpt>
      <trkpt lat="46.9097019" lon="7.4324321">
        <ele>694.5999999999999</ele>
        <time>2026-09-10T11:20:22.803Z</time>
      </trkpt>
      <trkpt lat="46.909704" lon="7.4323953">
        <ele>694.2</ele>
        <time>2026-09-10T11:20:22.803Z</time>
      </trkpt>
      <trkpt lat="46.9097059" lon="7.4323569">
        <ele>693.8</ele>
        <time>2026-09-10T11:20:22.803Z</time>
      </trkpt>
      <trkpt lat="46.9097096" lon="7.4323065">
        <ele>693.4000000000001</ele>
        <time>2026-09-10T11:20:22.803Z</time>
      </trkpt>
      <trkpt lat="46.9097222" lon="7.4322658">
        <ele>693.2</ele>
        <time>2026-09-10T11:20:22.803Z</time>
      </trkpt>
      <trkpt lat="46.9097356" lon="7.4322262">
        <ele>692.8</ele>
        <time>2026-09-10T11:20:22.803Z</time>
      </trkpt>
      <trkpt lat="46.9097541" lon="7.4321884">
        <ele>692.5999999999999</ele>
        <time>2026-09-10T11:20:22.803Z</time>
      </trkpt>
      <trkpt lat="46.9097761" lon="7.4321551">
        <ele>692.2</ele>
        <time>2026-09-10T11:20:22.803Z</time>
      </trkpt>
      <trkpt lat="46.9097982" lon="7.4321225">
        <ele>692</ele>
        <time>2026-09-10T11:20:22.803Z</time>
      </trkpt>
      <trkpt lat="46.9098149" lon="7.4320978">
        <ele>691.5999999999999</ele>
        <time>2026-09-10T11:20:22.803Z</time>
      </trkpt>
      <trkpt lat="46.9098342" lon="7.4320676">
        <ele>691.4000000000001</ele>
        <time>2026-09-10T11:20:22.803Z</time>
      </trkpt>
      <trkpt lat="46.9098549" lon="7.4320453">
        <ele>691</ele>
        <time>2026-09-10T11:20:22.803Z</time>
      </trkpt>
      <trkpt lat="46.9098756" lon="7.4320238">
        <ele>690.8</ele>
        <time>2026-09-10T11:20:22.803Z</time>
      </trkpt>
      <trkpt lat="46.909892" lon="7.432003">
        <ele>690.4000000000001</ele>
        <time>2026-09-10T11:20:22.803Z</time>
      </trkpt>
      <trkpt lat="46.9099086" lon="7.4319866">
        <ele>690</ele>
        <time>2026-09-10T11:20:22.803Z</time>
      </trkpt>
      <trkpt lat="46.9099261" lon="7.4319757">
        <ele>689.5999999999999</ele>
        <time>2026-09-10T11:20:22.803Z</time>
      </trkpt>
      <trkpt lat="46.9099379" lon="7.4319719">
        <ele>689.4000000000001</ele>
        <time>2026-09-10T11:20:22.803Z</time>
      </trkpt>
      <trkpt lat="46.9099503" lon="7.4319682">
        <ele>689</ele>
        <time>2026-09-10T11:20:22.803Z</time>
      </trkpt>
      <trkpt lat="46.9099571" lon="7.4319682">
        <ele>688.5999999999999</ele>
        <time>2026-09-10T11:20:22.803Z</time>
      </trkpt>
      <trkpt lat="46.9099648" lon="7.4319682">
        <ele>688.4000000000001</ele>
        <time>2026-09-10T11:20:22.803Z</time>
      </trkpt>
      <trkpt lat="46.909974" lon="7.4319661">
        <ele>688.2</ele>
        <time>2026-09-10T11:20:22.803Z</time>
      </trkpt>
      <trkpt lat="46.9099834" lon="7.4319637">
        <ele>687.8</ele>
        <time>2026-09-10T11:20:22.803Z</time>
      </trkpt>
      <trkpt lat="46.9100055" lon="7.4319512">
        <ele>687.5999999999999</ele>
        <time>2026-09-10T11:20:22.803Z</time>
      </trkpt>
      <trkpt lat="46.9100195" lon="7.4319312">
        <ele>687.2</ele>
        <time>2026-09-10T11:20:22.803Z</time>
      </trkpt>
      <trkpt lat="46.9100326" lon="7.4319106">
        <ele>687</ele>
        <time>2026-09-10T11:20:22.803Z</time>
      </trkpt>
      <trkpt lat="46.9100515" lon="7.431899">
        <ele>686.5999999999999</ele>
        <time>2026-09-10T11:20:22.803Z</time>
      </trkpt>
      <trkpt lat="46.9100726" lon="7.4318951">
        <ele>686.4000000000001</ele>
        <time>2026-09-10T11:20:22.803Z</time>
      </trkpt>
      <trkpt lat="46.9100903" lon="7.4319092">
        <ele>686</ele>
        <time>2026-09-10T11:20:22.803Z</time>
      </trkpt>
      <trkpt lat="46.9101105" lon="7.4319382">
        <ele>685.4000000000001</ele>
        <time>2026-09-10T11:20:22.803Z</time>
      </trkpt>
      <trkpt lat="46.9101323" lon="7.4319636">
        <ele>684.8</ele>
        <time>2026-09-10T11:20:22.803Z</time>
      </trkpt>
      <trkpt lat="46.9101635" lon="7.4319847">
        <ele>684</ele>
        <time>2026-09-10T11:20:22.803Z</time>
      </trkpt>
      <trkpt lat="46.9101969" lon="7.43199">
        <ele>683.2</ele>
        <time>2026-09-10T11:20:22.803Z</time>
      </trkpt>
      <trkpt lat="46.9102395" lon="7.4319869">
        <ele>682.4000000000001</ele>
        <time>2026-09-10T11:20:22.803Z</time>
      </trkpt>
      <trkpt lat="46.910275" lon="7.4319776">
        <ele>681.8</ele>
        <time>2026-09-10T11:20:22.803Z</time>
      </trkpt>
      <trkpt lat="46.9103086" lon="7.431965">
        <ele>680.8</ele>
        <time>2026-09-10T11:20:22.803Z</time>
      </trkpt>
      <trkpt lat="46.9103334" lon="7.4319513">
        <ele>680</ele>
        <time>2026-09-10T11:20:22.803Z</time>
      </trkpt>
      <trkpt lat="46.9103669" lon="7.4319257">
        <ele>679.2</ele>
        <time>2026-09-10T11:20:22.803Z</time>
      </trkpt>
      <trkpt lat="46.9103973" lon="7.4318963">
        <ele>678.4000000000001</ele>
        <time>2026-09-10T11:20:22.803Z</time>
      </trkpt>
      <trkpt lat="46.910434" lon="7.4318691">
        <ele>677.5999999999999</ele>
        <time>2026-09-10T11:20:22.803Z</time>
      </trkpt>
      <trkpt lat="46.910463" lon="7.4318346">
        <ele>676.8</ele>
        <time>2026-09-10T11:20:22.803Z</time>
      </trkpt>
      <trkpt lat="46.9104908" lon="7.4317885">
        <ele>676</ele>
        <time>2026-09-10T11:20:22.804Z</time>
      </trkpt>
      <trkpt lat="46.9105139" lon="7.431745">
        <ele>675.2</ele>
        <time>2026-09-10T11:20:22.804Z</time>
      </trkpt>
      <trkpt lat="46.9105296" lon="7.4317062">
        <ele>674.5999999999999</ele>
        <time>2026-09-10T11:20:22.804Z</time>
      </trkpt>
      <trkpt lat="46.9105409" lon="7.4316672">
        <ele>674</ele>
        <time>2026-09-10T11:20:22.804Z</time>
      </trkpt>
      <trkpt lat="46.9105529" lon="7.4316285">
        <ele>673.2</ele>
        <time>2026-09-10T11:20:22.804Z</time>
      </trkpt>
      <trkpt lat="46.9105602" lon="7.4316048">
        <ele>672.5999999999999</ele>
        <time>2026-09-10T11:20:22.804Z</time>
      </trkpt>
      <trkpt lat="46.910568" lon="7.4315775">
        <ele>671.8</ele>
        <time>2026-09-10T11:20:22.804Z</time>
      </trkpt>
      <trkpt lat="46.9105755" lon="7.4315544">
        <ele>671.2</ele>
        <time>2026-09-10T11:20:22.804Z</time>
      </trkpt>
      <trkpt lat="46.9105834" lon="7.431529">
        <ele>670.5999999999999</ele>
        <time>2026-09-10T11:20:22.804Z</time>
      </trkpt>
      <trkpt lat="46.910587" lon="7.4315019">
        <ele>669.8</ele>
        <time>2026-09-10T11:20:22.804Z</time>
      </trkpt>
      <trkpt lat="46.910591" lon="7.4314738">
        <ele>669.2</ele>
        <time>2026-09-10T11:20:22.804Z</time>
      </trkpt>
      <trkpt lat="46.9105983" lon="7.431445">
        <ele>668.4000000000001</ele>
        <time>2026-09-10T11:20:22.804Z</time>
      </trkpt>
      <trkpt lat="46.9106063" lon="7.4314168">
        <ele>667.5999999999999</ele>
        <time>2026-09-10T11:20:22.804Z</time>
      </trkpt>
      <trkpt lat="46.9106136" lon="7.4313943">
        <ele>667</ele>
        <time>2026-09-10T11:20:22.804Z</time>
      </trkpt>
      <trkpt lat="46.9106283" lon="7.4313731">
        <ele>666.2</ele>
        <time>2026-09-10T11:20:22.804Z</time>
      </trkpt>
      <trkpt lat="46.9106475" lon="7.4313589">
        <ele>665.5999999999999</ele>
        <time>2026-09-10T11:20:22.804Z</time>
      </trkpt>
      <trkpt lat="46.910671" lon="7.4313536">
        <ele>664.8</ele>
        <time>2026-09-10T11:20:22.804Z</time>
      </trkpt>
      <trkpt lat="46.9106857" lon="7.4313612">
        <ele>664</ele>
        <time>2026-09-10T11:20:22.804Z</time>
      </trkpt>
      <trkpt lat="46.9107093" lon="7.4313798">
        <ele>663.4000000000001</ele>
        <time>2026-09-10T11:20:22.804Z</time>
      </trkpt>
      <trkpt lat="46.9107314" lon="7.4313959">
        <ele>662.8</ele>
        <time>2026-09-10T11:20:22.804Z</time>
      </trkpt>
      <trkpt lat="46.9107539" lon="7.4314046">
        <ele>662</ele>
        <time>2026-09-10T11:20:22.804Z</time>
      </trkpt>
      <trkpt lat="46.9107768" lon="7.4314064">
        <ele>661.4000000000001</ele>
        <time>2026-09-10T11:20:22.804Z</time>
      </trkpt>
      <trkpt lat="46.9108043" lon="7.4313934">
        <ele>661</ele>
        <time>2026-09-10T11:20:22.804Z</time>
      </trkpt>
      <trkpt lat="46.9108298" lon="7.4313762">
        <ele>660.5999999999999</ele>
        <time>2026-09-10T11:20:22.804Z</time>
      </trkpt>
      <trkpt lat="46.9108536" lon="7.431357">
        <ele>660.2</ele>
        <time>2026-09-10T11:20:22.804Z</time>
      </trkpt>
      <trkpt lat="46.9108795" lon="7.4313506">
        <ele>659.8</ele>
        <time>2026-09-10T11:20:22.804Z</time>
      </trkpt>
      <trkpt lat="46.9109071" lon="7.4313516">
        <ele>659.4000000000001</ele>
        <time>2026-09-10T11:20:22.804Z</time>
      </trkpt>
      <trkpt lat="46.910937" lon="7.4313562">
        <ele>659</ele>
        <time>2026-09-10T11:20:22.804Z</time>
      </trkpt>
      <trkpt lat="46.910965" lon="7.4313684">
        <ele>658.5999999999999</ele>
        <time>2026-09-10T11:20:22.804Z</time>
      </trkpt>
      <trkpt lat="46.9109966" lon="7.4313758">
        <ele>658.2</ele>
        <time>2026-09-10T11:20:22.804Z</time>
      </trkpt>
      <trkpt lat="46.9110299" lon="7.4313798">
        <ele>657.8</ele>
        <time>2026-09-10T11:20:22.804Z</time>
      </trkpt>
      <trkpt lat="46.911055" lon="7.4313753">
        <ele>657.4000000000001</ele>
        <time>2026-09-10T11:20:22.804Z</time>
      </trkpt>
      <trkpt lat="46.9110749" lon="7.4313783">
        <ele>657</ele>
        <time>2026-09-10T11:20:22.804Z</time>
      </trkpt>
      <trkpt lat="46.9110973" lon="7.4313829">
        <ele>656.5999999999999</ele>
        <time>2026-09-10T11:20:22.804Z</time>
      </trkpt>
      <trkpt lat="46.9111174" lon="7.4313883">
        <ele>656.2</ele>
        <time>2026-09-10T11:20:22.804Z</time>
      </trkpt>
      <trkpt lat="46.9111356" lon="7.4313852">
        <ele>655.8</ele>
        <time>2026-09-10T11:20:22.804Z</time>
      </trkpt>
      <trkpt lat="46.9111548" lon="7.4313787">
        <ele>655.4000000000001</ele>
        <time>2026-09-10T11:20:22.804Z</time>
      </trkpt>
      <trkpt lat="46.9111702" lon="7.4313702">
        <ele>655</ele>
        <time>2026-09-10T11:20:22.804Z</time>
      </trkpt>
      <trkpt lat="46.9111895" lon="7.4313633">
        <ele>654.5999999999999</ele>
        <time>2026-09-10T11:20:22.804Z</time>
      </trkpt>
      <trkpt lat="46.9112008" lon="7.4313524">
        <ele>654</ele>
        <time>2026-09-10T11:20:22.804Z</time>
      </trkpt>
      <trkpt lat="46.9112129" lon="7.4313303">
        <ele>653.5999999999999</ele>
        <time>2026-09-10T11:20:22.804Z</time>
      </trkpt>
      <trkpt lat="46.9112233" lon="7.4313073">
        <ele>653</ele>
        <time>2026-09-10T11:20:22.805Z</time>
      </trkpt>
      <trkpt lat="46.9112319" lon="7.4312803">
        <ele>652.4000000000001</ele>
        <time>2026-09-10T11:20:22.805Z</time>
      </trkpt>
      <trkpt lat="46.9112425" lon="7.4312539">
        <ele>651.8</ele>
        <time>2026-09-10T11:20:22.805Z</time>
      </trkpt>
      <trkpt lat="46.9112544" lon="7.4312323">
        <ele>651.4000000000001</ele>
        <time>2026-09-10T11:20:22.805Z</time>
      </trkpt>
      <trkpt lat="46.9112621" lon="7.4312048">
        <ele>651</ele>
        <time>2026-09-10T11:20:22.805Z</time>
      </trkpt>
      <trkpt lat="46.91127" lon="7.4311693">
        <ele>650.5999999999999</ele>
        <time>2026-09-10T11:20:22.805Z</time>
      </trkpt>
      <trkpt lat="46.9112701" lon="7.4311349">
        <ele>650</ele>
        <time>2026-09-10T11:20:22.805Z</time>
      </trkpt>
      <trkpt lat="46.9112776" lon="7.4310971">
        <ele>649.5999999999999</ele>
        <time>2026-09-10T11:20:22.805Z</time>
      </trkpt>
      <trkpt lat="46.9112814" lon="7.4310649">
        <ele>649.2</ele>
        <time>2026-09-10T11:20:22.805Z</time>
      </trkpt>
      <trkpt lat="46.9112888" lon="7.4310304">
        <ele>648.8</ele>
        <time>2026-09-10T11:20:22.805Z</time>
      </trkpt>
      <trkpt lat="46.9112893" lon="7.4309923">
        <ele>648.4000000000001</ele>
        <time>2026-09-10T11:20:22.805Z</time>
      </trkpt>
      <trkpt lat="46.911293" lon="7.4309504">
        <ele>647.8</ele>
        <time>2026-09-10T11:20:22.805Z</time>
      </trkpt>
      <trkpt lat="46.911293" lon="7.430913">
        <ele>647.4000000000001</ele>
        <time>2026-09-10T11:20:22.805Z</time>
      </trkpt>
      <trkpt lat="46.9112968" lon="7.4308716">
        <ele>647</ele>
        <time>2026-09-10T11:20:22.805Z</time>
      </trkpt>
      <trkpt lat="46.9112969" lon="7.4308387">
        <ele>646.5999999999999</ele>
        <time>2026-09-10T11:20:22.805Z</time>
      </trkpt>
      <trkpt lat="46.9113005" lon="7.4308016">
        <ele>646</ele>
        <time>2026-09-10T11:20:22.805Z</time>
      </trkpt>
      <trkpt lat="46.9113007" lon="7.4307656">
        <ele>645.5999999999999</ele>
        <time>2026-09-10T11:20:22.805Z</time>
      </trkpt>
      <trkpt lat="46.9113007" lon="7.4307248">
        <ele>645.2</ele>
        <time>2026-09-10T11:20:22.805Z</time>
      </trkpt>
      <trkpt lat="46.9113007" lon="7.4306874">
        <ele>644.5999999999999</ele>
        <time>2026-09-10T11:20:22.805Z</time>
      </trkpt>
      <trkpt lat="46.9112969" lon="7.4306453">
        <ele>644.2</ele>
        <time>2026-09-10T11:20:22.805Z</time>
      </trkpt>
      <trkpt lat="46.9112896" lon="7.4306007">
        <ele>643.8</ele>
        <time>2026-09-10T11:20:22.805Z</time>
      </trkpt>
      <trkpt lat="46.9112783" lon="7.4305569">
        <ele>643.4000000000001</ele>
        <time>2026-09-10T11:20:22.805Z</time>
      </trkpt>
      <trkpt lat="46.9112633" lon="7.4305106">
        <ele>643</ele>
        <time>2026-09-10T11:20:22.805Z</time>
      </trkpt>
      <trkpt lat="46.9112473" lon="7.4304567">
        <ele>642.8</ele>
        <time>2026-09-10T11:20:22.805Z</time>
      </trkpt>
      <trkpt lat="46.9112269" lon="7.4304091">
        <ele>642.2</ele>
        <time>2026-09-10T11:20:22.805Z</time>
      </trkpt>
      <trkpt lat="46.9112101" lon="7.4303503">
        <ele>641.5999999999999</ele>
        <time>2026-09-10T11:20:22.805Z</time>
      </trkpt>
      <trkpt lat="46.9111946" lon="7.4302899">
        <ele>641</ele>
        <time>2026-09-10T11:20:22.805Z</time>
      </trkpt>
      <trkpt lat="46.9111761" lon="7.430234">
        <ele>640.4000000000001</ele>
        <time>2026-09-10T11:20:22.805Z</time>
      </trkpt>
      <trkpt lat="46.9111566" lon="7.4301805">
        <ele>639.8</ele>
        <time>2026-09-10T11:20:22.805Z</time>
      </trkpt>
      <trkpt lat="46.911137" lon="7.4301228">
        <ele>639</ele>
        <time>2026-09-10T11:20:22.805Z</time>
      </trkpt>
      <trkpt lat="46.9111186" lon="7.4300713">
        <ele>638.4000000000001</ele>
        <time>2026-09-10T11:20:22.805Z</time>
      </trkpt>
      <trkpt lat="46.9110992" lon="7.4300201">
        <ele>637.8</ele>
        <time>2026-09-10T11:20:22.805Z</time>
      </trkpt>
      <trkpt lat="46.9110769" lon="7.4299774">
        <ele>637.2</ele>
        <time>2026-09-10T11:20:22.805Z</time>
      </trkpt>
      <trkpt lat="46.9110604" lon="7.429932">
        <ele>636.5999999999999</ele>
        <time>2026-09-10T11:20:22.805Z</time>
      </trkpt>
      <trkpt lat="46.9110493" lon="7.4298885">
        <ele>636.2</ele>
        <time>2026-09-10T11:20:22.805Z</time>
      </trkpt>
      <trkpt lat="46.9110335" lon="7.4298413">
        <ele>635.5999999999999</ele>
        <time>2026-09-10T11:20:22.805Z</time>
      </trkpt>
      <trkpt lat="46.9110191" lon="7.4297989">
        <ele>635.2</ele>
        <time>2026-09-10T11:20:22.805Z</time>
      </trkpt>
      <trkpt lat="46.9110106" lon="7.4297496">
        <ele>634.5999999999999</ele>
        <time>2026-09-10T11:20:22.805Z</time>
      </trkpt>
      <trkpt lat="46.9110035" lon="7.4297106">
        <ele>634</ele>
        <time>2026-09-10T11:20:22.805Z</time>
      </trkpt>
      <trkpt lat="46.9110031" lon="7.429667">
        <ele>633.5999999999999</ele>
        <time>2026-09-10T11:20:22.805Z</time>
      </trkpt>
      <trkpt lat="46.9110067" lon="7.4296352">
        <ele>633</ele>
        <time>2026-09-10T11:20:22.805Z</time>
      </trkpt>
      <trkpt lat="46.9110107" lon="7.4296166">
        <ele>632.5999999999999</ele>
        <time>2026-09-10T11:20:22.805Z</time>
      </trkpt>
      <trkpt lat="46.9110178" lon="7.4296041">
        <ele>632.2</ele>
        <time>2026-09-10T11:20:22.805Z</time>
      </trkpt>
      <trkpt lat="46.9110293" lon="7.4295858">
        <ele>631.8</ele>
        <time>2026-09-10T11:20:22.805Z</time>
      </trkpt>
      <trkpt lat="46.9110511" lon="7.4295694">
        <ele>631.2</ele>
        <time>2026-09-10T11:20:22.805Z</time>
      </trkpt>
      <trkpt lat="46.9110709" lon="7.4295523">
        <ele>630.8</ele>
        <time>2026-09-10T11:20:22.805Z</time>
      </trkpt>
      <trkpt lat="46.9111" lon="7.4295225">
        <ele>630.4000000000001</ele>
        <time>2026-09-10T11:20:22.805Z</time>
      </trkpt>
      <trkpt lat="46.911125" lon="7.4294904">
        <ele>630.2</ele>
        <time>2026-09-10T11:20:22.805Z</time>
      </trkpt>
      <trkpt lat="46.9111394" lon="7.429479">
        <ele>630</ele>
        <time>2026-09-10T11:20:22.805Z</time>
      </trkpt>
      <trkpt lat="46.9111518" lon="7.4294715">
        <ele>630</ele>
        <time>2026-09-10T11:20:22.805Z</time>
      </trkpt>
      <trkpt lat="46.9111662" lon="7.4294684">
        <ele>630</ele>
        <time>2026-09-10T11:20:22.805Z</time>
      </trkpt>
      <trkpt lat="46.9111783" lon="7.4294765">
        <ele>630</ele>
        <time>2026-09-10T11:20:22.805Z</time>
      </trkpt>
      <trkpt lat="46.9111893" lon="7.4294844">
        <ele>630</ele>
        <time>2026-09-10T11:20:22.805Z</time>
      </trkpt>
      <trkpt lat="46.9112016" lon="7.4294969">
        <ele>630</ele>
        <time>2026-09-10T11:20:22.805Z</time>
      </trkpt>
      <trkpt lat="46.9112124" lon="7.4295046">
        <ele>629.8</ele>
        <time>2026-09-10T11:20:22.805Z</time>
      </trkpt>
      <trkpt lat="46.9112275" lon="7.4295176">
        <ele>629.8</ele>
        <time>2026-09-10T11:20:22.805Z</time>
      </trkpt>
      <trkpt lat="46.911242" lon="7.4295303">
        <ele>629.8</ele>
        <time>2026-09-10T11:20:22.805Z</time>
      </trkpt>
      <trkpt lat="46.911262" lon="7.4295445">
        <ele>629.5999999999999</ele>
        <time>2026-09-10T11:20:22.805Z</time>
      </trkpt>
      <trkpt lat="46.9112814" lon="7.4295614">
        <ele>629.5999999999999</ele>
        <time>2026-09-10T11:20:22.805Z</time>
      </trkpt>
      <trkpt lat="46.9113007" lon="7.4295783">
        <ele>629.5999999999999</ele>
        <time>2026-09-10T11:20:22.805Z</time>
      </trkpt>
      <trkpt lat="46.9113255" lon="7.4295973">
        <ele>629.5999999999999</ele>
        <time>2026-09-10T11:20:22.805Z</time>
      </trkpt>
      <trkpt lat="46.9113502" lon="7.4296165">
        <ele>629.4000000000001</ele>
        <time>2026-09-10T11:20:22.805Z</time>
      </trkpt>
      <trkpt lat="46.911383" lon="7.4296341">
        <ele>629.4000000000001</ele>
        <time>2026-09-10T11:20:22.805Z</time>
      </trkpt>
      <trkpt lat="46.9114172" lon="7.4296572">
        <ele>629.2</ele>
        <time>2026-09-10T11:20:22.805Z</time>
      </trkpt>
      <trkpt lat="46.9114545" lon="7.4296846">
        <ele>629.2</ele>
        <time>2026-09-10T11:20:22.805Z</time>
      </trkpt>
      <trkpt lat="46.911492" lon="7.4297121">
        <ele>629</ele>
        <time>2026-09-10T11:20:22.805Z</time>
      </trkpt>
      <trkpt lat="46.9115339" lon="7.4297346">
        <ele>629</ele>
        <time>2026-09-10T11:20:22.805Z</time>
      </trkpt>
      <trkpt lat="46.9115758" lon="7.429757">
        <ele>628.8</ele>
        <time>2026-09-10T11:20:22.805Z</time>
      </trkpt>
      <trkpt lat="46.9116175" lon="7.4297834">
        <ele>628.5999999999999</ele>
        <time>2026-09-10T11:20:22.805Z</time>
      </trkpt>
      <trkpt lat="46.9116591" lon="7.4298099">
        <ele>628.5999999999999</ele>
        <time>2026-09-10T11:20:22.805Z</time>
      </trkpt>
      <trkpt lat="46.9116963" lon="7.4298374">
        <ele>628.4000000000001</ele>
        <time>2026-09-10T11:20:22.805Z</time>
      </trkpt>
      <trkpt lat="46.9117403" lon="7.429864">
        <ele>628.4000000000001</ele>
        <time>2026-09-10T11:20:22.806Z</time>
      </trkpt>
      <trkpt lat="46.9117803" lon="7.4298847">
        <ele>628.2</ele>
        <time>2026-09-10T11:20:22.806Z</time>
      </trkpt>
      <trkpt lat="46.9118203" lon="7.4299055">
        <ele>628.2</ele>
        <time>2026-09-10T11:20:22.806Z</time>
      </trkpt>
      <trkpt lat="46.9118574" lon="7.42993">
        <ele>628</ele>
        <time>2026-09-10T11:20:22.806Z</time>
      </trkpt>
      <trkpt lat="46.9118938" lon="7.4299551">
        <ele>628</ele>
        <time>2026-09-10T11:20:22.806Z</time>
      </trkpt>
      <trkpt lat="46.9119309" lon="7.429984">
        <ele>628</ele>
        <time>2026-09-10T11:20:22.806Z</time>
      </trkpt>
      <trkpt lat="46.911968" lon="7.430013">
        <ele>627.8</ele>
        <time>2026-09-10T11:20:22.806Z</time>
      </trkpt>
      <trkpt lat="46.9120023" lon="7.4300416">
        <ele>627.8</ele>
        <time>2026-09-10T11:20:22.806Z</time>
      </trkpt>
      <trkpt lat="46.9120372" lon="7.4300668">
        <ele>627.8</ele>
        <time>2026-09-10T11:20:22.806Z</time>
      </trkpt>
      <trkpt lat="46.9120699" lon="7.430089">
        <ele>627.8</ele>
        <time>2026-09-10T11:20:22.806Z</time>
      </trkpt>
      <trkpt lat="46.9121006" lon="7.4301111">
        <ele>627.5999999999999</ele>
        <time>2026-09-10T11:20:22.806Z</time>
      </trkpt>
      <trkpt lat="46.9121277" lon="7.4301392">
        <ele>627.5999999999999</ele>
        <time>2026-09-10T11:20:22.806Z</time>
      </trkpt>
      <trkpt lat="46.9121545" lon="7.4301661">
        <ele>627.5999999999999</ele>
        <time>2026-09-10T11:20:22.806Z</time>
      </trkpt>
      <trkpt lat="46.9121842" lon="7.4301998">
        <ele>627.4000000000001</ele>
        <time>2026-09-10T11:20:22.806Z</time>
      </trkpt>
      <trkpt lat="46.912216" lon="7.4302381">
        <ele>627.4000000000001</ele>
        <time>2026-09-10T11:20:22.806Z</time>
      </trkpt>
      <trkpt lat="46.912246" lon="7.4302759">
        <ele>627.4000000000001</ele>
        <time>2026-09-10T11:20:22.806Z</time>
      </trkpt>
      <trkpt lat="46.912278" lon="7.430313">
        <ele>627.2</ele>
        <time>2026-09-10T11:20:22.806Z</time>
      </trkpt>
      <trkpt lat="46.91231" lon="7.43035">
        <ele>627</ele>
        <time>2026-09-10T11:20:22.806Z</time>
      </trkpt>
      <trkpt lat="46.912346" lon="7.4303867">
        <ele>626.8</ele>
        <time>2026-09-10T11:20:22.806Z</time>
      </trkpt>
      <trkpt lat="46.9123783" lon="7.4304244">
        <ele>626.5999999999999</ele>
        <time>2026-09-10T11:20:22.806Z</time>
      </trkpt>
      <trkpt lat="46.9124177" lon="7.4304692">
        <ele>626.4000000000001</ele>
        <time>2026-09-10T11:20:22.806Z</time>
      </trkpt>
      <trkpt lat="46.9124515" lon="7.4305165">
        <ele>626.2</ele>
        <time>2026-09-10T11:20:22.806Z</time>
      </trkpt>
      <trkpt lat="46.9124833" lon="7.4305682">
        <ele>626</ele>
        <time>2026-09-10T11:20:22.806Z</time>
      </trkpt>
      <trkpt lat="46.9125204" lon="7.430617">
        <ele>625.5999999999999</ele>
        <time>2026-09-10T11:20:22.806Z</time>
      </trkpt>
      <trkpt lat="46.9125548" lon="7.4306686">
        <ele>625.4000000000001</ele>
        <time>2026-09-10T11:20:22.806Z</time>
      </trkpt>
      <trkpt lat="46.9125849" lon="7.430724">
        <ele>625</ele>
        <time>2026-09-10T11:20:22.806Z</time>
      </trkpt>
      <trkpt lat="46.912613" lon="7.4307868">
        <ele>624.8</ele>
        <time>2026-09-10T11:20:22.806Z</time>
      </trkpt>
      <trkpt lat="46.9126346" lon="7.430845">
        <ele>624.4000000000001</ele>
        <time>2026-09-10T11:20:22.806Z</time>
      </trkpt>
      <trkpt lat="46.9126579" lon="7.4309091">
        <ele>624.2</ele>
        <time>2026-09-10T11:20:22.806Z</time>
      </trkpt>
      <trkpt lat="46.9126848" lon="7.4309733">
        <ele>623.8</ele>
        <time>2026-09-10T11:20:22.806Z</time>
      </trkpt>
      <trkpt lat="46.9127081" lon="7.4310414">
        <ele>623.5999999999999</ele>
        <time>2026-09-10T11:20:22.806Z</time>
      </trkpt>
      <trkpt lat="46.9127223" lon="7.4311001">
        <ele>623.4000000000001</ele>
        <time>2026-09-10T11:20:22.806Z</time>
      </trkpt>
      <trkpt lat="46.9127418" lon="7.4311658">
        <ele>623.2</ele>
        <time>2026-09-10T11:20:22.806Z</time>
      </trkpt>
      <trkpt lat="46.9127568" lon="7.4312226">
        <ele>623</ele>
        <time>2026-09-10T11:20:22.806Z</time>
      </trkpt>
      <trkpt lat="46.9127689" lon="7.4312794">
        <ele>622.8</ele>
        <time>2026-09-10T11:20:22.806Z</time>
      </trkpt>
      <trkpt lat="46.9127765" lon="7.4313192">
        <ele>622.5999999999999</ele>
        <time>2026-09-10T11:20:22.806Z</time>
      </trkpt>
      <trkpt lat="46.9127846" lon="7.431347">
        <ele>622.5999999999999</ele>
        <time>2026-09-10T11:20:22.806Z</time>
      </trkpt>
      <trkpt lat="46.9127846" lon="7.4313547">
        <ele>622.4000000000001</ele>
        <time>2026-09-10T11:20:22.806Z</time>
      </trkpt>
      <trkpt lat="46.9127922" lon="7.431337">
        <ele>622</ele>
        <time>2026-09-10T11:20:22.806Z</time>
      </trkpt>
      <trkpt lat="46.9127922" lon="7.4313227">
        <ele>622</ele>
        <time>2026-09-10T11:20:22.806Z</time>
      </trkpt>
      <trkpt lat="46.9127885" lon="7.4313056">
        <ele>622</ele>
        <time>2026-09-10T11:20:22.806Z</time>
      </trkpt>
      <trkpt lat="46.9127847" lon="7.4312874">
        <ele>622</ele>
        <time>2026-09-10T11:20:22.806Z</time>
      </trkpt>
      <trkpt lat="46.9127773" lon="7.4312709">
        <ele>622</ele>
        <time>2026-09-10T11:20:22.806Z</time>
      </trkpt>
      <trkpt lat="46.9127696" lon="7.4312488">
        <ele>622</ele>
        <time>2026-09-10T11:20:22.806Z</time>
      </trkpt>
      <trkpt lat="46.9127623" lon="7.4312268">
        <ele>622.2</ele>
        <time>2026-09-10T11:20:22.806Z</time>
      </trkpt>
      <trkpt lat="46.9127581" lon="7.4311984">
        <ele>622.2</ele>
        <time>2026-09-10T11:20:22.806Z</time>
      </trkpt>
      <trkpt lat="46.9127542" lon="7.4311674">
        <ele>622.4000000000001</ele>
        <time>2026-09-10T11:20:22.806Z</time>
      </trkpt>
      <trkpt lat="46.9127467" lon="7.4311376">
        <ele>622.5999999999999</ele>
        <time>2026-09-10T11:20:22.806Z</time>
      </trkpt>
      <trkpt lat="46.9127356" lon="7.431108">
        <ele>622.5999999999999</ele>
        <time>2026-09-10T11:20:22.806Z</time>
      </trkpt>
      <trkpt lat="46.9127276" lon="7.4310773">
        <ele>622.5999999999999</ele>
        <time>2026-09-10T11:20:22.806Z</time>
      </trkpt>
      <trkpt lat="46.9127198" lon="7.4310467">
        <ele>622.5999999999999</ele>
        <time>2026-09-10T11:20:22.806Z</time>
      </trkpt>
      <trkpt lat="46.9127093" lon="7.4310179">
        <ele>622.8</ele>
        <time>2026-09-10T11:20:22.806Z</time>
      </trkpt>
      <trkpt lat="46.9127008" lon="7.4309841">
        <ele>622.8</ele>
        <time>2026-09-10T11:20:22.806Z</time>
      </trkpt>
      <trkpt lat="46.9126933" lon="7.4309526">
        <ele>622.8</ele>
        <time>2026-09-10T11:20:22.806Z</time>
      </trkpt>
      <trkpt lat="46.9126817" lon="7.4309205">
        <ele>622.8</ele>
        <time>2026-09-10T11:20:22.806Z</time>
      </trkpt>
      <trkpt lat="46.9126705" lon="7.4308912">
        <ele>623</ele>
        <time>2026-09-10T11:20:22.806Z</time>
      </trkpt>
      <trkpt lat="46.9126553" lon="7.4308621">
        <ele>623</ele>
        <time>2026-09-10T11:20:22.806Z</time>
      </trkpt>
      <trkpt lat="46.9126438" lon="7.4308341">
        <ele>623</ele>
        <time>2026-09-10T11:20:22.806Z</time>
      </trkpt>
      <trkpt lat="46.9126283" lon="7.4308053">
        <ele>623</ele>
        <time>2026-09-10T11:20:22.806Z</time>
      </trkpt>
      <trkpt lat="46.9126173" lon="7.4307811">
        <ele>623.2</ele>
        <time>2026-09-10T11:20:22.806Z</time>
      </trkpt>
      <trkpt lat="46.9126019" lon="7.430754">
        <ele>623.2</ele>
        <time>2026-09-10T11:20:22.806Z</time>
      </trkpt>
      <trkpt lat="46.9125902" lon="7.4307271">
        <ele>623.2</ele>
        <time>2026-09-10T11:20:22.806Z</time>
      </trkpt>
      <trkpt lat="46.9125746" lon="7.4306995">
        <ele>623.4000000000001</ele>
        <time>2026-09-10T11:20:22.806Z</time>
      </trkpt>
      <trkpt lat="46.9125638" lon="7.4306774">
        <ele>623.4000000000001</ele>
        <time>2026-09-10T11:20:22.806Z</time>
      </trkpt>
      <trkpt lat="46.9125521" lon="7.4306535">
        <ele>623.5999999999999</ele>
        <time>2026-09-10T11:20:22.806Z</time>
      </trkpt>
      <trkpt lat="46.9125375" lon="7.4306316">
        <ele>623.8</ele>
        <time>2026-09-10T11:20:22.806Z</time>
      </trkpt>
      <trkpt lat="46.9125259" lon="7.4306097">
        <ele>623.8</ele>
        <time>2026-09-10T11:20:22.806Z</time>
      </trkpt>
      <trkpt lat="46.9125105" lon="7.430589">
        <ele>624</ele>
        <time>2026-09-10T11:20:22.806Z</time>
      </trkpt>
      <trkpt lat="46.9124986" lon="7.4305736">
        <ele>624</ele>
        <time>2026-09-10T11:20:22.807Z</time>
      </trkpt>
      <trkpt lat="46.9124838" lon="7.4305606">
        <ele>624.2</ele>
        <time>2026-09-10T11:20:22.807Z</time>
      </trkpt>
      <trkpt lat="46.9124721" lon="7.4305421">
        <ele>624.2</ele>
        <time>2026-09-10T11:20:22.807Z</time>
      </trkpt>
      <trkpt lat="46.9124569" lon="7.4305253">
        <ele>624.4000000000001</ele>
        <time>2026-09-10T11:20:22.807Z</time>
      </trkpt>
      <trkpt lat="46.9124455" lon="7.4305088">
        <ele>624.5999999999999</ele>
        <time>2026-09-10T11:20:22.807Z</time>
      </trkpt>
      <trkpt lat="46.9124303" lon="7.4304906">
        <ele>624.8</ele>
        <time>2026-09-10T11:20:22.807Z</time>
      </trkpt>
      <trkpt lat="46.9124181" lon="7.4304779">
        <ele>624.8</ele>
        <time>2026-09-10T11:20:22.807Z</time>
      </trkpt>
      <trkpt lat="46.9124037" lon="7.430464">
        <ele>624.8</ele>
        <time>2026-09-10T11:20:22.807Z</time>
      </trkpt>
      <trkpt lat="46.9123916" lon="7.4304484">
        <ele>625</ele>
        <time>2026-09-10T11:20:22.807Z</time>
      </trkpt>
      <trkpt lat="46.9123844" lon="7.4304404">
        <ele>625</ele>
        <time>2026-09-10T11:20:22.807Z</time>
      </trkpt>
      <trkpt lat="46.9123729" lon="7.4304302">
        <ele>625</ele>
        <time>2026-09-10T11:20:22.807Z</time>
      </trkpt>
      <trkpt lat="46.9123653" lon="7.4304236">
        <ele>625.2</ele>
        <time>2026-09-10T11:20:22.807Z</time>
      </trkpt>
      <trkpt lat="46.9123613" lon="7.4304168">
        <ele>625.2</ele>
        <time>2026-09-10T11:20:22.807Z</time>
      </trkpt>
      <trkpt lat="46.9123611" lon="7.4304102">
        <ele>625.2</ele>
        <time>2026-09-10T11:20:22.807Z</time>
      </trkpt>
      <trkpt lat="46.9123798" lon="7.4304299">
        <ele>625.4000000000001</ele>
        <time>2026-09-10T11:20:22.807Z</time>
      </trkpt>
      <trkpt lat="46.9123913" lon="7.4304428">
        <ele>625.2</ele>
        <time>2026-09-10T11:20:22.807Z</time>
      </trkpt>
      <trkpt lat="46.9124025" lon="7.4304558">
        <ele>625.2</ele>
        <time>2026-09-10T11:20:22.807Z</time>
      </trkpt>
      <trkpt lat="46.912414" lon="7.4304694">
        <ele>625.2</ele>
        <time>2026-09-10T11:20:22.807Z</time>
      </trkpt>
      <trkpt lat="46.9124258" lon="7.4304799">
        <ele>625.2</ele>
        <time>2026-09-10T11:20:22.807Z</time>
      </trkpt>
      <trkpt lat="46.9124331" lon="7.4304831">
        <ele>625</ele>
        <time>2026-09-10T11:20:22.807Z</time>
      </trkpt>
      <trkpt lat="46.9124336" lon="7.4304833">
        <ele>625</ele>
        <time>2026-09-10T11:20:22.807Z</time>
      </trkpt>
      <trkpt lat="46.9124413" lon="7.4304915">
        <ele>624.8</ele>
        <time>2026-09-10T11:20:22.807Z</time>
      </trkpt>
      <trkpt lat="46.9124485" lon="7.4305058">
        <ele>624.8</ele>
        <time>2026-09-10T11:20:22.807Z</time>
      </trkpt>
      <trkpt lat="46.9124604" lon="7.4305235">
        <ele>624.8</ele>
        <time>2026-09-10T11:20:22.807Z</time>
      </trkpt>
      <trkpt lat="46.9124755" lon="7.4305415">
        <ele>624.8</ele>
        <time>2026-09-10T11:20:22.807Z</time>
      </trkpt>
      <trkpt lat="46.9124947" lon="7.4305649">
        <ele>624.5999999999999</ele>
        <time>2026-09-10T11:20:22.807Z</time>
      </trkpt>
      <trkpt lat="46.9125135" lon="7.4305946">
        <ele>624.5999999999999</ele>
        <time>2026-09-10T11:20:22.807Z</time>
      </trkpt>
      <trkpt lat="46.9125365" lon="7.4306313">
        <ele>624.4000000000001</ele>
        <time>2026-09-10T11:20:22.807Z</time>
      </trkpt>
      <trkpt lat="46.9125584" lon="7.4306729">
        <ele>624.4000000000001</ele>
        <time>2026-09-10T11:20:22.807Z</time>
      </trkpt>
      <trkpt lat="46.9125783" lon="7.4307259">
        <ele>624.2</ele>
        <time>2026-09-10T11:20:22.807Z</time>
      </trkpt>
      <trkpt lat="46.912605" lon="7.4307762">
        <ele>624</ele>
        <time>2026-09-10T11:20:22.807Z</time>
      </trkpt>
      <trkpt lat="46.912628" lon="7.4308297">
        <ele>623.8</ele>
        <time>2026-09-10T11:20:22.807Z</time>
      </trkpt>
      <trkpt lat="46.9126505" lon="7.4308833">
        <ele>623.5999999999999</ele>
        <time>2026-09-10T11:20:22.807Z</time>
      </trkpt>
      <trkpt lat="46.9126703" lon="7.4309441">
        <ele>623.4000000000001</ele>
        <time>2026-09-10T11:20:22.807Z</time>
      </trkpt>
      <trkpt lat="46.9126888" lon="7.4310037">
        <ele>623.4000000000001</ele>
        <time>2026-09-10T11:20:22.807Z</time>
      </trkpt>
      <trkpt lat="46.9127081" lon="7.4310661">
        <ele>623.2</ele>
        <time>2026-09-10T11:20:22.807Z</time>
      </trkpt>
      <trkpt lat="46.9127232" lon="7.4311286">
        <ele>623</ele>
        <time>2026-09-10T11:20:22.807Z</time>
      </trkpt>
      <trkpt lat="46.9127384" lon="7.4311929">
        <ele>622.8</ele>
        <time>2026-09-10T11:20:22.807Z</time>
      </trkpt>
      <trkpt lat="46.9127574" lon="7.4312555">
        <ele>622.5999999999999</ele>
        <time>2026-09-10T11:20:22.807Z</time>
      </trkpt>
      <trkpt lat="46.912777" lon="7.4313185">
        <ele>622.4000000000001</ele>
        <time>2026-09-10T11:20:22.807Z</time>
      </trkpt>
      <trkpt lat="46.9127956" lon="7.431377">
        <ele>622.2</ele>
        <time>2026-09-10T11:20:22.807Z</time>
      </trkpt>
      <trkpt lat="46.9128151" lon="7.4314316">
        <ele>622</ele>
        <time>2026-09-10T11:20:22.807Z</time>
      </trkpt>
      <trkpt lat="46.9128411" lon="7.4314786">
        <ele>622</ele>
        <time>2026-09-10T11:20:22.807Z</time>
      </trkpt>
      <trkpt lat="46.9128677" lon="7.4315219">
        <ele>621.8</ele>
        <time>2026-09-10T11:20:22.807Z</time>
      </trkpt>
      <trkpt lat="46.9128951" lon="7.431558">
        <ele>622</ele>
        <time>2026-09-10T11:20:22.807Z</time>
      </trkpt>
      <trkpt lat="46.9129186" lon="7.4315887">
        <ele>622</ele>
        <time>2026-09-10T11:20:22.807Z</time>
      </trkpt>
      <trkpt lat="46.9129405" lon="7.4316143">
        <ele>622.2</ele>
        <time>2026-09-10T11:20:22.807Z</time>
      </trkpt>
      <trkpt lat="46.9129678" lon="7.4316418">
        <ele>622</ele>
        <time>2026-09-10T11:20:22.807Z</time>
      </trkpt>
      <trkpt lat="46.9129861" lon="7.4316691">
        <ele>622</ele>
        <time>2026-09-10T11:20:22.807Z</time>
      </trkpt>
      <trkpt lat="46.9130013" lon="7.4316989">
        <ele>622.2</ele>
        <time>2026-09-10T11:20:22.808Z</time>
      </trkpt>
      <trkpt lat="46.9130167" lon="7.4317272">
        <ele>622.2</ele>
        <time>2026-09-10T11:20:22.808Z</time>
      </trkpt>
      <trkpt lat="46.9130288" lon="7.4317566">
        <ele>622.4000000000001</ele>
        <time>2026-09-10T11:20:22.808Z</time>
      </trkpt>
      <trkpt lat="46.9130324" lon="7.4317818">
        <ele>622.5999999999999</ele>
        <time>2026-09-10T11:20:22.808Z</time>
      </trkpt>
      <trkpt lat="46.9130288" lon="7.4318085">
        <ele>622.8</ele>
        <time>2026-09-10T11:20:22.808Z</time>
      </trkpt>
      <trkpt lat="46.9130288" lon="7.4318325">
        <ele>623.2</ele>
        <time>2026-09-10T11:20:22.808Z</time>
      </trkpt>
      <trkpt lat="46.9130288" lon="7.4318597">
        <ele>623.4000000000001</ele>
        <time>2026-09-10T11:20:22.808Z</time>
      </trkpt>
      <trkpt lat="46.9130213" lon="7.4318841">
        <ele>623.8</ele>
        <time>2026-09-10T11:20:22.808Z</time>
      </trkpt>
      <trkpt lat="46.9130093" lon="7.4319074">
        <ele>624</ele>
        <time>2026-09-10T11:20:22.808Z</time>
      </trkpt>
      <trkpt lat="46.9129982" lon="7.4319333">
        <ele>624.2</ele>
        <time>2026-09-10T11:20:22.808Z</time>
      </trkpt>
      <trkpt lat="46.9129873" lon="7.4319587">
        <ele>624.4000000000001</ele>
        <time>2026-09-10T11:20:22.808Z</time>
      </trkpt>
      <trkpt lat="46.9129753" lon="7.4319869">
        <ele>624.5999999999999</ele>
        <time>2026-09-10T11:20:22.808Z</time>
      </trkpt>
      <trkpt lat="46.9129606" lon="7.4320125">
        <ele>624.8</ele>
        <time>2026-09-10T11:20:22.808Z</time>
      </trkpt>
      <trkpt lat="46.9129448" lon="7.4320435">
        <ele>625</ele>
        <time>2026-09-10T11:20:22.808Z</time>
      </trkpt>
      <trkpt lat="46.9129293" lon="7.4320722">
        <ele>625.2</ele>
        <time>2026-09-10T11:20:22.808Z</time>
      </trkpt>
      <trkpt lat="46.9129147" lon="7.4321009">
        <ele>625.4000000000001</ele>
        <time>2026-09-10T11:20:22.808Z</time>
      </trkpt>
      <trkpt lat="46.9128988" lon="7.432132">
        <ele>625.5999999999999</ele>
        <time>2026-09-10T11:20:22.808Z</time>
      </trkpt>
      <trkpt lat="46.912884" lon="7.4321595">
        <ele>625.5999999999999</ele>
        <time>2026-09-10T11:20:22.808Z</time>
      </trkpt>
      <trkpt lat="46.9128684" lon="7.4321901">
        <ele>625.8</ele>
        <time>2026-09-10T11:20:22.808Z</time>
      </trkpt>
      <trkpt lat="46.9128532" lon="7.4322219">
        <ele>625.8</ele>
        <time>2026-09-10T11:20:22.809Z</time>
      </trkpt>
      <trkpt lat="46.912834" lon="7.4322484">
        <ele>626</ele>
        <time>2026-09-10T11:20:22.809Z</time>
      </trkpt>
      <trkpt lat="46.9128158" lon="7.4322756">
        <ele>626</ele>
        <time>2026-09-10T11:20:22.809Z</time>
      </trkpt>
      <trkpt lat="46.9127994" lon="7.4323074">
        <ele>626.2</ele>
        <time>2026-09-10T11:20:22.809Z</time>
      </trkpt>
      <trkpt lat="46.9127811" lon="7.4323343">
        <ele>626.2</ele>
        <time>2026-09-10T11:20:22.809Z</time>
      </trkpt>
      <trkpt lat="46.9127615" lon="7.4323652">
        <ele>626.4000000000001</ele>
        <time>2026-09-10T11:20:22.809Z</time>
      </trkpt>
      <trkpt lat="46.9127467" lon="7.432393">
        <ele>626.5999999999999</ele>
        <time>2026-09-10T11:20:22.809Z</time>
      </trkpt>
      <trkpt lat="46.9127268" lon="7.4324206">
        <ele>626.8</ele>
        <time>2026-09-10T11:20:22.809Z</time>
      </trkpt>
      <trkpt lat="46.9127088" lon="7.432449">
        <ele>627</ele>
        <time>2026-09-10T11:20:22.809Z</time>
      </trkpt>
      <trkpt lat="46.9126895" lon="7.432478">
        <ele>627.2</ele>
        <time>2026-09-10T11:20:22.809Z</time>
      </trkpt>
      <trkpt lat="46.9126708" lon="7.4325043">
        <ele>627.4000000000001</ele>
        <time>2026-09-10T11:20:22.809Z</time>
      </trkpt>
      <trkpt lat="46.9126524" lon="7.4325314">
        <ele>627.5999999999999</ele>
        <time>2026-09-10T11:20:22.809Z</time>
      </trkpt>
      <trkpt lat="46.9126321" lon="7.4325631">
        <ele>627.5999999999999</ele>
        <time>2026-09-10T11:20:22.809Z</time>
      </trkpt>
      <trkpt lat="46.9126127" lon="7.4325951">
        <ele>627.8</ele>
        <time>2026-09-10T11:20:22.809Z</time>
      </trkpt>
      <trkpt lat="46.9125944" lon="7.4326225">
        <ele>627.8</ele>
        <time>2026-09-10T11:20:22.809Z</time>
      </trkpt>
      <trkpt lat="46.9125741" lon="7.4326542">
        <ele>628</ele>
        <time>2026-09-10T11:20:22.809Z</time>
      </trkpt>
      <trkpt lat="46.9125517" lon="7.4326817">
        <ele>628</ele>
        <time>2026-09-10T11:20:22.809Z</time>
      </trkpt>
      <trkpt lat="46.912533" lon="7.4327098">
        <ele>628.2</ele>
        <time>2026-09-10T11:20:22.809Z</time>
      </trkpt>
      <trkpt lat="46.9125105" lon="7.4327394">
        <ele>628.4000000000001</ele>
        <time>2026-09-10T11:20:22.809Z</time>
      </trkpt>
      <trkpt lat="46.912494" lon="7.4327728">
        <ele>628.4000000000001</ele>
        <time>2026-09-10T11:20:22.809Z</time>
      </trkpt>
      <trkpt lat="46.9124759" lon="7.4328026">
        <ele>628.5999999999999</ele>
        <time>2026-09-10T11:20:22.809Z</time>
      </trkpt>
      <trkpt lat="46.9124565" lon="7.4328317">
        <ele>628.5999999999999</ele>
        <time>2026-09-10T11:20:22.809Z</time>
      </trkpt>
      <trkpt lat="46.9124372" lon="7.432862">
        <ele>628.5999999999999</ele>
        <time>2026-09-10T11:20:22.809Z</time>
      </trkpt>
      <trkpt lat="46.9124187" lon="7.4328895">
        <ele>628.8</ele>
        <time>2026-09-10T11:20:22.809Z</time>
      </trkpt>
      <trkpt lat="46.9123992" lon="7.4329188">
        <ele>628.8</ele>
        <time>2026-09-10T11:20:22.809Z</time>
      </trkpt>
      <trkpt lat="46.9123806" lon="7.4329476">
        <ele>629</ele>
        <time>2026-09-10T11:20:22.809Z</time>
      </trkpt>
      <trkpt lat="46.9123612" lon="7.4329781">
        <ele>629</ele>
        <time>2026-09-10T11:20:22.809Z</time>
      </trkpt>
      <trkpt lat="46.9123418" lon="7.4330086">
        <ele>629.2</ele>
        <time>2026-09-10T11:20:22.809Z</time>
      </trkpt>
      <trkpt lat="46.9123237" lon="7.4330338">
        <ele>629.2</ele>
        <time>2026-09-10T11:20:22.809Z</time>
      </trkpt>
      <trkpt lat="46.9123047" lon="7.4330623">
        <ele>629.2</ele>
        <time>2026-09-10T11:20:22.809Z</time>
      </trkpt>
      <trkpt lat="46.9122891" lon="7.4330908">
        <ele>629.4000000000001</ele>
        <time>2026-09-10T11:20:22.809Z</time>
      </trkpt>
      <trkpt lat="46.9122738" lon="7.4331209">
        <ele>629.4000000000001</ele>
        <time>2026-09-10T11:20:22.809Z</time>
      </trkpt>
      <trkpt lat="46.9122551" lon="7.4331487">
        <ele>629.5999999999999</ele>
        <time>2026-09-10T11:20:22.809Z</time>
      </trkpt>
      <trkpt lat="46.9122387" lon="7.4331804">
        <ele>629.5999999999999</ele>
        <time>2026-09-10T11:20:22.809Z</time>
      </trkpt>
      <trkpt lat="46.9122201" lon="7.4332084">
        <ele>629.8</ele>
        <time>2026-09-10T11:20:22.809Z</time>
      </trkpt>
      <trkpt lat="46.9122051" lon="7.4332378">
        <ele>630</ele>
        <time>2026-09-10T11:20:22.809Z</time>
      </trkpt>
      <trkpt lat="46.9121857" lon="7.4332685">
        <ele>630</ele>
        <time>2026-09-10T11:20:22.809Z</time>
      </trkpt>
      <trkpt lat="46.9121702" lon="7.4332951">
        <ele>630.2</ele>
        <time>2026-09-10T11:20:22.809Z</time>
      </trkpt>
      <trkpt lat="46.9121558" lon="7.4333222">
        <ele>630.2</ele>
        <time>2026-09-10T11:20:22.809Z</time>
      </trkpt>
      <trkpt lat="46.9121364" lon="7.4333529">
        <ele>630.4000000000001</ele>
        <time>2026-09-10T11:20:22.809Z</time>
      </trkpt>
      <trkpt lat="46.9121213" lon="7.4333857">
        <ele>630.5999999999999</ele>
        <time>2026-09-10T11:20:22.809Z</time>
      </trkpt>
      <trkpt lat="46.9121065" lon="7.4334164">
        <ele>630.5999999999999</ele>
        <time>2026-09-10T11:20:22.809Z</time>
      </trkpt>
      <trkpt lat="46.9120873" lon="7.433447">
        <ele>630.8</ele>
        <time>2026-09-10T11:20:22.809Z</time>
      </trkpt>
      <trkpt lat="46.9120713" lon="7.4334783">
        <ele>630.8</ele>
        <time>2026-09-10T11:20:22.809Z</time>
      </trkpt>
      <trkpt lat="46.9120489" lon="7.433509">
        <ele>630.8</ele>
        <time>2026-09-10T11:20:22.809Z</time>
      </trkpt>
      <trkpt lat="46.9120335" lon="7.4335424">
        <ele>631</ele>
        <time>2026-09-10T11:20:22.809Z</time>
      </trkpt>
      <trkpt lat="46.9120145" lon="7.4335758">
        <ele>631.2</ele>
        <time>2026-09-10T11:20:22.809Z</time>
      </trkpt>
      <trkpt lat="46.9119995" lon="7.4336103">
        <ele>631.2</ele>
        <time>2026-09-10T11:20:22.809Z</time>
      </trkpt>
      <trkpt lat="46.91198" lon="7.4336441">
        <ele>631.4000000000001</ele>
        <time>2026-09-10T11:20:22.809Z</time>
      </trkpt>
      <trkpt lat="46.9119642" lon="7.4336804">
        <ele>631.4000000000001</ele>
        <time>2026-09-10T11:20:22.809Z</time>
      </trkpt>
      <trkpt lat="46.9119457" lon="7.4337174">
        <ele>631.5999999999999</ele>
        <time>2026-09-10T11:20:22.809Z</time>
      </trkpt>
      <trkpt lat="46.9119301" lon="7.4337568">
        <ele>631.5999999999999</ele>
        <time>2026-09-10T11:20:22.809Z</time>
      </trkpt>
      <trkpt lat="46.9119073" lon="7.4337933">
        <ele>631.5999999999999</ele>
        <time>2026-09-10T11:20:22.809Z</time>
      </trkpt>
      <trkpt lat="46.9118884" lon="7.4338311">
        <ele>631.5999999999999</ele>
        <time>2026-09-10T11:20:22.809Z</time>
      </trkpt>
      <trkpt lat="46.9118727" lon="7.4338735">
        <ele>631.5999999999999</ele>
        <time>2026-09-10T11:20:22.809Z</time>
      </trkpt>
      <trkpt lat="46.9118534" lon="7.433916">
        <ele>631.4000000000001</ele>
        <time>2026-09-10T11:20:22.809Z</time>
      </trkpt>
      <trkpt lat="46.9118354" lon="7.4339569">
        <ele>631.4000000000001</ele>
        <time>2026-09-10T11:20:22.809Z</time>
      </trkpt>
      <trkpt lat="46.9118191" lon="7.4340023">
        <ele>631.4000000000001</ele>
        <time>2026-09-10T11:20:22.809Z</time>
      </trkpt>
      <trkpt lat="46.9118004" lon="7.4340449">
        <ele>631.4000000000001</ele>
        <time>2026-09-10T11:20:22.809Z</time>
      </trkpt>
      <trkpt lat="46.9117853" lon="7.4340877">
        <ele>631.2</ele>
        <time>2026-09-10T11:20:22.809Z</time>
      </trkpt>
      <trkpt lat="46.91177" lon="7.434133">
        <ele>631.2</ele>
        <time>2026-09-10T11:20:22.809Z</time>
      </trkpt>
      <trkpt lat="46.9117546" lon="7.4341783">
        <ele>631.2</ele>
        <time>2026-09-10T11:20:22.809Z</time>
      </trkpt>
      <trkpt lat="46.9117435" lon="7.4342239">
        <ele>631</ele>
        <time>2026-09-10T11:20:22.809Z</time>
      </trkpt>
      <trkpt lat="46.9117317" lon="7.4342717">
        <ele>631</ele>
        <time>2026-09-10T11:20:22.809Z</time>
      </trkpt>
      <trkpt lat="46.9117165" lon="7.4343186">
        <ele>631</ele>
        <time>2026-09-10T11:20:22.809Z</time>
      </trkpt>
      <trkpt lat="46.9117052" lon="7.4343642">
        <ele>631</ele>
        <time>2026-09-10T11:20:22.809Z</time>
      </trkpt>
      <trkpt lat="46.9116933" lon="7.4344123">
        <ele>631</ele>
        <time>2026-09-10T11:20:22.809Z</time>
      </trkpt>
      <trkpt lat="46.9116785" lon="7.4344562">
        <ele>631</ele>
        <time>2026-09-10T11:20:22.809Z</time>
      </trkpt>
      <trkpt lat="46.9116707" lon="7.4345048">
        <ele>631.2</ele>
        <time>2026-09-10T11:20:22.809Z</time>
      </trkpt>
      <trkpt lat="46.9116591" lon="7.4345503">
        <ele>631.2</ele>
        <time>2026-09-10T11:20:22.809Z</time>
      </trkpt>
      <trkpt lat="46.9116482" lon="7.4345938">
        <ele>631.4000000000001</ele>
        <time>2026-09-10T11:20:22.809Z</time>
      </trkpt>
      <trkpt lat="46.9116367" lon="7.4346404">
        <ele>631.4000000000001</ele>
        <time>2026-09-10T11:20:22.809Z</time>
      </trkpt>
      <trkpt lat="46.9116249" lon="7.4346884">
        <ele>631.5999999999999</ele>
        <time>2026-09-10T11:20:22.809Z</time>
      </trkpt>
      <trkpt lat="46.9116212" lon="7.4347342">
        <ele>631.5999999999999</ele>
        <time>2026-09-10T11:20:22.809Z</time>
      </trkpt>
      <trkpt lat="46.9116138" lon="7.434778">
        <ele>631.8</ele>
        <time>2026-09-10T11:20:22.809Z</time>
      </trkpt>
      <trkpt lat="46.9116025" lon="7.4348231">
        <ele>631.8</ele>
        <time>2026-09-10T11:20:22.809Z</time>
      </trkpt>
      <trkpt lat="46.9115946" lon="7.4348683">
        <ele>632</ele>
        <time>2026-09-10T11:20:22.809Z</time>
      </trkpt>
      <trkpt lat="46.911587" lon="7.4349137">
        <ele>632</ele>
        <time>2026-09-10T11:20:22.809Z</time>
      </trkpt>
      <trkpt lat="46.9115756" lon="7.4349588">
        <ele>632.2</ele>
        <time>2026-09-10T11:20:22.809Z</time>
      </trkpt>
      <trkpt lat="46.9115677" lon="7.4350031">
        <ele>632.2</ele>
        <time>2026-09-10T11:20:22.809Z</time>
      </trkpt>
      <trkpt lat="46.9115603" lon="7.4350464">
        <ele>632.2</ele>
        <time>2026-09-10T11:20:22.809Z</time>
      </trkpt>
      <trkpt lat="46.9115525" lon="7.4350895">
        <ele>632.2</ele>
        <time>2026-09-10T11:20:22.809Z</time>
      </trkpt>
      <trkpt lat="46.9115414" lon="7.4351287">
        <ele>632.2</ele>
        <time>2026-09-10T11:20:22.810Z</time>
      </trkpt>
      <trkpt lat="46.9115336" lon="7.4351705">
        <ele>632.4000000000001</ele>
        <time>2026-09-10T11:20:22.810Z</time>
      </trkpt>
      <trkpt lat="46.9115221" lon="7.4352128">
        <ele>632.4000000000001</ele>
        <time>2026-09-10T11:20:22.810Z</time>
      </trkpt>
      <trkpt lat="46.9115104" lon="7.4352556">
        <ele>632.5999999999999</ele>
        <time>2026-09-10T11:20:22.810Z</time>
      </trkpt>
      <trkpt lat="46.9114992" lon="7.4352944">
        <ele>632.5999999999999</ele>
        <time>2026-09-10T11:20:22.810Z</time>
      </trkpt>
      <trkpt lat="46.9114915" lon="7.4353379">
        <ele>632.5999999999999</ele>
        <time>2026-09-10T11:20:22.810Z</time>
      </trkpt>
      <trkpt lat="46.911484" lon="7.4353789">
        <ele>632.5999999999999</ele>
        <time>2026-09-10T11:20:22.810Z</time>
      </trkpt>
      <trkpt lat="46.9114763" lon="7.4354223">
        <ele>632.5999999999999</ele>
        <time>2026-09-10T11:20:22.810Z</time>
      </trkpt>
      <trkpt lat="46.9114687" lon="7.4354638">
        <ele>632.5999999999999</ele>
        <time>2026-09-10T11:20:22.810Z</time>
      </trkpt>
      <trkpt lat="46.9114609" lon="7.4355081">
        <ele>632.5999999999999</ele>
        <time>2026-09-10T11:20:22.810Z</time>
      </trkpt>
      <trkpt lat="46.9114499" lon="7.4355483">
        <ele>632.5999999999999</ele>
        <time>2026-09-10T11:20:22.810Z</time>
      </trkpt>
      <trkpt lat="46.9114378" lon="7.4355938">
        <ele>632.5999999999999</ele>
        <time>2026-09-10T11:20:22.810Z</time>
      </trkpt>
      <trkpt lat="46.9114265" lon="7.4356351">
        <ele>632.5999999999999</ele>
        <time>2026-09-10T11:20:22.810Z</time>
      </trkpt>
      <trkpt lat="46.9114154" lon="7.4356774">
        <ele>632.8</ele>
        <time>2026-09-10T11:20:22.810Z</time>
      </trkpt>
      <trkpt lat="46.9114038" lon="7.4357197">
        <ele>632.8</ele>
        <time>2026-09-10T11:20:22.810Z</time>
      </trkpt>
      <trkpt lat="46.9113921" lon="7.4357637">
        <ele>633</ele>
        <time>2026-09-10T11:20:22.810Z</time>
      </trkpt>
      <trkpt lat="46.9113815" lon="7.4358024">
        <ele>633</ele>
        <time>2026-09-10T11:20:22.810Z</time>
      </trkpt>
      <trkpt lat="46.9113694" lon="7.435848">
        <ele>633.2</ele>
        <time>2026-09-10T11:20:22.810Z</time>
      </trkpt>
      <trkpt lat="46.9113582" lon="7.4358892">
        <ele>633.2</ele>
        <time>2026-09-10T11:20:22.810Z</time>
      </trkpt>
      <trkpt lat="46.9113469" lon="7.435928">
        <ele>633.2</ele>
        <time>2026-09-10T11:20:22.810Z</time>
      </trkpt>
      <trkpt lat="46.9113353" lon="7.4359707">
        <ele>633.4000000000001</ele>
        <time>2026-09-10T11:20:22.810Z</time>
      </trkpt>
      <trkpt lat="46.9113235" lon="7.4360135">
        <ele>633.4000000000001</ele>
        <time>2026-09-10T11:20:22.810Z</time>
      </trkpt>
      <trkpt lat="46.9113089" lon="7.4360535">
        <ele>633.4000000000001</ele>
        <time>2026-09-10T11:20:22.810Z</time>
      </trkpt>
      <trkpt lat="46.9112967" lon="7.4360936">
        <ele>633.5999999999999</ele>
        <time>2026-09-10T11:20:22.810Z</time>
      </trkpt>
      <trkpt lat="46.9112819" lon="7.4361327">
        <ele>633.5999999999999</ele>
        <time>2026-09-10T11:20:22.810Z</time>
      </trkpt>
      <trkpt lat="46.9112702" lon="7.4361732">
        <ele>633.8</ele>
        <time>2026-09-10T11:20:22.810Z</time>
      </trkpt>
      <trkpt lat="46.9112588" lon="7.4362165">
        <ele>633.8</ele>
        <time>2026-09-10T11:20:22.810Z</time>
      </trkpt>
      <trkpt lat="46.9112474" lon="7.4362579">
        <ele>633.8</ele>
        <time>2026-09-10T11:20:22.810Z</time>
      </trkpt>
      <trkpt lat="46.9112327" lon="7.436298">
        <ele>634</ele>
        <time>2026-09-10T11:20:22.810Z</time>
      </trkpt>
      <trkpt lat="46.9112214" lon="7.4363403">
        <ele>634</ele>
        <time>2026-09-10T11:20:22.810Z</time>
      </trkpt>
      <trkpt lat="46.911213" lon="7.4363864">
        <ele>634</ele>
        <time>2026-09-10T11:20:22.810Z</time>
      </trkpt>
      <trkpt lat="46.9112017" lon="7.4364293">
        <ele>634.2</ele>
        <time>2026-09-10T11:20:22.810Z</time>
      </trkpt>
      <trkpt lat="46.9111901" lon="7.4364733">
        <ele>634.2</ele>
        <time>2026-09-10T11:20:22.810Z</time>
      </trkpt>
      <trkpt lat="46.9111786" lon="7.436518">
        <ele>634.2</ele>
        <time>2026-09-10T11:20:22.810Z</time>
      </trkpt>
      <trkpt lat="46.9111678" lon="7.4365592">
        <ele>634.4000000000001</ele>
        <time>2026-09-10T11:20:22.810Z</time>
      </trkpt>
      <trkpt lat="46.9111595" lon="7.436605">
        <ele>634.4000000000001</ele>
        <time>2026-09-10T11:20:22.810Z</time>
      </trkpt>
      <trkpt lat="46.9111486" lon="7.4366476">
        <ele>634.4000000000001</ele>
        <time>2026-09-10T11:20:22.810Z</time>
      </trkpt>
      <trkpt lat="46.9111374" lon="7.4366923">
        <ele>634.4000000000001</ele>
        <time>2026-09-10T11:20:22.810Z</time>
      </trkpt>
      <trkpt lat="46.9111291" lon="7.4367382">
        <ele>634.5999999999999</ele>
        <time>2026-09-10T11:20:22.810Z</time>
      </trkpt>
      <trkpt lat="46.9111177" lon="7.4367813">
        <ele>634.5999999999999</ele>
        <time>2026-09-10T11:20:22.810Z</time>
      </trkpt>
      <trkpt lat="46.9111101" lon="7.4368254">
        <ele>634.5999999999999</ele>
        <time>2026-09-10T11:20:22.810Z</time>
      </trkpt>
      <trkpt lat="46.9111062" lon="7.436869">
        <ele>634.8</ele>
        <time>2026-09-10T11:20:22.810Z</time>
      </trkpt>
      <trkpt lat="46.9110947" lon="7.4369114">
        <ele>634.8</ele>
        <time>2026-09-10T11:20:22.810Z</time>
      </trkpt>
      <trkpt lat="46.9110836" lon="7.4369521">
        <ele>635</ele>
        <time>2026-09-10T11:20:22.810Z</time>
      </trkpt>
      <trkpt lat="46.9110722" lon="7.4369937">
        <ele>635</ele>
        <time>2026-09-10T11:20:22.810Z</time>
      </trkpt>
      <trkpt lat="46.9110641" lon="7.4370384">
        <ele>635.2</ele>
        <time>2026-09-10T11:20:22.810Z</time>
      </trkpt>
      <trkpt lat="46.9110567" lon="7.4370787">
        <ele>635.2</ele>
        <time>2026-09-10T11:20:22.810Z</time>
      </trkpt>
      <trkpt lat="46.9110454" lon="7.437122">
        <ele>635.2</ele>
        <time>2026-09-10T11:20:22.810Z</time>
      </trkpt>
      <trkpt lat="46.9110414" lon="7.4371646">
        <ele>635.4000000000001</ele>
        <time>2026-09-10T11:20:22.810Z</time>
      </trkpt>
      <trkpt lat="46.9110337" lon="7.4372095">
        <ele>635.4000000000001</ele>
        <time>2026-09-10T11:20:22.810Z</time>
      </trkpt>
      <trkpt lat="46.9110222" lon="7.4372514">
        <ele>635.5999999999999</ele>
        <time>2026-09-10T11:20:22.810Z</time>
      </trkpt>
      <trkpt lat="46.9110146" lon="7.437295">
        <ele>635.5999999999999</ele>
        <time>2026-09-10T11:20:22.810Z</time>
      </trkpt>
      <trkpt lat="46.9110072" lon="7.4373369">
        <ele>635.8</ele>
        <time>2026-09-10T11:20:22.810Z</time>
      </trkpt>
      <trkpt lat="46.9109953" lon="7.4373806">
        <ele>635.8</ele>
        <time>2026-09-10T11:20:22.810Z</time>
      </trkpt>
      <trkpt lat="46.9109879" lon="7.4374216">
        <ele>636</ele>
        <time>2026-09-10T11:20:22.810Z</time>
      </trkpt>
      <trkpt lat="46.9109769" lon="7.4374633">
        <ele>636</ele>
        <time>2026-09-10T11:20:22.810Z</time>
      </trkpt>
      <trkpt lat="46.9109649" lon="7.4375073">
        <ele>636</ele>
        <time>2026-09-10T11:20:22.810Z</time>
      </trkpt>
      <trkpt lat="46.9109572" lon="7.4375507">
        <ele>636</ele>
        <time>2026-09-10T11:20:22.810Z</time>
      </trkpt>
      <trkpt lat="46.9109501" lon="7.437591">
        <ele>636</ele>
        <time>2026-09-10T11:20:22.810Z</time>
      </trkpt>
      <trkpt lat="46.9109386" lon="7.4376337">
        <ele>636</ele>
        <time>2026-09-10T11:20:22.810Z</time>
      </trkpt>
      <trkpt lat="46.9109272" lon="7.4376736">
        <ele>636</ele>
        <time>2026-09-10T11:20:22.810Z</time>
      </trkpt>
      <trkpt lat="46.9109193" lon="7.4377159">
        <ele>636</ele>
        <time>2026-09-10T11:20:22.810Z</time>
      </trkpt>
      <trkpt lat="46.9109078" lon="7.4377531">
        <ele>636</ele>
        <time>2026-09-10T11:20:22.810Z</time>
      </trkpt>
      <trkpt lat="46.9109002" lon="7.4377932">
        <ele>636.2</ele>
        <time>2026-09-10T11:20:22.810Z</time>
      </trkpt>
      <trkpt lat="46.9108889" lon="7.4378311">
        <ele>636.2</ele>
        <time>2026-09-10T11:20:22.810Z</time>
      </trkpt>
      <trkpt lat="46.9108773" lon="7.4378699">
        <ele>636.2</ele>
        <time>2026-09-10T11:20:22.810Z</time>
      </trkpt>
      <trkpt lat="46.9108697" lon="7.4379073">
        <ele>636.4000000000001</ele>
        <time>2026-09-10T11:20:22.810Z</time>
      </trkpt>
      <trkpt lat="46.9108584" lon="7.4379458">
        <ele>636.8</ele>
        <time>2026-09-10T11:20:22.810Z</time>
      </trkpt>
      <trkpt lat="46.9108505" lon="7.437985">
        <ele>637.4000000000001</ele>
        <time>2026-09-10T11:20:22.810Z</time>
      </trkpt>
      <trkpt lat="46.9108394" lon="7.4380207">
        <ele>637.8</ele>
        <time>2026-09-10T11:20:22.810Z</time>
      </trkpt>
      <trkpt lat="46.9108315" lon="7.4380595">
        <ele>638.2</ele>
        <time>2026-09-10T11:20:22.810Z</time>
      </trkpt>
      <trkpt lat="46.91082" lon="7.4380986">
        <ele>638.2</ele>
        <time>2026-09-10T11:20:22.810Z</time>
      </trkpt>
      <trkpt lat="46.9108122" lon="7.4381371">
        <ele>638.4000000000001</ele>
        <time>2026-09-10T11:20:22.810Z</time>
      </trkpt>
      <trkpt lat="46.9108016" lon="7.4381712">
        <ele>638.2</ele>
        <time>2026-09-10T11:20:22.810Z</time>
      </trkpt>
      <trkpt lat="46.9107933" lon="7.4382115">
        <ele>638.2</ele>
        <time>2026-09-10T11:20:22.810Z</time>
      </trkpt>
      <trkpt lat="46.9107857" lon="7.4382501">
        <ele>638.2</ele>
        <time>2026-09-10T11:20:22.810Z</time>
      </trkpt>
      <trkpt lat="46.9107782" lon="7.4382859">
        <ele>638.2</ele>
        <time>2026-09-10T11:20:22.810Z</time>
      </trkpt>
      <trkpt lat="46.9107666" lon="7.4383233">
        <ele>638.2</ele>
        <time>2026-09-10T11:20:22.810Z</time>
      </trkpt>
      <trkpt lat="46.9107552" lon="7.43836">
        <ele>638.4000000000001</ele>
        <time>2026-09-10T11:20:22.810Z</time>
      </trkpt>
      <trkpt lat="46.9107478" lon="7.4383973">
        <ele>638.4000000000001</ele>
        <time>2026-09-10T11:20:22.810Z</time>
      </trkpt>
      <trkpt lat="46.9107399" lon="7.4384349">
        <ele>638.5999999999999</ele>
        <time>2026-09-10T11:20:22.810Z</time>
      </trkpt>
      <trkpt lat="46.9107323" lon="7.4384718">
        <ele>638.8</ele>
        <time>2026-09-10T11:20:22.810Z</time>
      </trkpt>
      <trkpt lat="46.9107248" lon="7.4385076">
        <ele>638.8</ele>
        <time>2026-09-10T11:20:22.810Z</time>
      </trkpt>
      <trkpt lat="46.9107132" lon="7.4385434">
        <ele>639</ele>
        <time>2026-09-10T11:20:22.810Z</time>
      </trkpt>
      <trkpt lat="46.9107055" lon="7.4385803">
        <ele>639.2</ele>
        <time>2026-09-10T11:20:22.811Z</time>
      </trkpt>
      <trkpt lat="46.9107019" lon="7.4386161">
        <ele>639.4000000000001</ele>
        <time>2026-09-10T11:20:22.811Z</time>
      </trkpt>
      <trkpt lat="46.9106941" lon="7.4386537">
        <ele>639.5999999999999</ele>
        <time>2026-09-10T11:20:22.811Z</time>
      </trkpt>
      <trkpt lat="46.9106864" lon="7.4386904">
        <ele>639.8</ele>
        <time>2026-09-10T11:20:22.811Z</time>
      </trkpt>
      <trkpt lat="46.9106791" lon="7.4387242">
        <ele>640</ele>
        <time>2026-09-10T11:20:22.811Z</time>
      </trkpt>
      <trkpt lat="46.9106716" lon="7.4387601">
        <ele>640.2</ele>
        <time>2026-09-10T11:20:22.811Z</time>
      </trkpt>
      <trkpt lat="46.9106601" lon="7.4387975">
        <ele>640.4000000000001</ele>
        <time>2026-09-10T11:20:22.811Z</time>
      </trkpt>
      <trkpt lat="46.9106526" lon="7.4388343">
        <ele>640.4000000000001</ele>
        <time>2026-09-10T11:20:22.811Z</time>
      </trkpt>
      <trkpt lat="46.9106444" lon="7.4388738">
        <ele>640.5999999999999</ele>
        <time>2026-09-10T11:20:22.811Z</time>
      </trkpt>
      <trkpt lat="46.9106372" lon="7.4389085">
        <ele>640.8</ele>
        <time>2026-09-10T11:20:22.811Z</time>
      </trkpt>
      <trkpt lat="46.9106332" lon="7.4389459">
        <ele>640.8</ele>
        <time>2026-09-10T11:20:22.811Z</time>
      </trkpt>
      <trkpt lat="46.9106219" lon="7.4389826">
        <ele>641</ele>
        <time>2026-09-10T11:20:22.811Z</time>
      </trkpt>
      <trkpt lat="46.9106139" lon="7.4390186">
        <ele>641</ele>
        <time>2026-09-10T11:20:22.811Z</time>
      </trkpt>
      <trkpt lat="46.9106065" lon="7.4390541">
        <ele>641.2</ele>
        <time>2026-09-10T11:20:22.811Z</time>
      </trkpt>
      <trkpt lat="46.9105948" lon="7.4390935">
        <ele>641.2</ele>
        <time>2026-09-10T11:20:22.811Z</time>
      </trkpt>
      <trkpt lat="46.9105837" lon="7.4391312">
        <ele>641.4000000000001</ele>
        <time>2026-09-10T11:20:22.811Z</time>
      </trkpt>
      <trkpt lat="46.9105758" lon="7.4391702">
        <ele>641.4000000000001</ele>
        <time>2026-09-10T11:20:22.811Z</time>
      </trkpt>
      <trkpt lat="46.9105682" lon="7.4392085">
        <ele>641.4000000000001</ele>
        <time>2026-09-10T11:20:22.811Z</time>
      </trkpt>
      <trkpt lat="46.9105606" lon="7.4392465">
        <ele>641.5999999999999</ele>
        <time>2026-09-10T11:20:22.811Z</time>
      </trkpt>
      <trkpt lat="46.9105568" lon="7.4392842">
        <ele>641.5999999999999</ele>
        <time>2026-09-10T11:20:22.811Z</time>
      </trkpt>
      <trkpt lat="46.9105491" lon="7.4393235">
        <ele>641.5999999999999</ele>
        <time>2026-09-10T11:20:22.811Z</time>
      </trkpt>
      <trkpt lat="46.9105454" lon="7.4393613">
        <ele>641.8</ele>
        <time>2026-09-10T11:20:22.811Z</time>
      </trkpt>
      <trkpt lat="46.9105416" lon="7.4393997">
        <ele>641.8</ele>
        <time>2026-09-10T11:20:22.811Z</time>
      </trkpt>
      <trkpt lat="46.9105377" lon="7.4394363">
        <ele>641.8</ele>
        <time>2026-09-10T11:20:22.811Z</time>
      </trkpt>
      <trkpt lat="46.9105303" lon="7.4394742">
        <ele>642</ele>
        <time>2026-09-10T11:20:22.811Z</time>
      </trkpt>
      <trkpt lat="46.910523" lon="7.4395093">
        <ele>642.2</ele>
        <time>2026-09-10T11:20:22.811Z</time>
      </trkpt>
      <trkpt lat="46.9105149" lon="7.4395497">
        <ele>642.4000000000001</ele>
        <time>2026-09-10T11:20:22.811Z</time>
      </trkpt>
      <trkpt lat="46.9105072" lon="7.4395865">
        <ele>642.5999999999999</ele>
        <time>2026-09-10T11:20:22.811Z</time>
      </trkpt>
      <trkpt lat="46.9104995" lon="7.4396235">
        <ele>642.8</ele>
        <time>2026-09-10T11:20:22.811Z</time>
      </trkpt>
      <trkpt lat="46.9104884" lon="7.4396592">
        <ele>643</ele>
        <time>2026-09-10T11:20:22.811Z</time>
      </trkpt>
      <trkpt lat="46.9104768" lon="7.4396945">
        <ele>643</ele>
        <time>2026-09-10T11:20:22.811Z</time>
      </trkpt>
      <trkpt lat="46.9104729" lon="7.439733">
        <ele>643.2</ele>
        <time>2026-09-10T11:20:22.811Z</time>
      </trkpt>
      <trkpt lat="46.9104657" lon="7.4397694">
        <ele>643.4000000000001</ele>
        <time>2026-09-10T11:20:22.811Z</time>
      </trkpt>
      <trkpt lat="46.9104542" lon="7.4398071">
        <ele>643.4000000000001</ele>
        <time>2026-09-10T11:20:22.811Z</time>
      </trkpt>
      <trkpt lat="46.9104501" lon="7.4398435">
        <ele>643.5999999999999</ele>
        <time>2026-09-10T11:20:22.811Z</time>
      </trkpt>
      <trkpt lat="46.9104388" lon="7.4398823">
        <ele>643.8</ele>
        <time>2026-09-10T11:20:22.811Z</time>
      </trkpt>
      <trkpt lat="46.9104348" lon="7.4399196">
        <ele>643.8</ele>
        <time>2026-09-10T11:20:22.811Z</time>
      </trkpt>
      <trkpt lat="46.9104268" lon="7.4399592">
        <ele>643.8</ele>
        <time>2026-09-10T11:20:22.811Z</time>
      </trkpt>
      <trkpt lat="46.9104159" lon="7.4399958">
        <ele>643.8</ele>
        <time>2026-09-10T11:20:22.811Z</time>
      </trkpt>
      <trkpt lat="46.9104044" lon="7.4400344">
        <ele>643.8</ele>
        <time>2026-09-10T11:20:22.811Z</time>
      </trkpt>
      <trkpt lat="46.9103965" lon="7.4400752">
        <ele>643.5999999999999</ele>
        <time>2026-09-10T11:20:22.811Z</time>
      </trkpt>
      <trkpt lat="46.910385" lon="7.4401176">
        <ele>643.5999999999999</ele>
        <time>2026-09-10T11:20:22.811Z</time>
      </trkpt>
      <trkpt lat="46.9103778" lon="7.4401548">
        <ele>643.5999999999999</ele>
        <time>2026-09-10T11:20:22.811Z</time>
      </trkpt>
      <trkpt lat="46.9103703" lon="7.4401956">
        <ele>643.5999999999999</ele>
        <time>2026-09-10T11:20:22.811Z</time>
      </trkpt>
      <trkpt lat="46.9103586" lon="7.4402411">
        <ele>643.5999999999999</ele>
        <time>2026-09-10T11:20:22.811Z</time>
      </trkpt>
      <trkpt lat="46.9103508" lon="7.4402849">
        <ele>643.8</ele>
        <time>2026-09-10T11:20:22.811Z</time>
      </trkpt>
      <trkpt lat="46.91034" lon="7.4403244">
        <ele>643.8</ele>
        <time>2026-09-10T11:20:22.811Z</time>
      </trkpt>
      <trkpt lat="46.9103282" lon="7.4403671">
        <ele>643.8</ele>
        <time>2026-09-10T11:20:22.811Z</time>
      </trkpt>
      <trkpt lat="46.9103169" lon="7.44041">
        <ele>643.8</ele>
        <time>2026-09-10T11:20:22.811Z</time>
      </trkpt>
      <trkpt lat="46.9103056" lon="7.440453">
        <ele>643.8</ele>
        <time>2026-09-10T11:20:22.811Z</time>
      </trkpt>
      <trkpt lat="46.9102939" lon="7.4404986">
        <ele>643.8</ele>
        <time>2026-09-10T11:20:22.811Z</time>
      </trkpt>
      <trkpt lat="46.910282" lon="7.4405437">
        <ele>643.8</ele>
        <time>2026-09-10T11:20:22.811Z</time>
      </trkpt>
      <trkpt lat="46.9102748" lon="7.4405866">
        <ele>643.8</ele>
        <time>2026-09-10T11:20:22.811Z</time>
      </trkpt>
      <trkpt lat="46.9102632" lon="7.4406326">
        <ele>643.5999999999999</ele>
        <time>2026-09-10T11:20:22.811Z</time>
      </trkpt>
      <trkpt lat="46.9102522" lon="7.4406761">
        <ele>643.5999999999999</ele>
        <time>2026-09-10T11:20:22.811Z</time>
      </trkpt>
      <trkpt lat="46.9102406" lon="7.4407217">
        <ele>643.5999999999999</ele>
        <time>2026-09-10T11:20:22.811Z</time>
      </trkpt>
      <trkpt lat="46.9102289" lon="7.4407672">
        <ele>643.8</ele>
        <time>2026-09-10T11:20:22.811Z</time>
      </trkpt>
      <trkpt lat="46.9102134" lon="7.4408123">
        <ele>643.8</ele>
        <time>2026-09-10T11:20:22.811Z</time>
      </trkpt>
      <trkpt lat="46.9102062" lon="7.440854">
        <ele>643.8</ele>
        <time>2026-09-10T11:20:22.811Z</time>
      </trkpt>
      <trkpt lat="46.9101908" lon="7.4409012">
        <ele>643.8</ele>
        <time>2026-09-10T11:20:22.811Z</time>
      </trkpt>
      <trkpt lat="46.9101793" lon="7.4409459">
        <ele>644</ele>
        <time>2026-09-10T11:20:22.811Z</time>
      </trkpt>
      <trkpt lat="46.9101653" lon="7.4409888">
        <ele>644</ele>
        <time>2026-09-10T11:20:22.811Z</time>
      </trkpt>
      <trkpt lat="46.9101565" lon="7.4410384">
        <ele>644</ele>
        <time>2026-09-10T11:20:22.811Z</time>
      </trkpt>
      <trkpt lat="46.910145" lon="7.4410859">
        <ele>644</ele>
        <time>2026-09-10T11:20:22.811Z</time>
      </trkpt>
      <trkpt lat="46.910134" lon="7.4411293">
        <ele>644</ele>
        <time>2026-09-10T11:20:22.811Z</time>
      </trkpt>
      <trkpt lat="46.9101188" lon="7.4411749">
        <ele>644.2</ele>
        <time>2026-09-10T11:20:22.811Z</time>
      </trkpt>
      <trkpt lat="46.9101069" lon="7.4412207">
        <ele>644.2</ele>
        <time>2026-09-10T11:20:22.811Z</time>
      </trkpt>
      <trkpt lat="46.9100953" lon="7.4412645">
        <ele>644.2</ele>
        <time>2026-09-10T11:20:22.811Z</time>
      </trkpt>
      <trkpt lat="46.9100805" lon="7.4413101">
        <ele>644.2</ele>
        <time>2026-09-10T11:20:22.811Z</time>
      </trkpt>
      <trkpt lat="46.9100646" lon="7.4413558">
        <ele>644.2</ele>
        <time>2026-09-10T11:20:22.811Z</time>
      </trkpt>
      <trkpt lat="46.9100538" lon="7.4413961">
        <ele>644.4000000000001</ele>
        <time>2026-09-10T11:20:22.811Z</time>
      </trkpt>
      <trkpt lat="46.9100417" lon="7.4414439">
        <ele>644.4000000000001</ele>
        <time>2026-09-10T11:20:22.811Z</time>
      </trkpt>
      <trkpt lat="46.9100306" lon="7.4414858">
        <ele>644.4000000000001</ele>
        <time>2026-09-10T11:20:22.811Z</time>
      </trkpt>
      <trkpt lat="46.9100153" lon="7.4415297">
        <ele>644.4000000000001</ele>
        <time>2026-09-10T11:20:22.811Z</time>
      </trkpt>
      <trkpt lat="46.9100002" lon="7.441574">
        <ele>644.5999999999999</ele>
        <time>2026-09-10T11:20:22.811Z</time>
      </trkpt>
      <trkpt lat="46.9099885" lon="7.4416198">
        <ele>644.5999999999999</ele>
        <time>2026-09-10T11:20:22.811Z</time>
      </trkpt>
      <trkpt lat="46.909974" lon="7.4416628">
        <ele>644.5999999999999</ele>
        <time>2026-09-10T11:20:22.811Z</time>
      </trkpt>
      <trkpt lat="46.9099581" lon="7.4417094">
        <ele>644.5999999999999</ele>
        <time>2026-09-10T11:20:22.811Z</time>
      </trkpt>
      <trkpt lat="46.9099429" lon="7.4417509">
        <ele>644.5999999999999</ele>
        <time>2026-09-10T11:20:22.811Z</time>
      </trkpt>
      <trkpt lat="46.9099322" lon="7.4417896">
        <ele>644.5999999999999</ele>
        <time>2026-09-10T11:20:22.811Z</time>
      </trkpt>
      <trkpt lat="46.9099186" lon="7.4418309">
        <ele>644.8</ele>
        <time>2026-09-10T11:20:22.811Z</time>
      </trkpt>
      <trkpt lat="46.9099048" lon="7.4418726">
        <ele>644.8</ele>
        <time>2026-09-10T11:20:22.811Z</time>
      </trkpt>
      <trkpt lat="46.9098898" lon="7.4419084">
        <ele>644.8</ele>
        <time>2026-09-10T11:20:22.811Z</time>
      </trkpt>
      <trkpt lat="46.9098746" lon="7.44195">
        <ele>645</ele>
        <time>2026-09-10T11:20:22.811Z</time>
      </trkpt>
      <trkpt lat="46.9098628" lon="7.4419907">
        <ele>645</ele>
        <time>2026-09-10T11:20:22.811Z</time>
      </trkpt>
      <trkpt lat="46.9098467" lon="7.4420332">
        <ele>645</ele>
        <time>2026-09-10T11:20:22.811Z</time>
      </trkpt>
      <trkpt lat="46.9098323" lon="7.4420705">
        <ele>645.2</ele>
        <time>2026-09-10T11:20:22.811Z</time>
      </trkpt>
      <trkpt lat="46.9098202" lon="7.4421122">
        <ele>645.2</ele>
        <time>2026-09-10T11:20:22.811Z</time>
      </trkpt>
      <trkpt lat="46.9098057" lon="7.4421503">
        <ele>645.4000000000001</ele>
        <time>2026-09-10T11:20:22.812Z</time>
      </trkpt>
      <trkpt lat="46.9097901" lon="7.4421915">
        <ele>645.5999999999999</ele>
        <time>2026-09-10T11:20:22.812Z</time>
      </trkpt>
      <trkpt lat="46.9097751" lon="7.4422307">
        <ele>645.5999999999999</ele>
        <time>2026-09-10T11:20:22.812Z</time>
      </trkpt>
      <trkpt lat="46.909764" lon="7.4422676">
        <ele>645.8</ele>
        <time>2026-09-10T11:20:22.812Z</time>
      </trkpt>
      <trkpt lat="46.9097508" lon="7.4423059">
        <ele>646</ele>
        <time>2026-09-10T11:20:22.812Z</time>
      </trkpt>
      <trkpt lat="46.9097374" lon="7.4423442">
        <ele>646</ele>
        <time>2026-09-10T11:20:22.812Z</time>
      </trkpt>
      <trkpt lat="46.9097221" lon="7.4423834">
        <ele>646.2</ele>
        <time>2026-09-10T11:20:22.812Z</time>
      </trkpt>
      <trkpt lat="46.9097108" lon="7.4424188">
        <ele>646.4000000000001</ele>
        <time>2026-09-10T11:20:22.812Z</time>
      </trkpt>
      <trkpt lat="46.9096951" lon="7.4424572">
        <ele>646.5999999999999</ele>
        <time>2026-09-10T11:20:22.812Z</time>
      </trkpt>
      <trkpt lat="46.9096837" lon="7.4424952">
        <ele>646.5999999999999</ele>
        <time>2026-09-10T11:20:22.812Z</time>
      </trkpt>
      <trkpt lat="46.9096685" lon="7.4425335">
        <ele>646.5999999999999</ele>
        <time>2026-09-10T11:20:22.812Z</time>
      </trkpt>
      <trkpt lat="46.9096566" lon="7.4425745">
        <ele>646.5999999999999</ele>
        <time>2026-09-10T11:20:22.812Z</time>
      </trkpt>
      <trkpt lat="46.9096454" lon="7.4426139">
        <ele>646.8</ele>
        <time>2026-09-10T11:20:22.812Z</time>
      </trkpt>
      <trkpt lat="46.9096301" lon="7.4426556">
        <ele>646.8</ele>
        <time>2026-09-10T11:20:22.812Z</time>
      </trkpt>
      <trkpt lat="46.9096138" lon="7.4426985">
        <ele>646.8</ele>
        <time>2026-09-10T11:20:22.812Z</time>
      </trkpt>
      <trkpt lat="46.9096001" lon="7.4427331">
        <ele>647</ele>
        <time>2026-09-10T11:20:22.812Z</time>
      </trkpt>
      <trkpt lat="46.909584" lon="7.4427736">
        <ele>647</ele>
        <time>2026-09-10T11:20:22.812Z</time>
      </trkpt>
      <trkpt lat="46.9095732" lon="7.4428081">
        <ele>647.2</ele>
        <time>2026-09-10T11:20:22.812Z</time>
      </trkpt>
      <trkpt lat="46.9095581" lon="7.4428449">
        <ele>647.4000000000001</ele>
        <time>2026-09-10T11:20:22.812Z</time>
      </trkpt>
      <trkpt lat="46.9095427" lon="7.4428819">
        <ele>647.4000000000001</ele>
        <time>2026-09-10T11:20:22.812Z</time>
      </trkpt>
      <trkpt lat="46.9095309" lon="7.4429193">
        <ele>647.5999999999999</ele>
        <time>2026-09-10T11:20:22.812Z</time>
      </trkpt>
      <trkpt lat="46.909515" lon="7.4429561">
        <ele>647.8</ele>
        <time>2026-09-10T11:20:22.812Z</time>
      </trkpt>
      <trkpt lat="46.9095042" lon="7.4429876">
        <ele>647.8</ele>
        <time>2026-09-10T11:20:22.812Z</time>
      </trkpt>
      <trkpt lat="46.9094928" lon="7.443021">
        <ele>648</ele>
        <time>2026-09-10T11:20:22.812Z</time>
      </trkpt>
      <trkpt lat="46.9094809" lon="7.4430558">
        <ele>648</ele>
        <time>2026-09-10T11:20:22.812Z</time>
      </trkpt>
      <trkpt lat="46.90947" lon="7.4430887">
        <ele>648.2</ele>
        <time>2026-09-10T11:20:22.812Z</time>
      </trkpt>
      <trkpt lat="46.9094545" lon="7.4431228">
        <ele>648.4000000000001</ele>
        <time>2026-09-10T11:20:22.812Z</time>
      </trkpt>
      <trkpt lat="46.9094437" lon="7.4431526">
        <ele>648.4000000000001</ele>
        <time>2026-09-10T11:20:22.812Z</time>
      </trkpt>
      <trkpt lat="46.9094319" lon="7.4431868">
        <ele>648.5999999999999</ele>
        <time>2026-09-10T11:20:22.812Z</time>
      </trkpt>
      <trkpt lat="46.9094169" lon="7.443221">
        <ele>648.8</ele>
        <time>2026-09-10T11:20:22.812Z</time>
      </trkpt>
      <trkpt lat="46.9094017" lon="7.4432552">
        <ele>648.8</ele>
        <time>2026-09-10T11:20:22.812Z</time>
      </trkpt>
      <trkpt lat="46.9093903" lon="7.4432892">
        <ele>649.2</ele>
        <time>2026-09-10T11:20:22.812Z</time>
      </trkpt>
      <trkpt lat="46.909377" lon="7.4433245">
        <ele>649.4000000000001</ele>
        <time>2026-09-10T11:20:22.812Z</time>
      </trkpt>
      <trkpt lat="46.9093635" lon="7.4433599">
        <ele>649.5999999999999</ele>
        <time>2026-09-10T11:20:22.812Z</time>
      </trkpt>
      <trkpt lat="46.9093479" lon="7.4433944">
        <ele>649.5999999999999</ele>
        <time>2026-09-10T11:20:22.812Z</time>
      </trkpt>
      <trkpt lat="46.9093316" lon="7.4434321">
        <ele>649.5999999999999</ele>
        <time>2026-09-10T11:20:22.812Z</time>
      </trkpt>
      <trkpt lat="46.9093206" lon="7.443464">
        <ele>649.8</ele>
        <time>2026-09-10T11:20:22.812Z</time>
      </trkpt>
      <trkpt lat="46.909309" lon="7.443499">
        <ele>650</ele>
        <time>2026-09-10T11:20:22.812Z</time>
      </trkpt>
      <trkpt lat="46.9092937" lon="7.4435343">
        <ele>650</ele>
        <time>2026-09-10T11:20:22.812Z</time>
      </trkpt>
      <trkpt lat="46.9092786" lon="7.4435676">
        <ele>650</ele>
        <time>2026-09-10T11:20:22.812Z</time>
      </trkpt>
      <trkpt lat="46.909267" lon="7.4436016">
        <ele>650</ele>
        <time>2026-09-10T11:20:22.812Z</time>
      </trkpt>
      <trkpt lat="46.909255" lon="7.4436372">
        <ele>650</ele>
        <time>2026-09-10T11:20:22.812Z</time>
      </trkpt>
      <trkpt lat="46.9092405" lon="7.443669">
        <ele>650.2</ele>
        <time>2026-09-10T11:20:22.812Z</time>
      </trkpt>
      <trkpt lat="46.9092289" lon="7.4437043">
        <ele>650.2</ele>
        <time>2026-09-10T11:20:22.812Z</time>
      </trkpt>
      <trkpt lat="46.9092172" lon="7.4437366">
        <ele>650.2</ele>
        <time>2026-09-10T11:20:22.812Z</time>
      </trkpt>
      <trkpt lat="46.9092072" lon="7.4437645">
        <ele>650.4000000000001</ele>
        <time>2026-09-10T11:20:22.812Z</time>
      </trkpt>
      <trkpt lat="46.9091932" lon="7.4437996">
        <ele>650.5999999999999</ele>
        <time>2026-09-10T11:20:22.812Z</time>
      </trkpt>
      <trkpt lat="46.9091791" lon="7.4438351">
        <ele>650.5999999999999</ele>
        <time>2026-09-10T11:20:22.812Z</time>
      </trkpt>
      <trkpt lat="46.909168" lon="7.4438676">
        <ele>650.8</ele>
        <time>2026-09-10T11:20:22.812Z</time>
      </trkpt>
      <trkpt lat="46.9091562" lon="7.4439029">
        <ele>650.8</ele>
        <time>2026-09-10T11:20:22.812Z</time>
      </trkpt>
      <trkpt lat="46.9091411" lon="7.4439381">
        <ele>650.8</ele>
        <time>2026-09-10T11:20:22.812Z</time>
      </trkpt>
      <trkpt lat="46.9091297" lon="7.4439711">
        <ele>650.8</ele>
        <time>2026-09-10T11:20:22.812Z</time>
      </trkpt>
      <trkpt lat="46.909118" lon="7.4440049">
        <ele>650.8</ele>
        <time>2026-09-10T11:20:22.812Z</time>
      </trkpt>
      <trkpt lat="46.9091066" lon="7.4440383">
        <ele>651</ele>
        <time>2026-09-10T11:20:22.812Z</time>
      </trkpt>
      <trkpt lat="46.9090954" lon="7.4440707">
        <ele>651</ele>
        <time>2026-09-10T11:20:22.812Z</time>
      </trkpt>
      <trkpt lat="46.9090798" lon="7.4441073">
        <ele>651.2</ele>
        <time>2026-09-10T11:20:22.812Z</time>
      </trkpt>
      <trkpt lat="46.9090686" lon="7.4441413">
        <ele>651.2</ele>
        <time>2026-09-10T11:20:22.812Z</time>
      </trkpt>
      <trkpt lat="46.9090577" lon="7.4441733">
        <ele>651.2</ele>
        <time>2026-09-10T11:20:22.812Z</time>
      </trkpt>
      <trkpt lat="46.9090417" lon="7.4442101">
        <ele>651.4000000000001</ele>
        <time>2026-09-10T11:20:22.812Z</time>
      </trkpt>
      <trkpt lat="46.9090302" lon="7.4442472">
        <ele>651.4000000000001</ele>
        <time>2026-09-10T11:20:22.812Z</time>
      </trkpt>
      <trkpt lat="46.9090189" lon="7.4442829">
        <ele>651.5999999999999</ele>
        <time>2026-09-10T11:20:22.812Z</time>
      </trkpt>
      <trkpt lat="46.9090037" lon="7.44432">
        <ele>651.8</ele>
        <time>2026-09-10T11:20:22.812Z</time>
      </trkpt>
      <trkpt lat="46.9089922" lon="7.4443583">
        <ele>651.8</ele>
        <time>2026-09-10T11:20:22.812Z</time>
      </trkpt>
      <trkpt lat="46.9089822" lon="7.4443902">
        <ele>651.8</ele>
        <time>2026-09-10T11:20:22.812Z</time>
      </trkpt>
      <trkpt lat="46.9089704" lon="7.44443">
        <ele>652</ele>
        <time>2026-09-10T11:20:22.812Z</time>
      </trkpt>
      <trkpt lat="46.9089585" lon="7.4444697">
        <ele>652</ele>
        <time>2026-09-10T11:20:22.812Z</time>
      </trkpt>
      <trkpt lat="46.9089441" lon="7.4445063">
        <ele>652</ele>
        <time>2026-09-10T11:20:22.812Z</time>
      </trkpt>
      <trkpt lat="46.9089323" lon="7.444545">
        <ele>652.2</ele>
        <time>2026-09-10T11:20:22.812Z</time>
      </trkpt>
      <trkpt lat="46.9089206" lon="7.4445837">
        <ele>652.2</ele>
        <time>2026-09-10T11:20:22.812Z</time>
      </trkpt>
      <trkpt lat="46.9089092" lon="7.4446237">
        <ele>652.2</ele>
        <time>2026-09-10T11:20:22.812Z</time>
      </trkpt>
      <trkpt lat="46.9088975" lon="7.4446648">
        <ele>652.2</ele>
        <time>2026-09-10T11:20:22.812Z</time>
      </trkpt>
      <trkpt lat="46.9088896" lon="7.4447056">
        <ele>652.4000000000001</ele>
        <time>2026-09-10T11:20:22.812Z</time>
      </trkpt>
      <trkpt lat="46.9088786" lon="7.4447421">
        <ele>652.4000000000001</ele>
        <time>2026-09-10T11:20:22.812Z</time>
      </trkpt>
      <trkpt lat="46.908871" lon="7.4447816">
        <ele>652.4000000000001</ele>
        <time>2026-09-10T11:20:22.812Z</time>
      </trkpt>
      <trkpt lat="46.908867" lon="7.4448223">
        <ele>652.4000000000001</ele>
        <time>2026-09-10T11:20:22.812Z</time>
      </trkpt>
      <trkpt lat="46.9088593" lon="7.4448629">
        <ele>652.4000000000001</ele>
        <time>2026-09-10T11:20:22.812Z</time>
      </trkpt>
      <trkpt lat="46.9088518" lon="7.4449058">
        <ele>652.5999999999999</ele>
        <time>2026-09-10T11:20:22.812Z</time>
      </trkpt>
      <trkpt lat="46.9088479" lon="7.4449475">
        <ele>652.8</ele>
        <time>2026-09-10T11:20:22.813Z</time>
      </trkpt>
      <trkpt lat="46.9088401" lon="7.4449925">
        <ele>653</ele>
        <time>2026-09-10T11:20:22.813Z</time>
      </trkpt>
      <trkpt lat="46.9088329" lon="7.4450351">
        <ele>653</ele>
        <time>2026-09-10T11:20:22.813Z</time>
      </trkpt>
      <trkpt lat="46.9088251" lon="7.4450787">
        <ele>653.2</ele>
        <time>2026-09-10T11:20:22.813Z</time>
      </trkpt>
      <trkpt lat="46.9088214" lon="7.44512">
        <ele>653.2</ele>
        <time>2026-09-10T11:20:22.813Z</time>
      </trkpt>
      <trkpt lat="46.9088134" lon="7.4451671">
        <ele>653.4000000000001</ele>
        <time>2026-09-10T11:20:22.813Z</time>
      </trkpt>
      <trkpt lat="46.9088054" lon="7.4452122">
        <ele>653.4000000000001</ele>
        <time>2026-09-10T11:20:22.813Z</time>
      </trkpt>
      <trkpt lat="46.9087984" lon="7.4452524">
        <ele>653.4000000000001</ele>
        <time>2026-09-10T11:20:22.813Z</time>
      </trkpt>
      <trkpt lat="46.9087982" lon="7.4452967">
        <ele>653.5999999999999</ele>
        <time>2026-09-10T11:20:22.813Z</time>
      </trkpt>
      <trkpt lat="46.9087904" lon="7.4453405">
        <ele>653.5999999999999</ele>
        <time>2026-09-10T11:20:22.813Z</time>
      </trkpt>
      <trkpt lat="46.9087871" lon="7.4453779">
        <ele>653.8</ele>
        <time>2026-09-10T11:20:22.813Z</time>
      </trkpt>
      <trkpt lat="46.9087795" lon="7.4454214">
        <ele>654</ele>
        <time>2026-09-10T11:20:22.813Z</time>
      </trkpt>
      <trkpt lat="46.9087715" lon="7.4454682">
        <ele>654.2</ele>
        <time>2026-09-10T11:20:22.813Z</time>
      </trkpt>
      <trkpt lat="46.9087715" lon="7.4455068">
        <ele>654.4000000000001</ele>
        <time>2026-09-10T11:20:22.813Z</time>
      </trkpt>
      <trkpt lat="46.908764" lon="7.4455527">
        <ele>654.5999999999999</ele>
        <time>2026-09-10T11:20:22.813Z</time>
      </trkpt>
      <trkpt lat="46.9087599" lon="7.4455962">
        <ele>654.8</ele>
        <time>2026-09-10T11:20:22.813Z</time>
      </trkpt>
      <trkpt lat="46.9087563" lon="7.4456325">
        <ele>654.8</ele>
        <time>2026-09-10T11:20:22.813Z</time>
      </trkpt>
      <trkpt lat="46.9087526" lon="7.4456697">
        <ele>655</ele>
        <time>2026-09-10T11:20:22.813Z</time>
      </trkpt>
      <trkpt lat="46.9087488" lon="7.4457074">
        <ele>655</ele>
        <time>2026-09-10T11:20:22.813Z</time>
      </trkpt>
      <trkpt lat="46.908745" lon="7.4457451">
        <ele>655.2</ele>
        <time>2026-09-10T11:20:22.813Z</time>
      </trkpt>
      <trkpt lat="46.9087411" lon="7.4457825">
        <ele>655.4000000000001</ele>
        <time>2026-09-10T11:20:22.813Z</time>
      </trkpt>
      <trkpt lat="46.9087372" lon="7.4458193">
        <ele>655.4000000000001</ele>
        <time>2026-09-10T11:20:22.813Z</time>
      </trkpt>
      <trkpt lat="46.9087335" lon="7.4458548">
        <ele>655.5999999999999</ele>
        <time>2026-09-10T11:20:22.813Z</time>
      </trkpt>
      <trkpt lat="46.9087334" lon="7.4458929">
        <ele>655.5999999999999</ele>
        <time>2026-09-10T11:20:22.813Z</time>
      </trkpt>
      <trkpt lat="46.9087295" lon="7.4459307">
        <ele>655.8</ele>
        <time>2026-09-10T11:20:22.813Z</time>
      </trkpt>
      <trkpt lat="46.9087259" lon="7.4459665">
        <ele>656</ele>
        <time>2026-09-10T11:20:22.813Z</time>
      </trkpt>
      <trkpt lat="46.908722" lon="7.4460047">
        <ele>656.2</ele>
        <time>2026-09-10T11:20:22.813Z</time>
      </trkpt>
      <trkpt lat="46.9087181" lon="7.4460454">
        <ele>656.4000000000001</ele>
        <time>2026-09-10T11:20:22.813Z</time>
      </trkpt>
      <trkpt lat="46.9087181" lon="7.4460794">
        <ele>656.4000000000001</ele>
        <time>2026-09-10T11:20:22.813Z</time>
      </trkpt>
      <trkpt lat="46.9087144" lon="7.4461172">
        <ele>656.4000000000001</ele>
        <time>2026-09-10T11:20:22.813Z</time>
      </trkpt>
      <trkpt lat="46.9087143" lon="7.4461572">
        <ele>656.4000000000001</ele>
        <time>2026-09-10T11:20:22.813Z</time>
      </trkpt>
      <trkpt lat="46.9087106" lon="7.4461975">
        <ele>656.2</ele>
        <time>2026-09-10T11:20:22.813Z</time>
      </trkpt>
      <trkpt lat="46.9087105" lon="7.4462423">
        <ele>656.2</ele>
        <time>2026-09-10T11:20:22.813Z</time>
      </trkpt>
      <trkpt lat="46.9087105" lon="7.4462809">
        <ele>656.2</ele>
        <time>2026-09-10T11:20:22.813Z</time>
      </trkpt>
      <trkpt lat="46.9087105" lon="7.4463239">
        <ele>656.2</ele>
        <time>2026-09-10T11:20:22.813Z</time>
      </trkpt>
      <trkpt lat="46.9087102" lon="7.4463695">
        <ele>656.4000000000001</ele>
        <time>2026-09-10T11:20:22.813Z</time>
      </trkpt>
      <trkpt lat="46.9087068" lon="7.4464092">
        <ele>656.4000000000001</ele>
        <time>2026-09-10T11:20:22.813Z</time>
      </trkpt>
      <trkpt lat="46.9087067" lon="7.4464526">
        <ele>656.2</ele>
        <time>2026-09-10T11:20:22.813Z</time>
      </trkpt>
      <trkpt lat="46.9087067" lon="7.4464979">
        <ele>656.2</ele>
        <time>2026-09-10T11:20:22.813Z</time>
      </trkpt>
      <trkpt lat="46.9087067" lon="7.4465403">
        <ele>656</ele>
        <time>2026-09-10T11:20:22.813Z</time>
      </trkpt>
      <trkpt lat="46.9087033" lon="7.4465839">
        <ele>656</ele>
        <time>2026-09-10T11:20:22.813Z</time>
      </trkpt>
      <trkpt lat="46.9087029" lon="7.4466337">
        <ele>656</ele>
        <time>2026-09-10T11:20:22.813Z</time>
      </trkpt>
      <trkpt lat="46.9087031" lon="7.4466847">
        <ele>656</ele>
        <time>2026-09-10T11:20:22.813Z</time>
      </trkpt>
      <trkpt lat="46.9087066" lon="7.4467273">
        <ele>656</ele>
        <time>2026-09-10T11:20:22.813Z</time>
      </trkpt>
      <trkpt lat="46.9087067" lon="7.446773">
        <ele>656.2</ele>
        <time>2026-09-10T11:20:22.813Z</time>
      </trkpt>
      <trkpt lat="46.9087048" lon="7.4468186">
        <ele>656.2</ele>
        <time>2026-09-10T11:20:22.813Z</time>
      </trkpt>
      <trkpt lat="46.9087029" lon="7.4468641">
        <ele>656.2</ele>
        <time>2026-09-10T11:20:22.813Z</time>
      </trkpt>
      <trkpt lat="46.9087029" lon="7.4469092">
        <ele>656.2</ele>
        <time>2026-09-10T11:20:22.813Z</time>
      </trkpt>
      <trkpt lat="46.9087029" lon="7.4469603">
        <ele>656</ele>
        <time>2026-09-10T11:20:22.813Z</time>
      </trkpt>
      <trkpt lat="46.9086992" lon="7.4470056">
        <ele>656</ele>
        <time>2026-09-10T11:20:22.813Z</time>
      </trkpt>
      <trkpt lat="46.9086989" lon="7.4470534">
        <ele>656.2</ele>
        <time>2026-09-10T11:20:22.813Z</time>
      </trkpt>
      <trkpt lat="46.9086952" lon="7.4470966">
        <ele>656.4000000000001</ele>
        <time>2026-09-10T11:20:22.813Z</time>
      </trkpt>
      <trkpt lat="46.9086915" lon="7.4471429">
        <ele>656.2</ele>
        <time>2026-09-10T11:20:22.813Z</time>
      </trkpt>
      <trkpt lat="46.9086832" lon="7.4471915">
        <ele>656.2</ele>
        <time>2026-09-10T11:20:22.813Z</time>
      </trkpt>
      <trkpt lat="46.9086762" lon="7.447233">
        <ele>656</ele>
        <time>2026-09-10T11:20:22.813Z</time>
      </trkpt>
      <trkpt lat="46.9086688" lon="7.447275">
        <ele>656</ele>
        <time>2026-09-10T11:20:22.813Z</time>
      </trkpt>
      <trkpt lat="46.9086647" lon="7.4473195">
        <ele>656</ele>
        <time>2026-09-10T11:20:22.813Z</time>
      </trkpt>
      <trkpt lat="46.9086535" lon="7.4473626">
        <ele>655.8</ele>
        <time>2026-09-10T11:20:22.813Z</time>
      </trkpt>
      <trkpt lat="46.9086454" lon="7.447408">
        <ele>655.8</ele>
        <time>2026-09-10T11:20:22.813Z</time>
      </trkpt>
      <trkpt lat="46.9086381" lon="7.4474495">
        <ele>655.8</ele>
        <time>2026-09-10T11:20:22.813Z</time>
      </trkpt>
      <trkpt lat="46.9086307" lon="7.4474899">
        <ele>655.8</ele>
        <time>2026-09-10T11:20:22.813Z</time>
      </trkpt>
      <trkpt lat="46.9086226" lon="7.447536">
        <ele>655.8</ele>
        <time>2026-09-10T11:20:22.813Z</time>
      </trkpt>
      <trkpt lat="46.9086152" lon="7.4475779">
        <ele>655.8</ele>
        <time>2026-09-10T11:20:22.813Z</time>
      </trkpt>
      <trkpt lat="46.9086075" lon="7.4476218">
        <ele>656</ele>
        <time>2026-09-10T11:20:22.813Z</time>
      </trkpt>
      <trkpt lat="46.9086034" lon="7.447669">
        <ele>656.2</ele>
        <time>2026-09-10T11:20:22.813Z</time>
      </trkpt>
      <trkpt lat="46.9085998" lon="7.4477111">
        <ele>656.2</ele>
        <time>2026-09-10T11:20:22.813Z</time>
      </trkpt>
      <trkpt lat="46.9085961" lon="7.4477582">
        <ele>656.2</ele>
        <time>2026-09-10T11:20:22.813Z</time>
      </trkpt>
      <trkpt lat="46.9085923" lon="7.4478038">
        <ele>656.2</ele>
        <time>2026-09-10T11:20:22.813Z</time>
      </trkpt>
      <trkpt lat="46.9085885" lon="7.4478453">
        <ele>656.2</ele>
        <time>2026-09-10T11:20:22.813Z</time>
      </trkpt>
      <trkpt lat="46.9085842" lon="7.4478923">
        <ele>656.4000000000001</ele>
        <time>2026-09-10T11:20:22.813Z</time>
      </trkpt>
      <trkpt lat="46.9085775" lon="7.4479336">
        <ele>656.4000000000001</ele>
        <time>2026-09-10T11:20:22.813Z</time>
      </trkpt>
      <trkpt lat="46.9085733" lon="7.4479781">
        <ele>656.4000000000001</ele>
        <time>2026-09-10T11:20:22.813Z</time>
      </trkpt>
      <trkpt lat="46.9085695" lon="7.4480223">
        <ele>656.5999999999999</ele>
        <time>2026-09-10T11:20:22.813Z</time>
      </trkpt>
      <trkpt lat="46.9085656" lon="7.4480664">
        <ele>656.5999999999999</ele>
        <time>2026-09-10T11:20:22.813Z</time>
      </trkpt>
      <trkpt lat="46.9085618" lon="7.4481124">
        <ele>656.5999999999999</ele>
        <time>2026-09-10T11:20:22.813Z</time>
      </trkpt>
      <trkpt lat="46.9085577" lon="7.448158">
        <ele>656.8</ele>
        <time>2026-09-10T11:20:22.813Z</time>
      </trkpt>
      <trkpt lat="46.9085508" lon="7.4481973">
        <ele>657</ele>
        <time>2026-09-10T11:20:22.813Z</time>
      </trkpt>
      <trkpt lat="46.9085465" lon="7.4482411">
        <ele>657.2</ele>
        <time>2026-09-10T11:20:22.813Z</time>
      </trkpt>
      <trkpt lat="46.9085386" lon="7.448288">
        <ele>657.2</ele>
        <time>2026-09-10T11:20:22.813Z</time>
      </trkpt>
      <trkpt lat="46.9085351" lon="7.4483243">
        <ele>657.4000000000001</ele>
        <time>2026-09-10T11:20:22.813Z</time>
      </trkpt>
      <trkpt lat="46.9085313" lon="7.4483622">
        <ele>657.5999999999999</ele>
        <time>2026-09-10T11:20:22.814Z</time>
      </trkpt>
      <trkpt lat="46.9085221" lon="7.4483985">
        <ele>657.8</ele>
        <time>2026-09-10T11:20:22.814Z</time>
      </trkpt>
      <trkpt lat="46.9085126" lon="7.4484349">
        <ele>658</ele>
        <time>2026-09-10T11:20:22.814Z</time>
      </trkpt>
      <trkpt lat="46.9085046" lon="7.4484744">
        <ele>658.4000000000001</ele>
        <time>2026-09-10T11:20:22.814Z</time>
      </trkpt>
      <trkpt lat="46.9084964" lon="7.4485138">
        <ele>658.5999999999999</ele>
        <time>2026-09-10T11:20:22.814Z</time>
      </trkpt>
      <trkpt lat="46.9084897" lon="7.4485462">
        <ele>658.5999999999999</ele>
        <time>2026-09-10T11:20:22.814Z</time>
      </trkpt>
      <trkpt lat="46.9084817" lon="7.4485845">
        <ele>658.5999999999999</ele>
        <time>2026-09-10T11:20:22.814Z</time>
      </trkpt>
      <trkpt lat="46.9084697" lon="7.4486202">
        <ele>658.5999999999999</ele>
        <time>2026-09-10T11:20:22.814Z</time>
      </trkpt>
      <trkpt lat="46.9084628" lon="7.4486506">
        <ele>658.4000000000001</ele>
        <time>2026-09-10T11:20:22.814Z</time>
      </trkpt>
      <trkpt lat="46.908455" lon="7.4486829">
        <ele>658.4000000000001</ele>
        <time>2026-09-10T11:20:22.814Z</time>
      </trkpt>
      <trkpt lat="46.908447" lon="7.4487164">
        <ele>658.5999999999999</ele>
        <time>2026-09-10T11:20:22.814Z</time>
      </trkpt>
      <trkpt lat="46.9084398" lon="7.4487458">
        <ele>658.5999999999999</ele>
        <time>2026-09-10T11:20:22.814Z</time>
      </trkpt>
      <trkpt lat="46.9084283" lon="7.4487778">
        <ele>658.8</ele>
        <time>2026-09-10T11:20:22.814Z</time>
      </trkpt>
      <trkpt lat="46.9084198" lon="7.4488122">
        <ele>658.8</ele>
        <time>2026-09-10T11:20:22.814Z</time>
      </trkpt>
      <trkpt lat="46.9084097" lon="7.4488399">
        <ele>659</ele>
        <time>2026-09-10T11:20:22.814Z</time>
      </trkpt>
      <trkpt lat="46.9084016" lon="7.4488746">
        <ele>659</ele>
        <time>2026-09-10T11:20:22.814Z</time>
      </trkpt>
      <trkpt lat="46.9083936" lon="7.4489088">
        <ele>659</ele>
        <time>2026-09-10T11:20:22.814Z</time>
      </trkpt>
      <trkpt lat="46.9083792" lon="7.4489385">
        <ele>659</ele>
        <time>2026-09-10T11:20:22.814Z</time>
      </trkpt>
      <trkpt lat="46.9083673" lon="7.4489726">
        <ele>659</ele>
        <time>2026-09-10T11:20:22.814Z</time>
      </trkpt>
      <trkpt lat="46.9083589" lon="7.4490106">
        <ele>659</ele>
        <time>2026-09-10T11:20:22.814Z</time>
      </trkpt>
      <trkpt lat="46.9083485" lon="7.449045">
        <ele>659</ele>
        <time>2026-09-10T11:20:22.814Z</time>
      </trkpt>
      <trkpt lat="46.9083405" lon="7.4490848">
        <ele>659.2</ele>
        <time>2026-09-10T11:20:22.814Z</time>
      </trkpt>
      <trkpt lat="46.9083364" lon="7.4491278">
        <ele>659.2</ele>
        <time>2026-09-10T11:20:22.814Z</time>
      </trkpt>
      <trkpt lat="46.9083329" lon="7.4491662">
        <ele>659.2</ele>
        <time>2026-09-10T11:20:22.814Z</time>
      </trkpt>
      <trkpt lat="46.9083291" lon="7.4492073">
        <ele>659.2</ele>
        <time>2026-09-10T11:20:22.814Z</time>
      </trkpt>
      <trkpt lat="46.9083248" lon="7.4492558">
        <ele>659.2</ele>
        <time>2026-09-10T11:20:22.814Z</time>
      </trkpt>
      <trkpt lat="46.9083177" lon="7.4492958">
        <ele>659.2</ele>
        <time>2026-09-10T11:20:22.814Z</time>
      </trkpt>
      <trkpt lat="46.9083063" lon="7.449341">
        <ele>659.2</ele>
        <time>2026-09-10T11:20:22.814Z</time>
      </trkpt>
      <trkpt lat="46.9082903" lon="7.4493927">
        <ele>659</ele>
        <time>2026-09-10T11:20:22.814Z</time>
      </trkpt>
      <trkpt lat="46.90828" lon="7.4494407">
        <ele>658.5999999999999</ele>
        <time>2026-09-10T11:20:22.814Z</time>
      </trkpt>
      <trkpt lat="46.9082692" lon="7.4494955">
        <ele>658.4000000000001</ele>
        <time>2026-09-10T11:20:22.814Z</time>
      </trkpt>
      <trkpt lat="46.9082596" lon="7.4495578">
        <ele>658.2</ele>
        <time>2026-09-10T11:20:22.814Z</time>
      </trkpt>
      <trkpt lat="46.9082502" lon="7.4496209">
        <ele>658</ele>
        <time>2026-09-10T11:20:22.814Z</time>
      </trkpt>
      <trkpt lat="46.9082453" lon="7.4496925">
        <ele>657.8</ele>
        <time>2026-09-10T11:20:22.814Z</time>
      </trkpt>
      <trkpt lat="46.9082361" lon="7.4497629">
        <ele>657.5999999999999</ele>
        <time>2026-09-10T11:20:22.814Z</time>
      </trkpt>
      <trkpt lat="46.9082267" lon="7.4498331">
        <ele>657.2</ele>
        <time>2026-09-10T11:20:22.814Z</time>
      </trkpt>
      <trkpt lat="46.9082151" lon="7.4499101">
        <ele>657</ele>
        <time>2026-09-10T11:20:22.814Z</time>
      </trkpt>
      <trkpt lat="46.9082027" lon="7.4499925">
        <ele>656.8</ele>
        <time>2026-09-10T11:20:22.814Z</time>
      </trkpt>
      <trkpt lat="46.9081959" lon="7.4500593">
        <ele>656.5999999999999</ele>
        <time>2026-09-10T11:20:22.814Z</time>
      </trkpt>
      <trkpt lat="46.9081848" lon="7.4501354">
        <ele>656.2</ele>
        <time>2026-09-10T11:20:22.814Z</time>
      </trkpt>
      <trkpt lat="46.9081765" lon="7.450216">
        <ele>656</ele>
        <time>2026-09-10T11:20:22.814Z</time>
      </trkpt>
      <trkpt lat="46.9081654" lon="7.4502908">
        <ele>656</ele>
        <time>2026-09-10T11:20:22.814Z</time>
      </trkpt>
      <trkpt lat="46.9081532" lon="7.4503739">
        <ele>655.8</ele>
        <time>2026-09-10T11:20:22.814Z</time>
      </trkpt>
      <trkpt lat="46.908146" lon="7.4504473">
        <ele>655.5999999999999</ele>
        <time>2026-09-10T11:20:22.814Z</time>
      </trkpt>
      <trkpt lat="46.9081385" lon="7.4505248">
        <ele>655.4000000000001</ele>
        <time>2026-09-10T11:20:22.814Z</time>
      </trkpt>
      <trkpt lat="46.908134" lon="7.4506133">
        <ele>655</ele>
        <time>2026-09-10T11:20:22.814Z</time>
      </trkpt>
      <trkpt lat="46.9081268" lon="7.4506915">
        <ele>654.5999999999999</ele>
        <time>2026-09-10T11:20:22.814Z</time>
      </trkpt>
      <trkpt lat="46.9081194" lon="7.4507741">
        <ele>654.2</ele>
        <time>2026-09-10T11:20:22.814Z</time>
      </trkpt>
      <trkpt lat="46.9081112" lon="7.4508697">
        <ele>654</ele>
        <time>2026-09-10T11:20:22.814Z</time>
      </trkpt>
      <trkpt lat="46.9081041" lon="7.4509514">
        <ele>654</ele>
        <time>2026-09-10T11:20:22.814Z</time>
      </trkpt>
      <trkpt lat="46.908097" lon="7.4510336">
        <ele>653.8</ele>
        <time>2026-09-10T11:20:22.814Z</time>
      </trkpt>
      <trkpt lat="46.9080855" lon="7.4511248">
        <ele>653.5999999999999</ele>
        <time>2026-09-10T11:20:22.814Z</time>
      </trkpt>
      <trkpt lat="46.9080735" lon="7.4512171">
        <ele>653.4000000000001</ele>
        <time>2026-09-10T11:20:22.814Z</time>
      </trkpt>
      <trkpt lat="46.908066" lon="7.4513056">
        <ele>653</ele>
        <time>2026-09-10T11:20:22.814Z</time>
      </trkpt>
      <trkpt lat="46.9080541" lon="7.4514017">
        <ele>652.4000000000001</ele>
        <time>2026-09-10T11:20:22.814Z</time>
      </trkpt>
      <trkpt lat="46.9080468" lon="7.4514862">
        <ele>652</ele>
        <time>2026-09-10T11:20:22.814Z</time>
      </trkpt>
      <trkpt lat="46.9080357" lon="7.4515703">
        <ele>651.8</ele>
        <time>2026-09-10T11:20:22.814Z</time>
      </trkpt>
      <trkpt lat="46.9080273" lon="7.4516613">
        <ele>651.5999999999999</ele>
        <time>2026-09-10T11:20:22.814Z</time>
      </trkpt>
      <trkpt lat="46.90802" lon="7.4517404">
        <ele>651.4000000000001</ele>
        <time>2026-09-10T11:20:22.815Z</time>
      </trkpt>
      <trkpt lat="46.9080129" lon="7.4518184">
        <ele>651.2</ele>
        <time>2026-09-10T11:20:22.815Z</time>
      </trkpt>
      <trkpt lat="46.9080085" lon="7.4519106">
        <ele>650.5999999999999</ele>
        <time>2026-09-10T11:20:22.815Z</time>
      </trkpt>
      <trkpt lat="46.9080048" lon="7.4519903">
        <ele>650.2</ele>
        <time>2026-09-10T11:20:22.815Z</time>
      </trkpt>
      <trkpt lat="46.9079973" lon="7.4520733">
        <ele>649.8</ele>
        <time>2026-09-10T11:20:22.815Z</time>
      </trkpt>
      <trkpt lat="46.907993" lon="7.4521586">
        <ele>649.5999999999999</ele>
        <time>2026-09-10T11:20:22.815Z</time>
      </trkpt>
      <trkpt lat="46.9079857" lon="7.4522365">
        <ele>649.5999999999999</ele>
        <time>2026-09-10T11:20:22.815Z</time>
      </trkpt>
      <trkpt lat="46.9079821" lon="7.4523121">
        <ele>649.4000000000001</ele>
        <time>2026-09-10T11:20:22.815Z</time>
      </trkpt>
      <trkpt lat="46.9079782" lon="7.4523924">
        <ele>649.2</ele>
        <time>2026-09-10T11:20:22.815Z</time>
      </trkpt>
      <trkpt lat="46.9079744" lon="7.4524731">
        <ele>649.2</ele>
        <time>2026-09-10T11:20:22.815Z</time>
      </trkpt>
      <trkpt lat="46.9079707" lon="7.4525505">
        <ele>649</ele>
        <time>2026-09-10T11:20:22.815Z</time>
      </trkpt>
      <trkpt lat="46.9079649" lon="7.4526298">
        <ele>649</ele>
        <time>2026-09-10T11:20:22.815Z</time>
      </trkpt>
      <trkpt lat="46.907959" lon="7.4527092">
        <ele>648.5999999999999</ele>
        <time>2026-09-10T11:20:22.815Z</time>
      </trkpt>
      <trkpt lat="46.9079553" lon="7.4527865">
        <ele>648.4000000000001</ele>
        <time>2026-09-10T11:20:22.815Z</time>
      </trkpt>
      <trkpt lat="46.9079552" lon="7.4528631">
        <ele>648.2</ele>
        <time>2026-09-10T11:20:22.815Z</time>
      </trkpt>
      <trkpt lat="46.9079552" lon="7.4529389">
        <ele>648</ele>
        <time>2026-09-10T11:20:22.815Z</time>
      </trkpt>
      <trkpt lat="46.9079515" lon="7.4530125">
        <ele>647.8</ele>
        <time>2026-09-10T11:20:22.815Z</time>
      </trkpt>
      <trkpt lat="46.9079476" lon="7.4530908">
        <ele>647.5999999999999</ele>
        <time>2026-09-10T11:20:22.815Z</time>
      </trkpt>
      <trkpt lat="46.9079476" lon="7.453174">
        <ele>647.5999999999999</ele>
        <time>2026-09-10T11:20:22.815Z</time>
      </trkpt>
      <trkpt lat="46.9079476" lon="7.4532439">
        <ele>647.5999999999999</ele>
        <time>2026-09-10T11:20:22.815Z</time>
      </trkpt>
      <trkpt lat="46.9079476" lon="7.4533232">
        <ele>647.5999999999999</ele>
        <time>2026-09-10T11:20:22.815Z</time>
      </trkpt>
      <trkpt lat="46.9079435" lon="7.4534074">
        <ele>647.5999999999999</ele>
        <time>2026-09-10T11:20:22.815Z</time>
      </trkpt>
      <trkpt lat="46.9079403" lon="7.4534756">
        <ele>647.5999999999999</ele>
        <time>2026-09-10T11:20:22.815Z</time>
      </trkpt>
      <trkpt lat="46.9079399" lon="7.4535596">
        <ele>647.4000000000001</ele>
        <time>2026-09-10T11:20:22.815Z</time>
      </trkpt>
      <trkpt lat="46.9079399" lon="7.4536401">
        <ele>647.4000000000001</ele>
        <time>2026-09-10T11:20:22.815Z</time>
      </trkpt>
      <trkpt lat="46.9079399" lon="7.4537203">
        <ele>647.2</ele>
        <time>2026-09-10T11:20:22.815Z</time>
      </trkpt>
      <trkpt lat="46.9079399" lon="7.4537984">
        <ele>647.2</ele>
        <time>2026-09-10T11:20:22.815Z</time>
      </trkpt>
      <trkpt lat="46.9079361" lon="7.4538796">
        <ele>647.2</ele>
        <time>2026-09-10T11:20:22.815Z</time>
      </trkpt>
      <trkpt lat="46.9079289" lon="7.4539558">
        <ele>647.4000000000001</ele>
        <time>2026-09-10T11:20:22.815Z</time>
      </trkpt>
      <trkpt lat="46.9079284" lon="7.4540365">
        <ele>647.4000000000001</ele>
        <time>2026-09-10T11:20:22.815Z</time>
      </trkpt>
      <trkpt lat="46.9079247" lon="7.4541166">
        <ele>647.8</ele>
        <time>2026-09-10T11:20:22.815Z</time>
      </trkpt>
      <trkpt lat="46.907921" lon="7.4541899">
        <ele>647.8</ele>
        <time>2026-09-10T11:20:22.815Z</time>
      </trkpt>
      <trkpt lat="46.9079135" lon="7.4542664">
        <ele>647.4000000000001</ele>
        <time>2026-09-10T11:20:22.815Z</time>
      </trkpt>
      <trkpt lat="46.9079077" lon="7.4543406">
        <ele>647</ele>
        <time>2026-09-10T11:20:22.815Z</time>
      </trkpt>
      <trkpt lat="46.9079019" lon="7.4544148">
        <ele>647</ele>
        <time>2026-09-10T11:20:22.815Z</time>
      </trkpt>
      <trkpt lat="46.9078941" lon="7.4544903">
        <ele>647</ele>
        <time>2026-09-10T11:20:22.815Z</time>
      </trkpt>
      <trkpt lat="46.9078857" lon="7.4545644">
        <ele>647</ele>
        <time>2026-09-10T11:20:22.815Z</time>
      </trkpt>
      <trkpt lat="46.9078755" lon="7.4546258">
        <ele>646.8</ele>
        <time>2026-09-10T11:20:22.815Z</time>
      </trkpt>
      <trkpt lat="46.9078637" lon="7.4546983">
        <ele>646.8</ele>
        <time>2026-09-10T11:20:22.815Z</time>
      </trkpt>
      <trkpt lat="46.9078555" lon="7.4547712">
        <ele>646.5999999999999</ele>
        <time>2026-09-10T11:20:22.815Z</time>
      </trkpt>
      <trkpt lat="46.9078486" lon="7.4548334">
        <ele>646.4000000000001</ele>
        <time>2026-09-10T11:20:22.815Z</time>
      </trkpt>
      <trkpt lat="46.9078372" lon="7.4549002">
        <ele>646.2</ele>
        <time>2026-09-10T11:20:22.815Z</time>
      </trkpt>
      <trkpt lat="46.9078249" lon="7.4549732">
        <ele>645.8</ele>
        <time>2026-09-10T11:20:22.815Z</time>
      </trkpt>
      <trkpt lat="46.9078144" lon="7.4550348">
        <ele>645.8</ele>
        <time>2026-09-10T11:20:22.815Z</time>
      </trkpt>
      <trkpt lat="46.9078066" lon="7.4551029">
        <ele>645.5999999999999</ele>
        <time>2026-09-10T11:20:22.815Z</time>
      </trkpt>
      <trkpt lat="46.9077943" lon="7.4551756">
        <ele>645.4000000000001</ele>
        <time>2026-09-10T11:20:22.815Z</time>
      </trkpt>
      <trkpt lat="46.9077844" lon="7.4552347">
        <ele>645.2</ele>
        <time>2026-09-10T11:20:22.815Z</time>
      </trkpt>
      <trkpt lat="46.9077721" lon="7.4553082">
        <ele>645</ele>
        <time>2026-09-10T11:20:22.815Z</time>
      </trkpt>
      <trkpt lat="46.9077599" lon="7.4553811">
        <ele>645</ele>
        <time>2026-09-10T11:20:22.815Z</time>
      </trkpt>
      <trkpt lat="46.9077494" lon="7.4554453">
        <ele>644.8</ele>
        <time>2026-09-10T11:20:22.815Z</time>
      </trkpt>
      <trkpt lat="46.9077379" lon="7.4555158">
        <ele>644.8</ele>
        <time>2026-09-10T11:20:22.815Z</time>
      </trkpt>
      <trkpt lat="46.9077266" lon="7.4555845">
        <ele>644.8</ele>
        <time>2026-09-10T11:20:22.815Z</time>
      </trkpt>
      <trkpt lat="46.9077153" lon="7.4556538">
        <ele>644.5999999999999</ele>
        <time>2026-09-10T11:20:22.815Z</time>
      </trkpt>
      <trkpt lat="46.9076999" lon="7.4557255">
        <ele>644.4000000000001</ele>
        <time>2026-09-10T11:20:22.815Z</time>
      </trkpt>
      <trkpt lat="46.907688" lon="7.4557991">
        <ele>644.4000000000001</ele>
        <time>2026-09-10T11:20:22.815Z</time>
      </trkpt>
      <trkpt lat="46.9076735" lon="7.4558657">
        <ele>644</ele>
        <time>2026-09-10T11:20:22.815Z</time>
      </trkpt>
      <trkpt lat="46.9076621" lon="7.4559327">
        <ele>643.8</ele>
        <time>2026-09-10T11:20:22.815Z</time>
      </trkpt>
      <trkpt lat="46.9076501" lon="7.4560046">
        <ele>643.8</ele>
        <time>2026-09-10T11:20:22.815Z</time>
      </trkpt>
      <trkpt lat="46.9076389" lon="7.4560695">
        <ele>643.5999999999999</ele>
        <time>2026-09-10T11:20:22.815Z</time>
      </trkpt>
      <trkpt lat="46.9076235" lon="7.4561359">
        <ele>643.5999999999999</ele>
        <time>2026-09-10T11:20:22.815Z</time>
      </trkpt>
      <trkpt lat="46.9076121" lon="7.4562001">
        <ele>643.4000000000001</ele>
        <time>2026-09-10T11:20:22.815Z</time>
      </trkpt>
      <trkpt lat="46.9076006" lon="7.4562623">
        <ele>643.2</ele>
        <time>2026-09-10T11:20:22.815Z</time>
      </trkpt>
      <trkpt lat="46.9075894" lon="7.4563242">
        <ele>643</ele>
        <time>2026-09-10T11:20:22.815Z</time>
      </trkpt>
      <trkpt lat="46.9075739" lon="7.456391">
        <ele>643</ele>
        <time>2026-09-10T11:20:22.815Z</time>
      </trkpt>
      <trkpt lat="46.9075666" lon="7.4564523">
        <ele>643</ele>
        <time>2026-09-10T11:20:22.815Z</time>
      </trkpt>
      <trkpt lat="46.907555" lon="7.4565176">
        <ele>642.8</ele>
        <time>2026-09-10T11:20:22.816Z</time>
      </trkpt>
      <trkpt lat="46.9075432" lon="7.4565832">
        <ele>642.8</ele>
        <time>2026-09-10T11:20:22.816Z</time>
      </trkpt>
      <trkpt lat="46.9075321" lon="7.4566447">
        <ele>642.5999999999999</ele>
        <time>2026-09-10T11:20:22.816Z</time>
      </trkpt>
      <trkpt lat="46.9075206" lon="7.4567084">
        <ele>642.4000000000001</ele>
        <time>2026-09-10T11:20:22.816Z</time>
      </trkpt>
      <trkpt lat="46.9075127" lon="7.456773">
        <ele>642.2</ele>
        <time>2026-09-10T11:20:22.816Z</time>
      </trkpt>
      <trkpt lat="46.9075014" lon="7.4568359">
        <ele>642</ele>
        <time>2026-09-10T11:20:22.816Z</time>
      </trkpt>
      <trkpt lat="46.9074897" lon="7.4569003">
        <ele>642</ele>
        <time>2026-09-10T11:20:22.816Z</time>
      </trkpt>
      <trkpt lat="46.9074855" lon="7.4569681">
        <ele>641.8</ele>
        <time>2026-09-10T11:20:22.816Z</time>
      </trkpt>
      <trkpt lat="46.9074786" lon="7.4570261">
        <ele>641.5999999999999</ele>
        <time>2026-09-10T11:20:22.816Z</time>
      </trkpt>
      <trkpt lat="46.907471" lon="7.4570906">
        <ele>641.4000000000001</ele>
        <time>2026-09-10T11:20:22.816Z</time>
      </trkpt>
      <trkpt lat="46.9074627" lon="7.4571627">
        <ele>641.2</ele>
        <time>2026-09-10T11:20:22.816Z</time>
      </trkpt>
      <trkpt lat="46.9074557" lon="7.4572246">
        <ele>641</ele>
        <time>2026-09-10T11:20:22.816Z</time>
      </trkpt>
      <trkpt lat="46.9074443" lon="7.4572932">
        <ele>641</ele>
        <time>2026-09-10T11:20:22.816Z</time>
      </trkpt>
      <trkpt lat="46.9074365" lon="7.4573621">
        <ele>640.8</ele>
        <time>2026-09-10T11:20:22.816Z</time>
      </trkpt>
      <trkpt lat="46.9074289" lon="7.4574317">
        <ele>640.5999999999999</ele>
        <time>2026-09-10T11:20:22.816Z</time>
      </trkpt>
      <trkpt lat="46.9074215" lon="7.4575013">
        <ele>640.4000000000001</ele>
        <time>2026-09-10T11:20:22.816Z</time>
      </trkpt>
      <trkpt lat="46.9074138" lon="7.4575741">
        <ele>640.4000000000001</ele>
        <time>2026-09-10T11:20:22.816Z</time>
      </trkpt>
      <trkpt lat="46.907402" lon="7.4576484">
        <ele>640.4000000000001</ele>
        <time>2026-09-10T11:20:22.816Z</time>
      </trkpt>
      <trkpt lat="46.907391" lon="7.4577174">
        <ele>640.4000000000001</ele>
        <time>2026-09-10T11:20:22.816Z</time>
      </trkpt>
      <trkpt lat="46.9073828" lon="7.4577943">
        <ele>640.2</ele>
        <time>2026-09-10T11:20:22.816Z</time>
      </trkpt>
      <trkpt lat="46.9073716" lon="7.4578646">
        <ele>640</ele>
        <time>2026-09-10T11:20:22.816Z</time>
      </trkpt>
      <trkpt lat="46.9073602" lon="7.4579362">
        <ele>639.8</ele>
        <time>2026-09-10T11:20:22.816Z</time>
      </trkpt>
      <trkpt lat="46.907348" lon="7.4580112">
        <ele>639.8</ele>
        <time>2026-09-10T11:20:22.816Z</time>
      </trkpt>
      <trkpt lat="46.907334" lon="7.4580755">
        <ele>639.5999999999999</ele>
        <time>2026-09-10T11:20:22.816Z</time>
      </trkpt>
      <trkpt lat="46.9073221" lon="7.4581473">
        <ele>639.4000000000001</ele>
        <time>2026-09-10T11:20:22.816Z</time>
      </trkpt>
      <trkpt lat="46.9073094" lon="7.4582213">
        <ele>639.4000000000001</ele>
        <time>2026-09-10T11:20:22.816Z</time>
      </trkpt>
      <trkpt lat="46.9072958" lon="7.4582843">
        <ele>639.2</ele>
        <time>2026-09-10T11:20:22.816Z</time>
      </trkpt>
      <trkpt lat="46.9072843" lon="7.4583553">
        <ele>639.2</ele>
        <time>2026-09-10T11:20:22.816Z</time>
      </trkpt>
      <trkpt lat="46.9072686" lon="7.4584295">
        <ele>639</ele>
        <time>2026-09-10T11:20:22.816Z</time>
      </trkpt>
      <trkpt lat="46.9072536" lon="7.4584985">
        <ele>638.8</ele>
        <time>2026-09-10T11:20:22.816Z</time>
      </trkpt>
      <trkpt lat="46.9072371" lon="7.4585741">
        <ele>638.8</ele>
        <time>2026-09-10T11:20:22.816Z</time>
      </trkpt>
      <trkpt lat="46.9072228" lon="7.4586401">
        <ele>638.5999999999999</ele>
        <time>2026-09-10T11:20:22.816Z</time>
      </trkpt>
      <trkpt lat="46.9072115" lon="7.4587074">
        <ele>638.4000000000001</ele>
        <time>2026-09-10T11:20:22.816Z</time>
      </trkpt>
      <trkpt lat="46.9071951" lon="7.4587805">
        <ele>638.4000000000001</ele>
        <time>2026-09-10T11:20:22.816Z</time>
      </trkpt>
      <trkpt lat="46.9071809" lon="7.4588411">
        <ele>638.4000000000001</ele>
        <time>2026-09-10T11:20:22.816Z</time>
      </trkpt>
      <trkpt lat="46.9071698" lon="7.4589027">
        <ele>638.2</ele>
        <time>2026-09-10T11:20:22.816Z</time>
      </trkpt>
      <trkpt lat="46.9071579" lon="7.4589682">
        <ele>638</ele>
        <time>2026-09-10T11:20:22.816Z</time>
      </trkpt>
      <trkpt lat="46.9071473" lon="7.4590251">
        <ele>638</ele>
        <time>2026-09-10T11:20:22.816Z</time>
      </trkpt>
      <trkpt lat="46.9071353" lon="7.4590921">
        <ele>637.8</ele>
        <time>2026-09-10T11:20:22.816Z</time>
      </trkpt>
      <trkpt lat="46.9071238" lon="7.4591539">
        <ele>637.5999999999999</ele>
        <time>2026-09-10T11:20:22.816Z</time>
      </trkpt>
      <trkpt lat="46.9071084" lon="7.459216">
        <ele>637.4000000000001</ele>
        <time>2026-09-10T11:20:22.816Z</time>
      </trkpt>
      <trkpt lat="46.9070975" lon="7.4592746">
        <ele>637.4000000000001</ele>
        <time>2026-09-10T11:20:22.816Z</time>
      </trkpt>
      <trkpt lat="46.9070931" lon="7.4593409">
        <ele>637.2</ele>
        <time>2026-09-10T11:20:22.816Z</time>
      </trkpt>
      <trkpt lat="46.9070854" lon="7.4594055">
        <ele>637.2</ele>
        <time>2026-09-10T11:20:22.816Z</time>
      </trkpt>
      <trkpt lat="46.9070818" lon="7.4594639">
        <ele>637.2</ele>
        <time>2026-09-10T11:20:22.816Z</time>
      </trkpt>
      <trkpt lat="46.9070816" lon="7.459528">
        <ele>637</ele>
        <time>2026-09-10T11:20:22.816Z</time>
      </trkpt>
      <trkpt lat="46.9070816" lon="7.4595926">
        <ele>637</ele>
        <time>2026-09-10T11:20:22.816Z</time>
      </trkpt>
      <trkpt lat="46.9070816" lon="7.459656">
        <ele>636.8</ele>
        <time>2026-09-10T11:20:22.816Z</time>
      </trkpt>
      <trkpt lat="46.9070895" lon="7.4597253">
        <ele>636.8</ele>
        <time>2026-09-10T11:20:22.816Z</time>
      </trkpt>
      <trkpt lat="46.907093" lon="7.4597835">
        <ele>636.8</ele>
        <time>2026-09-10T11:20:22.816Z</time>
      </trkpt>
      <trkpt lat="46.9070968" lon="7.459844">
        <ele>636.5999999999999</ele>
        <time>2026-09-10T11:20:22.816Z</time>
      </trkpt>
      <trkpt lat="46.9071043" lon="7.4599052">
        <ele>636.5999999999999</ele>
        <time>2026-09-10T11:20:22.816Z</time>
      </trkpt>
      <trkpt lat="46.9071121" lon="7.4599684">
        <ele>636.5999999999999</ele>
        <time>2026-09-10T11:20:22.816Z</time>
      </trkpt>
      <trkpt lat="46.9071228" lon="7.4600258">
        <ele>636.5999999999999</ele>
        <time>2026-09-10T11:20:22.816Z</time>
      </trkpt>
      <trkpt lat="46.9071273" lon="7.4600901">
        <ele>636.5999999999999</ele>
        <time>2026-09-10T11:20:22.816Z</time>
      </trkpt>
      <trkpt lat="46.9071395" lon="7.4601557">
        <ele>636.5999999999999</ele>
        <time>2026-09-10T11:20:22.816Z</time>
      </trkpt>
      <trkpt lat="46.9071499" lon="7.4602132">
        <ele>636.5999999999999</ele>
        <time>2026-09-10T11:20:22.816Z</time>
      </trkpt>
      <trkpt lat="46.9071576" lon="7.4602761">
        <ele>636.4000000000001</ele>
        <time>2026-09-10T11:20:22.816Z</time>
      </trkpt>
      <trkpt lat="46.9071663" lon="7.4603433">
        <ele>636.4000000000001</ele>
        <time>2026-09-10T11:20:22.816Z</time>
      </trkpt>
      <trkpt lat="46.9071804" lon="7.4604018">
        <ele>636.2</ele>
        <time>2026-09-10T11:20:22.816Z</time>
      </trkpt>
      <trkpt lat="46.9071883" lon="7.4604661">
        <ele>636.2</ele>
        <time>2026-09-10T11:20:22.816Z</time>
      </trkpt>
      <trkpt lat="46.907201" lon="7.4605344">
        <ele>636.2</ele>
        <time>2026-09-10T11:20:22.816Z</time>
      </trkpt>
      <trkpt lat="46.9072146" lon="7.46059">
        <ele>636</ele>
        <time>2026-09-10T11:20:22.816Z</time>
      </trkpt>
      <trkpt lat="46.9072265" lon="7.4606549">
        <ele>636.2</ele>
        <time>2026-09-10T11:20:22.816Z</time>
      </trkpt>
      <trkpt lat="46.9072421" lon="7.4607197">
        <ele>636.2</ele>
        <time>2026-09-10T11:20:22.816Z</time>
      </trkpt>
      <trkpt lat="46.907253" lon="7.4607821">
        <ele>636.2</ele>
        <time>2026-09-10T11:20:22.816Z</time>
      </trkpt>
      <trkpt lat="46.9072645" lon="7.4608459">
        <ele>636.2</ele>
        <time>2026-09-10T11:20:22.816Z</time>
      </trkpt>
      <trkpt lat="46.9072765" lon="7.4609149">
        <ele>636.2</ele>
        <time>2026-09-10T11:20:22.816Z</time>
      </trkpt>
      <trkpt lat="46.9072834" lon="7.4609746">
        <ele>636.2</ele>
        <time>2026-09-10T11:20:22.816Z</time>
      </trkpt>
      <trkpt lat="46.907295" lon="7.4610421">
        <ele>636</ele>
        <time>2026-09-10T11:20:22.816Z</time>
      </trkpt>
      <trkpt lat="46.9073063" lon="7.461106">
        <ele>636</ele>
        <time>2026-09-10T11:20:22.816Z</time>
      </trkpt>
      <trkpt lat="46.907314" lon="7.4611722">
        <ele>636.2</ele>
        <time>2026-09-10T11:20:22.816Z</time>
      </trkpt>
      <trkpt lat="46.9073261" lon="7.4612438">
        <ele>636</ele>
        <time>2026-09-10T11:20:22.816Z</time>
      </trkpt>
      <trkpt lat="46.9073367" lon="7.4613054">
        <ele>636</ele>
        <time>2026-09-10T11:20:22.816Z</time>
      </trkpt>
      <trkpt lat="46.9073445" lon="7.4613722">
        <ele>635.8</ele>
        <time>2026-09-10T11:20:22.816Z</time>
      </trkpt>
      <trkpt lat="46.9073558" lon="7.4614373">
        <ele>635.8</ele>
        <time>2026-09-10T11:20:22.816Z</time>
      </trkpt>
      <trkpt lat="46.90736" lon="7.4615047">
        <ele>635.8</ele>
        <time>2026-09-10T11:20:22.816Z</time>
      </trkpt>
      <trkpt lat="46.9073717" lon="7.4615729">
        <ele>635.5999999999999</ele>
        <time>2026-09-10T11:20:22.816Z</time>
      </trkpt>
      <trkpt lat="46.9073828" lon="7.4616339">
        <ele>635.4000000000001</ele>
        <time>2026-09-10T11:20:22.816Z</time>
      </trkpt>
      <trkpt lat="46.9073907" lon="7.4616992">
        <ele>635.2</ele>
        <time>2026-09-10T11:20:22.816Z</time>
      </trkpt>
      <trkpt lat="46.9073981" lon="7.4617605">
        <ele>635.2</ele>
        <time>2026-09-10T11:20:22.816Z</time>
      </trkpt>
      <trkpt lat="46.907409" lon="7.4618214">
        <ele>635</ele>
        <time>2026-09-10T11:20:22.816Z</time>
      </trkpt>
      <trkpt lat="46.907417" lon="7.4618846">
        <ele>634.8</ele>
        <time>2026-09-10T11:20:22.816Z</time>
      </trkpt>
      <trkpt lat="46.9074247" lon="7.4619464">
        <ele>634.5999999999999</ele>
        <time>2026-09-10T11:20:22.816Z</time>
      </trkpt>
      <trkpt lat="46.907436" lon="7.4620082">
        <ele>634.4000000000001</ele>
        <time>2026-09-10T11:20:22.816Z</time>
      </trkpt>
      <trkpt lat="46.9074474" lon="7.4620712">
        <ele>634.2</ele>
        <time>2026-09-10T11:20:22.816Z</time>
      </trkpt>
      <trkpt lat="46.9074617" lon="7.4621291">
        <ele>634</ele>
        <time>2026-09-10T11:20:22.816Z</time>
      </trkpt>
      <trkpt lat="46.9074704" lon="7.4621986">
        <ele>633.8</ele>
        <time>2026-09-10T11:20:22.816Z</time>
      </trkpt>
      <trkpt lat="46.9074778" lon="7.4622656">
        <ele>633.5999999999999</ele>
        <time>2026-09-10T11:20:22.816Z</time>
      </trkpt>
      <trkpt lat="46.9074819" lon="7.4623364">
        <ele>633.4000000000001</ele>
        <time>2026-09-10T11:20:22.816Z</time>
      </trkpt>
      <trkpt lat="46.9074859" lon="7.4624151">
        <ele>633.2</ele>
        <time>2026-09-10T11:20:22.816Z</time>
      </trkpt>
      <trkpt lat="46.9074897" lon="7.4624925">
        <ele>633</ele>
        <time>2026-09-10T11:20:22.816Z</time>
      </trkpt>
      <trkpt lat="46.907497" lon="7.4625675">
        <ele>632.8</ele>
        <time>2026-09-10T11:20:22.816Z</time>
      </trkpt>
      <trkpt lat="46.9074936" lon="7.4626528">
        <ele>632.4000000000001</ele>
        <time>2026-09-10T11:20:22.816Z</time>
      </trkpt>
      <trkpt lat="46.9074936" lon="7.462731">
        <ele>632.2</ele>
        <time>2026-09-10T11:20:22.816Z</time>
      </trkpt>
      <trkpt lat="46.9074936" lon="7.4628158">
        <ele>632</ele>
        <time>2026-09-10T11:20:22.816Z</time>
      </trkpt>
      <trkpt lat="46.90749" lon="7.4628979">
        <ele>631.5999999999999</ele>
        <time>2026-09-10T11:20:22.816Z</time>
      </trkpt>
      <trkpt lat="46.9074824" lon="7.4629878">
        <ele>631.4000000000001</ele>
        <time>2026-09-10T11:20:22.816Z</time>
      </trkpt>
      <trkpt lat="46.9074749" lon="7.4630711">
        <ele>631.2</ele>
        <time>2026-09-10T11:20:22.816Z</time>
      </trkpt>
      <trkpt lat="46.9074669" lon="7.4631611">
        <ele>630.8</ele>
        <time>2026-09-10T11:20:22.816Z</time>
      </trkpt>
      <trkpt lat="46.9074555" lon="7.4632479">
        <ele>630.4000000000001</ele>
        <time>2026-09-10T11:20:22.816Z</time>
      </trkpt>
      <trkpt lat="46.9074518" lon="7.4633322">
        <ele>630.2</ele>
        <time>2026-09-10T11:20:22.816Z</time>
      </trkpt>
      <trkpt lat="46.9074441" lon="7.4634177">
        <ele>629.8</ele>
        <time>2026-09-10T11:20:22.817Z</time>
      </trkpt>
      <trkpt lat="46.9074367" lon="7.463497">
        <ele>629.5999999999999</ele>
        <time>2026-09-10T11:20:22.817Z</time>
      </trkpt>
      <trkpt lat="46.9074327" lon="7.4635752">
        <ele>629.4000000000001</ele>
        <time>2026-09-10T11:20:22.817Z</time>
      </trkpt>
      <trkpt lat="46.9074252" lon="7.4636519">
        <ele>629.2</ele>
        <time>2026-09-10T11:20:22.817Z</time>
      </trkpt>
      <trkpt lat="46.9074249" lon="7.4637283">
        <ele>629</ele>
        <time>2026-09-10T11:20:22.817Z</time>
      </trkpt>
      <trkpt lat="46.9074214" lon="7.4637995">
        <ele>628.8</ele>
        <time>2026-09-10T11:20:22.817Z</time>
      </trkpt>
      <trkpt lat="46.9074174" lon="7.4638818">
        <ele>628.5999999999999</ele>
        <time>2026-09-10T11:20:22.817Z</time>
      </trkpt>
      <trkpt lat="46.9074135" lon="7.4639629">
        <ele>628.4000000000001</ele>
        <time>2026-09-10T11:20:22.817Z</time>
      </trkpt>
      <trkpt lat="46.9074135" lon="7.4640398">
        <ele>628.2</ele>
        <time>2026-09-10T11:20:22.817Z</time>
      </trkpt>
      <trkpt lat="46.9074172" lon="7.4641206">
        <ele>628</ele>
        <time>2026-09-10T11:20:22.817Z</time>
      </trkpt>
      <trkpt lat="46.9074247" lon="7.4641979">
        <ele>627.5999999999999</ele>
        <time>2026-09-10T11:20:22.817Z</time>
      </trkpt>
      <trkpt lat="46.9074399" lon="7.4642797">
        <ele>627.4000000000001</ele>
        <time>2026-09-10T11:20:22.817Z</time>
      </trkpt>
      <trkpt lat="46.9074513" lon="7.4643627">
        <ele>627.2</ele>
        <time>2026-09-10T11:20:22.817Z</time>
      </trkpt>
      <trkpt lat="46.9074743" lon="7.4644476">
        <ele>626.8</ele>
        <time>2026-09-10T11:20:22.817Z</time>
      </trkpt>
      <trkpt lat="46.9075037" lon="7.464528">
        <ele>626.4000000000001</ele>
        <time>2026-09-10T11:20:22.817Z</time>
      </trkpt>
      <trkpt lat="46.9075279" lon="7.46462">
        <ele>626.2</ele>
        <time>2026-09-10T11:20:22.817Z</time>
      </trkpt>
      <trkpt lat="46.9075539" lon="7.4647091">
        <ele>625.8</ele>
        <time>2026-09-10T11:20:22.817Z</time>
      </trkpt>
      <trkpt lat="46.9075769" lon="7.4648009">
        <ele>625.4000000000001</ele>
        <time>2026-09-10T11:20:22.817Z</time>
      </trkpt>
      <trkpt lat="46.9076042" lon="7.464898">
        <ele>625</ele>
        <time>2026-09-10T11:20:22.817Z</time>
      </trkpt>
      <trkpt lat="46.9076275" lon="7.4649998">
        <ele>624.5999999999999</ele>
        <time>2026-09-10T11:20:22.817Z</time>
      </trkpt>
      <trkpt lat="46.9076492" lon="7.4650996">
        <ele>624.2</ele>
        <time>2026-09-10T11:20:22.817Z</time>
      </trkpt>
      <trkpt lat="46.907673" lon="7.4652089">
        <ele>623.5999999999999</ele>
        <time>2026-09-10T11:20:22.817Z</time>
      </trkpt>
      <trkpt lat="46.9076954" lon="7.4653101">
        <ele>623</ele>
        <time>2026-09-10T11:20:22.817Z</time>
      </trkpt>
      <trkpt lat="46.9077174" lon="7.4654123">
        <ele>622.5999999999999</ele>
        <time>2026-09-10T11:20:22.817Z</time>
      </trkpt>
      <trkpt lat="46.9077413" lon="7.465524">
        <ele>621.8</ele>
        <time>2026-09-10T11:20:22.817Z</time>
      </trkpt>
      <trkpt lat="46.9077566" lon="7.465629">
        <ele>621.2</ele>
        <time>2026-09-10T11:20:22.817Z</time>
      </trkpt>
      <trkpt lat="46.9077684" lon="7.4657386">
        <ele>620.5999999999999</ele>
        <time>2026-09-10T11:20:22.817Z</time>
      </trkpt>
      <trkpt lat="46.907772" lon="7.4658419">
        <ele>620</ele>
        <time>2026-09-10T11:20:22.817Z</time>
      </trkpt>
      <trkpt lat="46.9077683" lon="7.4659491">
        <ele>619.4000000000001</ele>
        <time>2026-09-10T11:20:22.817Z</time>
      </trkpt>
      <trkpt lat="46.9077645" lon="7.466049">
        <ele>618.8</ele>
        <time>2026-09-10T11:20:22.817Z</time>
      </trkpt>
      <trkpt lat="46.9077493" lon="7.4661457">
        <ele>618.2</ele>
        <time>2026-09-10T11:20:22.817Z</time>
      </trkpt>
      <trkpt lat="46.9077337" lon="7.4662271">
        <ele>617.8</ele>
        <time>2026-09-10T11:20:22.817Z</time>
      </trkpt>
      <trkpt lat="46.907716" lon="7.4662939">
        <ele>617</ele>
        <time>2026-09-10T11:20:22.817Z</time>
      </trkpt>
      <trkpt lat="46.9076961" lon="7.4663656">
        <ele>616.2</ele>
        <time>2026-09-10T11:20:22.817Z</time>
      </trkpt>
      <trkpt lat="46.9076736" lon="7.4664312">
        <ele>615.5999999999999</ele>
        <time>2026-09-10T11:20:22.817Z</time>
      </trkpt>
      <trkpt lat="46.9076461" lon="7.4664999">
        <ele>615.2</ele>
        <time>2026-09-10T11:20:22.817Z</time>
      </trkpt>
      <trkpt lat="46.9076167" lon="7.4665565">
        <ele>614.5999999999999</ele>
        <time>2026-09-10T11:20:22.817Z</time>
      </trkpt>
      <trkpt lat="46.9075897" lon="7.4666103">
        <ele>614.2</ele>
        <time>2026-09-10T11:20:22.817Z</time>
      </trkpt>
      <trkpt lat="46.9075638" lon="7.4666584">
        <ele>614</ele>
        <time>2026-09-10T11:20:22.817Z</time>
      </trkpt>
      <trkpt lat="46.9075363" lon="7.46671">
        <ele>613.5999999999999</ele>
        <time>2026-09-10T11:20:22.817Z</time>
      </trkpt>
      <trkpt lat="46.9075092" lon="7.4667595">
        <ele>613.5999999999999</ele>
        <time>2026-09-10T11:20:22.817Z</time>
      </trkpt>
      <trkpt lat="46.9074837" lon="7.4668024">
        <ele>613.4000000000001</ele>
        <time>2026-09-10T11:20:22.817Z</time>
      </trkpt>
      <trkpt lat="46.9074555" lon="7.4668496">
        <ele>613.4000000000001</ele>
        <time>2026-09-10T11:20:22.817Z</time>
      </trkpt>
      <trkpt lat="46.9074296" lon="7.4668886">
        <ele>613.2</ele>
        <time>2026-09-10T11:20:22.817Z</time>
      </trkpt>
      <trkpt lat="46.9074103" lon="7.4669286">
        <ele>613.2</ele>
        <time>2026-09-10T11:20:22.817Z</time>
      </trkpt>
      <trkpt lat="46.9073918" lon="7.4669629">
        <ele>613.2</ele>
        <time>2026-09-10T11:20:22.817Z</time>
      </trkpt>
      <trkpt lat="46.9073754" lon="7.4669965">
        <ele>613.4000000000001</ele>
        <time>2026-09-10T11:20:22.817Z</time>
      </trkpt>
      <trkpt lat="46.907368" lon="7.4670301">
        <ele>613.4000000000001</ele>
        <time>2026-09-10T11:20:22.817Z</time>
      </trkpt>
      <trkpt lat="46.9073639" lon="7.4670732">
        <ele>613.4000000000001</ele>
        <time>2026-09-10T11:20:22.817Z</time>
      </trkpt>
      <trkpt lat="46.9073715" lon="7.4671232">
        <ele>613.4000000000001</ele>
        <time>2026-09-10T11:20:22.817Z</time>
      </trkpt>
      <trkpt lat="46.9073828" lon="7.4671755">
        <ele>613.4000000000001</ele>
        <time>2026-09-10T11:20:22.817Z</time>
      </trkpt>
      <trkpt lat="46.907409" lon="7.4672271">
        <ele>613.2</ele>
        <time>2026-09-10T11:20:22.817Z</time>
      </trkpt>
      <trkpt lat="46.9074438" lon="7.4672796">
        <ele>612.8</ele>
        <time>2026-09-10T11:20:22.817Z</time>
      </trkpt>
      <trkpt lat="46.907477" lon="7.4673395">
        <ele>612.4000000000001</ele>
        <time>2026-09-10T11:20:22.817Z</time>
      </trkpt>
      <trkpt lat="46.9075129" lon="7.467412">
        <ele>612</ele>
        <time>2026-09-10T11:20:22.817Z</time>
      </trkpt>
      <trkpt lat="46.9075449" lon="7.4674822">
        <ele>611.5999999999999</ele>
        <time>2026-09-10T11:20:22.817Z</time>
      </trkpt>
      <trkpt lat="46.9075873" lon="7.467562">
        <ele>611</ele>
        <time>2026-09-10T11:20:22.817Z</time>
      </trkpt>
      <trkpt lat="46.9076333" lon="7.4676344">
        <ele>610.4000000000001</ele>
        <time>2026-09-10T11:20:22.817Z</time>
      </trkpt>
      <trkpt lat="46.9076869" lon="7.4676967">
        <ele>609.8</ele>
        <time>2026-09-10T11:20:22.817Z</time>
      </trkpt>
      <trkpt lat="46.9077449" lon="7.4677464">
        <ele>609.2</ele>
        <time>2026-09-10T11:20:22.817Z</time>
      </trkpt>
      <trkpt lat="46.9078119" lon="7.4677953">
        <ele>608.4000000000001</ele>
        <time>2026-09-10T11:20:22.817Z</time>
      </trkpt>
      <trkpt lat="46.9078861" lon="7.4678314">
        <ele>607.8</ele>
        <time>2026-09-10T11:20:22.817Z</time>
      </trkpt>
      <trkpt lat="46.907957" lon="7.4678544">
        <ele>607.2</ele>
        <time>2026-09-10T11:20:22.817Z</time>
      </trkpt>
      <trkpt lat="46.9080379" lon="7.4678714">
        <ele>606.5999999999999</ele>
        <time>2026-09-10T11:20:22.817Z</time>
      </trkpt>
      <trkpt lat="46.9081187" lon="7.4678864">
        <ele>605.8</ele>
        <time>2026-09-10T11:20:22.817Z</time>
      </trkpt>
      <trkpt lat="46.9081998" lon="7.4678993">
        <ele>605.2</ele>
        <time>2026-09-10T11:20:22.817Z</time>
      </trkpt>
      <trkpt lat="46.9082834" lon="7.4679151">
        <ele>604.4000000000001</ele>
        <time>2026-09-10T11:20:22.818Z</time>
      </trkpt>
      <trkpt lat="46.9083589" lon="7.4679276">
        <ele>603.5999999999999</ele>
        <time>2026-09-10T11:20:22.818Z</time>
      </trkpt>
      <trkpt lat="46.9084422" lon="7.4679415">
        <ele>602.8</ele>
        <time>2026-09-10T11:20:22.818Z</time>
      </trkpt>
      <trkpt lat="46.9085117" lon="7.4679544">
        <ele>601.8</ele>
        <time>2026-09-10T11:20:22.818Z</time>
      </trkpt>
      <trkpt lat="46.9085915" lon="7.4679731">
        <ele>600.5999999999999</ele>
        <time>2026-09-10T11:20:22.818Z</time>
      </trkpt>
      <trkpt lat="46.9086574" lon="7.4680004">
        <ele>599.5999999999999</ele>
        <time>2026-09-10T11:20:22.818Z</time>
      </trkpt>
      <trkpt lat="46.9087214" lon="7.468043">
        <ele>598.5999999999999</ele>
        <time>2026-09-10T11:20:22.818Z</time>
      </trkpt>
      <trkpt lat="46.9087769" lon="7.4681043">
        <ele>597.8</ele>
        <time>2026-09-10T11:20:22.818Z</time>
      </trkpt>
      <trkpt lat="46.908823" lon="7.4681836">
        <ele>596.8</ele>
        <time>2026-09-10T11:20:22.818Z</time>
      </trkpt>
      <trkpt lat="46.9088645" lon="7.4682775">
        <ele>596</ele>
        <time>2026-09-10T11:20:22.818Z</time>
      </trkpt>
      <trkpt lat="46.9088899" lon="7.4683905">
        <ele>595.2</ele>
        <time>2026-09-10T11:20:22.818Z</time>
      </trkpt>
      <trkpt lat="46.9089043" lon="7.4684947">
        <ele>594.2</ele>
        <time>2026-09-10T11:20:22.818Z</time>
      </trkpt>
      <trkpt lat="46.9089168" lon="7.4686134">
        <ele>593.2</ele>
        <time>2026-09-10T11:20:22.818Z</time>
      </trkpt>
      <trkpt lat="46.9089313" lon="7.4687165">
        <ele>592.4000000000001</ele>
        <time>2026-09-10T11:20:22.818Z</time>
      </trkpt>
      <trkpt lat="46.9089428" lon="7.4688236">
        <ele>591.8</ele>
        <time>2026-09-10T11:20:22.818Z</time>
      </trkpt>
      <trkpt lat="46.9089582" lon="7.4689282">
        <ele>591</ele>
        <time>2026-09-10T11:20:22.818Z</time>
      </trkpt>
      <trkpt lat="46.9089698" lon="7.4690295">
        <ele>590.4000000000001</ele>
        <time>2026-09-10T11:20:22.818Z</time>
      </trkpt>
      <trkpt lat="46.9089842" lon="7.4691222">
        <ele>589.5999999999999</ele>
        <time>2026-09-10T11:20:22.818Z</time>
      </trkpt>
      <trkpt lat="46.9089966" lon="7.4692235">
        <ele>588.8</ele>
        <time>2026-09-10T11:20:22.818Z</time>
      </trkpt>
      <trkpt lat="46.9090075" lon="7.4693112">
        <ele>588.2</ele>
        <time>2026-09-10T11:20:22.818Z</time>
      </trkpt>
      <trkpt lat="46.9090191" lon="7.469397">
        <ele>587.5999999999999</ele>
        <time>2026-09-10T11:20:22.818Z</time>
      </trkpt>
      <trkpt lat="46.9090373" lon="7.4694635">
        <ele>587</ele>
        <time>2026-09-10T11:20:22.818Z</time>
      </trkpt>
      <trkpt lat="46.9090692" lon="7.4695116">
        <ele>586.5999999999999</ele>
        <time>2026-09-10T11:20:22.818Z</time>
      </trkpt>
      <trkpt lat="46.9091097" lon="7.4695263">
        <ele>586</ele>
        <time>2026-09-10T11:20:22.818Z</time>
      </trkpt>
      <trkpt lat="46.909149" lon="7.4695168">
        <ele>585.8</ele>
        <time>2026-09-10T11:20:22.818Z</time>
      </trkpt>
      <trkpt lat="46.9091866" lon="7.4694919">
        <ele>585.4000000000001</ele>
        <time>2026-09-10T11:20:22.818Z</time>
      </trkpt>
      <trkpt lat="46.9092175" lon="7.4694585">
        <ele>585.2</ele>
        <time>2026-09-10T11:20:22.818Z</time>
      </trkpt>
      <trkpt lat="46.9092514" lon="7.4694292">
        <ele>585</ele>
        <time>2026-09-10T11:20:22.818Z</time>
      </trkpt>
      <trkpt lat="46.9092748" lon="7.4694068">
        <ele>584.8</ele>
        <time>2026-09-10T11:20:22.818Z</time>
      </trkpt>
      <trkpt lat="46.9092925" lon="7.4693914">
        <ele>584.5999999999999</ele>
        <time>2026-09-10T11:20:22.818Z</time>
      </trkpt>
      <trkpt lat="46.9093017" lon="7.4693799">
        <ele>584.4000000000001</ele>
        <time>2026-09-10T11:20:22.818Z</time>
      </trkpt>
    </trkseg>
  </trk>
</gpx>