<?xml version="1.0" encoding="utf-8"?><gpx version="1.1" creator="MySchweizMobil - https://map.schweizmobil.ch/" xmlns:xsi="http://www.w3.org/2001/XMLSchema-instance" xmlns="http://www.topografix.com/GPX/1/1" xsi:schemaLocation="http://www.topografix.com/GPX/1/1 http://www.topografix.com/GPX/1/1/gpx.xsd"><metadata><name>502 Gantrisch Königsroute</name><bounds minlat="46.731109709544384" minlon="7.331410802834958" maxlat="46.76546779028645" maxlon="7.435180827796128" /></metadata><trk><name>502 Gantrisch Königsroute</name><trkseg><trkpt lat="46.76546779028645" lon="7.352942849877076"><ele>1076.8</ele></trkpt><trkpt lat="46.76528779031061" lon="7.353125849887734"><ele>1076.7</ele></trkpt><trkpt lat="46.765206790332726" lon="7.353191849900978"><ele>1076.6</ele></trkpt><trkpt lat="46.76505379033584" lon="7.35329684989886"><ele>1076.6</ele></trkpt><trkpt lat="46.76500879031638" lon="7.353322849883736"><ele>1076.7</ele></trkpt><trkpt lat="46.76500879031638" lon="7.353322849883736"><ele>1076.7</ele></trkpt><trkpt lat="46.76488279027808" lon="7.353388849853255"><ele>1076.9</ele></trkpt><trkpt lat="46.76474879021952" lon="7.353440849808526"><ele>1077.2</ele></trkpt><trkpt lat="46.76455079016222" lon="7.353480849764291"><ele>1077.5</ele></trkpt><trkpt lat="46.76430779008535" lon="7.353520849705579"><ele>1077.9</ele></trkpt><trkpt lat="46.763785789809866" lon="7.35359984950056"><ele>1079.3</ele></trkpt><trkpt lat="46.763623789711005" lon="7.35362684942729"><ele>1079.8</ele></trkpt><trkpt lat="46.76350678963166" lon="7.353626849369172"><ele>1080.2</ele></trkpt><trkpt lat="46.763398789531664" lon="7.35360084929705"><ele>1080.7</ele></trkpt><trkpt lat="46.763398789531664" lon="7.35360084929705"><ele>1080.7</ele></trkpt><trkpt lat="46.763344789491796" lon="7.3535218492699395"><ele>1080.9</ele></trkpt><trkpt lat="46.76327278943186" lon="7.353456849227917"><ele>1081.2</ele></trkpt><trkpt lat="46.76320078939233" lon="7.353364849201189"><ele>1081.4</ele></trkpt><trkpt lat="46.763146789372975" lon="7.353312849188028"><ele>1081.5</ele></trkpt><trkpt lat="46.76303878931364" lon="7.353155849148414"><ele>1081.8</ele></trkpt><trkpt lat="46.76297578927396" lon="7.353064849121633"><ele>1082.0</ele></trkpt><trkpt lat="46.76283178917457" lon="7.352907849052894"><ele>1082.5</ele></trkpt><trkpt lat="46.76275078913524" lon="7.352828849025876"><ele>1082.7</ele></trkpt><trkpt lat="46.76267878911612" lon="7.352776849012779"><ele>1082.8</ele></trkpt><trkpt lat="46.76262478905593" lon="7.352724848970386"><ele>1083.1</ele></trkpt><trkpt lat="46.7625347889964" lon="7.35265984892843"><ele>1083.4</ele></trkpt><trkpt lat="46.7624537889775" lon="7.3526068489153875"><ele>1083.5</ele></trkpt><trkpt lat="46.762192788880476" lon="7.352476848846358"><ele>1084.0</ele></trkpt><trkpt lat="46.761769788602784" lon="7.352241848648899"><ele>1085.4</ele></trkpt><trkpt lat="46.76167078856386" lon="7.352202848620948"><ele>1085.6</ele></trkpt><trkpt lat="46.761571788504526" lon="7.3521768485780585"><ele>1085.9</ele></trkpt><trkpt lat="46.76149078846531" lon="7.352163848549407"><ele>1086.1</ele></trkpt><trkpt lat="46.76141878844631" lon="7.352176848534689"><ele>1086.2</ele></trkpt><trkpt lat="46.76131978840755" lon="7.352202848505117"><ele>1086.4</ele></trkpt><trkpt lat="46.76123878838875" lon="7.352229848490081"><ele>1086.5</ele></trkpt><trkpt lat="46.76114078830905" lon="7.352281848430624"><ele>1086.9</ele></trkpt><trkpt lat="46.761059788290375" lon="7.352334848414937"><ele>1087.0</ele></trkpt><trkpt lat="46.76087978823286" lon="7.352504848367404"><ele>1087.3</ele></trkpt><trkpt lat="46.760789788193925" lon="7.352596848336151"><ele>1087.5</ele></trkpt><trkpt lat="46.76069978817543" lon="7.352675848319843"><ele>1087.6</ele></trkpt><trkpt lat="46.76061878815668" lon="7.352727848304181"><ele>1087.7</ele></trkpt><trkpt lat="46.76053778809712" lon="7.352780848259258"><ele>1088.0</ele></trkpt><trkpt lat="46.760465788078136" lon="7.352793848244541"><ele>1088.1</ele></trkpt><trkpt lat="46.76037578807994" lon="7.352793848244826"><ele>1088.1</ele></trkpt><trkpt lat="46.76031278804034" lon="7.352780848216114"><ele>1088.3</ele></trkpt><trkpt lat="46.76025878802097" lon="7.352754848202315"><ele>1088.4</ele></trkpt><trkpt lat="46.760213788001415" lon="7.352715848188815"><ele>1088.5</ele></trkpt><trkpt lat="46.760213788001415" lon="7.352715848188815"><ele>1088.5</ele></trkpt><trkpt lat="46.7601417878804" lon="7.352728848101006"><ele>1089.1</ele></trkpt><trkpt lat="46.7600067873319" lon="7.352728847706734"><ele>1091.8</ele></trkpt><trkpt lat="46.75995278714928" lon="7.352741847575018"><ele>1092.7</ele></trkpt><trkpt lat="46.75989078692601" lon="7.3527688474137305"><ele>1093.8</ele></trkpt><trkpt lat="46.75977378649981" lon="7.352846847105152"><ele>1095.9</ele></trkpt><trkpt lat="46.75971078621526" lon="7.352873846900008"><ele>1097.3</ele></trkpt><trkpt lat="46.75962078597214" lon="7.352873846724869"><ele>1098.5</ele></trkpt><trkpt lat="46.759539785810446" lon="7.352860846608509"><ele>1099.3</ele></trkpt><trkpt lat="46.759539785810446" lon="7.352860846608509"><ele>1099.3</ele></trkpt><trkpt lat="46.75951278560699" lon="7.352965846459751"><ele>1100.3</ele></trkpt><trkpt lat="46.75947678538327" lon="7.353069846296424"><ele>1101.4</ele></trkpt><trkpt lat="46.759449785179854" lon="7.3531748461476605"><ele>1102.4</ele></trkpt><trkpt lat="46.75943178509866" lon="7.353253846087239"><ele>1102.8</ele></trkpt><trkpt lat="46.75943178509866" lon="7.353253846087239"><ele>1102.8</ele></trkpt><trkpt lat="46.7593867849771" lon="7.353253845999664"><ele>1103.4</ele></trkpt><trkpt lat="46.759179784573" lon="7.353201845709265"><ele>1105.4</ele></trkpt><trkpt lat="46.75912578441074" lon="7.353175845593145"><ele>1106.2</ele></trkpt><trkpt lat="46.75907178428938" lon="7.353149845506265"><ele>1106.8</ele></trkpt><trkpt lat="46.75903578422879" lon="7.35312284546321"><ele>1107.1</ele></trkpt><trkpt lat="46.758972784046264" lon="7.353031845334159"><ele>1108.0</ele></trkpt><trkpt lat="46.75890078388437" lon="7.352966845219101"><ele>1108.8</ele></trkpt><trkpt lat="46.75879278366199" lon="7.352926845059664"><ele>1109.9</ele></trkpt><trkpt lat="46.75872078350011" lon="7.352874844944277"><ele>1110.7</ele></trkpt><trkpt lat="46.75868478341916" lon="7.352861844886251"><ele>1111.1</ele></trkpt><trkpt lat="46.75857678309472" lon="7.35277084465504"><ele>1112.7</ele></trkpt><trkpt lat="46.75846878264768" lon="7.352639844337152"><ele>1114.9</ele></trkpt><trkpt lat="46.758360782221146" lon="7.352495844034235"><ele>1117.0</ele></trkpt><trkpt lat="46.758252781753704" lon="7.352312843703101"><ele>1119.3</ele></trkpt><trkpt lat="46.75818978132617" lon="7.352168843400069"><ele>1121.4</ele></trkpt><trkpt lat="46.758135780939384" lon="7.352024843126258"><ele>1123.3</ele></trkpt><trkpt lat="46.75808178061373" lon="7.351880842896305"><ele>1124.9</ele></trkpt><trkpt lat="46.75801878018624" lon="7.351763842592616"><ele>1127.0</ele></trkpt><trkpt lat="46.757946779738575" lon="7.351619842275054"><ele>1129.2</ele></trkpt><trkpt lat="46.75788377947437" lon="7.351488842088675"><ele>1130.5</ele></trkpt><trkpt lat="46.757810779149125" lon="7.3513058418598485"><ele>1132.1</ele></trkpt><trkpt lat="46.7577387787626" lon="7.351109841587538"><ele>1134.0</ele></trkpt><trkpt lat="46.757684778600265" lon="7.350952841474905"><ele>1134.8</ele></trkpt><trkpt lat="46.75761277831587" lon="7.35083484127364"><ele>1136.2</ele></trkpt><trkpt lat="46.75753177792966" lon="7.350716840999357"><ele>1138.1</ele></trkpt><trkpt lat="46.75748677760391" lon="7.350599840768772"><ele>1139.7</ele></trkpt><trkpt lat="46.757450777298345" lon="7.350442840553832"><ele>1141.2</ele></trkpt><trkpt lat="46.75744177701261" lon="7.350285840353425"><ele>1142.6</ele></trkpt><trkpt lat="46.75738777670736" lon="7.350075840139967"><ele>1144.1</ele></trkpt><trkpt lat="46.757342776340714" lon="7.349892839881942"><ele>1145.9</ele></trkpt><trkpt lat="46.75727977613789" lon="7.349801839738452"><ele>1146.9</ele></trkpt><trkpt lat="46.757207775853566" lon="7.34973583953589"><ele>1148.3</ele></trkpt><trkpt lat="46.757144775569124" lon="7.349709839332247"><ele>1149.7</ele></trkpt><trkpt lat="46.75708177540719" lon="7.349709839215576"><ele>1150.5</ele></trkpt><trkpt lat="46.7570277753267" lon="7.349723839156944"><ele>1150.9</ele></trkpt><trkpt lat="46.75688377512582" lon="7.349854839007846"><ele>1151.9</ele></trkpt><trkpt lat="46.756820775025226" lon="7.349919838933274"><ele>1152.4</ele></trkpt><trkpt lat="46.756820775025226" lon="7.349919838933274"><ele>1152.4</ele></trkpt><trkpt lat="46.75683877502497" lon="7.350024838930424"><ele>1152.4</ele></trkpt><trkpt lat="46.75685677496352" lon="7.350155838883057"><ele>1152.7</ele></trkpt><trkpt lat="46.75687477502451" lon="7.3502598389240665"><ele>1152.4</ele></trkpt><trkpt lat="46.75690177500358" lon="7.350338838907268"><ele>1152.5</ele></trkpt><trkpt lat="46.75691977508499" lon="7.350430838963213"><ele>1152.1</ele></trkpt><trkpt lat="46.75693777526859" lon="7.350704839087388"><ele>1151.2</ele></trkpt><trkpt lat="46.75694777535014" lon="7.350822839142679"><ele>1150.8</ele></trkpt><trkpt lat="46.756974775757904" lon="7.350927839432063"><ele>1148.8</ele></trkpt><trkpt lat="46.75701077602266" lon="7.35109783961742"><ele>1147.5</ele></trkpt><trkpt lat="46.75702877608368" lon="7.351215839658082"><ele>1147.2</ele></trkpt><trkpt lat="46.75706477624627" lon="7.3513198397721276"><ele>1146.4</ele></trkpt><trkpt lat="46.757100776531495" lon="7.351529839971065"><ele>1145.0</ele></trkpt><trkpt lat="46.757127776612656" lon="7.351620840027031"><ele>1144.6</ele></trkpt><trkpt lat="46.75715477673468" lon="7.351738840111521"><ele>1144.0</ele></trkpt><trkpt lat="46.75717277685699" lon="7.351921840194333"><ele>1143.4</ele></trkpt><trkpt lat="46.75719977683617" lon="7.352039840176515"><ele>1143.5</ele></trkpt><trkpt lat="46.75726377683531" lon="7.352418840166323"><ele>1143.5</ele></trkpt><trkpt lat="46.757317776732556" lon="7.352785840083384"><ele>1144.0</ele></trkpt><trkpt lat="46.75736277662988" lon="7.353020840003955"><ele>1144.5</ele></trkpt><trkpt lat="46.75738977646629" lon="7.353230839881377"><ele>1145.3</ele></trkpt><trkpt lat="46.757425776527" lon="7.353413839920286"><ele>1145.0</ele></trkpt><trkpt lat="46.75746177642442" lon="7.353622839841554"><ele>1145.5</ele></trkpt><trkpt lat="46.75748977642405" lon="7.353806839836604"><ele>1145.5</ele></trkpt><trkpt lat="46.757525776382735" lon="7.3539898398024155"><ele>1145.7</ele></trkpt><trkpt lat="46.757570776259655" lon="7.354263839707306"><ele>1146.3</ele></trkpt><trkpt lat="46.7576697759317" lon="7.354800839458833"><ele>1147.9</ele></trkpt><trkpt lat="46.75771477574736" lon="7.355036839320832"><ele>1148.8</ele></trkpt><trkpt lat="46.75774177560411" lon="7.3551938392142215"><ele>1149.5</ele></trkpt><trkpt lat="46.7577787754199" lon="7.355402839076952"><ele>1150.4</ele></trkpt><trkpt lat="46.757814775154124" lon="7.3556378388804795"><ele>1151.7</ele></trkpt><trkpt lat="46.75786877501059" lon="7.355978838768867"><ele>1152.4</ele></trkpt><trkpt lat="46.75789577513264" lon="7.356122838852714"><ele>1151.8</ele></trkpt><trkpt lat="46.75792277517297" lon="7.356200838879801"><ele>1151.6</ele></trkpt><trkpt lat="46.75794077531554" lon="7.356266838980373"><ele>1150.9</ele></trkpt><trkpt lat="46.75794077531554" lon="7.356266838980373"><ele>1150.9</ele></trkpt><trkpt lat="46.757877775051554" lon="7.356266838790445"><ele>1152.2</ele></trkpt><trkpt lat="46.75780577480817" lon="7.356266838615172"><ele>1153.4</ele></trkpt><trkpt lat="46.75749977463082" lon="7.356148838487701"><ele>1154.3</ele></trkpt><trkpt lat="46.7572927744106" lon="7.356031838330628"><ele>1155.4</ele></trkpt><trkpt lat="46.757085774312834" lon="7.355966838259928"><ele>1155.9</ele></trkpt><trkpt lat="46.75699577435555" lon="7.355940838290171"><ele>1155.7</ele></trkpt><trkpt lat="46.756824774379496" lon="7.355875838307101"><ele>1155.6</ele></trkpt><trkpt lat="46.75673477438134" lon="7.355835838308469"><ele>1155.6</ele></trkpt><trkpt lat="46.75659977440442" lon="7.355705838327005"><ele>1155.5</ele></trkpt><trkpt lat="46.756482774468026" lon="7.355613838373719"><ele>1155.2</ele></trkpt><trkpt lat="46.756338774654566" lon="7.35547083850962"><ele>1154.3</ele></trkpt><trkpt lat="46.756338774654566" lon="7.35547083850962"><ele>1154.3</ele></trkpt><trkpt lat="46.75636577471529" lon="7.355548838551331"><ele>1154.0</ele></trkpt><trkpt lat="46.75644677493826" lon="7.355679838708444"><ele>1152.9</ele></trkpt><trkpt lat="46.7565097750799" lon="7.355797838807468"><ele>1152.2</ele></trkpt><trkpt lat="46.75658277526215" lon="7.355914838935744"><ele>1151.3</ele></trkpt><trkpt lat="46.75664577546501" lon="7.356006839079343"><ele>1150.3</ele></trkpt><trkpt lat="46.75673577560608" lon="7.356097839179007"><ele>1149.6</ele></trkpt><trkpt lat="46.75696077594848" lon="7.356267839422395"><ele>1147.9</ele></trkpt><trkpt lat="46.75715877651589" lon="7.356424839827119"><ele>1145.1</ele></trkpt><trkpt lat="46.7573117767372" lon="7.3564768399861284"><ele>1144.0</ele></trkpt><trkpt lat="46.757491777060046" lon="7.356554840217502"><ele>1142.4</ele></trkpt><trkpt lat="46.757536777202006" lon="7.35658084031906"><ele>1141.7</ele></trkpt><trkpt lat="46.75754577720185" lon="7.356606840318342"><ele>1141.7</ele></trkpt><trkpt lat="46.75755477720168" lon="7.356633840317604"><ele>1141.7</ele></trkpt><trkpt lat="46.75755477720168" lon="7.356633840317604"><ele>1141.7</ele></trkpt><trkpt lat="46.75750977718226" lon="7.356620840303468"><ele>1141.8</ele></trkpt><trkpt lat="46.75743777720412" lon="7.356607840318675"><ele>1141.7</ele></trkpt><trkpt lat="46.757149777210095" lon="7.356568840320659"><ele>1141.7</ele></trkpt><trkpt lat="46.75687977725651" lon="7.356529840351831"><ele>1141.5</ele></trkpt><trkpt lat="46.75680777727845" lon="7.356529840366695"><ele>1141.4</ele></trkpt><trkpt lat="46.75674477727974" lon="7.356529840366904"><ele>1141.4</ele></trkpt><trkpt lat="46.75667277730169" lon="7.356529840381771"><ele>1141.3</ele></trkpt><trkpt lat="46.756591777283" lon="7.356542840367067"><ele>1141.4</ele></trkpt><trkpt lat="46.75650177730526" lon="7.356569840381284"><ele>1141.3</ele></trkpt><trkpt lat="46.756042777355894" lon="7.356687840408955"><ele>1141.1</ele></trkpt><trkpt lat="46.75591677737897" lon="7.356740840422606"><ele>1141.0</ele></trkpt><trkpt lat="46.75585477738031" lon="7.356766840422127"><ele>1141.0</ele></trkpt><trkpt lat="46.75585477738031" lon="7.356766840422127"><ele>1141.0</ele></trkpt><trkpt lat="46.75579177732044" lon="7.35680584037743"><ele>1141.3</ele></trkpt><trkpt lat="46.75579177732044" lon="7.35680584037743"><ele>1141.3</ele></trkpt><trkpt lat="46.75573777734207" lon="7.356858840390846"><ele>1141.2</ele></trkpt><trkpt lat="46.755656777303024" lon="7.3569238403601505"><ele>1141.4</ele></trkpt><trkpt lat="46.75559377726361" lon="7.356989840329368"><ele>1141.6</ele></trkpt><trkpt lat="46.755521777204045" lon="7.357094840282962"><ele>1141.9</ele></trkpt><trkpt lat="46.7554497770221" lon="7.357225840148106"><ele>1142.8</ele></trkpt><trkpt lat="46.75535077673871" lon="7.357395839939166"><ele>1144.2</ele></trkpt><trkpt lat="46.75525177639414" lon="7.357579839685959"><ele>1145.9</ele></trkpt><trkpt lat="46.75511777584639" lon="7.35782783928487"><ele>1148.6</ele></trkpt><trkpt lat="46.75499177535964" lon="7.358050838928279"><ele>1151.0</ele></trkpt><trkpt lat="46.75489277499469" lon="7.358233838660413"><ele>1152.8</ele></trkpt><trkpt lat="46.75483877475112" lon="7.358338838482242"><ele>1154.0</ele></trkpt><trkpt lat="46.754811774608925" lon="7.358404838378166"><ele>1154.7</ele></trkpt><trkpt lat="46.75478477436487" lon="7.358522838199549"><ele>1155.9</ele></trkpt><trkpt lat="46.75473177387666" lon="7.358810837840903"><ele>1158.3</ele></trkpt><trkpt lat="46.75467777330689" lon="7.3590988374237005"><ele>1161.1</ele></trkpt><trkpt lat="46.75459677241153" lon="7.359595836766814"><ele>1165.5</ele></trkpt><trkpt lat="46.754489771374054" lon="7.360158836005695"><ele>1170.6</ele></trkpt><trkpt lat="46.75434576978687" lon="7.361009834841572"><ele>1178.4</ele></trkpt><trkpt lat="46.75424776874931" lon="7.361585834079728"><ele>1183.5</ele></trkpt><trkpt lat="46.75422976848463" lon="7.361729833885565"><ele>1184.8</ele></trkpt><trkpt lat="46.75422076819947" lon="7.361912833675654"><ele>1186.2</ele></trkpt><trkpt lat="46.75420276789405" lon="7.362069833451838"><ele>1187.7</ele></trkpt><trkpt lat="46.75418476769056" lon="7.362200833301917"><ele>1188.7</ele></trkpt><trkpt lat="46.754157767446486" lon="7.362292833123815"><ele>1189.9</ele></trkpt><trkpt lat="46.75413976734492" lon="7.362357833048895"><ele>1190.4</ele></trkpt><trkpt lat="46.75411276724361" lon="7.362410832974336"><ele>1190.9</ele></trkpt><trkpt lat="46.75406776710181" lon="7.362449832870939"><ele>1191.6</ele></trkpt><trkpt lat="46.75406776710181" lon="7.362449832870939"><ele>1191.6</ele></trkpt><trkpt lat="46.75406776712233" lon="7.3625418328830525"><ele>1191.5</ele></trkpt><trkpt lat="46.754068767081655" lon="7.362619832851624"><ele>1191.7</ele></trkpt><trkpt lat="46.75406876704096" lon="7.362711832819813"><ele>1191.9</ele></trkpt><trkpt lat="46.7540777669797" lon="7.362829832772614"><ele>1192.2</ele></trkpt><trkpt lat="46.75409576695901" lon="7.362881832756481"><ele>1192.3</ele></trkpt><trkpt lat="46.75411376691787" lon="7.36295983272499"><ele>1192.5</ele></trkpt><trkpt lat="46.75414076689698" lon="7.363038832708083"><ele>1192.6</ele></trkpt><trkpt lat="46.75415876691707" lon="7.3631168327205145"><ele>1192.5</ele></trkpt><trkpt lat="46.75417676691685" lon="7.3632088327179215"><ele>1192.5</ele></trkpt><trkpt lat="46.75418576681474" lon="7.36328783264251"><ele>1193.0</ele></trkpt><trkpt lat="46.75421276671269" lon="7.363705832557696"><ele>1193.5</ele></trkpt><trkpt lat="46.754212766692405" lon="7.363823832539802"><ele>1193.6</ele></trkpt><trkpt lat="46.75420376665208" lon="7.364033832504763"><ele>1193.8</ele></trkpt><trkpt lat="46.75419476659117" lon="7.364098832459072"><ele>1194.1</ele></trkpt><trkpt lat="46.754159766571675" lon="7.3641908324420156"><ele>1194.2</ele></trkpt><trkpt lat="46.754087766716246" lon="7.364347832540449"><ele>1193.5</ele></trkpt><trkpt lat="46.754060766635334" lon="7.364412832480172"><ele>1193.9</ele></trkpt><trkpt lat="46.75403376653401" lon="7.364504832404507"><ele>1194.4</ele></trkpt><trkpt lat="46.754015766493715" lon="7.364596832372744"><ele>1194.6</ele></trkpt><trkpt lat="46.75399776647378" lon="7.364648832356732"><ele>1194.7</ele></trkpt><trkpt lat="46.75396176645423" lon="7.364687832341133"><ele>1194.8</ele></trkpt><trkpt lat="46.75391676647568" lon="7.364714832355191"><ele>1194.7</ele></trkpt><trkpt lat="46.75384476643648" lon="7.364740832325434"><ele>1194.9</ele></trkpt><trkpt lat="46.75379076647847" lon="7.364740832354906"><ele>1194.7</ele></trkpt><trkpt lat="46.75374576647943" lon="7.364740832355063"><ele>1194.7</ele></trkpt><trkpt lat="46.753691766480635" lon="7.364753832354892"><ele>1194.7</ele></trkpt><trkpt lat="46.75365576654268" lon="7.364792832397879"><ele>1194.4</ele></trkpt><trkpt lat="46.75361976654356" lon="7.364845832396541"><ele>1194.4</ele></trkpt><trkpt lat="46.75359276654421" lon="7.364897832395201"><ele>1194.4</ele></trkpt><trkpt lat="46.753574766442675" lon="7.364963832320215"><ele>1194.9</ele></trkpt><trkpt lat="46.75354776638231" lon="7.365159832270971"><ele>1195.2</ele></trkpt><trkpt lat="46.75353976642342" lon="7.365264832297392"><ele>1195.0</ele></trkpt><trkpt lat="46.75353976619934" lon="7.365512832129439"><ele>1196.1</ele></trkpt><trkpt lat="46.75354876654615" lon="7.365643832374794"><ele>1194.4</ele></trkpt><trkpt lat="46.75356676642351" lon="7.365761832283594"><ele>1195.0</ele></trkpt><trkpt lat="46.75358476636202" lon="7.365853832237051"><ele>1195.3</ele></trkpt><trkpt lat="46.753620766238996" lon="7.3659708321458135"><ele>1195.9</ele></trkpt><trkpt lat="46.753674766217536" lon="7.366062832128438"><ele>1196.0</ele></trkpt><trkpt lat="46.75371976625741" lon="7.366140832155423"><ele>1195.8</ele></trkpt><trkpt lat="46.753764766154504" lon="7.366180832080924"><ele>1196.3</ele></trkpt><trkpt lat="46.75380076627618" lon="7.366219832167613"><ele>1195.7</ele></trkpt><trkpt lat="46.753836766295834" lon="7.366258832181062"><ele>1195.6</ele></trkpt><trkpt lat="46.75385476631589" lon="7.366310832194214"><ele>1195.5</ele></trkpt><trkpt lat="46.753854766295575" lon="7.366376832177745"><ele>1195.6</ele></trkpt><trkpt lat="46.753845766316275" lon="7.36642883219099"><ele>1195.5</ele></trkpt><trkpt lat="46.75380076625617" lon="7.366533832144301"><ele>1195.8</ele></trkpt><trkpt lat="46.753737766318906" lon="7.366664832184851"><ele>1195.5</ele></trkpt><trkpt lat="46.75371076629917" lon="7.366716832168861"><ele>1195.6</ele></trkpt><trkpt lat="46.75367576636131" lon="7.366847832209319"><ele>1195.3</ele></trkpt><trkpt lat="46.75364876632129" lon="7.366965832176858"><ele>1195.5</ele></trkpt><trkpt lat="46.75363076630133" lon="7.367031832160449"><ele>1195.6</ele></trkpt><trkpt lat="46.753603766240836" lon="7.367096832114795"><ele>1195.9</ele></trkpt><trkpt lat="46.75359476624104" lon="7.367135832113753"><ele>1195.9</ele></trkpt><trkpt lat="46.753603766281735" lon="7.367175832141918"><ele>1195.7</ele></trkpt><trkpt lat="46.753612766301984" lon="7.367227832155101"><ele>1195.6</ele></trkpt><trkpt lat="46.75365776617878" lon="7.367358832063427"><ele>1196.2</ele></trkpt><trkpt lat="46.75368476617836" lon="7.367489832059715"><ele>1196.2</ele></trkpt><trkpt lat="46.753684766158145" lon="7.367632832041114"><ele>1196.3</ele></trkpt><trkpt lat="46.75367576611769" lon="7.3677378320089435"><ele>1196.5</ele></trkpt><trkpt lat="46.75363976591465" lon="7.367894831858207"><ele>1197.5</ele></trkpt><trkpt lat="46.75363976581283" lon="7.367999831782039"><ele>1198.0</ele></trkpt><trkpt lat="46.753648765669986" lon="7.368117831676175"><ele>1198.7</ele></trkpt><trkpt lat="46.753720765485156" lon="7.368378831536821"><ele>1199.6</ele></trkpt><trkpt lat="46.75374876544382" lon="7.368470831504868"><ele>1199.8</ele></trkpt><trkpt lat="46.753748765341946" lon="7.368549831429407"><ele>1200.3</ele></trkpt><trkpt lat="46.753739765199455" lon="7.368614831325059"><ele>1201.0</ele></trkpt><trkpt lat="46.75369476503736" lon="7.368706831205427"><ele>1201.8</ele></trkpt><trkpt lat="46.75366776493609" lon="7.368824831128975"><ele>1202.3</ele></trkpt><trkpt lat="46.753649764916176" lon="7.368889831112581"><ele>1202.4</ele></trkpt><trkpt lat="46.753640764916454" lon="7.368941831111166"><ele>1202.4</ele></trkpt><trkpt lat="46.753640764855376" lon="7.369007831065369"><ele>1202.7</ele></trkpt><trkpt lat="46.753640764835" lon="7.369046831049633"><ele>1202.8</ele></trkpt><trkpt lat="46.7536767647323" lon="7.369125830974036"><ele>1203.3</ele></trkpt><trkpt lat="46.753739764608746" lon="7.369308830880796"><ele>1203.9</ele></trkpt><trkpt lat="46.7537937644649" lon="7.369412830775128"><ele>1204.6</ele></trkpt><trkpt lat="46.75390176415677" lon="7.369622830549058"><ele>1206.1</ele></trkpt><trkpt lat="46.75394676405387" lon="7.369687830473802"><ele>1206.6</ele></trkpt><trkpt lat="46.75399176397138" lon="7.369739830413573"><ele>1207.0</ele></trkpt><trkpt lat="46.754027763909434" lon="7.369778830368386"><ele>1207.3</ele></trkpt><trkpt lat="46.75407276378607" lon="7.369805830279536"><ele>1207.9</ele></trkpt><trkpt lat="46.75417176353914" lon="7.369870830101485"><ele>1209.1</ele></trkpt><trkpt lat="46.754216763456576" lon="7.369896830041969"><ele>1209.5</ele></trkpt><trkpt lat="46.75424376341526" lon="7.369922830011833"><ele>1209.7</ele></trkpt><trkpt lat="46.75426176335369" lon="7.369974829966347"><ele>1210.0</ele></trkpt><trkpt lat="46.754261763333346" lon="7.37002782995021"><ele>1210.1</ele></trkpt><trkpt lat="46.75425276329279" lon="7.3700668299198355"><ele>1210.3</ele></trkpt><trkpt lat="46.754225763150686" lon="7.370119829815843"><ele>1211.0</ele></trkpt><trkpt lat="46.7541807630294" lon="7.3701718297265995"><ele>1211.6</ele></trkpt><trkpt lat="46.75412676296941" lon="7.370223829681355"><ele>1211.9</ele></trkpt><trkpt lat="46.754045762869296" lon="7.370276829606868"><ele>1212.4</ele></trkpt><trkpt lat="46.75400176282957" lon="7.370328829576249"><ele>1212.6</ele></trkpt><trkpt lat="46.753956762687785" lon="7.370368829472676"><ele>1213.3</ele></trkpt><trkpt lat="46.75392976258648" lon="7.37042082939802"><ele>1213.8</ele></trkpt><trkpt lat="46.75390276250561" lon="7.3704858293376585"><ele>1214.2</ele></trkpt><trkpt lat="46.75387576244514" lon="7.370603829290469"><ele>1214.5</ele></trkpt><trkpt lat="46.7538757623636" lon="7.370656829230345"><ele>1214.9</ele></trkpt><trkpt lat="46.75390276224073" lon="7.370734829140105"><ele>1215.5</ele></trkpt><trkpt lat="46.75393876207683" lon="7.370813829020487"><ele>1216.3</ele></trkpt><trkpt lat="46.753983761953485" lon="7.37086582893091"><ele>1216.9</ele></trkpt><trkpt lat="46.75401976191195" lon="7.370904828900366"><ele>1217.1</ele></trkpt><trkpt lat="46.75403776185037" lon="7.370930828855593"><ele>1217.4</ele></trkpt><trkpt lat="46.754055761788834" lon="7.370983828810058"><ele>1217.7</ele></trkpt><trkpt lat="46.754055761748106" lon="7.371048828778908"><ele>1217.9</ele></trkpt><trkpt lat="46.75405576162583" lon="7.371127828688726"><ele>1218.5</ele></trkpt><trkpt lat="46.754055761544315" lon="7.371192828628255"><ele>1218.9</ele></trkpt><trkpt lat="46.754064761544186" lon="7.371244828626759"><ele>1218.9</ele></trkpt><trkpt lat="46.75408276150307" lon="7.371310828595518"><ele>1219.1</ele></trkpt><trkpt lat="46.75410976144138" lon="7.371362828549973"><ele>1219.4</ele></trkpt><trkpt lat="46.75413676137956" lon="7.371401828504798"><ele>1219.7</ele></trkpt><trkpt lat="46.75420876119448" lon="7.371480828370364"><ele>1220.6</ele></trkpt><trkpt lat="46.75420876119448" lon="7.371480828370364"><ele>1220.6</ele></trkpt><trkpt lat="46.75421776115355" lon="7.371506828340277"><ele>1220.8</ele></trkpt><trkpt lat="46.754244761030584" lon="7.3715718282503815"><ele>1221.4</ele></trkpt><trkpt lat="46.75426276092829" lon="7.371637828175149"><ele>1221.9</ele></trkpt><trkpt lat="46.75427176076501" lon="7.371728828055254"><ele>1222.7</ele></trkpt><trkpt lat="46.75427176066308" lon="7.371781827980445"><ele>1223.2</ele></trkpt><trkpt lat="46.75427176066308" lon="7.371781827980445"><ele>1223.2</ele></trkpt><trkpt lat="46.75422676052136" lon="7.3718468278761335"><ele>1223.9</ele></trkpt><trkpt lat="46.75417276040026" lon="7.3718998277868515"><ele>1224.5</ele></trkpt><trkpt lat="46.75406576001526" lon="7.372030827504941"><ele>1226.4</ele></trkpt><trkpt lat="46.75402075985318" lon="7.372095827385956"><ele>1227.2</ele></trkpt><trkpt lat="46.753975759711494" lon="7.372161827281607"><ele>1227.9</ele></trkpt><trkpt lat="46.753939759590004" lon="7.372239827191544"><ele>1228.5</ele></trkpt><trkpt lat="46.75390375948893" lon="7.372318827116119"><ele>1229.0</ele></trkpt><trkpt lat="46.75388575938749" lon="7.372409827040278"><ele>1229.5</ele></trkpt><trkpt lat="46.753876759244946" lon="7.372475826935791"><ele>1230.2</ele></trkpt><trkpt lat="46.753876759081884" lon="7.372566826815896"><ele>1231.0</ele></trkpt><trkpt lat="46.75388575885744" lon="7.372658826651944"><ele>1232.1</ele></trkpt><trkpt lat="46.753894758653324" lon="7.372763826502276"><ele>1233.1</ele></trkpt><trkpt lat="46.75391275832667" lon="7.372854826264997"><ele>1234.7</ele></trkpt><trkpt lat="46.75392175818383" lon="7.372933826160055"><ele>1235.4</ele></trkpt><trkpt lat="46.75392175795949" lon="7.37299882599689"><ele>1236.5</ele></trkpt><trkpt lat="46.753912757776234" lon="7.373064825863049"><ele>1237.4</ele></trkpt><trkpt lat="46.75390375763375" lon="7.3731428257581975"><ele>1238.1</ele></trkpt><trkpt lat="46.753885757287584" lon="7.373299825504458"><ele>1239.8</ele></trkpt><trkpt lat="46.75389475685931" lon="7.373522825190052"><ele>1241.9</ele></trkpt><trkpt lat="46.75390475671643" lon="7.373627825084339"><ele>1242.6</ele></trkpt><trkpt lat="46.75390475645156" lon="7.373862824886919"><ele>1243.9</ele></trkpt><trkpt lat="46.75390475630896" lon="7.37398082478086"><ele>1244.6</ele></trkpt><trkpt lat="46.75392275606399" lon="7.374163824599521"><ele>1245.8</ele></trkpt><trkpt lat="46.75392275592134" lon="7.374255824494196"><ele>1246.5</ele></trkpt><trkpt lat="46.753913755778875" lon="7.374333824389306"><ele>1247.2</ele></trkpt><trkpt lat="46.7538957556162" lon="7.374425824269377"><ele>1248.0</ele></trkpt><trkpt lat="46.753868755453766" lon="7.374517824149473"><ele>1248.8</ele></trkpt><trkpt lat="46.75384175529129" lon="7.374582824030346"><ele>1249.6</ele></trkpt><trkpt lat="46.753805755108715" lon="7.374687823895424"><ele>1250.5</ele></trkpt><trkpt lat="46.75376975500758" lon="7.37475282382033"><ele>1251.0</ele></trkpt><trkpt lat="46.75373375496772" lon="7.374818823789212"><ele>1251.2</ele></trkpt><trkpt lat="46.75368875488722" lon="7.374870823729198"><ele>1251.6</ele></trkpt><trkpt lat="46.75368875488722" lon="7.374870823729198"><ele>1251.6</ele></trkpt><trkpt lat="46.75358975470605" lon="7.374975823594491"><ele>1252.5</ele></trkpt><trkpt lat="46.75353675468697" lon="7.375040823578134"><ele>1252.6</ele></trkpt><trkpt lat="46.75349175470853" lon="7.3751068235910555"><ele>1252.5</ele></trkpt><trkpt lat="46.753455754648215" lon="7.375171823545296"><ele>1252.8</ele></trkpt><trkpt lat="46.753410754445405" lon="7.37527682339572"><ele>1253.8</ele></trkpt><trkpt lat="46.75336575438547" lon="7.3754078233480715"><ele>1254.1</ele></trkpt><trkpt lat="46.75331175442771" lon="7.375564823373058"><ele>1253.9</ele></trkpt><trkpt lat="46.75326675446968" lon="7.375682823399143"><ele>1253.7</ele></trkpt><trkpt lat="46.7532217545731" lon="7.375918823465821"><ele>1253.2</ele></trkpt><trkpt lat="46.75320375457367" lon="7.37604982346209"><ele>1253.2</ele></trkpt><trkpt lat="46.753185754656016" lon="7.376324823512881"><ele>1252.8</ele></trkpt><trkpt lat="46.753186754697104" lon="7.376546823535794"><ele>1252.6</ele></trkpt><trkpt lat="46.75318675475846" lon="7.376664823576396"><ele>1252.3</ele></trkpt><trkpt lat="46.75318675475846" lon="7.376664823576396"><ele>1252.3</ele></trkpt><trkpt lat="46.753195754799165" lon="7.376755823603075"><ele>1252.1</ele></trkpt><trkpt lat="46.753195754799165" lon="7.376755823603075"><ele>1252.1</ele></trkpt><trkpt lat="46.75319575473809" lon="7.376847823556392"><ele>1252.4</ele></trkpt><trkpt lat="46.75319575473809" lon="7.376847823556392"><ele>1252.4</ele></trkpt><trkpt lat="46.75333975493876" lon="7.376834823702985"><ele>1251.4</ele></trkpt><trkpt lat="46.75343875489567" lon="7.376821823673656"><ele>1251.6</ele></trkpt><trkpt lat="46.75348375485387" lon="7.376847823643391"><ele>1251.8</ele></trkpt><trkpt lat="46.75353775485263" lon="7.3768608236428195"><ele>1251.8</ele></trkpt><trkpt lat="46.75360975472872" lon="7.376938823552261"><ele>1252.4</ele></trkpt><trkpt lat="46.75363675468731" lon="7.376977823521681"><ele>1252.6</ele></trkpt><trkpt lat="46.75366375468682" lon="7.377030823520049"><ele>1252.6</ele></trkpt><trkpt lat="46.75369075466587" lon="7.377095823503397"><ele>1252.7</ele></trkpt><trkpt lat="46.75370875466553" lon="7.377161823501419"><ele>1252.7</ele></trkpt><trkpt lat="46.753717754726715" lon="7.377318823540863"><ele>1252.4</ele></trkpt><trkpt lat="46.75372675474726" lon="7.377566823548325"><ele>1252.3</ele></trkpt><trkpt lat="46.75372675495165" lon="7.377854823686753"><ele>1251.3</ele></trkpt><trkpt lat="46.75372675487068" lon="7.378312823614794"><ele>1251.7</ele></trkpt><trkpt lat="46.753735754768755" lon="7.3785228235353"><ele>1252.2</ele></trkpt><trkpt lat="46.75374475462592" lon="7.378613823429884"><ele>1252.9</ele></trkpt><trkpt lat="46.7537447546261" lon="7.378770823425338"><ele>1252.9</ele></trkpt><trkpt lat="46.7537457546874" lon="7.378862823466705"><ele>1252.6</ele></trkpt><trkpt lat="46.75372775472889" lon="7.379045823490831"><ele>1252.4</ele></trkpt><trkpt lat="46.75372775472889" lon="7.379045823490831"><ele>1252.4</ele></trkpt><trkpt lat="46.75368275475098" lon="7.37952982349166"><ele>1252.3</ele></trkpt><trkpt lat="46.753682754649134" lon="7.3796218234155955"><ele>1252.8</ele></trkpt><trkpt lat="46.75367375458825" lon="7.379726823368541"><ele>1253.1</ele></trkpt><trkpt lat="46.75368275454735" lon="7.379791823337269"><ele>1253.3</ele></trkpt><trkpt lat="46.753691754526834" lon="7.379857823320641"><ele>1253.4</ele></trkpt><trkpt lat="46.753736754342434" lon="7.380001823184173"><ele>1254.3</ele></trkpt><trkpt lat="46.75373675432213" lon="7.380066823167606"><ele>1254.4</ele></trkpt><trkpt lat="46.75373675440376" lon="7.380118823224824"><ele>1254.0</ele></trkpt><trkpt lat="46.753691754445924" lon="7.380315823248641"><ele>1253.8</ele></trkpt><trkpt lat="46.75366475430388" lon="7.380433823142543"><ele>1254.5</ele></trkpt><trkpt lat="46.75365575426341" lon="7.380524823110568"><ele>1254.7</ele></trkpt><trkpt lat="46.75365575414116" lon="7.380616823019805"><ele>1255.3</ele></trkpt><trkpt lat="46.753665754100226" lon="7.38069482298814"><ele>1255.5</ele></trkpt><trkpt lat="46.753683754120395" lon="7.380799822999707"><ele>1255.4</ele></trkpt><trkpt lat="46.75369275416113" lon="7.380904823025995"><ele>1255.2</ele></trkpt><trkpt lat="46.75369275424283" lon="7.380995823082087"><ele>1254.8</ele></trkpt><trkpt lat="46.753692754263355" lon="7.381100823093724"><ele>1254.7</ele></trkpt><trkpt lat="46.75369275436552" lon="7.381205823164106"><ele>1254.2</ele></trkpt><trkpt lat="46.75367475438649" lon="7.381336823175055"><ele>1254.1</ele></trkpt><trkpt lat="46.75367475428468" lon="7.381467823097832"><ele>1254.6</ele></trkpt><trkpt lat="46.753674754305266" lon="7.381597823108745"><ele>1254.5</ele></trkpt><trkpt lat="46.75368375424402" lon="7.381715823061236"><ele>1254.8</ele></trkpt><trkpt lat="46.753701754182586" lon="7.381833823013688"><ele>1255.1</ele></trkpt><trkpt lat="46.753728754182056" lon="7.381938823010543"><ele>1255.1</ele></trkpt><trkpt lat="46.753809754099" lon="7.382212822943551"><ele>1255.5</ele></trkpt><trkpt lat="46.753809754099" lon="7.382212822943551"><ele>1255.5</ele></trkpt><trkpt lat="46.75382775411902" lon="7.382252822957011"><ele>1255.4</ele></trkpt><trkpt lat="46.753845754139135" lon="7.382317822969745"><ele>1255.3</ele></trkpt><trkpt lat="46.753854754159434" lon="7.382382822982517"><ele>1255.2</ele></trkpt><trkpt lat="46.753863754302095" lon="7.382461823083004"><ele>1254.5</ele></trkpt><trkpt lat="46.753872754363314" lon="7.382657823121349"><ele>1254.2</ele></trkpt><trkpt lat="46.75387275438391" lon="7.382749823133368"><ele>1254.1</ele></trkpt><trkpt lat="46.753863754343335" lon="7.382814823102139"><ele>1254.3</ele></trkpt><trkpt lat="46.75385575430287" lon="7.382893823070501"><ele>1254.5</ele></trkpt><trkpt lat="46.753828754242406" lon="7.382958823024648"><ele>1254.8</ele></trkpt><trkpt lat="46.75377475424383" lon="7.383102823020668"><ele>1254.8</ele></trkpt><trkpt lat="46.75372975420424" lon="7.383194822988787"><ele>1255.0</ele></trkpt><trkpt lat="46.75368475426657" lon="7.383299823029969"><ele>1254.7</ele></trkpt><trkpt lat="46.75359475443205" lon="7.383495823142127"><ele>1253.9</ele></trkpt><trkpt lat="46.753567754147255" lon="7.383574822934277"><ele>1255.3</ele></trkpt><trkpt lat="46.753558754045606" lon="7.383652822858595"><ele>1255.8</ele></trkpt><trkpt lat="46.75355875420887" lon="7.383744822973448"><ele>1255.0</ele></trkpt><trkpt lat="46.7535677542088" lon="7.383809822971532"><ele>1255.0</ele></trkpt><trkpt lat="46.75357675420865" lon="7.383875822969583"><ele>1255.0</ele></trkpt><trkpt lat="46.75357675431075" lon="7.383940823041151"><ele>1254.5</ele></trkpt><trkpt lat="46.75358575443303" lon="7.384032823126595"><ele>1253.9</ele></trkpt><trkpt lat="46.75359475449414" lon="7.384110823168376"><ele>1253.6</ele></trkpt><trkpt lat="46.75363075451379" lon="7.3841898231806455"><ele>1253.5</ele></trkpt><trkpt lat="46.75366675471701" lon="7.384254823325547"><ele>1252.5</ele></trkpt><trkpt lat="46.75371175473649" lon="7.384320823338165"><ele>1252.4</ele></trkpt><trkpt lat="46.75375675473546" lon="7.384359823336872"><ele>1252.4</ele></trkpt><trkpt lat="46.75378375465336" lon="7.3844118232764995"><ele>1252.8</ele></trkpt><trkpt lat="46.75381075461205" lon="7.384477823245106"><ele>1253.0</ele></trkpt><trkpt lat="46.75383775461148" lon="7.384542823243122"><ele>1253.0</ele></trkpt><trkpt lat="46.75390075489586" lon="7.38471282344367"><ele>1251.6</ele></trkpt><trkpt lat="46.753982755098356" lon="7.385000823581977"><ele>1250.6</ele></trkpt><trkpt lat="46.75400075515926" lon="7.385078823623737"><ele>1250.3</ele></trkpt><trkpt lat="46.75401875513853" lon="7.385183823605942"><ele>1250.4</ele></trkpt><trkpt lat="46.75403675526064" lon="7.385262823691761"><ele>1249.8</ele></trkpt><trkpt lat="46.75404575530132" lon="7.385340823718864"><ele>1249.6</ele></trkpt><trkpt lat="46.75406375526023" lon="7.385432823686748"><ele>1249.8</ele></trkpt><trkpt lat="46.75407275532131" lon="7.385497823728928"><ele>1249.5</ele></trkpt><trkpt lat="46.75407275538261" lon="7.385589823770352"><ele>1249.2</ele></trkpt><trkpt lat="46.754072755545984" lon="7.385694823884881"><ele>1248.4</ele></trkpt><trkpt lat="46.754072755545984" lon="7.385694823884881"><ele>1248.4</ele></trkpt><trkpt lat="46.754081755627425" lon="7.3857858239410055"><ele>1248.0</ele></trkpt><trkpt lat="46.75408175572955" lon="7.385864824012203"><ele>1247.5</ele></trkpt><trkpt lat="46.75408175570924" lon="7.385916823996008"><ele>1247.6</ele></trkpt><trkpt lat="46.754072755832" lon="7.38604782408044"><ele>1247.0</ele></trkpt><trkpt lat="46.75408175587273" lon="7.3861128241079275"><ele>1246.8</ele></trkpt><trkpt lat="46.754090755872575" lon="7.386191824105616"><ele>1246.8</ele></trkpt><trkpt lat="46.75410875587231" lon="7.386269824103303"><ele>1246.8</ele></trkpt><trkpt lat="46.754126755912786" lon="7.386361824129981"><ele>1246.6</ele></trkpt><trkpt lat="46.754162756095766" lon="7.386531824257228"><ele>1245.7</ele></trkpt><trkpt lat="46.754207756319516" lon="7.38681982441045"><ele>1244.6</ele></trkpt><trkpt lat="46.75425275644113" lon="7.387015824492837"><ele>1244.0</ele></trkpt><trkpt lat="46.75426175652264" lon="7.38709482454933"><ele>1243.6</ele></trkpt><trkpt lat="46.75427075658367" lon="7.387159824591524"><ele>1243.3</ele></trkpt><trkpt lat="46.75427975668564" lon="7.387251824662347"><ele>1242.8</ele></trkpt><trkpt lat="46.75427975682848" lon="7.3873168247633725"><ele>1242.1</ele></trkpt><trkpt lat="46.75427075693077" lon="7.387395824834633"><ele>1241.6</ele></trkpt><trkpt lat="46.75426275707381" lon="7.387460824935695"><ele>1240.9</ele></trkpt><trkpt lat="46.75422675729926" lon="7.387630825092646"><ele>1239.8</ele></trkpt><trkpt lat="46.75420875738134" lon="7.38769682514962"><ele>1239.4</ele></trkpt><trkpt lat="46.754199757463226" lon="7.387761825206593"><ele>1239.0</ele></trkpt><trkpt lat="46.75419975754486" lon="7.387827825263503"><ele>1238.6</ele></trkpt><trkpt lat="46.754208757667264" lon="7.387958825347928"><ele>1238.0</ele></trkpt><trkpt lat="46.754208757708156" lon="7.38802382537547"><ele>1237.8</ele></trkpt><trkpt lat="46.75420875764702" lon="7.388075825329877"><ele>1238.1</ele></trkpt><trkpt lat="46.75419075766792" lon="7.388141825342759"><ele>1238.0</ele></trkpt><trkpt lat="46.75414575770983" lon="7.3882198253700855"><ele>1237.8</ele></trkpt><trkpt lat="46.75407375769122" lon="7.388311825353013"><ele>1237.9</ele></trkpt><trkpt lat="46.7540377577533" lon="7.388364825395734"><ele>1237.6</ele></trkpt><trkpt lat="46.75398375767301" lon="7.388429825335258"><ele>1238.0</ele></trkpt><trkpt lat="46.753947757633135" lon="7.388495825304098"><ele>1238.2</ele></trkpt><trkpt lat="46.75392975755204" lon="7.388547825243866"><ele>1238.6</ele></trkpt><trkpt lat="46.75390275751194" lon="7.3885998252130705"><ele>1238.8</ele></trkpt><trkpt lat="46.75388475763481" lon="7.388665825299461"><ele>1238.2</ele></trkpt><trkpt lat="46.75384875777847" lon="7.388730825400648"><ele>1237.5</ele></trkpt><trkpt lat="46.753830757758536" lon="7.388769825384894"><ele>1237.6</ele></trkpt><trkpt lat="46.753803757759236" lon="7.388809825383848"><ele>1237.6</ele></trkpt><trkpt lat="46.75377675788232" lon="7.388874825470302"><ele>1237.0</ele></trkpt><trkpt lat="46.75376775806614" lon="7.388940825600775"><ele>1236.1</ele></trkpt><trkpt lat="46.75374975820945" lon="7.389031825701162"><ele>1235.4</ele></trkpt><trkpt lat="46.75374175829132" lon="7.389097825758118"><ele>1235.0</ele></trkpt><trkpt lat="46.753741758434224" lon="7.389188825858447"><ele>1234.3</ele></trkpt><trkpt lat="46.75374175851592" lon="7.389254825915381"><ele>1233.9</ele></trkpt><trkpt lat="46.7537597585564" lon="7.38934582594213"><ele>1233.7</ele></trkpt><trkpt lat="46.75376875859707" lon="7.389398825969991"><ele>1233.5</ele></trkpt><trkpt lat="46.753813758677865" lon="7.389542826024547"><ele>1233.1</ele></trkpt><trkpt lat="46.75382275869812" lon="7.389607826037369"><ele>1233.0</ele></trkpt><trkpt lat="46.75383175873879" lon="7.389659826065263"><ele>1232.8</ele></trkpt><trkpt lat="46.753831758759254" lon="7.389712826078459"><ele>1232.7</ele></trkpt><trkpt lat="46.75382275877986" lon="7.3897778260913425"><ele>1232.6</ele></trkpt><trkpt lat="46.75384075882058" lon="7.3899748261150835"><ele>1232.4</ele></trkpt><trkpt lat="46.7538497586778" lon="7.390131826007637"><ele>1233.1</ele></trkpt><trkpt lat="46.75384975863712" lon="7.390196825976371"><ele>1233.3</ele></trkpt><trkpt lat="46.75384975859637" lon="7.390222825946224"><ele>1233.5</ele></trkpt><trkpt lat="46.75384975859637" lon="7.390222825946224"><ele>1233.5</ele></trkpt><trkpt lat="46.7538947588401" lon="7.390275826121022"><ele>1232.3</ele></trkpt><trkpt lat="46.75396675896096" lon="7.3903148262078915"><ele>1231.7</ele></trkpt><trkpt lat="46.75414675926283" lon="7.390314826427843"><ele>1230.2</ele></trkpt><trkpt lat="46.75428175966771" lon="7.390313826721518"><ele>1228.2</ele></trkpt><trkpt lat="46.75436275986993" lon="7.390340826867527"><ele>1227.2</ele></trkpt><trkpt lat="46.754416760052344" lon="7.390392826998222"><ele>1226.3</ele></trkpt><trkpt lat="46.75447076029611" lon="7.3905238271708"><ele>1225.1</ele></trkpt><trkpt lat="46.75452476060109" lon="7.390706827386045"><ele>1223.6</ele></trkpt><trkpt lat="46.75453376072335" lon="7.390784827472048"><ele>1223.0</ele></trkpt><trkpt lat="46.75452476084611" lon="7.390902827556997"><ele>1222.4</ele></trkpt><trkpt lat="46.754506760907844" lon="7.391046827597121"><ele>1222.1</ele></trkpt><trkpt lat="46.75449776109182" lon="7.391151827726568"><ele>1221.2</ele></trkpt><trkpt lat="46.75447076139858" lon="7.391282827943598"><ele>1219.7</ele></trkpt><trkpt lat="46.754461761460064" lon="7.391360827985562"><ele>1219.4</ele></trkpt><trkpt lat="46.75446176158255" lon="7.391426828071955"><ele>1218.8</ele></trkpt><trkpt lat="46.7545157618262" lon="7.391517828245718"><ele>1217.6</ele></trkpt><trkpt lat="46.75456076219252" lon="7.391622828507382"><ele>1215.8</ele></trkpt><trkpt lat="46.75458776231456" lon="7.391805828590407"><ele>1215.2</ele></trkpt><trkpt lat="46.754605762477695" lon="7.392067828700676"><ele>1214.4</ele></trkpt><trkpt lat="46.754623762722204" lon="7.392211828873108"><ele>1213.2</ele></trkpt><trkpt lat="46.754641762844344" lon="7.3923168289583705"><ele>1212.6</ele></trkpt><trkpt lat="46.75465076290549" lon="7.392420828999563"><ele>1212.3</ele></trkpt><trkpt lat="46.75465176333422" lon="7.3927218293000925"><ele>1210.2</ele></trkpt><trkpt lat="46.75466076339528" lon="7.39277482934272"><ele>1209.9</ele></trkpt><trkpt lat="46.754705763272035" lon="7.39287882925138"><ele>1210.5</ele></trkpt><trkpt lat="46.75475076320997" lon="7.39297082920451"><ele>1210.8</ele></trkpt><trkpt lat="46.754795763331444" lon="7.393048829290449"><ele>1210.2</ele></trkpt><trkpt lat="46.754840763453" lon="7.393140829376004"><ele>1209.6</ele></trkpt><trkpt lat="46.75487676357471" lon="7.393271829460499"><ele>1209.0</ele></trkpt><trkpt lat="46.75491276381886" lon="7.3934028296332865"><ele>1207.8</ele></trkpt><trkpt lat="46.75493976400206" lon="7.393546829761608"><ele>1206.9</ele></trkpt><trkpt lat="46.75493976418581" lon="7.3937038298896605"><ele>1206.0</ele></trkpt><trkpt lat="46.754921764308726" lon="7.393768829976206"><ele>1205.4</ele></trkpt><trkpt lat="46.75490376437041" lon="7.393834830018576"><ele>1205.1</ele></trkpt><trkpt lat="46.75490376437044" lon="7.3938868300171325"><ele>1205.1</ele></trkpt><trkpt lat="46.7549127643703" lon="7.393912830016376"><ele>1205.1</ele></trkpt><trkpt lat="46.7549127643703" lon="7.393912830016376"><ele>1205.1</ele></trkpt><trkpt lat="46.754930764369924" lon="7.393951830015229"><ele>1205.1</ele></trkpt><trkpt lat="46.754930764369924" lon="7.393951830015229"><ele>1205.1</ele></trkpt><trkpt lat="46.75494876436964" lon="7.394017830013331"><ele>1205.1</ele></trkpt><trkpt lat="46.755029763817234" lon="7.394161829611708"><ele>1207.8</ele></trkpt><trkpt lat="46.75524576295634" lon="7.394606828980428"><ele>1212.0</ele></trkpt><trkpt lat="46.75535376277063" lon="7.39482882884138"><ele>1212.9</ele></trkpt><trkpt lat="46.755425762585546" lon="7.394920828706082"><ele>1213.8</ele></trkpt><trkpt lat="46.75553376217526" lon="7.394998828409158"><ele>1215.8</ele></trkpt><trkpt lat="46.75561476229601" lon="7.395103828494233"><ele>1215.2</ele></trkpt><trkpt lat="46.75569576198839" lon="7.395233828269521"><ele>1216.7</ele></trkpt><trkpt lat="46.75576776143612" lon="7.395351827868538"><ele>1219.4</ele></trkpt><trkpt lat="46.755857761250766" lon="7.395534827730591"><ele>1220.3</ele></trkpt><trkpt lat="46.755974760779274" lon="7.395822827383498"><ele>1222.6</ele></trkpt><trkpt lat="46.756010760574675" lon="7.3959278272332005"><ele>1223.6</ele></trkpt><trkpt lat="46.75603776039055" lon="7.396005827098414"><ele>1224.5</ele></trkpt><trkpt lat="46.75606476028803" lon="7.396084827022479"><ele>1225.0</ele></trkpt><trkpt lat="46.75610076022625" lon="7.396228826974115"><ele>1225.3</ele></trkpt><trkpt lat="46.75610976014451" lon="7.396306826912989"><ele>1225.7</ele></trkpt><trkpt lat="46.75610076004281" lon="7.396372826837546"><ele>1226.2</ele></trkpt><trkpt lat="46.7560827599821" lon="7.396437826791604"><ele>1226.5</ele></trkpt><trkpt lat="46.756055759860395" lon="7.396490826701866"><ele>1227.1</ele></trkpt><trkpt lat="46.7560107597799" lon="7.396555826641301"><ele>1227.5</ele></trkpt><trkpt lat="46.75596575978094" lon="7.396608826639955"><ele>1227.5</ele></trkpt><trkpt lat="46.7558677597018" lon="7.396752826577334"><ele>1227.9</ele></trkpt><trkpt lat="46.75582275968255" lon="7.396830826560559"><ele>1228.0</ele></trkpt><trkpt lat="46.755741759766146" lon="7.3969878266152875"><ele>1227.6</ele></trkpt><trkpt lat="46.755696759665284" lon="7.397092826538852"><ele>1228.1</ele></trkpt><trkpt lat="46.75566075962543" lon="7.397171826507294"><ele>1228.3</ele></trkpt><trkpt lat="46.7556247597284" lon="7.397275826578088"><ele>1227.8</ele></trkpt><trkpt lat="46.75559775976989" lon="7.397354826605394"><ele>1227.6</ele></trkpt><trkpt lat="46.75558875972936" lon="7.3974068265745"><ele>1227.8</ele></trkpt><trkpt lat="46.75558875968868" lon="7.3974858265428125"><ele>1228.0</ele></trkpt><trkpt lat="46.75558875962753" lon="7.397537826497167"><ele>1228.3</ele></trkpt><trkpt lat="46.755606759484444" lon="7.39761682639179"><ele>1229.0</ele></trkpt><trkpt lat="46.75563375942276" lon="7.397694826345303"><ele>1229.3</ele></trkpt><trkpt lat="46.75566075934063" lon="7.397760826284436"><ele>1229.7</ele></trkpt><trkpt lat="46.75567875936068" lon="7.397799826297987"><ele>1229.6</ele></trkpt><trkpt lat="46.75570575944179" lon="7.397877826354577"><ele>1229.2</ele></trkpt><trkpt lat="46.75573275940043" lon="7.397943826323155"><ele>1229.4</ele></trkpt><trkpt lat="46.75576875937946" lon="7.398100826303845"><ele>1229.5</ele></trkpt><trkpt lat="46.75577775935895" lon="7.398165826287237"><ele>1229.6</ele></trkpt><trkpt lat="46.75578675937923" lon="7.398231826300057"><ele>1229.5</ele></trkpt><trkpt lat="46.755786759358905" lon="7.398296826283485"><ele>1229.6</ele></trkpt><trkpt lat="46.755777759359226" lon="7.398362826281644"><ele>1229.6</ele></trkpt><trkpt lat="46.755759759359805" lon="7.3985068262776155"><ele>1229.6</ele></trkpt><trkpt lat="46.75574175933993" lon="7.398597826260368"><ele>1229.7</ele></trkpt><trkpt lat="46.75570575927974" lon="7.398741826212227"><ele>1230.0</ele></trkpt><trkpt lat="46.755687759239464" lon="7.398807826180961"><ele>1230.2</ele></trkpt><trkpt lat="46.75558975881356" lon="7.39900382586646"><ele>1232.3</ele></trkpt><trkpt lat="46.75556275875301" lon="7.399042825821266"><ele>1232.6</ele></trkpt><trkpt lat="46.75556275875301" lon="7.399042825821266"><ele>1232.6</ele></trkpt><trkpt lat="46.75554475871266" lon="7.3990828257907335"><ele>1232.8</ele></trkpt><trkpt lat="46.755517758672525" lon="7.399108825760635"><ele>1233.0</ele></trkpt><trkpt lat="46.75548175867335" lon="7.399121825760393"><ele>1233.0</ele></trkpt><trkpt lat="46.755436758756" lon="7.399121825819466"><ele>1232.6</ele></trkpt><trkpt lat="46.75539175883866" lon="7.39917382587706"><ele>1232.2</ele></trkpt><trkpt lat="46.75535575890074" lon="7.399213825920234"><ele>1231.9</ele></trkpt><trkpt lat="46.75534675894182" lon="7.399278825947874"><ele>1231.7</ele></trkpt><trkpt lat="46.75532875916675" lon="7.399383826106961"><ele>1230.6</ele></trkpt><trkpt lat="46.755310759248786" lon="7.399435826164463"><ele>1230.2</ele></trkpt><trkpt lat="46.75529275933091" lon="7.399501826221565"><ele>1229.8</ele></trkpt><trkpt lat="46.75527475943338" lon="7.399566826293422"><ele>1229.3</ele></trkpt><trkpt lat="46.75525675955631" lon="7.399645826379622"><ele>1228.7</ele></trkpt><trkpt lat="46.75524775959743" lon="7.399749826406162"><ele>1228.5</ele></trkpt><trkpt lat="46.75522075970032" lon="7.399972826473578"><ele>1228.0</ele></trkpt><trkpt lat="46.75520275986415" lon="7.4001558265862935"><ele>1227.2</ele></trkpt><trkpt lat="46.75519375992569" lon="7.400247826627906"><ele>1226.9</ele></trkpt><trkpt lat="46.75518475996678" lon="7.400325826655193"><ele>1226.7</ele></trkpt><trkpt lat="46.75514875996774" lon="7.400456826651607"><ele>1226.7</ele></trkpt><trkpt lat="46.7550857602549" lon="7.4005878268543555"><ele>1225.3</ele></trkpt><trkpt lat="46.75506776031656" lon="7.400613826897877"><ele>1225.0</ele></trkpt><trkpt lat="46.75504976037822" lon="7.400666826940638"><ele>1224.7</ele></trkpt><trkpt lat="46.7550317605419" lon="7.4007448270563465"><ele>1223.9</ele></trkpt><trkpt lat="46.7550317606032" lon="7.4008108270986765"><ele>1223.6</ele></trkpt><trkpt lat="46.7550407607255" lon="7.400888827184832"><ele>1223.0</ele></trkpt><trkpt lat="46.75504076078677" lon="7.400954827227164"><ele>1222.7</ele></trkpt><trkpt lat="46.7550237609096" lon="7.401019827313782"><ele>1222.1</ele></trkpt><trkpt lat="46.754996761053114" lon="7.401084827415171"><ele>1221.4</ele></trkpt><trkpt lat="46.75496076119678" lon="7.401137827516931"><ele>1220.7</ele></trkpt><trkpt lat="46.75492476136081" lon="7.40117682763382"><ele>1219.9</ele></trkpt><trkpt lat="46.754870761525254" lon="7.401215827750776"><ele>1219.1</ele></trkpt><trkpt lat="46.75480776185303" lon="7.401242827985964"><ele>1217.5</ele></trkpt><trkpt lat="46.754762762058036" lon="7.40126882813272"><ele>1216.5</ele></trkpt><trkpt lat="46.75472676220169" lon="7.401320828234513"><ele>1215.8</ele></trkpt><trkpt lat="46.75469976218206" lon="7.401425828216933"><ele>1215.9</ele></trkpt><trkpt lat="46.75469976218206" lon="7.401425828216933"><ele>1215.9</ele></trkpt><trkpt lat="46.75467276212145" lon="7.401438828172465"><ele>1216.2</ele></trkpt><trkpt lat="46.75464576206097" lon="7.4014908281268985"><ele>1216.5</ele></trkpt><trkpt lat="46.75461876191888" lon="7.401569828021641"><ele>1217.2</ele></trkpt><trkpt lat="46.75460976177645" lon="7.401648827916314"><ele>1217.9</ele></trkpt><trkpt lat="46.75460976165419" lon="7.401752827824986"><ele>1218.5</ele></trkpt><trkpt lat="46.75460976153188" lon="7.401831827734356"><ele>1219.1</ele></trkpt><trkpt lat="46.75460076138943" lon="7.401922827628691"><ele>1219.8</ele></trkpt><trkpt lat="46.75458276118608" lon="7.402053827477714"><ele>1220.8</ele></trkpt><trkpt lat="46.75455576100323" lon="7.402158827342238"><ele>1221.7</ele></trkpt><trkpt lat="46.754474760719766" lon="7.402354827130697"><ele>1223.1</ele></trkpt><trkpt lat="46.75438476037539" lon="7.40259082687384"><ele>1224.8</ele></trkpt><trkpt lat="46.75424175972651" lon="7.40302282639055"><ele>1228.0</ele></trkpt><trkpt lat="46.75417875944266" lon="7.403205826179264"><ele>1229.4</ele></trkpt><trkpt lat="46.7540347588346" lon="7.403598825726473"><ele>1232.4</ele></trkpt><trkpt lat="46.753989758652224" lon="7.403755825589517"><ele>1233.3</ele></trkpt><trkpt lat="46.75394475846985" lon="7.403860825454037"><ele>1234.2</ele></trkpt><trkpt lat="46.753908758348445" lon="7.403952825363109"><ele>1234.8</ele></trkpt><trkpt lat="46.75386375824758" lon="7.404030825287349"><ele>1235.3</ele></trkpt><trkpt lat="46.75381875816712" lon="7.4040828252270705"><ele>1235.7</ele></trkpt><trkpt lat="46.753701757945606" lon="7.404187825062361"><ele>1236.8</ele></trkpt><trkpt lat="46.75364775784488" lon="7.4042278249877125"><ele>1237.3</ele></trkpt><trkpt lat="46.75359375778494" lon="7.404240824943317"><ele>1237.6</ele></trkpt><trkpt lat="46.75353975772503" lon="7.404253824898919"><ele>1237.9</ele></trkpt><trkpt lat="46.75346775762465" lon="7.404240824825854"><ele>1238.4</ele></trkpt><trkpt lat="46.75340475750371" lon="7.404240824737645"><ele>1239.0</ele></trkpt><trkpt lat="46.753359757423226" lon="7.404253824678475"><ele>1239.4</ele></trkpt><trkpt lat="46.75328775732286" lon="7.4042798246042905"><ele>1239.9</ele></trkpt><trkpt lat="46.753260757241975" lon="7.404305824544687"><ele>1240.3</ele></trkpt><trkpt lat="46.753260757241975" lon="7.404305824544687"><ele>1240.3</ele></trkpt><trkpt lat="46.753126756918896" lon="7.404410824306323"><ele>1241.9</ele></trkpt><trkpt lat="46.753081756736414" lon="7.40443682417308"><ele>1242.8</ele></trkpt><trkpt lat="46.75291975641392" lon="7.404502823935929"><ele>1244.4</ele></trkpt><trkpt lat="46.75284775627284" lon="7.404515823832637"><ele>1245.1</ele></trkpt><trkpt lat="46.75270375592954" lon="7.404567823581081"><ele>1246.8</ele></trkpt><trkpt lat="46.752613755686916" lon="7.404594823403749"><ele>1248.0</ele></trkpt><trkpt lat="46.75255075552519" lon="7.404594823286056"><ele>1248.8</ele></trkpt><trkpt lat="46.75250575542432" lon="7.404594823212518"><ele>1249.3</ele></trkpt><trkpt lat="46.752442755303385" lon="7.404581823124683"><ele>1249.9</ele></trkpt><trkpt lat="46.75237975520283" lon="7.404568823051591"><ele>1250.4</ele></trkpt><trkpt lat="46.752235754798264" lon="7.404502822759224"><ele>1252.4</ele></trkpt><trkpt lat="46.75214575457592" lon="7.404450822598924"><ele>1253.5</ele></trkpt><trkpt lat="46.752082754373426" lon="7.40441182245289"><ele>1254.5</ele></trkpt><trkpt lat="46.75201075427306" lon="7.404372822380584"><ele>1255.0</ele></trkpt><trkpt lat="46.751947754070564" lon="7.404345822234206"><ele>1256.0</ele></trkpt><trkpt lat="46.75185775388914" lon="7.404332822102256"><ele>1256.9</ele></trkpt><trkpt lat="46.75185775388914" lon="7.404332822102256"><ele>1256.9</ele></trkpt><trkpt lat="46.75179475382939" lon="7.404346822057863"><ele>1257.2</ele></trkpt><trkpt lat="46.751731753994" lon="7.404372822175252"><ele>1256.4</ele></trkpt><trkpt lat="46.75166875405668" lon="7.404372822219702"><ele>1256.1</ele></trkpt><trkpt lat="46.7516147540987" lon="7.404372822249375"><ele>1255.9</ele></trkpt><trkpt lat="46.751551754161305" lon="7.404372822293823"><ele>1255.6</ele></trkpt><trkpt lat="46.75148875424428" lon="7.404346822353764"><ele>1255.2</ele></trkpt><trkpt lat="46.75134475410482" lon="7.404294822252627"><ele>1255.9</ele></trkpt><trkpt lat="46.751299754085466" lon="7.404280822238458"><ele>1256.0</ele></trkpt><trkpt lat="46.75124575404593" lon="7.404294822208769"><ele>1256.2</ele></trkpt><trkpt lat="46.751210753985596" lon="7.404320822163927"><ele>1256.5</ele></trkpt><trkpt lat="46.75115675406843" lon="7.404346822222323"><ele>1256.1</ele></trkpt><trkpt lat="46.75112075419162" lon="7.404346822310887"><ele>1255.5</ele></trkpt><trkpt lat="46.75105775443776" lon="7.404346822487987"><ele>1254.3</ele></trkpt><trkpt lat="46.75098575472485" lon="7.404346822694595"><ele>1252.9</ele></trkpt><trkpt lat="46.75078775562651" lon="7.404320823344582"><ele>1248.5</ele></trkpt><trkpt lat="46.75074275581098" lon="7.40430782347777"><ele>1247.6</ele></trkpt><trkpt lat="46.75068875589375" lon="7.404268823538046"><ele>1247.2</ele></trkpt><trkpt lat="46.75063475613956" lon="7.4042158237166324"><ele>1246.0</ele></trkpt><trkpt lat="46.7505807563854" lon="7.404150823895563"><ele>1244.8</ele></trkpt><trkpt lat="46.7505357566921" lon="7.404072824119045"><ele>1243.3</ele></trkpt><trkpt lat="46.75046375693825" lon="7.403967824299179"><ele>1242.1</ele></trkpt><trkpt lat="46.7504097570821" lon="7.403862824405554"><ele>1241.4</ele></trkpt><trkpt lat="46.75036475728693" lon="7.403784824555326"><ele>1240.4</ele></trkpt><trkpt lat="46.75030175755324" lon="7.403679824750145"><ele>1239.1</ele></trkpt><trkpt lat="46.75020275802422" lon="7.403535825093576"><ele>1236.8</ele></trkpt><trkpt lat="46.7501667581881" lon="7.403522825211972"><ele>1236.0</ele></trkpt><trkpt lat="46.750094758352844" lon="7.403509825330498"><ele>1235.2</ele></trkpt><trkpt lat="46.74999575853855" lon="7.403509825463485"><ele>1234.3</ele></trkpt><trkpt lat="46.74993275860114" lon="7.403496825508292"><ele>1234.0</ele></trkpt><trkpt lat="46.74989675864266" lon="7.403457825539006"><ele>1233.8</ele></trkpt><trkpt lat="46.74986075872497" lon="7.403378825600332"><ele>1233.4</ele></trkpt><trkpt lat="46.74983375874588" lon="7.4033398256162775"><ele>1233.3</ele></trkpt><trkpt lat="46.74980675870569" lon="7.403300825588014"><ele>1233.5</ele></trkpt><trkpt lat="46.74974375866629" lon="7.403274825559507"><ele>1233.7</ele></trkpt><trkpt lat="46.74968075858615" lon="7.403274825500791"><ele>1234.1</ele></trkpt><trkpt lat="46.74961775848572" lon="7.403313825426222"><ele>1234.6</ele></trkpt><trkpt lat="46.749545758405915" lon="7.403379825365652"><ele>1235.0</ele></trkpt><trkpt lat="46.74949175832565" lon="7.403431825305419"><ele>1235.4</ele></trkpt><trkpt lat="46.74943775796002" lon="7.4035108250380945"><ele>1237.2</ele></trkpt><trkpt lat="46.749374757574195" lon="7.403575824756463"><ele>1239.1</ele></trkpt><trkpt lat="46.74932075735123" lon="7.403614824593436"><ele>1240.2</ele></trkpt><trkpt lat="46.74926675700592" lon="7.403627824342731"><ele>1241.9</ele></trkpt><trkpt lat="46.74922175672151" lon="7.4036018241373265"><ele>1243.3</ele></trkpt><trkpt lat="46.749140756478624" lon="7.403536823962645"><ele>1244.5</ele></trkpt><trkpt lat="46.749077756520784" lon="7.403510823993096"><ele>1244.3</ele></trkpt><trkpt lat="46.748996756461445" lon="7.403484823949924"><ele>1244.6</ele></trkpt><trkpt lat="46.748942756442354" lon="7.403484823935385"><ele>1244.7</ele></trkpt><trkpt lat="46.74889775648419" lon="7.403510823964273"><ele>1244.5</ele></trkpt><trkpt lat="46.74886175654625" lon="7.40358882400637"><ele>1244.2</ele></trkpt><trkpt lat="46.748817756588124" lon="7.40366782403373"><ele>1244.0</ele></trkpt><trkpt lat="46.74877275658921" lon="7.403693824033145"><ele>1244.0</ele></trkpt><trkpt lat="46.74877275658921" lon="7.403693824033145"><ele>1244.0</ele></trkpt><trkpt lat="46.74848475659628" lon="7.404034824024381"><ele>1244.0</ele></trkpt><trkpt lat="46.74848475659628" lon="7.404034824024381"><ele>1244.0</ele></trkpt><trkpt lat="46.74846675665785" lon="7.404060824067913"><ele>1243.7</ele></trkpt><trkpt lat="46.74845775661734" lon="7.404112824036978"><ele>1243.9</ele></trkpt><trkpt lat="46.74844875651581" lon="7.404230823959928"><ele>1244.4</ele></trkpt><trkpt lat="46.74843075633287" lon="7.404309823825076"><ele>1245.3</ele></trkpt><trkpt lat="46.748448756128695" lon="7.404387823675382"><ele>1246.3</ele></trkpt><trkpt lat="46.74847575596511" lon="7.404452823555505"><ele>1247.1</ele></trkpt><trkpt lat="46.74848475584274" lon="7.404557823464013"><ele>1247.7</ele></trkpt><trkpt lat="46.748466755537606" lon="7.4047018232388355"><ele>1249.2</ele></trkpt><trkpt lat="46.74845775543597" lon="7.40480682316214"><ele>1249.7</ele></trkpt><trkpt lat="46.7484487554771" lon="7.404884823189399"><ele>1249.5</ele></trkpt><trkpt lat="46.74841275521296" lon="7.404937822996382"><ele>1250.8</ele></trkpt><trkpt lat="46.74837675496931" lon="7.404989822818128"><ele>1252.0</ele></trkpt><trkpt lat="46.7483587548474" lon="7.405028822728627"><ele>1252.6</ele></trkpt><trkpt lat="46.7483587548474" lon="7.405028822728627"><ele>1252.6</ele></trkpt><trkpt lat="46.748313754664935" lon="7.404976822597638"><ele>1253.5</ele></trkpt><trkpt lat="46.74825975454385" lon="7.404924822510905"><ele>1254.1</ele></trkpt><trkpt lat="46.74821475446328" lon="7.404871822453648"><ele>1254.5</ele></trkpt><trkpt lat="46.74817875419904" lon="7.404819822263674"><ele>1255.8</ele></trkpt><trkpt lat="46.748133753935" lon="7.404767822073735"><ele>1257.1</ele></trkpt><trkpt lat="46.748097753650406" lon="7.404714821869064"><ele>1258.5</ele></trkpt><trkpt lat="46.74805275342718" lon="7.404688821707853"><ele>1259.6</ele></trkpt><trkpt lat="46.74800775324476" lon="7.404675821575745"><ele>1260.5</ele></trkpt><trkpt lat="46.74789975302303" lon="7.404675821414011"><ele>1261.6</ele></trkpt><trkpt lat="46.74780975288243" lon="7.40467582131117"><ele>1262.3</ele></trkpt><trkpt lat="46.74772875270083" lon="7.404649821179579"><ele>1263.2</ele></trkpt><trkpt lat="46.7476567524171" lon="7.404623820974257"><ele>1264.6</ele></trkpt><trkpt lat="46.747539751706356" lon="7.40455882046074"><ele>1268.1</ele></trkpt><trkpt lat="46.747476751381676" lon="7.404545820225537"><ele>1269.7</ele></trkpt><trkpt lat="46.74736075091558" lon="7.404545819886981"><ele>1272.0</ele></trkpt><trkpt lat="46.74727075065268" lon="7.404532819696096"><ele>1273.3</ele></trkpt><trkpt lat="46.747009749965805" lon="7.404493819197112"><ele>1276.7</ele></trkpt><trkpt lat="46.74693774970254" lon="7.404506819005394"><ele>1278.0</ele></trkpt><trkpt lat="46.74687474950026" lon="7.404532818857482"><ele>1279.0</ele></trkpt><trkpt lat="46.746730748933054" lon="7.404598818443388"><ele>1281.8</ele></trkpt><trkpt lat="46.746631748446305" lon="7.404637818088881"><ele>1284.2</ele></trkpt><trkpt lat="46.74647874796088" lon="7.404702817733793"><ele>1286.6</ele></trkpt><trkpt lat="46.74647874796088" lon="7.404702817733793"><ele>1286.6</ele></trkpt><trkpt lat="46.74656874812179" lon="7.404702817851364"><ele>1285.8</ele></trkpt><trkpt lat="46.746649748262556" lon="7.404702817954232"><ele>1285.1</ele></trkpt><trkpt lat="46.74673074840332" lon="7.404715818056715"><ele>1284.4</ele></trkpt><trkpt lat="46.74682074850314" lon="7.404728818129685"><ele>1283.9</ele></trkpt><trkpt lat="46.7469467486836" lon="7.404768818260677"><ele>1283.0</ele></trkpt><trkpt lat="46.7470097487637" lon="7.404794818318628"><ele>1282.6</ele></trkpt><trkpt lat="46.747081748904826" lon="7.404846818419988"><ele>1281.9</ele></trkpt><trkpt lat="46.74714474904602" lon="7.40489881852139"><ele>1281.2</ele></trkpt><trkpt lat="46.74721674916672" lon="7.4049778186072155"><ele>1280.6</ele></trkpt><trkpt lat="46.74736974950984" lon="7.405147818852186"><ele>1278.9</ele></trkpt><trkpt lat="46.74757674993344" lon="7.405435819152453"><ele>1276.8</ele></trkpt><trkpt lat="46.747639750054354" lon="7.4055398192375925"><ele>1276.2</ele></trkpt><trkpt lat="46.74769375023669" lon="7.405631819367346"><ele>1275.3</ele></trkpt><trkpt lat="46.747738750317296" lon="7.405709819423847"><ele>1274.9</ele></trkpt><trkpt lat="46.74780175045866" lon="7.405814819523707"><ele>1274.2</ele></trkpt><trkpt lat="46.74783775058015" lon="7.40586681961049"><ele>1273.6</ele></trkpt><trkpt lat="46.74788275066074" lon="7.405932819667347"><ele>1273.2</ele></trkpt><trkpt lat="46.74793675074108" lon="7.4059848197245834"><ele>1272.8</ele></trkpt><trkpt lat="46.74799975086197" lon="7.406049819810891"><ele>1272.2</ele></trkpt><trkpt lat="46.74804475092215" lon="7.406102819853394"><ele>1271.9</ele></trkpt><trkpt lat="46.748080750982496" lon="7.406154819895958"><ele>1271.6</ele></trkpt><trkpt lat="46.74808975106389" lon="7.406167819954512"><ele>1271.2</ele></trkpt><trkpt lat="46.74808975106389" lon="7.406167819954512"><ele>1271.2</ele></trkpt><trkpt lat="46.74810775112472" lon="7.40623281999676"><ele>1270.9</ele></trkpt><trkpt lat="46.748134751226075" lon="7.406311820068053"><ele>1270.4</ele></trkpt><trkpt lat="46.74815275128694" lon="7.40638982010993"><ele>1270.1</ele></trkpt><trkpt lat="46.748161751388736" lon="7.406468820181291"><ele>1269.6</ele></trkpt><trkpt lat="46.74816175149083" lon="7.4065868202515395"><ele>1269.1</ele></trkpt><trkpt lat="46.74816175181732" lon="7.4068488204797625"><ele>1267.5</ele></trkpt><trkpt lat="46.748170751939604" lon="7.406965820564761"><ele>1266.9</ele></trkpt><trkpt lat="46.7481977522044" lon="7.407266820747536"><ele>1265.6</ele></trkpt><trkpt lat="46.74821575240801" lon="7.407423820890329"><ele>1264.6</ele></trkpt><trkpt lat="46.74826975275371" lon="7.407750821131259"><ele>1262.9</ele></trkpt><trkpt lat="46.74828775287576" lon="7.407855821216607"><ele>1262.3</ele></trkpt><trkpt lat="46.74831475297721" lon="7.407960821287178"><ele>1261.8</ele></trkpt><trkpt lat="46.748332753038" lon="7.408025821329456"><ele>1261.5</ele></trkpt><trkpt lat="46.74836875309842" lon="7.40809182137164"><ele>1261.2</ele></trkpt><trkpt lat="46.74839575317942" lon="7.408143821429018"><ele>1260.8</ele></trkpt><trkpt lat="46.74843175326017" lon="7.408169821487115"><ele>1260.4</ele></trkpt><trkpt lat="46.74847675332033" lon="7.40820882153006"><ele>1260.1</ele></trkpt><trkpt lat="46.74853975342084" lon="7.408248821602396"><ele>1259.6</ele></trkpt><trkpt lat="46.748611753500796" lon="7.40830082165961"><ele>1259.2</ele></trkpt><trkpt lat="46.748665753601486" lon="7.408339821732018"><ele>1258.7</ele></trkpt><trkpt lat="46.74876475380315" lon="7.408418821876838"><ele>1257.7</ele></trkpt><trkpt lat="46.74881875392433" lon="7.408483821963242"><ele>1257.1</ele></trkpt><trkpt lat="46.748872754004665" lon="7.408535822020526"><ele>1256.7</ele></trkpt><trkpt lat="46.748926754166575" lon="7.408614822136025"><ele>1255.9</ele></trkpt><trkpt lat="46.748971754288014" lon="7.408692822222087"><ele>1255.3</ele></trkpt><trkpt lat="46.74908875463217" lon="7.408928822465552"><ele>1253.6</ele></trkpt><trkpt lat="46.74912475471299" lon="7.4089938225225405"><ele>1253.2</ele></trkpt><trkpt lat="46.74916975485474" lon="7.40908582262296"><ele>1252.5</ele></trkpt><trkpt lat="46.74922375497595" lon="7.409176822708627"><ele>1251.9</ele></trkpt><trkpt lat="46.74927775507676" lon="7.4092818227791435"><ele>1251.4</ele></trkpt><trkpt lat="46.74934075523855" lon="7.409373822894258"><ele>1250.6</ele></trkpt><trkpt lat="46.74942175537956" lon="7.409490822993839"><ele>1249.9</ele></trkpt><trkpt lat="46.749484755520896" lon="7.409569823094583"><ele>1249.2</ele></trkpt><trkpt lat="46.74954775564188" lon="7.409647823180615"><ele>1248.6</ele></trkpt><trkpt lat="46.749637755782636" lon="7.409739823280892"><ele>1247.9</ele></trkpt><trkpt lat="46.74970075592397" lon="7.409804823382053"><ele>1247.2</ele></trkpt><trkpt lat="46.7497817560649" lon="7.409883823482742"><ele>1246.5</ele></trkpt><trkpt lat="46.74988975630732" lon="7.410027823655233"><ele>1245.3</ele></trkpt><trkpt lat="46.74995275644868" lon="7.410118823755653"><ele>1244.6</ele></trkpt><trkpt lat="46.75004275663028" lon="7.410236823884709"><ele>1243.7</ele></trkpt><trkpt lat="46.750096756751475" lon="7.410328823970391"><ele>1243.1</ele></trkpt><trkpt lat="46.750150756852264" lon="7.410419824041344"><ele>1242.6</ele></trkpt><trkpt lat="46.75024975709485" lon="7.410537824214648"><ele>1241.4</ele></trkpt><trkpt lat="46.750321757236044" lon="7.410628824315053"><ele>1240.7</ele></trkpt><trkpt lat="46.75043875749865" lon="7.4108128245011615"><ele>1239.4</ele></trkpt><trkpt lat="46.75051075766028" lon="7.410916824615962"><ele>1238.6</ele></trkpt><trkpt lat="46.75059175784211" lon="7.411060824744347"><ele>1237.7</ele></trkpt><trkpt lat="46.75067275802394" lon="7.411191824873105"><ele>1236.8</ele></trkpt><trkpt lat="46.75080775836782" lon="7.411453825115985"><ele>1235.1</ele></trkpt><trkpt lat="46.75087075852968" lon="7.411570825230472"><ele>1234.3</ele></trkpt><trkpt lat="46.750933758691495" lon="7.411688825344931"><ele>1233.5</ele></trkpt><trkpt lat="46.75098775881274" lon="7.411806825429916"><ele>1232.9</ele></trkpt><trkpt lat="46.751068759076254" lon="7.412015825615525"><ele>1231.6</ele></trkpt><trkpt lat="46.75110475915707" lon="7.412094825672176"><ele>1231.2</ele></trkpt><trkpt lat="46.751122759217964" lon="7.412185825713795"><ele>1230.9</ele></trkpt><trkpt lat="46.75114075921768" lon="7.412251825711852"><ele>1230.9</ele></trkpt><trkpt lat="46.751149759299096" lon="7.4123168257690075"><ele>1230.5</ele></trkpt><trkpt lat="46.75114075929936" lon="7.412369825767535"><ele>1230.5</ele></trkpt><trkpt lat="46.75113175934041" lon="7.412434825795237"><ele>1230.3</ele></trkpt><trkpt lat="46.75110475938194" lon="7.412486825823371"><ele>1230.1</ele></trkpt><trkpt lat="46.751041759485446" lon="7.4126178258936735"><ele>1229.6</ele></trkpt><trkpt lat="46.75099675954772" lon="7.412683825936234"><ele>1229.3</ele></trkpt><trkpt lat="46.75096075958936" lon="7.41274882596404"><ele>1229.1</ele></trkpt><trkpt lat="46.750924759651426" lon="7.412814826006569"><ele>1228.8</ele></trkpt><trkpt lat="46.750906759672354" lon="7.412892826019181"><ele>1228.7</ele></trkpt><trkpt lat="46.75088875971366" lon="7.41297182604652"><ele>1228.5</ele></trkpt><trkpt lat="46.750870759693754" lon="7.413049826029614"><ele>1228.6</ele></trkpt><trkpt lat="46.75084375969456" lon="7.413180826025992"><ele>1228.6</ele></trkpt><trkpt lat="46.75083475969491" lon="7.413285826023046"><ele>1228.6</ele></trkpt><trkpt lat="46.750816759675025" lon="7.413390826005368"><ele>1228.7</ele></trkpt><trkpt lat="46.750789759655454" lon="7.413507825987382"><ele>1228.8</ele></trkpt><trkpt lat="46.75076275959503" lon="7.4136128259402145"><ele>1229.1</ele></trkpt><trkpt lat="46.75073575957537" lon="7.413691825923304"><ele>1229.2</ele></trkpt><trkpt lat="46.75069975949486" lon="7.413874825859191"><ele>1229.6</ele></trkpt><trkpt lat="46.7506907594748" lon="7.413965825841878"><ele>1229.7</ele></trkpt><trkpt lat="46.75069075943415" lon="7.414031825810477"><ele>1229.9</ele></trkpt><trkpt lat="46.75069075941386" lon="7.414096825793867"><ele>1230.0</ele></trkpt><trkpt lat="46.75071775937257" lon="7.414188825761633"><ele>1230.2</ele></trkpt><trkpt lat="46.750744759310976" lon="7.4143068257138935"><ele>1230.5</ele></trkpt><trkpt lat="46.75077175926971" lon="7.414423825680944"><ele>1230.7</ele></trkpt><trkpt lat="46.750798759208095" lon="7.414528825633572"><ele>1231.0</ele></trkpt><trkpt lat="46.75084375922773" lon="7.414738825642201"><ele>1230.9</ele></trkpt><trkpt lat="46.750861759288625" lon="7.414816825684211"><ele>1230.6</ele></trkpt><trkpt lat="46.75087975934952" lon="7.4149218257254566"><ele>1230.3</ele></trkpt><trkpt lat="46.75089775943077" lon="7.415012825781864"><ele>1229.9</ele></trkpt><trkpt lat="46.750898759492024" lon="7.4151048258235415"><ele>1229.6</ele></trkpt><trkpt lat="46.750907759553165" lon="7.415209825864825"><ele>1229.3</ele></trkpt><trkpt lat="46.75090775965516" lon="7.415287825936434"><ele>1228.8</ele></trkpt><trkpt lat="46.75089875969631" lon="7.415405825962647"><ele>1228.6</ele></trkpt><trkpt lat="46.75089875973721" lon="7.415510825989202"><ele>1228.4</ele></trkpt><trkpt lat="46.75089875977809" lon="7.41558882601652"><ele>1228.2</ele></trkpt><trkpt lat="46.75090775979843" lon="7.41566782602901"><ele>1228.1</ele></trkpt><trkpt lat="46.75092575987964" lon="7.4157458260858"><ele>1227.7</ele></trkpt><trkpt lat="46.75096175994014" lon="7.415837826127362"><ele>1227.4</ele></trkpt><trkpt lat="46.750988760021215" lon="7.415941826183385"><ele>1227.0</ele></trkpt><trkpt lat="46.75101576008187" lon="7.41600782622572"><ele>1226.7</ele></trkpt><trkpt lat="46.751042760122175" lon="7.416099826252553"><ele>1226.5</ele></trkpt><trkpt lat="46.751069760284835" lon="7.416256826366148"><ele>1225.7</ele></trkpt><trkpt lat="46.75108776038652" lon="7.41634782643735"><ele>1225.2</ele></trkpt><trkpt lat="46.75111476054923" lon="7.416504826550954"><ele>1224.4</ele></trkpt><trkpt lat="46.7511237606511" lon="7.416622826621428"><ele>1223.9</ele></trkpt><trkpt lat="46.75115076079338" lon="7.416727826721747"><ele>1223.2</ele></trkpt><trkpt lat="46.7511687609358" lon="7.416818826822494"><ele>1222.5</ele></trkpt><trkpt lat="46.751186761037474" lon="7.416897826894045"><ele>1222.0</ele></trkpt><trkpt lat="46.75122276113864" lon="7.4169498269663"><ele>1221.5</ele></trkpt><trkpt lat="46.75125876128063" lon="7.417001827068086"><ele>1220.8</ele></trkpt><trkpt lat="46.75130376140203" lon="7.417054827155056"><ele>1220.2</ele></trkpt><trkpt lat="46.75130376140203" lon="7.417054827155056"><ele>1220.2</ele></trkpt><trkpt lat="46.75134876146223" lon="7.417080827198468"><ele>1219.9</ele></trkpt><trkpt lat="46.75134876146223" lon="7.417080827198468"><ele>1219.9</ele></trkpt><trkpt lat="46.75139376142041" lon="7.417093827168402"><ele>1220.1</ele></trkpt><trkpt lat="46.75144776146" lon="7.417093827197752"><ele>1219.9</ele></trkpt><trkpt lat="46.751510761438226" lon="7.4171068271823914"><ele>1220.0</ele></trkpt><trkpt lat="46.75156476139629" lon="7.417145827151559"><ele>1220.2</ele></trkpt><trkpt lat="46.751618761395136" lon="7.417198827149875"><ele>1220.2</ele></trkpt><trkpt lat="46.751672761455204" lon="7.417263827192163"><ele>1219.9</ele></trkpt><trkpt lat="46.75171776145424" lon="7.417328827190172"><ele>1219.9</ele></trkpt><trkpt lat="46.751753761473935" lon="7.417394827202951"><ele>1219.8</ele></trkpt><trkpt lat="46.75177176143285" lon="7.417446827171884"><ele>1220.0</ele></trkpt><trkpt lat="46.75179876135075" lon="7.417499827111208"><ele>1220.4</ele></trkpt><trkpt lat="46.7518257613094" lon="7.417538827080475"><ele>1220.6</ele></trkpt><trkpt lat="46.7518257613094" lon="7.417538827080475"><ele>1220.6</ele></trkpt><trkpt lat="46.75187076126768" lon="7.417577827049669"><ele>1220.8</ele></trkpt><trkpt lat="46.75191476120557" lon="7.417603827004466"><ele>1221.1</ele></trkpt><trkpt lat="46.75195976116376" lon="7.417616826974398"><ele>1221.3</ele></trkpt><trkpt lat="46.75202276108081" lon="7.417616826915088"><ele>1221.7</ele></trkpt><trkpt lat="46.7520857609978" lon="7.417590826856513"><ele>1222.1</ele></trkpt><trkpt lat="46.75214876093518" lon="7.417551826813076"><ele>1222.4</ele></trkpt><trkpt lat="46.75220276085235" lon="7.417511826754929"><ele>1222.8</ele></trkpt><trkpt lat="46.75226576074887" lon="7.417446826682688"><ele>1223.3</ele></trkpt><trkpt lat="46.75226576074887" lon="7.417446826682688"><ele>1223.3</ele></trkpt><trkpt lat="46.75228376074846" lon="7.417433826682988"><ele>1223.3</ele></trkpt><trkpt lat="46.75232876068622" lon="7.417394826639616"><ele>1223.6</ele></trkpt><trkpt lat="46.752373760624046" lon="7.417381826595511"><ele>1223.9</ele></trkpt><trkpt lat="46.752409760582445" lon="7.417381826565844"><ele>1224.1</ele></trkpt><trkpt lat="46.75245476054062" lon="7.417380826536169"><ele>1224.3</ele></trkpt><trkpt lat="46.752499760478486" lon="7.417394826491298"><ele>1224.6</ele></trkpt><trkpt lat="46.75254476049787" lon="7.417420826505176"><ele>1224.5</ele></trkpt><trkpt lat="46.75258976051735" lon="7.4174728265183125"><ele>1224.4</ele></trkpt><trkpt lat="46.752634760516386" lon="7.417537826516312"><ele>1224.4</ele></trkpt><trkpt lat="46.75268876053565" lon="7.417590826529396"><ele>1224.3</ele></trkpt><trkpt lat="46.752733760616245" lon="7.417629826587217"><ele>1223.9</ele></trkpt><trkpt lat="46.752787760696656" lon="7.417668826645006"><ele>1223.5</ele></trkpt><trkpt lat="46.75284176083825" lon="7.417708826747085"><ele>1222.8</ele></trkpt><trkpt lat="46.752904761020396" lon="7.417734826879072"><ele>1221.9</ele></trkpt><trkpt lat="46.7530037612833" lon="7.417773827069651"><ele>1220.6</ele></trkpt><trkpt lat="46.75344476259905" lon="7.417904828024593"><ele>1214.1</ele></trkpt><trkpt lat="46.75353476290301" lon="7.417930828245134"><ele>1212.6</ele></trkpt><trkpt lat="46.75375076355087" lon="7.417995828715274"><ele>1209.4</ele></trkpt><trkpt lat="46.75382276377356" lon="7.418008828877157"><ele>1208.3</ele></trkpt><trkpt lat="46.753885763955765" lon="7.4180088290098904"><ele>1207.4</ele></trkpt><trkpt lat="46.75394876413785" lon="7.417995829142987"><ele>1206.5</ele></trkpt><trkpt lat="46.75401176434038" lon="7.4179698292912155"><ele>1205.5</ele></trkpt><trkpt lat="46.754064764543095" lon="7.4179438294394755"><ele>1204.5</ele></trkpt><trkpt lat="46.754109764684785" lon="7.4178908295442"><ele>1203.8</ele></trkpt><trkpt lat="46.75416376490783" lon="7.417825829708316"><ele>1202.7</ele></trkpt><trkpt lat="46.754217765151196" lon="7.417733829887946"><ele>1201.5</ele></trkpt><trkpt lat="46.75428076545559" lon="7.417615830112577"><ele>1200.0</ele></trkpt><trkpt lat="46.7543977661461" lon="7.417354830621622"><ele>1196.6</ele></trkpt><trkpt lat="46.7545057667756" lon="7.417105831086018"><ele>1193.5</ele></trkpt><trkpt lat="46.75455976703944" lon="7.41701383128038"><ele>1192.2</ele></trkpt><trkpt lat="46.754604767262684" lon="7.416935831444844"><ele>1191.1</ele></trkpt><trkpt lat="46.75465876742458" lon="7.416869831564632"><ele>1190.3</ele></trkpt><trkpt lat="46.754730767667645" lon="7.416817831743052"><ele>1189.1</ele></trkpt><trkpt lat="46.75479376787018" lon="7.4167778318916335"><ele>1188.1</ele></trkpt><trkpt lat="46.7548477680526" lon="7.416764832024733"><ele>1187.2</ele></trkpt><trkpt lat="46.75492876823435" lon="7.416764832157383"><ele>1186.3</ele></trkpt><trkpt lat="46.755000768395945" lon="7.416764832275297"><ele>1185.5</ele></trkpt><trkpt lat="46.75505476859874" lon="7.416777832422456"><ele>1184.5</ele></trkpt><trkpt lat="46.75510876876081" lon="7.416817832539339"><ele>1183.7</ele></trkpt><trkpt lat="46.75515376892305" lon="7.416869832655926"><ele>1182.9</ele></trkpt><trkpt lat="46.75519876904451" lon="7.416908832743332"><ele>1182.3</ele></trkpt><trkpt lat="46.75522576916634" lon="7.416961832830417"><ele>1181.7</ele></trkpt><trkpt lat="46.75526176932884" lon="7.4170268329466875"><ele>1180.9</ele></trkpt><trkpt lat="46.75528876943029" lon="7.417078833019033"><ele>1180.4</ele></trkpt><trkpt lat="46.75528876943029" lon="7.417078833019033"><ele>1180.4</ele></trkpt><trkpt lat="46.75530676957275" lon="7.417131833120926"><ele>1179.7</ele></trkpt><trkpt lat="46.75532476967442" lon="7.41719683319295"><ele>1179.2</ele></trkpt><trkpt lat="46.75534276981688" lon="7.417262833294494"><ele>1178.5</ele></trkpt><trkpt lat="46.7553517700004" lon="7.417353833424938"><ele>1177.6</ele></trkpt><trkpt lat="46.75538777053027" lon="7.417654833800723"><ele>1175.0</ele></trkpt><trkpt lat="46.75539677065256" lon="7.417733833887189"><ele>1174.4</ele></trkpt><trkpt lat="46.75543277083545" lon="7.417824834017555"><ele>1173.5</ele></trkpt><trkpt lat="46.755468771018364" lon="7.417916834147896"><ele>1172.6</ele></trkpt><trkpt lat="46.75552277124163" lon="7.4179818343084625"><ele>1171.5</ele></trkpt><trkpt lat="46.75557677136296" lon="7.418047834395134"><ele>1170.9</ele></trkpt><trkpt lat="46.755621771504835" lon="7.418086834497343"><ele>1170.2</ele></trkpt><trkpt lat="46.75567577168726" lon="7.41811283462942"><ele>1169.3</ele></trkpt><trkpt lat="46.75567577168726" lon="7.41811283462942"><ele>1169.3</ele></trkpt><trkpt lat="46.75545077277372" lon="7.418596835400205"><ele>1164.0</ele></trkpt><trkpt lat="46.75482077062534" lon="7.4186368338351585"><ele>1174.6</ele></trkpt><trkpt lat="46.7551807740647" lon="7.418793836326678"><ele>1157.7</ele></trkpt><trkpt lat="46.75557677450485" lon="7.4187018366528426"><ele>1155.5</ele></trkpt><trkpt lat="46.7552977762245" lon="7.419055837885539"><ele>1147.1</ele></trkpt><trkpt lat="46.75570277790898" lon="7.419133839108543"><ele>1138.8</ele></trkpt><trkpt lat="46.7560897770235" lon="7.418871838478766"><ele>1143.1</ele></trkpt><trkpt lat="46.75652977676979" lon="7.4191338382930745"><ele>1144.3</ele></trkpt><trkpt lat="46.7567727782134" lon="7.419447839333173"><ele>1137.2</ele></trkpt><trkpt lat="46.75690777810873" lon="7.419578839255399"><ele>1137.7</ele></trkpt><trkpt lat="46.757285778529344" lon="7.419656839562435"><ele>1135.6</ele></trkpt><trkpt lat="46.7575647795028" lon="7.419708840269496"><ele>1130.8</ele></trkpt><trkpt lat="46.75794278220837" lon="7.419774842232065"><ele>1117.5</ele></trkpt><trkpt lat="46.7579877810851" lon="7.419551841424863"><ele>1123.0</ele></trkpt><trkpt lat="46.7580957825724" lon="7.419721842498939"><ele>1115.7</ele></trkpt><trkpt lat="46.75814978151004" lon="7.41940784173838"><ele>1120.9</ele></trkpt><trkpt lat="46.758257783140266" lon="7.419656842913867"><ele>1112.9</ele></trkpt><trkpt lat="46.758347782199564" lon="7.419355842241512"><ele>1117.5</ele></trkpt><trkpt lat="46.758535784664666" lon="7.419590844023021"><ele>1105.4</ele></trkpt><trkpt lat="46.75851778390952" lon="7.419053843489988"><ele>1109.1</ele></trkpt><trkpt lat="46.75866178537548" lon="7.418975844555442"><ele>1101.9</ele></trkpt><trkpt lat="46.75864378584588" lon="7.41961684487916"><ele>1099.6</ele></trkpt><trkpt lat="46.75889578722719" lon="7.418739845905316"><ele>1092.8</ele></trkpt><trkpt lat="46.75948078774563" lon="7.41849084629387"><ele>1090.2</ele></trkpt><trkpt lat="46.75904878981555" lon="7.418896847777543"><ele>1080.1</ele></trkpt><trkpt lat="46.75897678989916" lon="7.4194208478238775"><ele>1079.7</ele></trkpt><trkpt lat="46.759129790957054" lon="7.419341848593808"><ele>1074.5</ele></trkpt><trkpt lat="46.759228791526624" lon="7.419564849001788"><ele>1071.7</ele></trkpt><trkpt lat="46.759390792502636" lon="7.419380849715162"><ele>1066.9</ele></trkpt><trkpt lat="46.759444792807855" lon="7.4195248499331425"><ele>1065.4</ele></trkpt><trkpt lat="46.75953479215244" lon="7.418922849474722"><ele>1068.6</ele></trkpt><trkpt lat="46.759948791491134" lon="7.418752849004732"><ele>1071.8</ele></trkpt><trkpt lat="46.7600477949586" lon="7.419171851506344"><ele>1054.8</ele></trkpt><trkpt lat="46.76053279696992" lon="7.419537852959088"><ele>1044.9</ele></trkpt><trkpt lat="46.76053279696992" lon="7.419537852959088"><ele>1044.9</ele></trkpt><trkpt lat="46.76048879725651" lon="7.419589853164889"><ele>1043.5</ele></trkpt><trkpt lat="46.7604347974413" lon="7.419681853295864"><ele>1042.6</ele></trkpt><trkpt lat="46.76038979766675" lon="7.419773853456377"><ele>1041.5</ele></trkpt><trkpt lat="46.76037179772836" lon="7.419864853498594"><ele>1041.2</ele></trkpt><trkpt lat="46.76037179772851" lon="7.419969853496086"><ele>1041.2</ele></trkpt><trkpt lat="46.760380797646846" lon="7.420100853433808"><ele>1041.6</ele></trkpt><trkpt lat="46.7603987975038" lon="7.4202188533274684"><ele>1042.3</ele></trkpt><trkpt lat="46.760416797319955" lon="7.420349853191251"><ele>1043.2</ele></trkpt><trkpt lat="46.76043479715654" lon="7.4205068530691864"><ele>1044.0</ele></trkpt><trkpt lat="46.7604347970342" lon="7.420610852978003"><ele>1044.6</ele></trkpt><trkpt lat="46.760434796932294" lon="7.420715852901582"><ele>1045.1</ele></trkpt><trkpt lat="46.76041679681036" lon="7.420846852809801"><ele>1045.7</ele></trkpt><trkpt lat="46.7604077966882" lon="7.420938852718925"><ele>1046.3</ele></trkpt><trkpt lat="46.760389796627415" lon="7.421042852672136"><ele>1046.6</ele></trkpt><trkpt lat="46.760380796525695" lon="7.42114785259573"><ele>1047.1</ele></trkpt><trkpt lat="46.76038079640338" lon="7.421265852504194"><ele>1047.7</ele></trkpt><trkpt lat="46.760380796342304" lon="7.421383852457001"><ele>1048.0</ele></trkpt><trkpt lat="46.760398796219626" lon="7.421487852365749"><ele>1048.6</ele></trkpt><trkpt lat="46.76043479601503" lon="7.421644852214014"><ele>1049.6</ele></trkpt><trkpt lat="46.76043479601503" lon="7.421644852214014"><ele>1049.6</ele></trkpt><trkpt lat="46.760470795912475" lon="7.421762852137139"><ele>1050.1</ele></trkpt><trkpt lat="46.76048879581021" lon="7.42186785206063"><ele>1050.6</ele></trkpt><trkpt lat="46.76050679572835" lon="7.421959851999217"><ele>1051.0</ele></trkpt><trkpt lat="46.7605337955444" lon="7.422155851861336"><ele>1051.9</ele></trkpt><trkpt lat="46.76054279542191" lon="7.422273851769743"><ele>1052.5</ele></trkpt><trkpt lat="46.760542795299564" lon="7.422377851678516"><ele>1053.1</ele></trkpt><trkpt lat="46.760533795095824" lon="7.42249585152783"><ele>1054.1</ele></trkpt><trkpt lat="46.7605067948925" lon="7.4226928513752854"><ele>1055.1</ele></trkpt><trkpt lat="46.760479794791095" lon="7.4227838512992275"><ele>1055.6</ele></trkpt><trkpt lat="46.760452794669284" lon="7.422875851208359"><ele>1056.2</ele></trkpt><trkpt lat="46.7604167945273" lon="7.422980851102414"><ele>1056.9</ele></trkpt><trkpt lat="46.760389794405484" lon="7.423097851010934"><ele>1057.5</ele></trkpt><trkpt lat="46.760371794242715" lon="7.4232028508901395"><ele>1058.3</ele></trkpt><trkpt lat="46.76034479408015" lon="7.423333850768739"><ele>1059.1</ele></trkpt><trkpt lat="46.76030879377505" lon="7.423608850540333"><ele>1060.6</ele></trkpt><trkpt lat="46.76029079349003" lon="7.4238448503275904"><ele>1062.0</ele></trkpt><trkpt lat="46.76029079349003" lon="7.4238448503275904"><ele>1062.0</ele></trkpt><trkpt lat="46.76027279324574" lon="7.424040850145391"><ele>1063.2</ele></trkpt><trkpt lat="46.760272793103084" lon="7.424197850038028"><ele>1063.9</ele></trkpt><trkpt lat="46.76027279298075" lon="7.424289849947042"><ele>1064.5</ele></trkpt><trkpt lat="46.760272792838" lon="7.4243938498409605"><ele>1065.2</ele></trkpt><trkpt lat="46.760290792694946" lon="7.424485849735118"><ele>1065.9</ele></trkpt><trkpt lat="46.760308792572175" lon="7.424537849645042"><ele>1066.5</ele></trkpt><trkpt lat="46.76035379242858" lon="7.424616849539432"><ele>1067.2</ele></trkpt><trkpt lat="46.760407792264346" lon="7.424681849419337"><ele>1068.0</ele></trkpt><trkpt lat="46.76051579199709" lon="7.424773849224452"><ele>1069.3</ele></trkpt><trkpt lat="46.760578791832664" lon="7.424825849104642"><ele>1070.1</ele></trkpt><trkpt lat="46.760776791278005" lon="7.424982848700773"><ele>1072.8</ele></trkpt><trkpt lat="46.760812791134505" lon="7.425035848595807"><ele>1073.5</ele></trkpt><trkpt lat="46.760839790929985" lon="7.425100848446196"><ele>1074.5</ele></trkpt><trkpt lat="46.76086679080708" lon="7.425152848356073"><ele>1075.1</ele></trkpt><trkpt lat="46.76089379058222" lon="7.425257848190675"><ele>1076.2</ele></trkpt><trkpt lat="46.76090279037803" lon="7.425336848040764"><ele>1077.2</ele></trkpt><trkpt lat="46.76092079013298" lon="7.425453847860289"><ele>1078.4</ele></trkpt><trkpt lat="46.76092079013298" lon="7.425453847860289"><ele>1078.4</ele></trkpt><trkpt lat="46.7609027898274" lon="7.425584847635199"><ele>1079.9</ele></trkpt><trkpt lat="46.76088478970539" lon="7.425663847544535"><ele>1080.5</ele></trkpt><trkpt lat="46.760857789399964" lon="7.425768847320107"><ele>1082.0</ele></trkpt><trkpt lat="46.760857789399964" lon="7.425768847320107"><ele>1082.0</ele></trkpt><trkpt lat="46.76081278921729" lon="7.425846847185161"><ele>1082.9</ele></trkpt><trkpt lat="46.760767789055" lon="7.42591284706531"><ele>1083.7</ele></trkpt><trkpt lat="46.760704788791045" lon="7.425977846871565"><ele>1085.0</ele></trkpt><trkpt lat="46.760632788547696" lon="7.426016846693289"><ele>1086.2</ele></trkpt><trkpt lat="46.760318787635896" lon="7.4261738460246125"><ele>1090.7</ele></trkpt><trkpt lat="46.76013878704786" lon="7.426265845593837"><ele>1093.6</ele></trkpt><trkpt lat="46.75996778658209" lon="7.42634484525212"><ele>1095.9</ele></trkpt><trkpt lat="46.75974278585221" lon="7.426475844716917"><ele>1099.5</ele></trkpt><trkpt lat="46.75936478473792" lon="7.4266718438994275"><ele>1105.0</ele></trkpt><trkpt lat="46.75905878382621" lon="7.4268288432306235"><ele>1109.5</ele></trkpt><trkpt lat="46.75895078364485" lon="7.426881843096458"><ele>1110.4</ele></trkpt><trkpt lat="46.758887783278944" lon="7.426907842829676"><ele>1112.2</ele></trkpt><trkpt lat="46.758842783177805" lon="7.426920842755509"><ele>1112.7</ele></trkpt><trkpt lat="46.758842783177805" lon="7.426920842755509"><ele>1112.7</ele></trkpt><trkpt lat="46.7587437829351" lon="7.426920842578282"><ele>1113.9</ele></trkpt><trkpt lat="46.75868078275273" lon="7.426907842445662"><ele>1114.8</ele></trkpt><trkpt lat="46.75860978257051" lon="7.4268948423130645"><ele>1115.7</ele></trkpt><trkpt lat="46.75853778240874" lon="7.426868842195602"><ele>1116.5</ele></trkpt><trkpt lat="46.75840278206468" lon="7.42680284194622"><ele>1118.2</ele></trkpt><trkpt lat="46.7583397818823" lon="7.426763841814273"><ele>1119.1</ele></trkpt><trkpt lat="46.75828578174055" lon="7.426724841711887"><ele>1119.8</ele></trkpt><trkpt lat="46.75823178157835" lon="7.426658841595404"><ele>1120.6</ele></trkpt><trkpt lat="46.758168781334746" lon="7.426580841420087"><ele>1121.8</ele></trkpt><trkpt lat="46.75810578115233" lon="7.426501841289183"><ele>1122.7</ele></trkpt><trkpt lat="46.75804278088832" lon="7.426397841099748"><ele>1124.0</ele></trkpt><trkpt lat="46.75783578001495" lon="7.426030840473812"><ele>1128.3</ele></trkpt><trkpt lat="46.757727779588585" lon="7.425860840167936"><ele>1130.4</ele></trkpt><trkpt lat="46.75760177912176" lon="7.4256648398332255"><ele>1132.7</ele></trkpt><trkpt lat="46.7575477789188" lon="7.425611839686864"><ele>1133.7</ele></trkpt><trkpt lat="46.75750277881775" lon="7.425585839613734"><ele>1134.2</ele></trkpt><trkpt lat="46.757475778736634" lon="7.425572839554993"><ele>1134.6</ele></trkpt><trkpt lat="46.75743077863558" lon="7.425572839481181"><ele>1135.1</ele></trkpt><trkpt lat="46.7573767784939" lon="7.425572839377814"><ele>1135.8</ele></trkpt><trkpt lat="46.7573767784939" lon="7.425572839377814"><ele>1135.8</ele></trkpt><trkpt lat="46.7573407784131" lon="7.42558583931843"><ele>1136.2</ele></trkpt><trkpt lat="46.7572957783325" lon="7.42562483925839"><ele>1136.6</ele></trkpt><trkpt lat="46.75726877823109" lon="7.425651839183809"><ele>1137.1</ele></trkpt><trkpt lat="46.75724177815012" lon="7.425703839123365"><ele>1137.5</ele></trkpt><trkpt lat="46.75722377808933" lon="7.425755839077688"><ele>1137.8</ele></trkpt><trkpt lat="46.75721477802844" lon="7.425808839031951"><ele>1138.1</ele></trkpt><trkpt lat="46.75720577798794" lon="7.425860839001033"><ele>1138.3</ele></trkpt><trkpt lat="46.757205777682195" lon="7.42612283877226"><ele>1139.8</ele></trkpt><trkpt lat="46.75721477735593" lon="7.426344838529698"><ele>1141.4</ele></trkpt><trkpt lat="46.75720577709124" lon="7.426554838331877"><ele>1142.7</ele></trkpt><trkpt lat="46.75720577698929" lon="7.426632838255853"><ele>1143.2</ele></trkpt><trkpt lat="46.75720577686704" lon="7.42672483816466"><ele>1143.8</ele></trkpt><trkpt lat="46.757196776744934" lon="7.426816838073493"><ele>1144.4</ele></trkpt><trkpt lat="46.75716977652137" lon="7.426999837906014"><ele>1145.5</ele></trkpt><trkpt lat="46.75716977652137" lon="7.426999837906014"><ele>1145.5</ele></trkpt><trkpt lat="46.75714277621614" lon="7.42718283767933"><ele>1147.0</ele></trkpt><trkpt lat="46.75702577515878" lon="7.427850836892605"><ele>1152.2</ele></trkpt><trkpt lat="46.75698977491496" lon="7.428007836710983"><ele>1153.4</ele></trkpt><trkpt lat="46.7569717746911" lon="7.428125836545128"><ele>1154.5</ele></trkpt><trkpt lat="46.756918774467984" lon="7.4282558363790665"><ele>1155.6</ele></trkpt><trkpt lat="46.756918774467984" lon="7.4282558363790665"><ele>1155.6</ele></trkpt><trkpt lat="46.756900774386814" lon="7.428295836318867"><ele>1156.0</ele></trkpt><trkpt lat="46.75686477428569" lon="7.428334836243959"><ele>1156.5</ele></trkpt><trkpt lat="46.756819774245876" lon="7.428373836213475"><ele>1156.7</ele></trkpt><trkpt lat="46.75667577386153" lon="7.428478835929986"><ele>1158.6</ele></trkpt><trkpt lat="46.75653177349758" lon="7.4285838356612865"><ele>1160.4</ele></trkpt><trkpt lat="46.756396773194616" lon="7.428674835437323"><ele>1161.9</ele></trkpt><trkpt lat="46.756297772952045" lon="7.428753835257953"><ele>1163.1</ele></trkpt><trkpt lat="46.7562257727701" lon="7.428818835123257"><ele>1164.0</ele></trkpt><trkpt lat="46.756153772608585" lon="7.428897835002987"><ele>1164.8</ele></trkpt><trkpt lat="46.75600077208182" lon="7.429106834613093"><ele>1167.4</ele></trkpt><trkpt lat="46.7559017718598" lon="7.4292638344464015"><ele>1168.5</ele></trkpt><trkpt lat="46.755847771677516" lon="7.4293818343102025"><ele>1169.4</ele></trkpt><trkpt lat="46.75579377149531" lon="7.429499834173995"><ele>1170.3</ele></trkpt><trkpt lat="46.75575777139421" lon="7.429604834097281"><ele>1170.8</ele></trkpt><trkpt lat="46.755730771272574" lon="7.4297228340053785"><ele>1171.4</ele></trkpt><trkpt lat="46.75570377115098" lon="7.42986683391277"><ele>1172.0</ele></trkpt><trkpt lat="46.75570377100834" lon="7.429970833806347"><ele>1172.7</ele></trkpt><trkpt lat="46.75569477080494" lon="7.430232833651263"><ele>1173.7</ele></trkpt><trkpt lat="46.7556767706831" lon="7.4303638335589595"><ele>1174.3</ele></trkpt><trkpt lat="46.755667770581475" lon="7.430481833481776"><ele>1174.8</ele></trkpt><trkpt lat="46.75563177046006" lon="7.430612833389533"><ele>1175.4</ele></trkpt><trkpt lat="46.75554177027878" lon="7.430860833249881"><ele>1176.3</ele></trkpt><trkpt lat="46.755434770057086" lon="7.431122833080289"><ele>1177.4</ele></trkpt><trkpt lat="46.75538976997661" lon="7.431240833018018"><ele>1177.8</ele></trkpt><trkpt lat="46.755281769795786" lon="7.431515832877676"><ele>1178.7</ele></trkpt><trkpt lat="46.755119769555044" lon="7.431907832689898"><ele>1179.9</ele></trkpt><trkpt lat="46.755047769434476" lon="7.432091832596296"><ele>1180.5</ele></trkpt><trkpt lat="46.75496676919173" lon="7.432274832413905"><ele>1181.7</ele></trkpt><trkpt lat="46.75490376890778" lon="7.432431832202537"><ele>1183.1</ele></trkpt><trkpt lat="46.75487676876573" lon="7.432510832096816"><ele>1183.8</ele></trkpt><trkpt lat="46.75479576844147" lon="7.432693831855167"><ele>1185.4</ele></trkpt><trkpt lat="46.754714768015184" lon="7.432902831538746"><ele>1187.5</ele></trkpt><trkpt lat="46.75461576758948" lon="7.433138831221635"><ele>1189.6</ele></trkpt><trkpt lat="46.75443576685986" lon="7.433570830677234"><ele>1193.2</ele></trkpt><trkpt lat="46.754345766454286" lon="7.433805830374859"><ele>1195.2</ele></trkpt><trkpt lat="46.7543007663534" lon="7.433897830298426"><ele>1195.7</ele></trkpt><trkpt lat="46.75425576621179" lon="7.433976830192723"><ele>1196.4</ele></trkpt><trkpt lat="46.754219766131094" lon="7.434041830131808"><ele>1196.8</ele></trkpt><trkpt lat="46.754156766050976" lon="7.434093830071351"><ele>1197.2</ele></trkpt><trkpt lat="46.75408476593026" lon="7.434133829981626"><ele>1197.8</ele></trkpt><trkpt lat="46.75398576581015" lon="7.434172829892027"><ele>1198.4</ele></trkpt><trkpt lat="46.75391376570977" lon="7.434198829817499"><ele>1198.9</ele></trkpt><trkpt lat="46.75372576540813" lon="7.434250829594547"><ele>1200.4</ele></trkpt><trkpt lat="46.753635765226676" lon="7.434290829460452"><ele>1201.3</ele></trkpt><trkpt lat="46.75357276512616" lon="7.43432982938553"><ele>1201.8</ele></trkpt><trkpt lat="46.75349176496488" lon="7.434381829265879"><ele>1202.6</ele></trkpt><trkpt lat="46.75341076482409" lon="7.434460829160286"><ele>1203.3</ele></trkpt><trkpt lat="46.75334776464202" lon="7.434499829026113"><ele>1204.2</ele></trkpt><trkpt lat="46.75305076407794" lon="7.434722828606211"><ele>1207.0</ele></trkpt><trkpt lat="46.752969763896296" lon="7.434774828471731"><ele>1207.9</ele></trkpt><trkpt lat="46.75279876359444" lon="7.434892828246856"><ele>1209.4</ele></trkpt><trkpt lat="46.75267276339344" lon="7.434944828097716"><ele>1210.4</ele></trkpt><trkpt lat="46.75240276305304" lon="7.435114827842095"><ele>1212.1</ele></trkpt><trkpt lat="46.752312762994" lon="7.435180827796128"><ele>1212.4</ele></trkpt><trkpt lat="46.752312762994" lon="7.435180827796128"><ele>1212.4</ele></trkpt><trkpt lat="46.7523037628921" lon="7.435075827725032"><ele>1212.9</ele></trkpt><trkpt lat="46.75229476283099" lon="7.43499782768281"><ele>1213.2</ele></trkpt><trkpt lat="46.75229476270857" lon="7.434918827596142"><ele>1213.8</ele></trkpt><trkpt lat="46.752312762544996" lon="7.434813827480524"><ele>1214.6</ele></trkpt><trkpt lat="46.752456761705105" lon="7.4342908268874135"><ele>1218.7</ele></trkpt><trkpt lat="46.752573760967934" lon="7.433858826365983"><ele>1222.3</ele></trkpt><trkpt lat="46.752663760415004" lon="7.433518825975403"><ele>1225.0</ele></trkpt><trkpt lat="46.752690760169486" lon="7.433400825800931"><ele>1226.2</ele></trkpt><trkpt lat="46.75270876002624" lon="7.43330882569981"><ele>1226.9</ele></trkpt><trkpt lat="46.75270875990385" lon="7.433243825612799"><ele>1227.5</ele></trkpt><trkpt lat="46.75269075972061" lon="7.433138825482563"><ele>1228.4</ele></trkpt><trkpt lat="46.7526097592327" lon="7.432837825136007"><ele>1230.8</ele></trkpt><trkpt lat="46.7526097592327" lon="7.432837825136007"><ele>1230.8</ele></trkpt><trkpt lat="46.75257375909063" lon="7.4327198250358375"><ele>1231.5</ele></trkpt><trkpt lat="46.75255575892778" lon="7.432615824920409"><ele>1232.3</ele></trkpt><trkpt lat="46.752537758724166" lon="7.432471824776499"><ele>1233.3</ele></trkpt><trkpt lat="46.752528758561034" lon="7.432340824661813"><ele>1234.1</ele></trkpt><trkpt lat="46.752537758438365" lon="7.43224882457556"><ele>1234.7</ele></trkpt><trkpt lat="46.752555758356316" lon="7.432170824518498"><ele>1235.1</ele></trkpt><trkpt lat="46.752582758233245" lon="7.432078824432188"><ele>1235.7</ele></trkpt><trkpt lat="46.75268175794531" lon="7.431908824229406"><ele>1237.1</ele></trkpt><trkpt lat="46.75274475780101" lon="7.431829824127798"><ele>1237.8</ele></trkpt><trkpt lat="46.75289775745078" lon="7.431698823879303"><ele>1239.5</ele></trkpt><trkpt lat="46.75296975732674" lon="7.431646823791704"><ele>1240.1</ele></trkpt><trkpt lat="46.75305075716164" lon="7.431581823674832"><ele>1240.9</ele></trkpt><trkpt lat="46.75310475701764" lon="7.431528823572521"><ele>1241.6</ele></trkpt><trkpt lat="46.75314075691479" lon="7.431463823500233"><ele>1242.1</ele></trkpt><trkpt lat="46.75315875683271" lon="7.431384823443219"><ele>1242.5</ele></trkpt><trkpt lat="46.753176756709806" lon="7.431280823357315"><ele>1243.1</ele></trkpt><trkpt lat="46.75319475654613" lon="7.431175823241837"><ele>1243.9</ele></trkpt><trkpt lat="46.753194756403296" lon="7.4310838231408525"><ele>1244.6</ele></trkpt><trkpt lat="46.75318575628104" lon="7.430992823054683"><ele>1245.2</ele></trkpt><trkpt lat="46.753158756138745" lon="7.430900822953808"><ele>1245.9</ele></trkpt><trkpt lat="46.75299675557104" lon="7.430520822550871"><ele>1248.7</ele></trkpt><trkpt lat="46.75293375528688" lon="7.430390822347627"><ele>1250.1</ele></trkpt><trkpt lat="46.75287075508428" lon="7.430272822203248"><ele>1251.1</ele></trkpt><trkpt lat="46.75278075471904" lon="7.430049821943608"><ele>1252.9</ele></trkpt><trkpt lat="46.75275375459714" lon="7.429932821858288"><ele>1253.5</ele></trkpt><trkpt lat="46.75272675443449" lon="7.429814821743403"><ele>1254.3</ele></trkpt><trkpt lat="46.752726754291636" lon="7.429709821642848"><ele>1255.0</ele></trkpt><trkpt lat="46.752744754025926" lon="7.429552821454937"><ele>1256.3</ele></trkpt><trkpt lat="46.752771753841664" lon="7.429434821325066"><ele>1257.2</ele></trkpt><trkpt lat="46.752816753677365" lon="7.429329821209559"><ele>1258.0</ele></trkpt><trkpt lat="46.7528527535133" lon="7.4292518210933025"><ele>1258.8</ele></trkpt><trkpt lat="46.75291575332818" lon="7.429159820962558"><ele>1259.7</ele></trkpt><trkpt lat="46.752987753163325" lon="7.429094820845796"><ele>1260.5</ele></trkpt><trkpt lat="46.75305975301885" lon="7.429055820743077"><ele>1261.2</ele></trkpt><trkpt lat="46.75312275287462" lon="7.429028820640039"><ele>1261.9</ele></trkpt><trkpt lat="46.75318475279162" lon="7.429002820581378"><ele>1262.3</ele></trkpt><trkpt lat="46.75322075270913" lon="7.428963820523186"><ele>1262.7</ele></trkpt><trkpt lat="46.75323875264749" lon="7.428898820480626"><ele>1263.0</ele></trkpt><trkpt lat="46.753247752606384" lon="7.4288328204529215"><ele>1263.2</ele></trkpt><trkpt lat="46.753238752606585" lon="7.428819820453336"><ele>1263.2</ele></trkpt><trkpt lat="46.753238752606585" lon="7.428819820453336"><ele>1263.2</ele></trkpt><trkpt lat="46.75323875256576" lon="7.428780820424879"><ele>1263.4</ele></trkpt><trkpt lat="46.75321175254588" lon="7.42871482041211"><ele>1263.5</ele></trkpt><trkpt lat="46.753184752526074" lon="7.428675820398547"><ele>1263.6</ele></trkpt><trkpt lat="46.753184752526074" lon="7.428675820398547"><ele>1263.6</ele></trkpt><trkpt lat="46.753148752506426" lon="7.428623820385406"><ele>1263.7</ele></trkpt><trkpt lat="46.753148752506426" lon="7.428623820385406"><ele>1263.7</ele></trkpt><trkpt lat="46.75305075244737" lon="7.42851882034444"><ele>1264.0</ele></trkpt><trkpt lat="46.75297875238773" lon="7.428400820303764"><ele>1264.3</ele></trkpt><trkpt lat="46.752843752207" lon="7.4281128201795115"><ele>1265.2</ele></trkpt><trkpt lat="46.75273575212768" lon="7.42792982012608"><ele>1265.6</ele></trkpt><trkpt lat="46.75267275204747" lon="7.4278518200694155"><ele>1266.0</ele></trkpt><trkpt lat="46.75260975200805" lon="7.427772820042368"><ele>1266.2</ele></trkpt><trkpt lat="46.752564751988615" lon="7.427720820029263"><ele>1266.3</ele></trkpt><trkpt lat="46.752447751909706" lon="7.427641819972826"><ele>1266.7</ele></trkpt><trkpt lat="46.75237575185013" lon="7.427589819930231"><ele>1267.0</ele></trkpt><trkpt lat="46.75229475183162" lon="7.427550819916877"><ele>1267.1</ele></trkpt><trkpt lat="46.752222751771995" lon="7.427497819874313"><ele>1267.4</ele></trkpt><trkpt lat="46.75216875173242" lon="7.427445819846445"><ele>1267.6</ele></trkpt><trkpt lat="46.7521057516726" lon="7.427366819804614"><ele>1267.9</ele></trkpt><trkpt lat="46.75208775161176" lon="7.427301819762203"><ele>1268.2</ele></trkpt><trkpt lat="46.7520697515713" lon="7.427223819734967"><ele>1268.4</ele></trkpt><trkpt lat="46.75206075151021" lon="7.427105819694078"><ele>1268.7</ele></trkpt><trkpt lat="46.75206975142832" lon="7.427026819637193"><ele>1269.1</ele></trkpt><trkpt lat="46.752096751345945" lon="7.4269088195813815"><ele>1269.5</ele></trkpt><trkpt lat="46.752123751284" lon="7.426791819540337"><ele>1269.8</ele></trkpt><trkpt lat="46.75215075118127" lon="7.4266738194697375"><ele>1270.3</ele></trkpt><trkpt lat="46.752159751079006" lon="7.426581819398447"><ele>1270.8</ele></trkpt><trkpt lat="46.75216875103788" lon="7.426490819371508"><ele>1271.0</ele></trkpt><trkpt lat="46.75215075097696" lon="7.426359819331044"><ele>1271.3</ele></trkpt><trkpt lat="46.75213275091609" lon="7.426293819288675"><ele>1271.6</ele></trkpt><trkpt lat="46.75207875081523" lon="7.426149819219152"><ele>1272.1</ele></trkpt><trkpt lat="46.752024750734755" lon="7.426018819164047"><ele>1272.5</ele></trkpt><trkpt lat="46.75197075063386" lon="7.4258758190944985"><ele>1273.0</ele></trkpt><trkpt lat="46.751907750512785" lon="7.425718819010613"><ele>1273.6</ele></trkpt><trkpt lat="46.751844750371305" lon="7.42553481891274"><ele>1274.3</ele></trkpt><trkpt lat="46.751772750250424" lon="7.425364818829279"><ele>1274.9</ele></trkpt><trkpt lat="46.751664750048725" lon="7.425102818689517"><ele>1275.9</ele></trkpt><trkpt lat="46.75161974998848" lon="7.425011818648004"><ele>1276.2</ele></trkpt><trkpt lat="46.75157474988753" lon="7.42494581857618"><ele>1276.7</ele></trkpt><trkpt lat="46.75152074974599" lon="7.42488081847478"><ele>1277.4</ele></trkpt><trkpt lat="46.751466749624875" lon="7.424841818387406"><ele>1278.0</ele></trkpt><trkpt lat="46.75141274946302" lon="7.424815818270071"><ele>1278.8</ele></trkpt><trkpt lat="46.75134974930136" lon="7.424802818152384"><ele>1279.6</ele></trkpt><trkpt lat="46.751250749099846" lon="7.424802818004872"><ele>1280.6</ele></trkpt><trkpt lat="46.75119674891758" lon="7.424775817872784"><ele>1281.5</ele></trkpt><trkpt lat="46.751133748776304" lon="7.424723817771046"><ele>1282.2</ele></trkpt><trkpt lat="46.751088748614144" lon="7.424671817654455"><ele>1283.0</ele></trkpt><trkpt lat="46.751043748451984" lon="7.42459281753867"><ele>1283.8</ele></trkpt><trkpt lat="46.750989748249246" lon="7.424474817394502"><ele>1284.8</ele></trkpt><trkpt lat="46.750953748086815" lon="7.424357817279827"><ele>1285.6</ele></trkpt><trkpt lat="46.750881747680566" lon="7.424160816990226"><ele>1287.6</ele></trkpt><trkpt lat="46.75083674749804" lon="7.424069816860033"><ele>1288.5</ele></trkpt><trkpt lat="46.75079174729507" lon="7.423977816715083"><ele>1289.5</ele></trkpt><trkpt lat="46.75066574689011" lon="7.423794816425312"><ele>1291.5</ele></trkpt><trkpt lat="46.7505577464847" lon="7.4236248161350975"><ele>1293.5</ele></trkpt><trkpt lat="46.75050374628205" lon="7.42355881598943"><ele>1294.5</ele></trkpt><trkpt lat="46.75044074610001" lon="7.423493815858554"><ele>1295.4</ele></trkpt><trkpt lat="46.750368745958944" lon="7.423454815756503"><ele>1296.1</ele></trkpt><trkpt lat="46.75029674583829" lon="7.423428815668846"><ele>1296.7</ele></trkpt><trkpt lat="46.75023374569711" lon="7.423415815565986"><ele>1297.4</ele></trkpt><trkpt lat="46.750152745556335" lon="7.4234028154631915"><ele>1298.1</ele></trkpt><trkpt lat="46.75005374533446" lon="7.42340281530094"><ele>1299.2</ele></trkpt><trkpt lat="46.74993674509264" lon="7.423402815123971"><ele>1300.4</ele></trkpt><trkpt lat="46.74987474493105" lon="7.423402815005932"><ele>1301.2</ele></trkpt><trkpt lat="46.74980274479" lon="7.423362814903919"><ele>1301.9</ele></trkpt><trkpt lat="46.74975774464832" lon="7.4233108148021705"><ele>1302.6</ele></trkpt><trkpt lat="46.74972174450642" lon="7.423245814700777"><ele>1303.3</ele></trkpt><trkpt lat="46.749631744120975" lon="7.4230358144265765"><ele>1305.2</ele></trkpt><trkpt lat="46.74960474406037" lon="7.422983814383901"><ele>1305.5</ele></trkpt><trkpt lat="46.7495777439591" lon="7.422957814310874"><ele>1306.0</ele></trkpt><trkpt lat="46.74954174387841" lon="7.42294481425227"><ele>1306.4</ele></trkpt><trkpt lat="46.74950574377732" lon="7.4229318141788845"><ele>1306.9</ele></trkpt><trkpt lat="46.74946974369666" lon="7.422931814119889"><ele>1307.3</ele></trkpt><trkpt lat="46.74943374357526" lon="7.422957814030544"><ele>1307.9</ele></trkpt><trkpt lat="46.749397743494626" lon="7.422983813970762"><ele>1308.3</ele></trkpt><trkpt lat="46.749397743494626" lon="7.422983813970762"><ele>1308.3</ele></trkpt><trkpt lat="46.74934374337371" lon="7.4230228138810865"><ele>1308.9</ele></trkpt><trkpt lat="46.74922674315244" lon="7.42311481371613"><ele>1310.0</ele></trkpt><trkpt lat="46.749181743071965" lon="7.423127813656772"><ele>1310.4</ele></trkpt><trkpt lat="46.74911874293088" lon="7.423153813552738"><ele>1311.1</ele></trkpt><trkpt lat="46.74903774276978" lon="7.423166813434388"><ele>1311.9</ele></trkpt><trkpt lat="46.74896574262886" lon="7.423179813330786"><ele>1312.6</ele></trkpt><trkpt lat="46.74888474248819" lon="7.423206813226787"><ele>1313.3</ele></trkpt><trkpt lat="46.74875874222628" lon="7.423219813034688"><ele>1314.6</ele></trkpt><trkpt lat="46.74869574212593" lon="7.423245812960219"><ele>1315.1</ele></trkpt><trkpt lat="46.748650742045506" lon="7.423258812900864"><ele>1315.5</ele></trkpt><trkpt lat="46.74859674194497" lon="7.423297812825965"><ele>1316.0</ele></trkpt><trkpt lat="46.74855174182383" lon="7.423350812735823"><ele>1316.6</ele></trkpt><trkpt lat="46.748506741784205" lon="7.423389812705237"><ele>1316.8</ele></trkpt><trkpt lat="46.748470741703606" lon="7.423402812645842"><ele>1317.2</ele></trkpt><trkpt lat="46.748416741623316" lon="7.4233898125873115"><ele>1317.6</ele></trkpt><trkpt lat="46.74838974156279" lon="7.4233508125442516"><ele>1317.9</ele></trkpt><trkpt lat="46.7483717415224" lon="7.423310812515977"><ele>1318.1</ele></trkpt><trkpt lat="46.74836274140024" lon="7.423245812429293"><ele>1318.7</ele></trkpt><trkpt lat="46.74836274123695" lon="7.423101812315429"><ele>1319.5</ele></trkpt><trkpt lat="46.74834474113542" lon="7.423023812243969"><ele>1320.0</ele></trkpt><trkpt lat="46.748308741013886" lon="7.422957812157427"><ele>1320.6</ele></trkpt><trkpt lat="46.748272740933174" lon="7.422918812099632"><ele>1321.0</ele></trkpt><trkpt lat="46.7482007407922" lon="7.42287981199762"><ele>1321.7</ele></trkpt><trkpt lat="46.74815574069138" lon="7.42285281192471"><ele>1322.2</ele></trkpt><trkpt lat="46.74806574053047" lon="7.422839811807195"><ele>1323.0</ele></trkpt><trkpt lat="46.74800274040977" lon="7.422853811718314"><ele>1323.6</ele></trkpt><trkpt lat="46.74792174030983" lon="7.422866811644316"><ele>1324.1</ele></trkpt><trkpt lat="46.7478407401692" lon="7.422892811540354"><ele>1324.8</ele></trkpt><trkpt lat="46.74776074002848" lon="7.422905811436786"><ele>1325.5</ele></trkpt><trkpt lat="46.74767973990822" lon="7.422905811348404"><ele>1326.1</ele></trkpt><trkpt lat="46.74759873972672" lon="7.422892811216073"><ele>1327.0</ele></trkpt><trkpt lat="46.747499739586466" lon="7.422866811113781"><ele>1327.7</ele></trkpt><trkpt lat="46.74741873938457" lon="7.4228278109674735"><ele>1328.7</ele></trkpt><trkpt lat="46.74734673924362" lon="7.422787810865507"><ele>1329.4</ele></trkpt><trkpt lat="46.74729273912262" lon="7.422761810777829"><ele>1330.0</ele></trkpt><trkpt lat="46.747247739001374" lon="7.422709810690912"><ele>1330.6</ele></trkpt><trkpt lat="46.747229738981346" lon="7.422656810677836"><ele>1330.7</ele></trkpt><trkpt lat="46.74721173892061" lon="7.422604810635161"><ele>1331.0</ele></trkpt><trkpt lat="46.74721173883897" lon="7.4225398105780425"><ele>1331.4</ele></trkpt><trkpt lat="46.7472297387773" lon="7.422473810535666"><ele>1331.7</ele></trkpt><trkpt lat="46.747247738695265" lon="7.422421810478074"><ele>1332.1</ele></trkpt><trkpt lat="46.74734673830514" lon="7.422107810206557"><ele>1334.0</ele></trkpt><trkpt lat="46.74736473822305" lon="7.42202881014981"><ele>1334.4</ele></trkpt><trkpt lat="46.74737373810044" lon="7.42193781006391"><ele>1335.0</ele></trkpt><trkpt lat="46.74737373801879" lon="7.421845810007636"><ele>1335.4</ele></trkpt><trkpt lat="46.74737373787591" lon="7.42171480990823"><ele>1336.1</ele></trkpt><trkpt lat="46.74737373773312" lon="7.421610809807999"><ele>1336.8</ele></trkpt><trkpt lat="46.747390737589896" lon="7.42150580970773"><ele>1337.5</ele></trkpt><trkpt lat="46.74741773744643" lon="7.421413809607028"><ele>1338.2</ele></trkpt><trkpt lat="46.74743573732356" lon="7.421322809521113"><ele>1338.8</ele></trkpt><trkpt lat="46.74745373722105" lon="7.421230809450007"><ele>1339.3</ele></trkpt><trkpt lat="46.74745373711902" lon="7.421125809379377"><ele>1339.8</ele></trkpt><trkpt lat="46.74745373703739" lon="7.421047809322686"><ele>1340.2</ele></trkpt><trkpt lat="46.74745373703739" lon="7.421047809322686"><ele>1340.2</ele></trkpt><trkpt lat="46.74742673693601" lon="7.4209298092525655"><ele>1340.7</ele></trkpt><trkpt lat="46.747381736855466" lon="7.420850809196083"><ele>1341.1</ele></trkpt><trkpt lat="46.74730973671444" lon="7.420759809095755"><ele>1341.8</ele></trkpt><trkpt lat="46.74716573647314" lon="7.420536808925932"><ele>1343.0</ele></trkpt><trkpt lat="46.74707573631209" lon="7.420393808812527"><ele>1343.8</ele></trkpt><trkpt lat="46.747021736231794" lon="7.420314808756092"><ele>1344.2</ele></trkpt><trkpt lat="46.746976736130904" lon="7.420249808684414"><ele>1344.7</ele></trkpt><trkpt lat="46.746958736070134" lon="7.420196808641809"><ele>1345.0</ele></trkpt><trkpt lat="46.74693173596877" lon="7.420105808570873"><ele>1345.5</ele></trkpt><trkpt lat="46.746895735826804" lon="7.4199748084716735"><ele>1346.2</ele></trkpt><trkpt lat="46.746877735684464" lon="7.419869808371598"><ele>1346.9</ele></trkpt><trkpt lat="46.74687773552125" lon="7.419751808257087"><ele>1347.7</ele></trkpt><trkpt lat="46.7468957354391" lon="7.4196348082015735"><ele>1348.1</ele></trkpt><trkpt lat="46.74691373537734" lon="7.419516808160869"><ele>1348.4</ele></trkpt><trkpt lat="46.74694973529472" lon="7.419385808105727"><ele>1348.8</ele></trkpt><trkpt lat="46.7469857351917" lon="7.41924180803622"><ele>1349.3</ele></trkpt><trkpt lat="46.747003734967" lon="7.419162807876121"><ele>1350.4</ele></trkpt><trkpt lat="46.74702173480344" lon="7.419110807759491"><ele>1351.2</ele></trkpt><trkpt lat="46.747057734680205" lon="7.419071807671937"><ele>1351.8</ele></trkpt><trkpt lat="46.74713873447431" lon="7.419018807525555"><ele>1352.8</ele></trkpt><trkpt lat="46.747183734350905" lon="7.418992807437558"><ele>1353.4</ele></trkpt><trkpt lat="46.747228734247784" lon="7.41895380736474"><ele>1353.9</ele></trkpt><trkpt lat="46.747273734124306" lon="7.418888807277972"><ele>1354.5</ele></trkpt><trkpt lat="46.74729173406262" lon="7.418822807235654"><ele>1354.8</ele></trkpt><trkpt lat="46.747291733960594" lon="7.418731807164649"><ele>1355.3</ele></trkpt><trkpt lat="46.747264733798076" lon="7.418639807049473"><ele>1356.1</ele></trkpt><trkpt lat="46.74723773363561" lon="7.418574806933449"><ele>1356.9</ele></trkpt><trkpt lat="46.74719273349396" lon="7.4185088068323015"><ele>1357.6</ele></trkpt><trkpt lat="46.74714773337277" lon="7.418456806745487"><ele>1358.2</ele></trkpt><trkpt lat="46.74708473323162" lon="7.418443806642747"><ele>1358.9</ele></trkpt><trkpt lat="46.74703073309038" lon="7.418443806539562"><ele>1359.6</ele></trkpt><trkpt lat="46.7469677329085" lon="7.418443806406866"><ele>1360.5</ele></trkpt><trkpt lat="46.74688673270677" lon="7.418443806259474"><ele>1361.5</ele></trkpt><trkpt lat="46.74680573254573" lon="7.418417806142446"><ele>1362.3</ele></trkpt><trkpt lat="46.74672473240499" lon="7.418377806040631"><ele>1363.0</ele></trkpt><trkpt lat="46.74658073210281" lon="7.418260805823336"><ele>1364.5</ele></trkpt><trkpt lat="46.74650873194148" lon="7.418220805706723"><ele>1365.3</ele></trkpt><trkpt lat="46.74636473172087" lon="7.418155805546876"><ele>1366.4</ele></trkpt><trkpt lat="46.746301731600184" lon="7.4181558054585"><ele>1367.0</ele></trkpt><trkpt lat="46.74622973147978" lon="7.418168805369753"><ele>1367.6</ele></trkpt><trkpt lat="46.74615873129821" lon="7.418208805235834"><ele>1368.5</ele></trkpt><trkpt lat="46.7460417310364" lon="7.418299805041392"><ele>1369.8</ele></trkpt><trkpt lat="46.74597873093613" lon="7.418325804966963"><ele>1370.3</ele></trkpt><trkpt lat="46.7458977307752" lon="7.4183528048482605"><ele>1371.1</ele></trkpt><trkpt lat="46.74579873057392" lon="7.418378804700122"><ele>1372.1</ele></trkpt><trkpt lat="46.74568173031203" lon="7.418404804507739"><ele>1373.4</ele></trkpt><trkpt lat="46.745600730191924" lon="7.418443804418195"><ele>1374.0</ele></trkpt><trkpt lat="46.74552873007153" lon="7.418483804328583"><ele>1374.6</ele></trkpt><trkpt lat="46.745456729910494" lon="7.418574804207797"><ele>1375.4</ele></trkpt><trkpt lat="46.745411729789495" lon="7.418653804116828"><ele>1376.0</ele></trkpt><trkpt lat="46.74537572966827" lon="7.418731804025855"><ele>1376.6</ele></trkpt><trkpt lat="46.74533972954708" lon="7.418823803934432"><ele>1377.2</ele></trkpt><trkpt lat="46.74531272938498" lon="7.418967803811765"><ele>1378.0</ele></trkpt><trkpt lat="46.74527672916201" lon="7.419124803644397"><ele>1379.1</ele></trkpt><trkpt lat="46.74524972889804" lon="7.419281803447439"><ele>1380.4</ele></trkpt><trkpt lat="46.745168728106385" lon="7.419883802852301"><ele>1384.3</ele></trkpt><trkpt lat="46.7451507279237" lon="7.420053802713943"><ele>1385.2</ele></trkpt><trkpt lat="46.745141727659416" lon="7.42028980251432"><ele>1386.5</ele></trkpt><trkpt lat="46.74512372755817" lon="7.420393802437173"><ele>1387.0</ele></trkpt><trkpt lat="46.74508772745739" lon="7.420472802360896"><ele>1387.5</ele></trkpt><trkpt lat="46.74503472729578" lon="7.420550802240393"><ele>1388.3</ele></trkpt><trkpt lat="46.74498972717481" lon="7.420616802149795"><ele>1388.9</ele></trkpt><trkpt lat="46.74490872699365" lon="7.420694802014626"><ele>1389.8</ele></trkpt><trkpt lat="46.744773726752776" lon="7.42081280183405"><ele>1391.0</ele></trkpt><trkpt lat="46.74471072665262" lon="7.420865801758711"><ele>1391.5</ele></trkpt><trkpt lat="46.74468372659229" lon="7.420917801712813"><ele>1391.8</ele></trkpt><trkpt lat="46.74468372655165" lon="7.420982801681161"><ele>1392.0</ele></trkpt><trkpt lat="46.744674726490864" lon="7.421074801633898"><ele>1392.3</ele></trkpt><trkpt lat="46.74468372636859" lon="7.421192801541387"><ele>1392.9</ele></trkpt><trkpt lat="46.74468372630758" lon="7.421270801494531"><ele>1393.2</ele></trkpt><trkpt lat="46.74467472624683" lon="7.4213498014476835"><ele>1393.5</ele></trkpt><trkpt lat="46.744638726186714" lon="7.4214148014013945"><ele>1393.8</ele></trkpt><trkpt lat="46.744638726186714" lon="7.4214148014013945"><ele>1393.8</ele></trkpt><trkpt lat="46.74460272614689" lon="7.421427801371567"><ele>1394.0</ele></trkpt><trkpt lat="46.74456672608672" lon="7.421427801327379"><ele>1394.3</ele></trkpt><trkpt lat="46.74452172602671" lon="7.421401801284067"><ele>1394.6</ele></trkpt><trkpt lat="46.74447672596669" lon="7.4213498012415995"><ele>1394.9</ele></trkpt><trkpt lat="46.74444972592648" lon="7.421270801214712"><ele>1395.1</ele></trkpt><trkpt lat="46.74443172578413" lon="7.421139801115587"><ele>1395.8</ele></trkpt><trkpt lat="46.74442272562107" lon="7.420943801003759"><ele>1396.6</ele></trkpt><trkpt lat="46.74441372551925" lon="7.420838800933317"><ele>1397.1</ele></trkpt><trkpt lat="46.744404725478596" lon="7.420747800906748"><ele>1397.3</ele></trkpt><trkpt lat="46.744395725336105" lon="7.4206558008063395"><ele>1398.0</ele></trkpt><trkpt lat="46.744377725275314" lon="7.420590800764195"><ele>1398.3</ele></trkpt><trkpt lat="46.744377725275314" lon="7.420590800764195"><ele>1398.3</ele></trkpt><trkpt lat="46.74433272505212" lon="7.420433800606943"><ele>1399.4</ele></trkpt><trkpt lat="46.74428772486972" lon="7.420302800478409"><ele>1400.3</ele></trkpt><trkpt lat="46.74423372458558" lon="7.420132800277313"><ele>1401.7</ele></trkpt><trkpt lat="46.74417972438306" lon="7.420001800134045"><ele>1402.7</ele></trkpt><trkpt lat="46.74413472422103" lon="7.419870800020305"><ele>1403.5</ele></trkpt><trkpt lat="46.744125724098815" lon="7.419766799935093"><ele>1404.1</ele></trkpt><trkpt lat="46.74409872391599" lon="7.419648799806084"><ele>1405.0</ele></trkpt><trkpt lat="46.74401772351016" lon="7.419360799520356"><ele>1407.0</ele></trkpt><trkpt lat="46.744008723367656" lon="7.419255799420417"><ele>1407.7</ele></trkpt><trkpt lat="46.74399972320474" lon="7.41916479930525"><ele>1408.5</ele></trkpt><trkpt lat="46.74399972308235" lon="7.419072799219626"><ele>1409.1</ele></trkpt><trkpt lat="46.74400872298013" lon="7.418994799148285"><ele>1409.6</ele></trkpt><trkpt lat="46.74404472281597" lon="7.418863799034255"><ele>1410.4</ele></trkpt><trkpt lat="46.74417072238438" lon="7.418549798733836"><ele>1412.5</ele></trkpt><trkpt lat="46.74419772228167" lon="7.418457798662892"><ele>1413.0</ele></trkpt><trkpt lat="46.74420672215904" lon="7.418352798577677"><ele>1413.6</ele></trkpt><trkpt lat="46.74420672199589" lon="7.418248798462936"><ele>1414.4</ele></trkpt><trkpt lat="46.744206721791855" lon="7.418104798319965"><ele>1415.4</ele></trkpt><trkpt lat="46.74419672150667" lon="7.417933798118856"><ele>1416.8</ele></trkpt><trkpt lat="46.744205721180016" lon="7.41767279789111"><ele>1418.4</ele></trkpt><trkpt lat="46.744205721180016" lon="7.41767279789111"><ele>1418.4</ele></trkpt><trkpt lat="46.74416072112018" lon="7.4177507978444215"><ele>1418.7</ele></trkpt><trkpt lat="46.74413372097839" lon="7.417803797739409"><ele>1419.4</ele></trkpt><trkpt lat="46.74408072040956" lon="7.417960797320917"><ele>1422.2</ele></trkpt><trkpt lat="46.74401771982069" lon="7.418143796886824"><ele>1425.1</ele></trkpt><trkpt lat="46.74398171957724" lon="7.418208796707588"><ele>1426.3</ele></trkpt><trkpt lat="46.74395471949654" lon="7.418235796647725"><ele>1426.7</ele></trkpt><trkpt lat="46.74391871931412" lon="7.418248796514514"><ele>1427.6</ele></trkpt><trkpt lat="46.74387371911159" lon="7.418261796366576"><ele>1428.6</ele></trkpt><trkpt lat="46.74368471891278" lon="7.418235796220521"><ele>1429.6</ele></trkpt><trkpt lat="46.74361271873139" lon="7.418261796087032"><ele>1430.5</ele></trkpt><trkpt lat="46.74352271848932" lon="7.418261795910168"><ele>1431.7</ele></trkpt><trkpt lat="46.743414718227285" lon="7.418248795719043"><ele>1433.0</ele></trkpt><trkpt lat="46.74336071806573" lon="7.418248795601111"><ele>1433.8</ele></trkpt><trkpt lat="46.74330671796532" lon="7.418261795527056"><ele>1434.3</ele></trkpt><trkpt lat="46.74323471770252" lon="7.418326795333183"><ele>1435.6</ele></trkpt><trkpt lat="46.74318071756142" lon="7.418379795228251"><ele>1436.3</ele></trkpt><trkpt lat="46.74314471744021" lon="7.418418795138482"><ele>1436.9</ele></trkpt><trkpt lat="46.74310871738014" lon="7.41848479509212"><ele>1437.2</ele></trkpt><trkpt lat="46.74309071729927" lon="7.418562795030511"><ele>1437.6</ele></trkpt><trkpt lat="46.743072717177654" lon="7.418654794938892"><ele>1438.2</ele></trkpt><trkpt lat="46.74304571679163" lon="7.418850794651814"><ele>1440.1</ele></trkpt><trkpt lat="46.743000716345016" lon="7.4190467943204785"><ele>1442.3</ele></trkpt><trkpt lat="46.74297371614213" lon="7.419151794169361"><ele>1443.3</ele></trkpt><trkpt lat="46.74296471610165" lon="7.419177794138982"><ele>1443.5</ele></trkpt><trkpt lat="46.7429377159803" lon="7.419229794048724"><ele>1444.1</ele></trkpt><trkpt lat="46.74290171579797" lon="7.419269793914585"><ele>1445.0</ele></trkpt><trkpt lat="46.74285671557512" lon="7.419295793751412"><ele>1446.1</ele></trkpt><trkpt lat="46.742793715332375" lon="7.419308793573973"><ele>1447.3</ele></trkpt><trkpt lat="46.74261471456309" lon="7.41932179301296"><ele>1451.1</ele></trkpt><trkpt lat="46.74248871417944" lon="7.4193347927323865"><ele>1453.0</ele></trkpt><trkpt lat="46.74230871371579" lon="7.419347792392955"><ele>1455.3</ele></trkpt><trkpt lat="46.7422637135948" lon="7.419334792304953"><ele>1455.9</ele></trkpt><trkpt lat="46.7422637135948" lon="7.419334792304953"><ele>1455.9</ele></trkpt><trkpt lat="46.74222771349384" lon="7.419321792231686"><ele>1456.4</ele></trkpt><trkpt lat="46.74217371312865" lon="7.419295791966906"><ele>1458.2</ele></trkpt><trkpt lat="46.74209271292701" lon="7.419230791821737"><ele>1459.2</ele></trkpt><trkpt lat="46.742047712602236" lon="7.419177791587384"><ele>1460.8</ele></trkpt><trkpt lat="46.74201171258267" lon="7.419086791575851"><ele>1460.9</ele></trkpt><trkpt lat="46.741975712461226" lon="7.4189817914909435"><ele>1461.5</ele></trkpt><trkpt lat="46.74193971221761" lon="7.418890791316939"><ele>1462.7</ele></trkpt><trkpt lat="46.74190371174977" lon="7.4186937909840776"><ele>1465.0</ele></trkpt><trkpt lat="46.74184971124167" lon="7.418484790622185"><ele>1467.5</ele></trkpt><trkpt lat="46.741822711058965" lon="7.418419790491593"><ele>1468.4</ele></trkpt><trkpt lat="46.741750710653314" lon="7.418262790201876"><ele>1470.4</ele></trkpt><trkpt lat="46.74172371051132" lon="7.418196790100861"><ele>1471.1</ele></trkpt><trkpt lat="46.741714710368925" lon="7.418131789999747"><ele>1471.8</ele></trkpt><trkpt lat="46.74170571020608" lon="7.418065789883897"><ele>1472.6</ele></trkpt><trkpt lat="46.74170571004305" lon="7.41798778976842"><ele>1473.4</ele></trkpt><trkpt lat="46.741705709757625" lon="7.417869789565706"><ele>1474.8</ele></trkpt><trkpt lat="46.74169670961527" lon="7.417830789463709"><ele>1475.5</ele></trkpt><trkpt lat="46.74168770949319" lon="7.417777789376959"><ele>1476.1</ele></trkpt><trkpt lat="46.74163370925007" lon="7.417673789203547"><ele>1477.3</ele></trkpt><trkpt lat="46.741588709047484" lon="7.41759478905878"><ele>1478.3</ele></trkpt><trkpt lat="46.74154370888562" lon="7.4175037889439634"><ele>1479.1</ele></trkpt><trkpt lat="46.74149870876446" lon="7.417424788858267"><ele>1479.7</ele></trkpt><trkpt lat="46.74145370866382" lon="7.41738578878597"><ele>1480.2</ele></trkpt><trkpt lat="46.74140870856312" lon="7.4173467887136715"><ele>1480.7</ele></trkpt><trkpt lat="46.74134570850367" lon="7.417320788670534"><ele>1481.0</ele></trkpt><trkpt lat="46.7412917084033" lon="7.417307788597381"><ele>1481.5</ele></trkpt><trkpt lat="46.74122870834391" lon="7.417294788553799"><ele>1481.8</ele></trkpt><trkpt lat="46.74118370828407" lon="7.417307788509243"><ele>1482.1</ele></trkpt><trkpt lat="46.74115670826446" lon="7.417320788494144"><ele>1482.2</ele></trkpt><trkpt lat="46.74115670826446" lon="7.417320788494144"><ele>1482.2</ele></trkpt><trkpt lat="46.7410937082257" lon="7.417490788459025"><ele>1482.4</ele></trkpt><trkpt lat="46.74105770824724" lon="7.417608788469873"><ele>1482.3</ele></trkpt><trkpt lat="46.74095870825045" lon="7.417909788459931"><ele>1482.3</ele></trkpt><trkpt lat="46.740904707926376" lon="7.418092788217564"><ele>1483.9</ele></trkpt><trkpt lat="46.740886707764055" lon="7.418183788096358"><ele>1484.7</ele></trkpt><trkpt lat="46.74086870768322" lon="7.4182627880346335"><ele>1485.1</ele></trkpt><trkpt lat="46.74085970756147" lon="7.418354787942881"><ele>1485.7</ele></trkpt><trkpt lat="46.740850707317676" lon="7.418563787758474"><ele>1486.9</ele></trkpt><trkpt lat="46.74085070717521" lon="7.418641787652391"><ele>1487.6</ele></trkpt><trkpt lat="46.74084170699233" lon="7.418746787515872"><ele>1488.5</ele></trkpt><trkpt lat="46.74078770650558" lon="7.419073787150297"><ele>1490.9</ele></trkpt><trkpt lat="46.74076970636362" lon="7.41915278704424"><ele>1491.6</ele></trkpt><trkpt lat="46.74072470612076" lon="7.419322786861288"><ele>1492.8</ele></trkpt><trkpt lat="46.740698705938314" lon="7.419400786725748"><ele>1493.7</ele></trkpt><trkpt lat="46.74068070575563" lon="7.41947978659014"><ele>1494.6</ele></trkpt><trkpt lat="46.740662705532266" lon="7.4195847864240845"><ele>1495.7</ele></trkpt><trkpt lat="46.7406447052682" lon="7.419688786228513"><ele>1497.0</ele></trkpt><trkpt lat="46.74063570504462" lon="7.4197937860623995"><ele>1498.1</ele></trkpt><trkpt lat="46.740617704862" lon="7.419898785925869"><ele>1499.0</ele></trkpt><trkpt lat="46.74059070463889" lon="7.420015785759412"><ele>1500.1</ele></trkpt><trkpt lat="46.74056370435477" lon="7.420172785547228"><ele>1501.5</ele></trkpt><trkpt lat="46.740545704131435" lon="7.420277785381137"><ele>1502.6</ele></trkpt><trkpt lat="46.7405187039694" lon="7.42036978525985"><ele>1503.4</ele></trkpt><trkpt lat="46.74049170380737" lon="7.420447785139053"><ele>1504.2</ele></trkpt><trkpt lat="46.740464703645294" lon="7.420500785019127"><ele>1505.0</ele></trkpt><trkpt lat="46.74041970350401" lon="7.420526784914993"><ele>1505.7</ele></trkpt><trkpt lat="46.74036570342409" lon="7.420539784855678"><ele>1506.1</ele></trkpt><trkpt lat="46.74036570342409" lon="7.420539784855678"><ele>1506.1</ele></trkpt><trkpt lat="46.740302703344234" lon="7.420474784799133"><ele>1506.5</ele></trkpt><trkpt lat="46.74015870316472" lon="7.420343784671388"><ele>1507.4</ele></trkpt><trkpt lat="46.740095703064554" lon="7.42027778460011"><ele>1507.9</ele></trkpt><trkpt lat="46.74005970300438" lon="7.420238784557314"><ele>1508.2</ele></trkpt><trkpt lat="46.74002370296452" lon="7.420173784530207"><ele>1508.4</ele></trkpt><trkpt lat="46.740014702903586" lon="7.420120784487782"><ele>1508.7</ele></trkpt><trkpt lat="46.74001470282203" lon="7.420055784430978"><ele>1509.1</ele></trkpt><trkpt lat="46.740014702699725" lon="7.419976784345116"><ele>1509.7</ele></trkpt><trkpt lat="46.74003270259726" lon="7.419898784273917"><ele>1510.2</ele></trkpt><trkpt lat="46.74005070249482" lon="7.419819784202753"><ele>1510.7</ele></trkpt><trkpt lat="46.74005970239263" lon="7.419767784130681"><ele>1511.2</ele></trkpt><trkpt lat="46.74005070231131" lon="7.419702784073918"><ele>1511.6</ele></trkpt><trkpt lat="46.74004170220964" lon="7.419636784002419"><ele>1512.1</ele></trkpt><trkpt lat="46.740023702148896" lon="7.419571783960467"><ele>1512.4</ele></trkpt><trkpt lat="46.73999670202736" lon="7.419518783873822"><ele>1513.0</ele></trkpt><trkpt lat="46.7399697019873" lon="7.4194667838462305"><ele>1513.2</ele></trkpt><trkpt lat="46.739924701907036" lon="7.419427783788713"><ele>1513.6</ele></trkpt><trkpt lat="46.73987970182678" lon="7.4193887837312"><ele>1514.0</ele></trkpt><trkpt lat="46.73978070168689" lon="7.419348783629643"><ele>1514.7</ele></trkpt><trkpt lat="46.739726701566205" lon="7.4193227835421744"><ele>1515.3</ele></trkpt><trkpt lat="46.739690701485685" lon="7.419283783484624"><ele>1515.7</ele></trkpt><trkpt lat="46.7396367013649" lon="7.419218783398528"><ele>1516.3</ele></trkpt><trkpt lat="46.739591701203125" lon="7.41915278328289"><ele>1517.1</ele></trkpt><trkpt lat="46.739546701122805" lon="7.419100783225841"><ele>1517.5</ele></trkpt><trkpt lat="46.73949270100202" lon="7.419034783139786"><ele>1518.1</ele></trkpt><trkpt lat="46.739456700901066" lon="7.41895678306885"><ele>1518.6</ele></trkpt><trkpt lat="46.739456700901066" lon="7.41895678306885"><ele>1518.6</ele></trkpt><trkpt lat="46.73947470081881" lon="7.418773783016159"><ele>1519.0</ele></trkpt><trkpt lat="46.73949270075701" lon="7.418668782975482"><ele>1519.3</ele></trkpt><trkpt lat="46.739501700654756" lon="7.418537782906232"><ele>1519.8</ele></trkpt><trkpt lat="46.739501700573086" lon="7.4184207828512925"><ele>1520.2</ele></trkpt><trkpt lat="46.73950170051179" lon="7.418302782811161"><ele>1520.5</ele></trkpt><trkpt lat="46.73949270043044" lon="7.418223782754919"><ele>1520.9</ele></trkpt><trkpt lat="46.739465700431055" lon="7.418132782758262"><ele>1520.9</ele></trkpt><trkpt lat="46.73942970041151" lon="7.4180147827478224"><ele>1521.0</ele></trkpt><trkpt lat="46.73939370035115" lon="7.417883782708314"><ele>1521.3</ele></trkpt><trkpt lat="46.73936670031104" lon="7.41779278268212"><ele>1521.5</ele></trkpt><trkpt lat="46.73927670015031" lon="7.417582782571817"><ele>1522.3</ele></trkpt><trkpt lat="46.7392407000086" lon="7.417491782471832"><ele>1523.0</ele></trkpt><trkpt lat="46.73920469990761" lon="7.417386782401879"><ele>1523.5</ele></trkpt><trkpt lat="46.739177699847104" lon="7.417281782361422"><ele>1523.8</ele></trkpt><trkpt lat="46.73915069978651" lon="7.417124782322813"><ele>1524.1</ele></trkpt><trkpt lat="46.73911469972612" lon="7.416980782283778"><ele>1524.4</ele></trkpt><trkpt lat="46.739087699665546" lon="7.416823782245172"><ele>1524.7</ele></trkpt><trkpt lat="46.739069699604805" lon="7.416719782204649"><ele>1525.0</ele></trkpt><trkpt lat="46.739033699544535" lon="7.416614782164243"><ele>1525.3</ele></trkpt><trkpt lat="46.738988699464215" lon="7.416536782108151"><ele>1525.7</ele></trkpt><trkpt lat="46.73893469944529" lon="7.416483782095503"><ele>1525.8</ele></trkpt><trkpt lat="46.73888069942636" lon="7.416444782082365"><ele>1525.9</ele></trkpt><trkpt lat="46.738835699386804" lon="7.416379782055343"><ele>1526.1</ele></trkpt><trkpt lat="46.73879969932661" lon="7.416313782013551"><ele>1526.4</ele></trkpt><trkpt lat="46.73876369926633" lon="7.416195781973612"><ele>1526.7</ele></trkpt><trkpt lat="46.738628698780396" lon="7.415607781640815"><ele>1529.1</ele></trkpt><trkpt lat="46.73861069869921" lon="7.41547678158651"><ele>1529.5</ele></trkpt><trkpt lat="46.73860169863814" lon="7.415345781546927"><ele>1529.8</ele></trkpt><trkpt lat="46.738619698392455" lon="7.414861781386961"><ele>1531.0</ele></trkpt><trkpt lat="46.73862869833094" lon="7.414743781346847"><ele>1531.3</ele></trkpt><trkpt lat="46.73865569822808" lon="7.414599781278066"><ele>1531.8</ele></trkpt><trkpt lat="46.7386826981864" lon="7.414495781252134"><ele>1532.0</ele></trkpt><trkpt lat="46.73871869812417" lon="7.414416781210517"><ele>1532.3</ele></trkpt><trkpt lat="46.738744698082535" lon="7.414324781184163"><ele>1532.5</ele></trkpt><trkpt lat="46.738771698000214" lon="7.414259781127329"><ele>1532.9</ele></trkpt><trkpt lat="46.7387806979183" lon="7.414141781072467"><ele>1533.3</ele></trkpt><trkpt lat="46.73878969787719" lon="7.4140637810456935"><ele>1533.5</ele></trkpt><trkpt lat="46.73878069783659" lon="7.413984781019035"><ele>1533.7</ele></trkpt><trkpt lat="46.73877169777559" lon="7.413880780978517"><ele>1534.0</ele></trkpt><trkpt lat="46.738753697694435" lon="7.413762780923782"><ele>1534.4</ele></trkpt><trkpt lat="46.73874469763336" lon="7.413644780883762"><ele>1534.7</ele></trkpt><trkpt lat="46.738744697592445" lon="7.413552780857534"><ele>1534.9</ele></trkpt><trkpt lat="46.73875369753094" lon="7.41344878081694"><ele>1535.2</ele></trkpt><trkpt lat="46.738789697509375" lon="7.413343780805779"><ele>1535.3</ele></trkpt><trkpt lat="46.73881669742702" lon="7.413251780749921"><ele>1535.7</ele></trkpt><trkpt lat="46.73887069736423" lon="7.413160780708669"><ele>1536.0</ele></trkpt><trkpt lat="46.73893369719938" lon="7.413055780594104"><ele>1536.8</ele></trkpt><trkpt lat="46.73900569709533" lon="7.412977780522794"><ele>1537.3</ele></trkpt><trkpt lat="46.73905969705306" lon="7.412937780494478"><ele>1537.5</ele></trkpt><trkpt lat="46.739122697010416" lon="7.412872780467015"><ele>1537.7</ele></trkpt><trkpt lat="46.73918569696781" lon="7.412819780439125"><ele>1537.9</ele></trkpt><trkpt lat="46.73923969694576" lon="7.4127547804264555"><ele>1538.0</ele></trkpt><trkpt lat="46.73926669692451" lon="7.412676780414373"><ele>1538.1</ele></trkpt><trkpt lat="46.73930269688256" lon="7.412571780388466"><ele>1538.3</ele></trkpt><trkpt lat="46.739356696758605" lon="7.412414780305323"><ele>1538.9</ele></trkpt><trkpt lat="46.739383696696606" lon="7.412335780263772"><ele>1539.2</ele></trkpt><trkpt lat="46.739419696654764" lon="7.412296780235503"><ele>1539.4</ele></trkpt><trkpt lat="46.739500696611685" lon="7.412257780207032"><ele>1539.6</ele></trkpt><trkpt lat="46.739554696569385" lon="7.412244780177752"><ele>1539.8</ele></trkpt><trkpt lat="46.739608696567856" lon="7.412244780177516"><ele>1539.8</ele></trkpt><trkpt lat="46.73964469654646" lon="7.412244780162601"><ele>1539.9</ele></trkpt><trkpt lat="46.73968069656576" lon="7.412204780178629"><ele>1539.8</ele></trkpt><trkpt lat="46.73969869658556" lon="7.412178780194235"><ele>1539.7</ele></trkpt><trkpt lat="46.73969869658556" lon="7.412178780194235"><ele>1539.7</ele></trkpt><trkpt lat="46.73970769660558" lon="7.41212678021081"><ele>1539.6</ele></trkpt><trkpt lat="46.7397066966259" lon="7.412073780227467"><ele>1539.5</ele></trkpt><trkpt lat="46.73969769666679" lon="7.412034780258411"><ele>1539.3</ele></trkpt><trkpt lat="46.73967069666745" lon="7.411995780259928"><ele>1539.3</ele></trkpt><trkpt lat="46.739527696711995" lon="7.411825780296153"><ele>1539.1</ele></trkpt><trkpt lat="46.73947369669301" lon="7.411746780284466"><ele>1539.2</ele></trkpt><trkpt lat="46.73943769667349" lon="7.411655780273132"><ele>1539.3</ele></trkpt><trkpt lat="46.73941069665378" lon="7.411563780261799"><ele>1539.4</ele></trkpt><trkpt lat="46.73940969665367" lon="7.411485780264599"><ele>1539.4</ele></trkpt><trkpt lat="46.73940969667379" lon="7.411380780283111"><ele>1539.3</ele></trkpt><trkpt lat="46.73940969667365" lon="7.411288780286403"><ele>1539.3</ele></trkpt><trkpt lat="46.73942769669328" lon="7.4111587803057315"><ele>1539.2</ele></trkpt><trkpt lat="46.73944569673326" lon="7.411001780340778"><ele>1539.0</ele></trkpt><trkpt lat="46.73944569679417" lon="7.410909780388325"><ele>1538.7</ele></trkpt><trkpt lat="46.7394456968143" lon="7.410778780407764"><ele>1538.6</ele></trkpt><trkpt lat="46.73943669681435" lon="7.410673780411561"><ele>1538.6</ele></trkpt><trkpt lat="46.73940969685571" lon="7.410582780444437"><ele>1538.4</ele></trkpt><trkpt lat="46.73938269687671" lon="7.410530780461167"><ele>1538.3</ele></trkpt><trkpt lat="46.73932869689853" lon="7.410464780478518"><ele>1538.2</ele></trkpt><trkpt lat="46.73925669688003" lon="7.410373780467345"><ele>1538.3</ele></trkpt><trkpt lat="46.73920269684076" lon="7.4103077804404505"><ele>1538.5</ele></trkpt><trkpt lat="46.739148696903236" lon="7.410229780487726"><ele>1538.2</ele></trkpt><trkpt lat="46.73904069690593" lon="7.41001978049572"><ele>1538.2</ele></trkpt><trkpt lat="46.73895069694888" lon="7.40983678053216"><ele>1538.0</ele></trkpt><trkpt lat="46.738896696991006" lon="7.409745780565153"><ele>1537.8</ele></trkpt><trkpt lat="46.738860697012285" lon="7.409692780581951"><ele>1537.7</ele></trkpt><trkpt lat="46.73883369707406" lon="7.409653780627711"><ele>1537.4</ele></trkpt><trkpt lat="46.73878869707531" lon="7.409627780628841"><ele>1537.4</ele></trkpt><trkpt lat="46.738743697076515" lon="7.409601780629967"><ele>1537.4</ele></trkpt><trkpt lat="46.738698697118494" lon="7.409588780660127"><ele>1537.2</ele></trkpt><trkpt lat="46.738644697120016" lon="7.409588780660363"><ele>1537.2</ele></trkpt><trkpt lat="46.73855469718366" lon="7.409588780705003"><ele>1536.9</ele></trkpt><trkpt lat="46.73850969714423" lon="7.409588780675705"><ele>1537.1</ele></trkpt><trkpt lat="46.73846469718626" lon="7.409588780705398"><ele>1536.9</ele></trkpt><trkpt lat="46.738420697207765" lon="7.409549780721731"><ele>1536.8</ele></trkpt><trkpt lat="46.738285697252174" lon="7.409470780754647"><ele>1536.6</ele></trkpt><trkpt lat="46.73823169727398" lon="7.409431780771027"><ele>1536.5</ele></trkpt><trkpt lat="46.738186697295625" lon="7.409405780786902"><ele>1536.4</ele></trkpt><trkpt lat="46.73814169729687" lon="7.409405780787104"><ele>1536.4</ele></trkpt><trkpt lat="46.738087697298404" lon="7.4094057807873375"><ele>1536.4</ele></trkpt><trkpt lat="46.73799769732131" lon="7.409392780802946"><ele>1536.3</ele></trkpt><trkpt lat="46.737925697364005" lon="7.409366780833682"><ele>1536.1</ele></trkpt><trkpt lat="46.737862697386156" lon="7.409353780849175"><ele>1536.0</ele></trkpt><trkpt lat="46.73779069742882" lon="7.409301780880842"><ele>1535.8</ele></trkpt><trkpt lat="46.73770069745172" lon="7.4092747808969515"><ele>1535.7</ele></trkpt><trkpt lat="46.73745769758066" lon="7.409235780987888"><ele>1535.1</ele></trkpt><trkpt lat="46.737367697603595" lon="7.409235781003031"><ele>1535.0</ele></trkpt><trkpt lat="46.73730469760538" lon="7.409235781003311"><ele>1535.0</ele></trkpt><trkpt lat="46.737241697627546" lon="7.409275781016902"><ele>1534.9</ele></trkpt><trkpt lat="46.737142697610146" lon="7.409340781000272"><ele>1535.0</ele></trkpt><trkpt lat="46.73687269751633" lon="7.409550780920234"><ele>1535.5</ele></trkpt><trkpt lat="46.73681869751787" lon="7.409576780919541"><ele>1535.5</ele></trkpt><trkpt lat="46.73676469751946" lon="7.409589780919313"><ele>1535.5</ele></trkpt><trkpt lat="46.73671069752099" lon="7.409576780920016"><ele>1535.5</ele></trkpt><trkpt lat="46.73667469756266" lon="7.409550780950598"><ele>1535.3</ele></trkpt><trkpt lat="46.73663869756366" lon="7.409524780951685"><ele>1535.3</ele></trkpt><trkpt lat="46.73661169758465" lon="7.40948478096798"><ele>1535.2</ele></trkpt><trkpt lat="46.73657569758561" lon="7.409432780969996"><ele>1535.2</ele></trkpt><trkpt lat="46.736539697647515" lon="7.409327781018141"><ele>1534.9</ele></trkpt><trkpt lat="46.73651269772955" lon="7.40921078108142"><ele>1534.5</ele></trkpt><trkpt lat="46.73646769775102" lon="7.409118781099645"><ele>1534.4</ele></trkpt><trkpt lat="46.73642269779287" lon="7.409053781131656"><ele>1534.2</ele></trkpt><trkpt lat="46.73636869781471" lon="7.409013781148066"><ele>1534.1</ele></trkpt><trkpt lat="46.73632369785667" lon="7.408987781178681"><ele>1533.9</ele></trkpt><trkpt lat="46.73626969793962" lon="7.408987781237901"><ele>1533.5</ele></trkpt><trkpt lat="46.7362156980429" lon="7.408961781312791"><ele>1533.0</ele></trkpt><trkpt lat="46.73617069808479" lon="7.408935781343403"><ele>1532.8</ele></trkpt><trkpt lat="46.735964698131134" lon="7.408778781379397"><ele>1532.6</ele></trkpt><trkpt lat="46.73579369815609" lon="7.4086747813986"><ele>1532.5</ele></trkpt><trkpt lat="46.73564969824146" lon="7.408595781461026"><ele>1532.1</ele></trkpt><trkpt lat="46.73546069826705" lon="7.408517781479381"><ele>1532.0</ele></trkpt><trkpt lat="46.7352896982718" lon="7.40846578148199"><ele>1532.0</ele></trkpt><trkpt lat="46.73511869829691" lon="7.408425781498908"><ele>1531.9</ele></trkpt><trkpt lat="46.73479469838746" lon="7.408413781559732"><ele>1531.5</ele></trkpt><trkpt lat="46.734713698369355" lon="7.40840078154581"><ele>1531.6</ele></trkpt><trkpt lat="46.73462369839221" lon="7.4083737815619095"><ele>1531.5</ele></trkpt><trkpt lat="46.73450669841584" lon="7.408334781578558"><ele>1531.4</ele></trkpt><trkpt lat="46.73440769843888" lon="7.408295781595125"><ele>1531.3</ele></trkpt><trkpt lat="46.73428169848302" lon="7.4082437816270135"><ele>1531.1</ele></trkpt><trkpt lat="46.73414669850719" lon="7.408217781643278"><ele>1531.0</ele></trkpt><trkpt lat="46.734002698511226" lon="7.408204781644373"><ele>1531.0</ele></trkpt><trkpt lat="46.73358969872621" lon="7.408073781798276"><ele>1530.0</ele></trkpt><trkpt lat="46.73345469879099" lon="7.408021781844943"><ele>1529.7</ele></trkpt><trkpt lat="46.733382698793" lon="7.407995781846183"><ele>1529.7</ele></trkpt><trkpt lat="46.73331969881504" lon="7.407955781862627"><ele>1529.6</ele></trkpt><trkpt lat="46.73325669881671" lon="7.407890781865215"><ele>1529.6</ele></trkpt><trkpt lat="46.73321169885858" lon="7.4078257818972055"><ele>1529.4</ele></trkpt><trkpt lat="46.733157698900634" lon="7.4077337819302"><ele>1529.2</ele></trkpt><trkpt lat="46.73311269900346" lon="7.4076027820087615"><ele>1528.7</ele></trkpt><trkpt lat="46.733067699106236" lon="7.407458782087784"><ele>1528.2</ele></trkpt><trkpt lat="46.733013699249845" lon="7.407236782199088"><ele>1527.5</ele></trkpt><trkpt lat="46.73297769935234" lon="7.4070537822794424"><ele>1527.0</ele></trkpt><trkpt lat="46.73295969949487" lon="7.406817782391079"><ele>1526.3</ele></trkpt><trkpt lat="46.732922699800476" lon="7.406386782627607"><ele>1524.8</ele></trkpt><trkpt lat="46.73289570004483" lon="7.406006782818046"><ele>1523.6</ele></trkpt><trkpt lat="46.732886700207516" lon="7.405771782944304"><ele>1522.8</ele></trkpt><trkpt lat="46.73289570026809" lon="7.4056537829926485"><ele>1522.5</ele></trkpt><trkpt lat="46.73291370032847" lon="7.405548783040499"><ele>1522.2</ele></trkpt><trkpt lat="46.73303070062983" lon="7.405169783274427"><ele>1520.7</ele></trkpt><trkpt lat="46.73310270083088" lon="7.404907783430721"><ele>1519.7</ele></trkpt><trkpt lat="46.733165700950984" lon="7.404750783524403"><ele>1519.1</ele></trkpt><trkpt lat="46.73321970101034" lon="7.4046467835720415"><ele>1518.8</ele></trkpt><trkpt lat="46.733264701070105" lon="7.404593783617919"><ele>1518.5</ele></trkpt><trkpt lat="46.73333670116977" lon="7.4045417836931104"><ele>1518.0</ele></trkpt><trkpt lat="46.73333670116977" lon="7.4045417836931104"><ele>1518.0</ele></trkpt><trkpt lat="46.73348970130781" lon="7.404449783798823"><ele>1517.3</ele></trkpt><trkpt lat="46.73355170138739" lon="7.404410783858863"><ele>1516.9</ele></trkpt><trkpt lat="46.733596701467484" lon="7.40435778391947"><ele>1516.5</ele></trkpt><trkpt lat="46.733632701568126" lon="7.4042927839952695"><ele>1516.0</ele></trkpt><trkpt lat="46.733650701669255" lon="7.404214784071603"><ele>1515.5</ele></trkpt><trkpt lat="46.73366870175001" lon="7.404109784134158"><ele>1515.1</ele></trkpt><trkpt lat="46.733686701973035" lon="7.403900784303494"><ele>1514.0</ele></trkpt><trkpt lat="46.73369570211511" lon="7.4038087844098195"><ele>1513.3</ele></trkpt><trkpt lat="46.73373170225637" lon="7.403664784517852"><ele>1512.6</ele></trkpt><trkpt lat="46.733776702437986" lon="7.403468784657129"><ele>1511.7</ele></trkpt><trkpt lat="46.733812702599536" lon="7.403311784780337"><ele>1510.9</ele></trkpt><trkpt lat="46.73386670302477" lon="7.402879785104605"><ele>1508.8</ele></trkpt><trkpt lat="46.73389370312562" lon="7.402761785182277"><ele>1508.3</ele></trkpt><trkpt lat="46.73393870324631" lon="7.402656785274136"><ele>1507.7</ele></trkpt><trkpt lat="46.7341717037683" lon="7.4021857856725735"><ele>1505.1</ele></trkpt><trkpt lat="46.73429770396802" lon="7.401989785826165"><ele>1504.1</ele></trkpt><trkpt lat="46.7343697041083" lon="7.401884785932617"><ele>1503.4</ele></trkpt><trkpt lat="46.734468704268224" lon="7.401753786054587"><ele>1502.6</ele></trkpt><trkpt lat="46.73458570448871" lon="7.401622786220654"><ele>1501.5</ele></trkpt><trkpt lat="46.734693704628036" lon="7.4015317863264505"><ele>1500.8</ele></trkpt><trkpt lat="46.73489170492768" lon="7.401374786551973"><ele>1499.3</ele></trkpt><trkpt lat="46.7349637050477" lon="7.401295786642773"><ele>1498.7</ele></trkpt><trkpt lat="46.73502670516799" lon="7.4012177867335796"><ele>1498.1</ele></trkpt><trkpt lat="46.73508970528823" lon="7.401112786825318"><ele>1497.5</ele></trkpt><trkpt lat="46.735143705388346" lon="7.401007786902373"><ele>1497.0</ele></trkpt><trkpt lat="46.73520670554924" lon="7.400850787025366"><ele>1496.2</ele></trkpt><trkpt lat="46.735250705629305" lon="7.400772787086792"><ele>1495.8</ele></trkpt><trkpt lat="46.73529570572968" lon="7.400693787162968"><ele>1495.3</ele></trkpt><trkpt lat="46.735358705809276" lon="7.400628787223857"><ele>1494.9</ele></trkpt><trkpt lat="46.73543970594949" lon="7.400562787328872"><ele>1494.2</ele></trkpt><trkpt lat="46.73556570610877" lon="7.400510787447939"><ele>1493.4</ele></trkpt><trkpt lat="46.73563770618812" lon="7.400457787508364"><ele>1493.0</ele></trkpt><trkpt lat="46.73569170630873" lon="7.400405787598285"><ele>1492.4</ele></trkpt><trkpt lat="46.73573670638883" lon="7.400339787659279"><ele>1492.0</ele></trkpt><trkpt lat="46.735772706469156" lon="7.400261787720724"><ele>1491.6</ele></trkpt><trkpt lat="46.73579970654967" lon="7.400169787782696"><ele>1491.2</ele></trkpt><trkpt lat="46.73582670671154" lon="7.400012787905807"><ele>1490.4</ele></trkpt><trkpt lat="46.73585370687338" lon="7.399829788029816"><ele>1489.6</ele></trkpt><trkpt lat="46.735880706974264" lon="7.399711788107401"><ele>1489.1</ele></trkpt><trkpt lat="46.73592570713567" lon="7.399567788229976"><ele>1488.3</ele></trkpt><trkpt lat="46.736006707417886" lon="7.399240788447043"><ele>1486.9</ele></trkpt><trkpt lat="46.736032707539195" lon="7.399122788539338"><ele>1486.3</ele></trkpt><trkpt lat="46.736077707700666" lon="7.399031788660056"><ele>1485.5</ele></trkpt><trkpt lat="46.736113707821744" lon="7.398965788750511"><ele>1484.9</ele></trkpt><trkpt lat="46.736194707941536" lon="7.398887788841179"><ele>1484.3</ele></trkpt><trkpt lat="46.73624870802144" lon="7.398834788901666"><ele>1483.9</ele></trkpt><trkpt lat="46.73641070813898" lon="7.398730788992883"><ele>1483.3</ele></trkpt><trkpt lat="46.73650070813639" lon="7.398664788994774"><ele>1483.3</ele></trkpt><trkpt lat="46.73663570813251" lon="7.398559788997817"><ele>1483.3</ele></trkpt><trkpt lat="46.736779707985896" lon="7.398441788898233"><ele>1484.0</ele></trkpt><trkpt lat="46.736779707985896" lon="7.398441788898233"><ele>1484.0</ele></trkpt><trkpt lat="46.73690570788045" lon="7.398337788827689"><ele>1484.5</ele></trkpt><trkpt lat="46.73696870777682" lon="7.3982977887552"><ele>1485.0</ele></trkpt><trkpt lat="46.737022707714225" lon="7.39825878871216"><ele>1485.3</ele></trkpt><trkpt lat="46.737175707485946" lon="7.398193788551835"><ele>1486.4</ele></trkpt><trkpt lat="46.73722970738259" lon="7.39816678847894"><ele>1486.9</ele></trkpt><trkpt lat="46.73727470729985" lon="7.398127788421219"><ele>1487.3</ele></trkpt><trkpt lat="46.737300707258335" lon="7.398088788393017"><ele>1487.5</ele></trkpt><trkpt lat="46.7373187072374" lon="7.398035788380055"><ele>1487.6</ele></trkpt><trkpt lat="46.73732770717592" lon="7.397957788338555"><ele>1487.9</ele></trkpt><trkpt lat="46.7373277071147" lon="7.397878788297129"><ele>1488.2</ele></trkpt><trkpt lat="46.73731870703334" lon="7.397787788241444"><ele>1488.6</ele></trkpt><trkpt lat="46.73730970689081" lon="7.3976697881425375"><ele>1489.3</ele></trkpt><trkpt lat="46.737300706809414" lon="7.39753878808824"><ele>1489.7</ele></trkpt><trkpt lat="46.73730070668705" lon="7.39743478800354"><ele>1490.3</ele></trkpt><trkpt lat="46.737318706625366" lon="7.397368787961592"><ele>1490.6</ele></trkpt><trkpt lat="46.73732770656393" lon="7.397303787919657"><ele>1490.9</ele></trkpt><trkpt lat="46.73735470644081" lon="7.397211787834425"><ele>1491.5</ele></trkpt><trkpt lat="46.73744470621399" lon="7.39698978767985"><ele>1492.6</ele></trkpt><trkpt lat="46.73751670602854" lon="7.3968457875521"><ele>1493.5</ele></trkpt><trkpt lat="46.73754370592581" lon="7.396766787481143"><ele>1494.0</ele></trkpt><trkpt lat="46.73756170586414" lon="7.396714787438722"><ele>1494.3</ele></trkpt><trkpt lat="46.73757970578205" lon="7.396622787382981"><ele>1494.7</ele></trkpt><trkpt lat="46.737597705720304" lon="7.396531787341915"><ele>1495.0</ele></trkpt><trkpt lat="46.737615705597364" lon="7.396387787258554"><ele>1495.6</ele></trkpt><trkpt lat="46.737633705535686" lon="7.396308787217078"><ele>1495.9</ele></trkpt><trkpt lat="46.73766970541238" lon="7.396230787131346"><ele>1496.5</ele></trkpt><trkpt lat="46.73769670530964" lon="7.396151787060408"><ele>1497.0</ele></trkpt><trkpt lat="46.737732705206795" lon="7.396112786988037"><ele>1497.5</ele></trkpt><trkpt lat="46.73778570512378" lon="7.396059786930797"><ele>1497.9</ele></trkpt><trkpt lat="46.73784870502013" lon="7.396020786858314"><ele>1498.4</ele></trkpt><trkpt lat="46.73788470497837" lon="7.395994786829635"><ele>1498.6</ele></trkpt><trkpt lat="46.73799270483273" lon="7.395928786728473"><ele>1499.3</ele></trkpt><trkpt lat="46.738028704770585" lon="7.395876786685987"><ele>1499.6</ele></trkpt><trkpt lat="46.73807370470805" lon="7.395811786643916"><ele>1499.9</ele></trkpt><trkpt lat="46.738154704461145" lon="7.395627786473425"><ele>1501.1</ele></trkpt><trkpt lat="46.73819970433758" lon="7.395536786388129"><ele>1501.7</ele></trkpt><trkpt lat="46.73823570423465" lon="7.395444786317619"><ele>1502.2</ele></trkpt><trkpt lat="46.738271704111305" lon="7.395366786231912"><ele>1502.8</ele></trkpt><trkpt lat="46.73828970404955" lon="7.3952747861909085"><ele>1503.1</ele></trkpt><trkpt lat="46.73831670394684" lon="7.395182786120448"><ele>1503.6</ele></trkpt><trkpt lat="46.73833470386472" lon="7.395104786064248"><ele>1504.0</ele></trkpt><trkpt lat="46.73835270374186" lon="7.394999785979567"><ele>1504.6</ele></trkpt><trkpt lat="46.73837070363936" lon="7.394894785909604"><ele>1505.1</ele></trkpt><trkpt lat="46.73839770357731" lon="7.394790785868997"><ele>1505.4</ele></trkpt><trkpt lat="46.73843370343361" lon="7.394698785769079"><ele>1506.1</ele></trkpt><trkpt lat="46.73846070339206" lon="7.3946207857422745"><ele>1506.3</ele></trkpt><trkpt lat="46.73849670326871" lon="7.3945287856570765"><ele>1506.9</ele></trkpt><trkpt lat="46.7385587031445" lon="7.3944107855726795"><ele>1507.5</ele></trkpt><trkpt lat="46.73860370304131" lon="7.394319785502123"><ele>1508.0</ele></trkpt><trkpt lat="46.73865770287671" lon="7.394214785387889"><ele>1508.8</ele></trkpt><trkpt lat="46.73870270277346" lon="7.394122785317371"><ele>1509.3</ele></trkpt><trkpt lat="46.73879270256705" lon="7.393991785174484"><ele>1510.3</ele></trkpt><trkpt lat="46.738837702463876" lon="7.3939397851025666"><ele>1510.8</ele></trkpt><trkpt lat="46.738873702422126" lon="7.393900785074363"><ele>1511.0</ele></trkpt><trkpt lat="46.73890970235997" lon="7.393873785031029"><ele>1511.3</ele></trkpt><trkpt lat="46.73895470229757" lon="7.393860784987161"><ele>1511.6</ele></trkpt><trkpt lat="46.73901770221432" lon="7.393847784928509"><ele>1512.0</ele></trkpt><trkpt lat="46.73907170213132" lon="7.393821784870347"><ele>1512.4</ele></trkpt><trkpt lat="46.73913470202767" lon="7.393795784797443"><ele>1512.9</ele></trkpt><trkpt lat="46.73928770173804" lon="7.393677784595005"><ele>1514.3</ele></trkpt><trkpt lat="46.739386701551794" lon="7.393585784465434"><ele>1515.2</ele></trkpt><trkpt lat="46.739458701366445" lon="7.393533784334577"><ele>1516.1</ele></trkpt><trkpt lat="46.73961070111755" lon="7.393389784162494"><ele>1517.3</ele></trkpt><trkpt lat="46.7397367008898" lon="7.3932977840033995"><ele>1518.4</ele></trkpt><trkpt lat="46.739871700498874" lon="7.393205783726611"><ele>1520.3</ele></trkpt><trkpt lat="46.739961700353724" lon="7.3931797836241815"><ele>1521.0</ele></trkpt><trkpt lat="46.74006070018794" lon="7.393153783507006"><ele>1521.8</ele></trkpt><trkpt lat="46.740213699898426" lon="7.393100783302304"><ele>1523.2</ele></trkpt><trkpt lat="46.74028569977413" lon="7.393087783214202"><ele>1523.8</ele></trkpt><trkpt lat="46.740339699711484" lon="7.393074783170303"><ele>1524.1</ele></trkpt><trkpt lat="46.74062769931638" lon="7.393074782889597"><ele>1526.0</ele></trkpt><trkpt lat="46.74064569927509" lon="7.393061782860562"><ele>1526.2</ele></trkpt><trkpt lat="46.74065469923406" lon="7.393034782832065"><ele>1526.4</ele></trkpt><trkpt lat="46.74065469927469" lon="7.3929697828637915"><ele>1526.2</ele></trkpt><trkpt lat="46.74065469927469" lon="7.3929697828637915"><ele>1526.2</ele></trkpt><trkpt lat="46.74061869923495" lon="7.392956782834993"><ele>1526.4</ele></trkpt><trkpt lat="46.74054669917584" lon="7.392917782792571"><ele>1526.7</ele></trkpt><trkpt lat="46.74048369909606" lon="7.39289178273494"><ele>1527.1</ele></trkpt><trkpt lat="46.74042069897558" lon="7.392865782647896"><ele>1527.7</ele></trkpt><trkpt lat="46.74035769885512" lon="7.392852782560388"><ele>1528.3</ele></trkpt><trkpt lat="46.740258698715344" lon="7.392865782457409"><ele>1529.0</ele></trkpt><trkpt lat="46.74020469857431" lon="7.392878782354232"><ele>1529.7</ele></trkpt><trkpt lat="46.74015069849437" lon="7.392878782295641"><ele>1530.1</ele></trkpt><trkpt lat="46.74007869831306" lon="7.392865782164055"><ele>1531.0</ele></trkpt><trkpt lat="46.73999769815233" lon="7.392839782047675"><ele>1531.8</ele></trkpt><trkpt lat="46.739943698031595" lon="7.392800781961061"><ele>1532.4</ele></trkpt><trkpt lat="46.73971869744702" lon="7.392643781541156"><ele>1535.3</ele></trkpt><trkpt lat="46.739637697245534" lon="7.392590781396335"><ele>1536.3</ele></trkpt><trkpt lat="46.739547697023966" lon="7.39255178123636"><ele>1537.4</ele></trkpt><trkpt lat="46.739475696863046" lon="7.392525781119957"><ele>1538.2</ele></trkpt><trkpt lat="46.7393676965809" lon="7.392499780915477"><ele>1539.6</ele></trkpt><trkpt lat="46.73929569639969" lon="7.392499780783438"><ele>1540.5</ele></trkpt><trkpt lat="46.739214696259445" lon="7.392512780680389"><ele>1541.2</ele></trkpt><trkpt lat="46.739142696037504" lon="7.3925397805179704"><ele>1542.3</ele></trkpt><trkpt lat="46.73907969587633" lon="7.392539780400599"><ele>1543.1</ele></trkpt><trkpt lat="46.73902569577604" lon="7.392539780327307"><ele>1543.6</ele></trkpt><trkpt lat="46.73897169565533" lon="7.392513780240241"><ele>1544.2</ele></trkpt><trkpt lat="46.738917695534624" lon="7.392486780153215"><ele>1544.8</ele></trkpt><trkpt lat="46.73887269545442" lon="7.392473780095057"><ele>1545.2</ele></trkpt><trkpt lat="46.73881969535405" lon="7.392447780022698"><ele>1545.7</ele></trkpt><trkpt lat="46.738711695234905" lon="7.3924087799363445"><ele>1546.3</ele></trkpt><trkpt lat="46.738711695234905" lon="7.3924087799363445"><ele>1546.3</ele></trkpt><trkpt lat="46.73870269521465" lon="7.392343779924017"><ele>1546.4</ele></trkpt><trkpt lat="46.738702695153435" lon="7.3922777798822725"><ele>1546.7</ele></trkpt><trkpt lat="46.73870169511259" lon="7.392212779855211"><ele>1546.9</ele></trkpt><trkpt lat="46.73871069505106" lon="7.392107779814837"><ele>1547.2</ele></trkpt><trkpt lat="46.7387196949896" lon="7.392029779773488"><ele>1547.5</ele></trkpt><trkpt lat="46.7387196949896" lon="7.392029779773488"><ele>1547.5</ele></trkpt><trkpt lat="46.73875569494762" lon="7.3918987797486375"><ele>1547.7</ele></trkpt><trkpt lat="46.73875569494762" lon="7.3918987797486375"><ele>1547.7</ele></trkpt><trkpt lat="46.73878269490595" lon="7.391819779721955"><ele>1547.9</ele></trkpt><trkpt lat="46.73882769492474" lon="7.391662779742116"><ele>1547.8</ele></trkpt><trkpt lat="46.73889069498374" lon="7.391466779793006"><ele>1547.5</ele></trkpt><trkpt lat="46.73894469508366" lon="7.3912567798738475"><ele>1547.0</ele></trkpt><trkpt lat="46.73906169524255" lon="7.390864780005058"><ele>1546.2</ele></trkpt><trkpt lat="46.739168695422066" lon="7.3904587801515085"><ele>1545.3</ele></trkpt><trkpt lat="46.73921369550197" lon="7.390301780215756"><ele>1544.9</ele></trkpt><trkpt lat="46.7392496955211" lon="7.390157780235477"><ele>1544.8</ele></trkpt><trkpt lat="46.73926769558145" lon="7.3900137802846695"><ele>1544.5</ele></trkpt><trkpt lat="46.73929469564134" lon="7.389778780337102"><ele>1544.2</ele></trkpt><trkpt lat="46.73933969584282" lon="7.389254780502715"><ele>1543.2</ele></trkpt><trkpt lat="46.73935769594372" lon="7.389006780585031"><ele>1542.7</ele></trkpt><trkpt lat="46.73937569608533" lon="7.388757780696768"><ele>1542.0</ele></trkpt><trkpt lat="46.73941069628729" lon="7.388338780858613"><ele>1541.0</ele></trkpt><trkpt lat="46.739428696388146" lon="7.3880767809414065"><ele>1540.5</ele></trkpt><trkpt lat="46.739428696489696" lon="7.387906781020978"><ele>1540.0</ele></trkpt><trkpt lat="46.73942869653023" lon="7.387789781054559"><ele>1539.8</ele></trkpt><trkpt lat="46.73941969655064" lon="7.387658781073989"><ele>1539.7</ele></trkpt><trkpt lat="46.739392696632486" lon="7.387435781140872"><ele>1539.3</ele></trkpt><trkpt lat="46.73936569665336" lon="7.387291781160842"><ele>1539.2</ele></trkpt><trkpt lat="46.73934769667404" lon="7.387161781180274"><ele>1539.1</ele></trkpt><trkpt lat="46.73933869669449" lon="7.3870697811983"><ele>1539.0</ele></trkpt><trkpt lat="46.739320696715126" lon="7.38696478121683"><ele>1538.9</ele></trkpt><trkpt lat="46.739320696715126" lon="7.38696478121683"><ele>1538.9</ele></trkpt><trkpt lat="46.73935669667311" lon="7.386807781192913"><ele>1539.1</ele></trkpt><trkpt lat="46.73936569659128" lon="7.386742781136428"><ele>1539.5</ele></trkpt><trkpt lat="46.73938369646844" lon="7.386650781051494"><ele>1540.1</ele></trkpt><trkpt lat="46.739392696264275" lon="7.386533780908727"><ele>1541.1</ele></trkpt><trkpt lat="46.73942869595738" lon="7.386336780695266"><ele>1542.6</ele></trkpt><trkpt lat="46.73944569579384" lon="7.386258780580459"><ele>1543.4</ele></trkpt><trkpt lat="46.73947269569106" lon="7.386166780510191"><ele>1543.9</ele></trkpt><trkpt lat="46.73956269532146" lon="7.385930780253844"><ele>1545.7</ele></trkpt><trkpt lat="46.73962569507496" lon="7.3857877800824285"><ele>1546.9</ele></trkpt><trkpt lat="46.73968869486922" lon="7.38562977994094"><ele>1547.9</ele></trkpt><trkpt lat="46.73968869486922" lon="7.38562977994094"><ele>1547.9</ele></trkpt><trkpt lat="46.73975169466348" lon="7.385472779799422"><ele>1548.9</ele></trkpt><trkpt lat="46.73980569445802" lon="7.385355779656512"><ele>1549.9</ele></trkpt><trkpt lat="46.73985069425277" lon="7.38521177951462"><ele>1550.9</ele></trkpt><trkpt lat="46.739904694047304" lon="7.38506777937269"><ele>1551.9</ele></trkpt><trkpt lat="46.73999469361654" lon="7.38481877907284"><ele>1554.0</ele></trkpt><trkpt lat="46.740047693431514" lon="7.384713778944217"><ele>1554.9</ele></trkpt><trkpt lat="46.740119693266294" lon="7.384608778830198"><ele>1555.7</ele></trkpt><trkpt lat="46.74018269314215" lon="7.384530778744618"><ele>1556.3</ele></trkpt><trkpt lat="46.74023669301826" lon="7.384464778658645"><ele>1556.9</ele></trkpt><trkpt lat="46.74029969287371" lon="7.384373778558856"><ele>1557.6</ele></trkpt><trkpt lat="46.74037169278997" lon="7.384268778503594"><ele>1558.0</ele></trkpt><trkpt lat="46.7404346926657" lon="7.384137778419949"><ele>1558.6</ele></trkpt><trkpt lat="46.74049769258215" lon="7.383980778366625"><ele>1559.0</ele></trkpt><trkpt lat="46.74058769239579" lon="7.383744778242615"><ele>1559.9</ele></trkpt><trkpt lat="46.740685692310926" lon="7.383430778194843"><ele>1560.3</ele></trkpt><trkpt lat="46.740721692228135" lon="7.383286778141178"><ele>1560.7</ele></trkpt><trkpt lat="46.74074869214571" lon="7.383168778086605"><ele>1561.1</ele></trkpt><trkpt lat="46.74078469208344" lon="7.383103778044756"><ele>1561.4</ele></trkpt><trkpt lat="46.74082969204131" lon="7.383077778016132"><ele>1561.6</ele></trkpt><trkpt lat="46.74089269197839" lon="7.383064777972276"><ele>1561.9</ele></trkpt><trkpt lat="46.74093769195679" lon="7.383090777956446"><ele>1562.0</ele></trkpt><trkpt lat="46.74093769195679" lon="7.383090777956446"><ele>1562.0</ele></trkpt><trkpt lat="46.74097369195565" lon="7.38303777795821"><ele>1562.0</ele></trkpt><trkpt lat="46.74097369195565" lon="7.38303777795821"><ele>1562.0</ele></trkpt><trkpt lat="46.74100969191379" lon="7.383011777929628"><ele>1562.2</ele></trkpt><trkpt lat="46.74106369187144" lon="7.382959777901911"><ele>1562.4</ele></trkpt><trkpt lat="46.74109969187032" lon="7.382906777903677"><ele>1562.4</ele></trkpt><trkpt lat="46.74111769184927" lon="7.382841777891279"><ele>1562.5</ele></trkpt><trkpt lat="46.74112669182852" lon="7.3827757778789564"><ele>1562.6</ele></trkpt><trkpt lat="46.741117691828705" lon="7.382710777881363"><ele>1562.6</ele></trkpt><trkpt lat="46.74110869174735" lon="7.382632777825506"><ele>1563.0</ele></trkpt><trkpt lat="46.741090691686566" lon="7.3825407777848895"><ele>1563.3</ele></trkpt><trkpt lat="46.74106369164643" lon="7.382461777758518"><ele>1563.5</ele></trkpt><trkpt lat="46.741036691585975" lon="7.382370777717908"><ele>1563.8</ele></trkpt><trkpt lat="46.74102769154535" lon="7.3822787776919325"><ele>1564.0</ele></trkpt><trkpt lat="46.74102769150442" lon="7.382187777665883"><ele>1564.2</ele></trkpt><trkpt lat="46.741036691463194" lon="7.382082777640298"><ele>1564.4</ele></trkpt><trkpt lat="46.74107169135972" lon="7.381729777579596"><ele>1564.9</ele></trkpt><trkpt lat="46.74108969125702" lon="7.381532777513294"><ele>1565.4</ele></trkpt><trkpt lat="46.74108969121608" lon="7.381415777488196"><ele>1565.6</ele></trkpt><trkpt lat="46.74110769115421" lon="7.381310777447906"><ele>1565.9</ele></trkpt><trkpt lat="46.741125691051636" lon="7.381192777378732"><ele>1566.4</ele></trkpt><trkpt lat="46.741179690927424" lon="7.38094477729946"><ele>1567.0</ele></trkpt><trkpt lat="46.74119769090637" lon="7.38085277728806"><ele>1567.1</ele></trkpt><trkpt lat="46.74119769082468" lon="7.380747777233174"><ele>1567.5</ele></trkpt><trkpt lat="46.74119769076343" lon="7.3806697771919865"><ele>1567.8</ele></trkpt><trkpt lat="46.741197690702144" lon="7.380577777151312"><ele>1568.1</ele></trkpt><trkpt lat="46.74121569064033" lon="7.380485777110558"><ele>1568.4</ele></trkpt><trkpt lat="46.74124269057834" lon="7.380407777069251"><ele>1568.7</ele></trkpt><trkpt lat="46.74126969053664" lon="7.380328777042663"><ele>1568.9</ele></trkpt><trkpt lat="46.74132369047378" lon="7.380237777001713"><ele>1569.2</ele></trkpt><trkpt lat="46.74135869045224" lon="7.380132776990714"><ele>1569.3</ele></trkpt><trkpt lat="46.74138569041057" lon="7.38005477696409"><ele>1569.5</ele></trkpt><trkpt lat="46.741394690389846" lon="7.380001776951314"><ele>1569.6</ele></trkpt><trkpt lat="46.741403690369076" lon="7.379923776939446"><ele>1569.7</ele></trkpt><trkpt lat="46.741403690307855" lon="7.379870776897355"><ele>1570.0</ele></trkpt><trkpt lat="46.7414036902466" lon="7.379792776856176"><ele>1570.3</ele></trkpt><trkpt lat="46.74137669018593" lon="7.379609776818961"><ele>1570.6</ele></trkpt><trkpt lat="46.74133169002393" lon="7.379412776708968"><ele>1571.4</ele></trkpt><trkpt lat="46.74132268998329" lon="7.37933477668251"><ele>1571.6</ele></trkpt><trkpt lat="46.74131368990194" lon="7.379268776626267"><ele>1572.0</ele></trkpt><trkpt lat="46.741313689881395" lon="7.379177776614921"><ele>1572.1</ele></trkpt><trkpt lat="46.741313689799746" lon="7.379072776560069"><ele>1572.5</ele></trkpt><trkpt lat="46.74131368975879" lon="7.378954776535039"><ele>1572.7</ele></trkpt><trkpt lat="46.741331689615215" lon="7.378706776441329"><ele>1573.4</ele></trkpt><trkpt lat="46.7413316895335" lon="7.378601776386484"><ele>1573.8</ele></trkpt><trkpt lat="46.7413316895335" lon="7.378601776386484"><ele>1573.8</ele></trkpt><trkpt lat="46.74133168953335" lon="7.378496776390331"><ele>1573.8</ele></trkpt><trkpt lat="46.74133168949243" lon="7.378405776364321"><ele>1574.0</ele></trkpt><trkpt lat="46.741321689349675" lon="7.378169776270313"><ele>1574.7</ele></trkpt><trkpt lat="46.7413036892685" lon="7.378052776215995"><ele>1575.1</ele></trkpt><trkpt lat="46.74128568920775" lon="7.377960776175432"><ele>1575.4</ele></trkpt><trkpt lat="46.741249689106695" lon="7.377803776107999"><ele>1575.9</ele></trkpt><trkpt lat="46.74122268906657" lon="7.377711776082153"><ele>1576.1</ele></trkpt><trkpt lat="46.74119568906713" lon="7.377607776086096"><ele>1576.1</ele></trkpt><trkpt lat="46.74116868898634" lon="7.377541776029954"><ele>1576.5</ele></trkpt><trkpt lat="46.74112368896708" lon="7.377450776018825"><ele>1576.6</ele></trkpt><trkpt lat="46.741078688886745" lon="7.377358775963724"><ele>1577.0</ele></trkpt><trkpt lat="46.74106068884642" lon="7.377293775936855"><ele>1577.2</ele></trkpt><trkpt lat="46.74105168878541" lon="7.377214775895785"><ele>1577.5</ele></trkpt><trkpt lat="46.74105168876493" lon="7.377149775883504"><ele>1577.6</ele></trkpt><trkpt lat="46.741069688723506" lon="7.377070775856987"><ele>1577.8</ele></trkpt><trkpt lat="46.7410966886615" lon="7.3770057758152445"><ele>1578.1</ele></trkpt><trkpt lat="46.74112368864026" lon="7.3769537758023676"><ele>1578.2</ele></trkpt><trkpt lat="46.7411506885986" lon="7.376887775775331"><ele>1578.4</ele></trkpt><trkpt lat="46.74115968855748" lon="7.376822775748345"><ele>1578.6</ele></trkpt><trkpt lat="46.74116868853671" lon="7.37675677573606"><ele>1578.7</ele></trkpt><trkpt lat="46.7411596885165" lon="7.376678775724302"><ele>1578.8</ele></trkpt><trkpt lat="46.74110568845663" lon="7.376521775686311"><ele>1579.1</ele></trkpt><trkpt lat="46.74106968841673" lon="7.376403775661475"><ele>1579.3</ele></trkpt><trkpt lat="46.74095268821591" lon="7.376102775526406"><ele>1580.3</ele></trkpt><trkpt lat="46.74092468815547" lon="7.3760247754854005"><ele>1580.6</ele></trkpt><trkpt lat="46.74089768815605" lon="7.375919775489387"><ele>1580.6</ele></trkpt><trkpt lat="46.740789687995495" lon="7.375488775388415"><ele>1581.4</ele></trkpt><trkpt lat="46.74074468791504" lon="7.375344775335257"><ele>1581.8</ele></trkpt><trkpt lat="46.740717687813735" lon="7.375226775266404"><ele>1582.3</ele></trkpt><trkpt lat="46.740699687773386" lon="7.375147775240068"><ele>1582.5</ele></trkpt><trkpt lat="46.74069068773277" lon="7.375082775213172"><ele>1582.7</ele></trkpt><trkpt lat="46.74069968771206" lon="7.375030775200384"><ele>1582.8</ele></trkpt><trkpt lat="46.74070868769134" lon="7.374977775187629"><ele>1582.9</ele></trkpt><trkpt lat="46.740753687608375" lon="7.3748737751326106"><ele>1583.3</ele></trkpt><trkpt lat="46.74078068756669" lon="7.374820775105113"><ele>1583.5</ele></trkpt><trkpt lat="46.74079868752532" lon="7.374755775078102"><ele>1583.7</ele></trkpt><trkpt lat="46.74080768746379" lon="7.374676775036986"><ele>1584.0</ele></trkpt><trkpt lat="46.740807687422944" lon="7.374611775010053"><ele>1584.2</ele></trkpt><trkpt lat="46.7407986874027" lon="7.374545774997865"><ele>1584.3</ele></trkpt><trkpt lat="46.740780687382724" lon="7.374467774986162"><ele>1584.4</ele></trkpt><trkpt lat="46.74075368732223" lon="7.374375774945692"><ele>1584.7</ele></trkpt><trkpt lat="46.7407086872215" lon="7.374258774876899"><ele>1585.2</ele></trkpt><trkpt lat="46.74067268714087" lon="7.374153774822293"><ele>1585.6</ele></trkpt><trkpt lat="46.740635687039855" lon="7.374035774753505"><ele>1586.1</ele></trkpt><trkpt lat="46.74059968702035" lon="7.373905774743808"><ele>1586.2</ele></trkpt><trkpt lat="46.740572686980165" lon="7.373800774718487"><ele>1586.4</ele></trkpt><trkpt lat="46.74054568691966" lon="7.373695774678504"><ele>1586.7</ele></trkpt><trkpt lat="46.740500686818805" lon="7.373525774611688"><ele>1587.2</ele></trkpt><trkpt lat="46.7404826868395" lon="7.373421774630273"><ele>1587.1</ele></trkpt><trkpt lat="46.74043768682021" lon="7.373277774621142"><ele>1587.2</ele></trkpt><trkpt lat="46.74042868684078" lon="7.373237774637316"><ele>1587.1</ele></trkpt><trkpt lat="46.740392686780595" lon="7.373159774596389"><ele>1587.4</ele></trkpt><trkpt lat="46.74033868674127" lon="7.373067774570714"><ele>1587.6</ele></trkpt><trkpt lat="46.740221686683135" lon="7.372832774535955"><ele>1587.9</ele></trkpt><trkpt lat="46.74014068672602" lon="7.372675774571444"><ele>1587.7</ele></trkpt><trkpt lat="46.74008668674776" lon="7.372570774590231"><ele>1587.6</ele></trkpt><trkpt lat="46.74003268678991" lon="7.372479774623155"><ele>1587.4</ele></trkpt><trkpt lat="46.73993368689438" lon="7.372335774702214"><ele>1586.9</ele></trkpt><trkpt lat="46.739870687018346" lon="7.372257774793329"><ele>1586.3</ele></trkpt><trkpt lat="46.73981668704017" lon="7.372191774810669"><ele>1586.2</ele></trkpt><trkpt lat="46.739753687143725" lon="7.372126774886641"><ele>1585.7</ele></trkpt><trkpt lat="46.73969968720626" lon="7.372035774934213"><ele>1585.4</ele></trkpt><trkpt lat="46.73965468728891" lon="7.371956774995968"><ele>1585.0</ele></trkpt><trkpt lat="46.73960068737178" lon="7.3718387750591905"><ele>1584.6</ele></trkpt><trkpt lat="46.73949268743563" lon="7.37160377511232"><ele>1584.3</ele></trkpt><trkpt lat="46.739438687518444" lon="7.371485775175542"><ele>1583.9</ele></trkpt><trkpt lat="46.739339687663524" lon="7.371250775287238"><ele>1583.2</ele></trkpt><trkpt lat="46.73929368772576" lon="7.371145775335282"><ele>1582.9</ele></trkpt><trkpt lat="46.73912268801538" lon="7.370845775552269"><ele>1581.5</ele></trkpt><trkpt lat="46.738978688121065" lon="7.370609775634877"><ele>1581.0</ele></trkpt><trkpt lat="46.73888868828627" lon="7.370439775758764"><ele>1580.2</ele></trkpt><trkpt lat="46.73885268836865" lon="7.370361775820406"><ele>1579.8</ele></trkpt><trkpt lat="46.73882568841005" lon="7.370282775852739"><ele>1579.6</ele></trkpt><trkpt lat="46.738789688593954" lon="7.370008775994847"><ele>1578.7</ele></trkpt><trkpt lat="46.738762688696326" lon="7.369877776073044"><ele>1578.2</ele></trkpt><trkpt lat="46.73874468879842" lon="7.369707776152631"><ele>1577.7</ele></trkpt><trkpt lat="46.738681688942144" lon="7.369340776268946"><ele>1577.0</ele></trkpt><trkpt lat="46.738654688983566" lon="7.369275776300754"><ele>1576.8</ele></trkpt><trkpt lat="46.73861868908634" lon="7.369210776376552"><ele>1576.3</ele></trkpt><trkpt lat="46.738582689128016" lon="7.3691577764079605"><ele>1576.1</ele></trkpt><trkpt lat="46.73853768923114" lon="7.369131776482364"><ele>1575.6</ele></trkpt><trkpt lat="46.73849268923237" lon="7.36910577648352"><ele>1575.6</ele></trkpt><trkpt lat="46.738447689315116" lon="7.3690797765432725"><ele>1575.2</ele></trkpt><trkpt lat="46.738402689418244" lon="7.3690667766172036"><ele>1574.7</ele></trkpt><trkpt lat="46.73833968946077" lon="7.369040776647738"><ele>1574.5</ele></trkpt><trkpt lat="46.73829468950277" lon="7.369027776677714"><ele>1574.3</ele></trkpt><trkpt lat="46.73823168960641" lon="7.368988776752675"><ele>1573.8</ele></trkpt><trkpt lat="46.73818668966877" lon="7.36894977679825"><ele>1573.5</ele></trkpt><trkpt lat="46.738132689751616" lon="7.368870776859985"><ele>1573.1</ele></trkpt><trkpt lat="46.73809668981369" lon="7.368818776905997"><ele>1572.8</ele></trkpt><trkpt lat="46.73809668981369" lon="7.368818776905997"><ele>1572.8</ele></trkpt><trkpt lat="46.738042689937316" lon="7.368726776997499"><ele>1572.2</ele></trkpt><trkpt lat="46.737880690043276" lon="7.368412777082959"><ele>1571.7</ele></trkpt><trkpt lat="46.73781669004492" lon="7.368321777086575"><ele>1571.7</ele></trkpt><trkpt lat="46.73775369004657" lon="7.368203777091177"><ele>1571.7</ele></trkpt><trkpt lat="46.7375916898674" lon="7.367889776971574"><ele>1572.6</ele></trkpt><trkpt lat="46.737546689827795" lon="7.36777277694677"><ele>1572.8</ele></trkpt><trkpt lat="46.737546689827795" lon="7.36777277694677"><ele>1572.8</ele></trkpt><trkpt lat="46.737492689829274" lon="7.367733776948439"><ele>1572.8</ele></trkpt><trkpt lat="46.73743868985115" lon="7.367693776964791"><ele>1572.7</ele></trkpt><trkpt lat="46.73737569021939" lon="7.367602777232026"><ele>1570.9</ele></trkpt><trkpt lat="46.73729469052713" lon="7.367537777454452"><ele>1569.4</ele></trkpt><trkpt lat="46.73722269077349" lon="7.367484777632458"><ele>1568.2</ele></trkpt><trkpt lat="46.737150691040206" lon="7.36741977782554"><ele>1566.9</ele></trkpt><trkpt lat="46.73705169142988" lon="7.367341778107087"><ele>1565.0</ele></trkpt><trkpt lat="46.73697069181905" lon="7.36726277838858"><ele>1563.1</ele></trkpt><trkpt lat="46.73678169265926" lon="7.36711977899505"><ele>1559.0</ele></trkpt><trkpt lat="46.736592693295684" lon="7.366949779456026"><ele>1555.9</ele></trkpt><trkpt lat="46.7364486937884" lon="7.366844779811918"><ele>1553.5</ele></trkpt><trkpt lat="46.736331694280345" lon="7.3667407801676426"><ele>1551.1</ele></trkpt><trkpt lat="46.73627769448543" lon="7.366701780315723"><ele>1550.1</ele></trkpt><trkpt lat="46.73622369471087" lon="7.366635780479418"><ele>1549.0</ele></trkpt><trkpt lat="46.73617869487502" lon="7.366596780598167"><ele>1548.2</ele></trkpt><trkpt lat="46.73607069542764" lon="7.366439780999658"><ele>1545.5</ele></trkpt><trkpt lat="46.73600769573475" lon="7.366348781222846"><ele>1544.0</ele></trkpt><trkpt lat="46.735926696001606" lon="7.366230781417788"><ele>1542.7</ele></trkpt><trkpt lat="46.7358006967786" lon="7.366008781982699"><ele>1538.9</ele></trkpt><trkpt lat="46.73573769706534" lon="7.365916782191248"><ele>1537.5</ele></trkpt><trkpt lat="46.73573769706534" lon="7.365916782191248"><ele>1537.5</ele></trkpt><trkpt lat="46.735755696983205" lon="7.365812782136329"><ele>1537.9</ele></trkpt><trkpt lat="46.735773696860356" lon="7.365720782051693"><ele>1538.5</ele></trkpt><trkpt lat="46.73580069665575" lon="7.36560278190939"><ele>1539.5</ele></trkpt><trkpt lat="46.735916695898354" lon="7.365236781380317"><ele>1543.2</ele></trkpt><trkpt lat="46.73596169565241" lon="7.365092781209617"><ele>1544.4</ele></trkpt><trkpt lat="46.7360246952837" lon="7.364882780953382"><ele>1546.2</ele></trkpt><trkpt lat="46.73605169516057" lon="7.364778780869177"><ele>1546.8</ele></trkpt><trkpt lat="46.736078695037406" lon="7.364673780785005"><ele>1547.4</ele></trkpt><trkpt lat="46.736114694873336" lon="7.364594780670581"><ele>1548.2</ele></trkpt><trkpt lat="46.73614169470948" lon="7.3645167805561655"><ele>1549.0</ele></trkpt><trkpt lat="46.736186694545154" lon="7.364437780441711"><ele>1549.8</ele></trkpt><trkpt lat="46.736222694421826" lon="7.364372780356072"><ele>1550.4</ele></trkpt><trkpt lat="46.73624969419693" lon="7.36430678019732"><ele>1551.5</ele></trkpt><trkpt lat="46.736267694053716" lon="7.364215780098064"><ele>1552.2</ele></trkpt><trkpt lat="46.73629469388984" lon="7.36411077998464"><ele>1553.0</ele></trkpt><trkpt lat="46.73632069364449" lon="7.364018779812206"><ele>1554.2</ele></trkpt><trkpt lat="46.73633869350136" lon="7.36394077971249"><ele>1554.9</ele></trkpt><trkpt lat="46.73636569333751" lon="7.363861779598136"><ele>1555.7</ele></trkpt><trkpt lat="46.73641969305065" lon="7.363757779396752"><ele>1557.1</ele></trkpt><trkpt lat="46.73644669290718" lon="7.363678779297043"><ele>1557.8</ele></trkpt><trkpt lat="46.736482692844945" lon="7.363613779255334"><ele>1558.1</ele></trkpt><trkpt lat="46.736536692598875" lon="7.363560779081382"><ele>1559.3</ele></trkpt><trkpt lat="46.73659969253588" lon="7.363495779039555"><ele>1559.6</ele></trkpt><trkpt lat="46.73664469241227" lon="7.363429778953939"><ele>1560.2</ele></trkpt><trkpt lat="46.7366986921255" lon="7.36336477875116"><ele>1561.6</ele></trkpt><trkpt lat="46.73675269200166" lon="7.363311778665038"><ele>1562.2</ele></trkpt><trkpt lat="46.736806692020416" lon="7.363272778680848"><ele>1562.1</ele></trkpt><trkpt lat="46.736842692019266" lon="7.363233778682106"><ele>1562.1</ele></trkpt><trkpt lat="46.7368786918959" lon="7.363167778596538"><ele>1562.7</ele></trkpt><trkpt lat="46.736923691813075" lon="7.3630897785406315"><ele>1563.1</ele></trkpt><trkpt lat="46.73696769162832" lon="7.362997778412073"><ele>1564.0</ele></trkpt><trkpt lat="46.737102691175934" lon="7.3627747780976405"><ele>1566.2</ele></trkpt><trkpt lat="46.73712969119539" lon="7.362670778115947"><ele>1566.1</ele></trkpt><trkpt lat="46.73715669103145" lon="7.362578778002109"><ele>1566.9</ele></trkpt><trkpt lat="46.737174690806796" lon="7.362486777844417"><ele>1568.0</ele></trkpt><trkpt lat="46.737183690093254" lon="7.362264777340325"><ele>1571.5</ele></trkpt><trkpt lat="46.73720168956301" lon="7.3621337769645905"><ele>1574.1</ele></trkpt><trkpt lat="46.73720168956301" lon="7.3621337769645905"><ele>1574.1</ele></trkpt><trkpt lat="46.737210689440424" lon="7.362081776878661"><ele>1574.7</ele></trkpt><trkpt lat="46.737210689440424" lon="7.362081776878661"><ele>1574.7</ele></trkpt><trkpt lat="46.73718368903367" lon="7.361950776590944"><ele>1576.7</ele></trkpt><trkpt lat="46.73718368878908" lon="7.361871776418259"><ele>1577.9</ele></trkpt><trkpt lat="46.73718368850381" lon="7.361793776216277"><ele>1579.3</ele></trkpt><trkpt lat="46.737182688218596" lon="7.361714776014346"><ele>1580.7</ele></trkpt><trkpt lat="46.737182688075976" lon="7.361675775913362"><ele>1581.4</ele></trkpt><trkpt lat="46.73716468803564" lon="7.361623775886091"><ele>1581.6</ele></trkpt><trkpt lat="46.73712868791428" lon="7.361505775802818"><ele>1582.2</ele></trkpt><trkpt lat="46.737119687853394" lon="7.3614667757604035"><ele>1582.5</ele></trkpt><trkpt lat="46.737119687669974" lon="7.361414775630641"><ele>1583.4</ele></trkpt><trkpt lat="46.73712868746591" lon="7.361348775486725"><ele>1584.4</ele></trkpt><trkpt lat="46.73713768724156" lon="7.36128377532815"><ele>1585.5</ele></trkpt><trkpt lat="46.73713768711923" lon="7.361243775241841"><ele>1586.1</ele></trkpt><trkpt lat="46.73712868687502" lon="7.36117877506872"><ele>1587.3</ele></trkpt><trkpt lat="46.73711068675326" lon="7.361126774982945"><ele>1587.9</ele></trkpt><trkpt lat="46.73708368671319" lon="7.361060774956247"><ele>1588.1</ele></trkpt><trkpt lat="46.73705668663239" lon="7.360995774900252"><ele>1588.5</ele></trkpt><trkpt lat="46.73702968651089" lon="7.360930774815001"><ele>1589.1</ele></trkpt><trkpt lat="46.7370206863073" lon="7.3608387746721515"><ele>1590.1</ele></trkpt><trkpt lat="46.73701168571659" lon="7.360668774254247"><ele>1593.0</ele></trkpt><trkpt lat="46.737011685431305" lon="7.360589774052378"><ele>1594.4</ele></trkpt><trkpt lat="46.737002685207436" lon="7.360511773894398"><ele>1595.5</ele></trkpt><trkpt lat="46.73696668512687" lon="7.360419773839466"><ele>1595.9</ele></trkpt><trkpt lat="46.73696668512687" lon="7.360419773839466"><ele>1595.9</ele></trkpt><trkpt lat="46.73698468484106" lon="7.360328773637977"><ele>1597.3</ele></trkpt><trkpt lat="46.73698468465758" lon="7.360236773509748"><ele>1598.2</ele></trkpt><trkpt lat="46.736920684292215" lon="7.359870773260374"><ele>1600.0</ele></trkpt><trkpt lat="46.73689368451683" lon="7.3597527734257895"><ele>1598.9</ele></trkpt><trkpt lat="46.7368936847406" lon="7.359621773591562"><ele>1597.8</ele></trkpt><trkpt lat="46.73689368478114" lon="7.359504773625168"><ele>1597.6</ele></trkpt><trkpt lat="46.73689368474016" lon="7.359373773600791"><ele>1597.8</ele></trkpt><trkpt lat="46.73687568469976" lon="7.359268773575531"><ele>1598.0</ele></trkpt><trkpt lat="46.736839684782204" lon="7.359190773637098"><ele>1597.6</ele></trkpt><trkpt lat="46.73679468486486" lon="7.359137773697776"><ele>1597.2</ele></trkpt><trkpt lat="46.73675868504914" lon="7.3590857738315005"><ele>1596.3</ele></trkpt><trkpt lat="46.736731685029476" lon="7.3590337738189335"><ele>1596.4</ele></trkpt><trkpt lat="46.73673168482562" lon="7.358941773676106"><ele>1597.4</ele></trkpt><trkpt lat="46.7367316846625" lon="7.358850773562498"><ele>1598.2</ele></trkpt><trkpt lat="46.73668668462305" lon="7.358797773535425"><ele>1598.4</ele></trkpt><trkpt lat="46.73665968464403" lon="7.358706773553556"><ele>1598.3</ele></trkpt><trkpt lat="46.736632684766825" lon="7.358601773645334"><ele>1597.7</ele></trkpt><trkpt lat="46.73663268468517" lon="7.358497773590707"><ele>1598.1</ele></trkpt><trkpt lat="46.73660468468579" lon="7.358379773595229"><ele>1598.1</ele></trkpt><trkpt lat="46.73656868484956" lon="7.358274773716289"><ele>1597.3</ele></trkpt><trkpt lat="46.73652368511544" lon="7.35815777391094"><ele>1596.0</ele></trkpt><trkpt lat="46.7364876852996" lon="7.358052774046613"><ele>1595.1</ele></trkpt><trkpt lat="46.736460685524314" lon="7.357987774209993"><ele>1594.0</ele></trkpt><trkpt lat="46.73646968597173" lon="7.357777774539432"><ele>1591.8</ele></trkpt><trkpt lat="46.73647868611379" lon="7.3576597746461205"><ele>1591.1</ele></trkpt><trkpt lat="46.73649668617411" lon="7.357515774695238"><ele>1590.8</ele></trkpt><trkpt lat="46.73649668613324" lon="7.357437774668884"><ele>1591.0</ele></trkpt><trkpt lat="46.73649668613324" lon="7.357437774668884"><ele>1591.0</ele></trkpt><trkpt lat="46.73655068570365" lon="7.357267774367905"><ele>1593.1</ele></trkpt><trkpt lat="46.736577685438" lon="7.357201774180163"><ele>1594.4</ele></trkpt><trkpt lat="46.73660468513159" lon="7.357123773963634"><ele>1595.9</ele></trkpt><trkpt lat="46.73664868472281" lon="7.3570447736739695"><ele>1597.9</ele></trkpt><trkpt lat="46.73667568441636" lon="7.356966773457447"><ele>1599.4</ele></trkpt><trkpt lat="46.73670268415067" lon="7.35688777327021"><ele>1600.7</ele></trkpt><trkpt lat="46.73672968394601" lon="7.356769773128292"><ele>1601.7</ele></trkpt><trkpt lat="46.736765683679884" lon="7.356612772943938"><ele>1603.0</ele></trkpt><trkpt lat="46.73681068347458" lon="7.356442772803894"><ele>1604.0</ele></trkpt><trkpt lat="46.73682868341278" lon="7.356350772763398"><ele>1604.3</ele></trkpt><trkpt lat="46.73684668339163" lon="7.3562337727530664"><ele>1604.4</ele></trkpt><trkpt lat="46.73691868302266" lon="7.356063772495971"><ele>1606.2</ele></trkpt><trkpt lat="46.736927682961195" lon="7.356036772453088"><ele>1606.5</ele></trkpt><trkpt lat="46.736945682980895" lon="7.355945772471027"><ele>1606.4</ele></trkpt><trkpt lat="46.73696268285804" lon="7.355879772385718"><ele>1607.0</ele></trkpt><trkpt lat="46.736980682796286" lon="7.355814772344216"><ele>1607.3</ele></trkpt><trkpt lat="46.736980682857244" lon="7.355722772391514"><ele>1607.0</ele></trkpt><trkpt lat="46.73696268295944" lon="7.355631772468086"><ele>1606.5</ele></trkpt><trkpt lat="46.73694468304131" lon="7.355552772529592"><ele>1606.1</ele></trkpt><trkpt lat="46.73691768314376" lon="7.355448772606688"><ele>1605.6</ele></trkpt><trkpt lat="46.73688168330762" lon="7.355369772726737"><ele>1604.8</ele></trkpt><trkpt lat="46.73684568343069" lon="7.355278772818"><ele>1604.2</ele></trkpt><trkpt lat="46.73681868357392" lon="7.3551997729233864"><ele>1603.5</ele></trkpt><trkpt lat="46.73678268367668" lon="7.355121772999537"><ele>1603.0</ele></trkpt><trkpt lat="46.73675568377918" lon="7.3550427730756915"><ele>1602.5</ele></trkpt><trkpt lat="46.73671968380048" lon="7.354990773092409"><ele>1602.4</ele></trkpt><trkpt lat="46.736692683964066" lon="7.3548857732133746"><ele>1601.6</ele></trkpt><trkpt lat="46.73664768398557" lon="7.354794773231589"><ele>1601.5</ele></trkpt><trkpt lat="46.73661168414936" lon="7.354689773352583"><ele>1600.7</ele></trkpt><trkpt lat="46.73656668433388" lon="7.354624773486743"><ele>1599.8</ele></trkpt><trkpt lat="46.736476684600994" lon="7.354454773683467"><ele>1598.5</ele></trkpt><trkpt lat="46.736467684662244" lon="7.354402773729287"><ele>1598.2</ele></trkpt><trkpt lat="46.736458684784644" lon="7.3543497738189805"><ele>1597.6</ele></trkpt><trkpt lat="46.736449685151314" lon="7.3542457740859355"><ele>1595.8</ele></trkpt><trkpt lat="46.736430685335" lon="7.354153774220958"><ele>1594.9</ele></trkpt><trkpt lat="46.73639468564129" lon="7.353996774446146"><ele>1593.4</ele></trkpt><trkpt lat="46.73637668572311" lon="7.353905774508058"><ele>1593.0</ele></trkpt><trkpt lat="46.73634968566252" lon="7.353761774469687"><ele>1593.3</ele></trkpt><trkpt lat="46.736331685744474" lon="7.353721774529704"><ele>1592.9</ele></trkpt><trkpt lat="46.736322685764954" lon="7.353643774547245"><ele>1592.8</ele></trkpt><trkpt lat="46.73631368590758" lon="7.353538774653467"><ele>1592.1</ele></trkpt><trkpt lat="46.73631368598888" lon="7.353460774714803"><ele>1591.7</ele></trkpt><trkpt lat="46.73631368613121" lon="7.353329774821939"><ele>1591.0</ele></trkpt><trkpt lat="46.73630468621292" lon="7.353303774881387"><ele>1590.6</ele></trkpt><trkpt lat="46.73630468625361" lon="7.353277774911575"><ele>1590.4</ele></trkpt><trkpt lat="46.7362866863559" lon="7.353237774986189"><ele>1589.9</ele></trkpt><trkpt lat="46.7362866864576" lon="7.35318577506117"><ele>1589.4</ele></trkpt><trkpt lat="46.73628668666119" lon="7.353133775209204"><ele>1588.4</ele></trkpt><trkpt lat="46.73628668688505" lon="7.353067775372363"><ele>1587.3</ele></trkpt><trkpt lat="46.736286687332985" lon="7.3529767756971545"><ele>1585.1</ele></trkpt><trkpt lat="46.73630468790246" lon="7.352845776110998"><ele>1582.3</ele></trkpt><trkpt lat="46.73630368847248" lon="7.352701776525374"><ele>1579.5</ele></trkpt><trkpt lat="46.73630368867602" lon="7.352622776674377"><ele>1578.5</ele></trkpt><trkpt lat="46.73628568908365" lon="7.3524927769714195"><ele>1576.5</ele></trkpt><trkpt lat="46.73624968934931" lon="7.35240077716488"><ele>1575.2</ele></trkpt><trkpt lat="46.7361956895747" lon="7.352309777329156"><ele>1574.1</ele></trkpt><trkpt lat="46.73615068988137" lon="7.35223077755138"><ele>1572.6</ele></trkpt><trkpt lat="46.73610569014725" lon="7.352126777745298"><ele>1571.3</ele></trkpt><trkpt lat="46.73606969027028" lon="7.352021777836948"><ele>1570.7</ele></trkpt><trkpt lat="46.736033690495205" lon="7.3519037780021135"><ele>1569.6</ele></trkpt><trkpt lat="46.735988690699834" lon="7.351772778153172"><ele>1568.6</ele></trkpt><trkpt lat="46.73590769117022" lon="7.351537778498075"><ele>1566.3</ele></trkpt><trkpt lat="46.73585369143635" lon="7.351419778692503"><ele>1565.0</ele></trkpt><trkpt lat="46.735799691702375" lon="7.35130277888689"><ele>1563.7</ele></trkpt><trkpt lat="46.73573669209097" lon="7.351171779169457"><ele>1561.8</ele></trkpt><trkpt lat="46.73564569284684" lon="7.351001779716448"><ele>1558.1</ele></trkpt><trkpt lat="46.73561869333626" lon="7.350923780069927"><ele>1555.7</ele></trkpt><trkpt lat="46.73559169374413" lon="7.350818780365952"><ele>1553.7</ele></trkpt><trkpt lat="46.735600694150925" lon="7.350661780663683"><ele>1551.7</ele></trkpt><trkpt lat="46.73560069449695" lon="7.35058378091478"><ele>1550.0</ele></trkpt><trkpt lat="46.73560069449695" lon="7.35058378091478"><ele>1550.0</ele></trkpt><trkpt lat="46.735582694823144" lon="7.350491781151848"><ele>1548.4</ele></trkpt><trkpt lat="46.73555569502746" lon="7.350399781301324"><ele>1547.4</ele></trkpt><trkpt lat="46.7355286951096" lon="7.350360781361266"><ele>1547.0</ele></trkpt><trkpt lat="46.73549269519199" lon="7.350295781422181"><ele>1546.6</ele></trkpt><trkpt lat="46.73546569533518" lon="7.3502297815269"><ele>1545.9</ele></trkpt><trkpt lat="46.735447695416994" lon="7.350151781588197"><ele>1545.5</ele></trkpt><trkpt lat="46.73544769545766" lon="7.350086781619742"><ele>1545.3</ele></trkpt><trkpt lat="46.73544769551866" lon="7.3500467816649895"><ele>1545.0</ele></trkpt><trkpt lat="46.73543869562072" lon="7.350033781738517"><ele>1544.5</ele></trkpt><trkpt lat="46.73540269594748" lon="7.349968781974656"><ele>1542.9</ele></trkpt><trkpt lat="46.73534869645794" lon="7.34983778234467"><ele>1540.4</ele></trkpt><trkpt lat="46.73532169676402" lon="7.349746782567093"><ele>1538.9</ele></trkpt><trkpt lat="46.73532169682498" lon="7.349693782612794"><ele>1538.6</ele></trkpt><trkpt lat="46.735338696966785" lon="7.349523782721019"><ele>1537.9</ele></trkpt><trkpt lat="46.73533869721102" lon="7.349445782899035"><ele>1536.7</ele></trkpt><trkpt lat="46.735329697435134" lon="7.349327783063911"><ele>1535.6</ele></trkpt><trkpt lat="46.73531169749665" lon="7.349301783108727"><ele>1535.3</ele></trkpt><trkpt lat="46.73530269757829" lon="7.3492627831685615"><ele>1534.9</ele></trkpt><trkpt lat="46.73531169765949" lon="7.349235783227892"><ele>1534.5</ele></trkpt><trkpt lat="46.73530269772072" lon="7.349209783272663"><ele>1534.2</ele></trkpt><trkpt lat="46.73528469784338" lon="7.349170783361741"><ele>1533.6</ele></trkpt><trkpt lat="46.735266698047404" lon="7.3490787835111115"><ele>1532.6</ele></trkpt><trkpt lat="46.73525769810862" lon="7.349000783557737"><ele>1532.3</ele></trkpt><trkpt lat="46.73524869827145" lon="7.34879178368203"><ele>1531.5</ele></trkpt><trkpt lat="46.735239698332734" lon="7.348764783726829"><ele>1531.2</ele></trkpt><trkpt lat="46.735221698414676" lon="7.348738783786233"><ele>1530.8</ele></trkpt><trkpt lat="46.735149698559205" lon="7.348712783889678"><ele>1530.1</ele></trkpt><trkpt lat="46.73513169870218" lon="7.348660783993805"><ele>1529.4</ele></trkpt><trkpt lat="46.73511369884515" lon="7.348595784098393"><ele>1528.7</ele></trkpt><trkpt lat="46.7350866989678" lon="7.348425784192153"><ele>1528.1</ele></trkpt><trkpt lat="46.73505069896868" lon="7.34834678419512"><ele>1528.1</ele></trkpt><trkpt lat="46.73500569864396" lon="7.348281783964037"><ele>1529.7</ele></trkpt><trkpt lat="46.734987698461076" lon="7.348229783834577"><ele>1530.6</ele></trkpt><trkpt lat="46.73494269817719" lon="7.3481767836322796"><ele>1532.0</ele></trkpt><trkpt lat="46.734924698075794" lon="7.348124783561218"><ele>1532.5</ele></trkpt><trkpt lat="46.73491569797414" lon="7.348072783490117"><ele>1533.0</ele></trkpt><trkpt lat="46.7349056978522" lon="7.348045783403531"><ele>1533.6</ele></trkpt><trkpt lat="46.73488769775081" lon="7.348019783331548"><ele>1534.1</ele></trkpt><trkpt lat="46.73486969764948" lon="7.34799378325956"><ele>1534.6</ele></trkpt><trkpt lat="46.7348606974867" lon="7.347954783144206"><ele>1535.4</ele></trkpt><trkpt lat="46.73485169742585" lon="7.347928783101379"><ele>1535.7</ele></trkpt><trkpt lat="46.73484269726317" lon="7.347902782985563"><ele>1536.5</ele></trkpt><trkpt lat="46.734824697161834" lon="7.347889782913116"><ele>1537.0</ele></trkpt><trkpt lat="46.73482469712103" lon="7.347849782885353"><ele>1537.2</ele></trkpt><trkpt lat="46.73482469701915" lon="7.347823782813294"><ele>1537.7</ele></trkpt><trkpt lat="46.73482469693762" lon="7.347784782756297"><ele>1538.1</ele></trkpt><trkpt lat="46.7348156967749" lon="7.347745782640951"><ele>1538.9</ele></trkpt><trkpt lat="46.73475269651186" lon="7.347692782453356"><ele>1540.2</ele></trkpt><trkpt lat="46.73472569639037" lon="7.34765378236729"><ele>1540.8</ele></trkpt><trkpt lat="46.73469869637075" lon="7.347627782353741"><ele>1540.9</ele></trkpt><trkpt lat="46.7345906961084" lon="7.347235782178513"><ele>1542.2</ele></trkpt><trkpt lat="46.734572696068035" lon="7.347156782152237"><ele>1542.4</ele></trkpt><trkpt lat="46.73455469600738" lon="7.347117782109924"><ele>1542.7</ele></trkpt><trkpt lat="46.73453669594665" lon="7.347013782069951"><ele>1543.0</ele></trkpt><trkpt lat="46.734491696049496" lon="7.346869782148297"><ele>1542.5</ele></trkpt><trkpt lat="46.73447369598873" lon="7.346751782108829"><ele>1542.8</ele></trkpt><trkpt lat="46.73445569602972" lon="7.346620782142797"><ele>1542.6</ele></trkpt><trkpt lat="46.73443669611147" lon="7.346476782206429"><ele>1542.2</ele></trkpt><trkpt lat="46.73443669613169" lon="7.3464117822233534"><ele>1542.1</ele></trkpt><trkpt lat="46.73444569627342" lon="7.346071782337669"><ele>1541.4</ele></trkpt><trkpt lat="46.73442769629419" lon="7.346018782354244"><ele>1541.3</ele></trkpt><trkpt lat="46.734391696315456" lon="7.345953782371327"><ele>1541.2</ele></trkpt><trkpt lat="46.73435569625532" lon="7.345914782329102"><ele>1541.5</ele></trkpt><trkpt lat="46.734247696299015" lon="7.3458497823610935"><ele>1541.3</ele></trkpt><trkpt lat="46.734112696526644" lon="7.345731782526435"><ele>1540.2</ele></trkpt><trkpt lat="46.733959697080614" lon="7.345627782924823"><ele>1537.5</ele></trkpt><trkpt lat="46.73390569734681" lon="7.345588783116157"><ele>1536.2</ele></trkpt><trkpt lat="46.73385169753146" lon="7.345522783250081"><ele>1535.3</ele></trkpt><trkpt lat="46.733815697613885" lon="7.3454707833104615"><ele>1534.9</ele></trkpt><trkpt lat="46.73378869763489" lon="7.345405783327492"><ele>1534.8</ele></trkpt><trkpt lat="46.73370769775908" lon="7.345261783420536"><ele>1534.2</ele></trkpt><trkpt lat="46.73367169782107" lon="7.345182783467285"><ele>1533.9</ele></trkpt><trkpt lat="46.73364469786245" lon="7.345117783498905"><ele>1533.7</ele></trkpt><trkpt lat="46.7335636978032" lon="7.344829783465765"><ele>1534.0</ele></trkpt><trkpt lat="46.73346369756121" lon="7.344581783299971"><ele>1535.2</ele></trkpt><trkpt lat="46.73346369756121" lon="7.344581783299971"><ele>1535.2</ele></trkpt><trkpt lat="46.733418697603" lon="7.344463783333565"><ele>1535.0</ele></trkpt><trkpt lat="46.73332869807352" lon="7.344267783676498"><ele>1532.7</ele></trkpt><trkpt lat="46.733274698319235" lon="7.3441637838555085"><ele>1531.5</ele></trkpt><trkpt lat="46.73324769844203" lon="7.344084783945971"><ele>1530.9</ele></trkpt><trkpt lat="46.733229698503436" lon="7.343993783993054"><ele>1530.6</ele></trkpt><trkpt lat="46.73320269858555" lon="7.3439147840543395"><ele>1530.2</ele></trkpt><trkpt lat="46.733184698646994" lon="7.343862784100031"><ele>1529.9</ele></trkpt><trkpt lat="46.73315769866789" lon="7.34371878411986"><ele>1529.8</ele></trkpt><trkpt lat="46.73307669869012" lon="7.343456784144122"><ele>1529.7</ele></trkpt><trkpt lat="46.73303169879295" lon="7.343313784222341"><ele>1529.2</ele></trkpt><trkpt lat="46.73292269930456" lon="7.343038784597244"><ele>1526.7</ele></trkpt><trkpt lat="46.732868699468675" lon="7.342855784720661"><ele>1525.9</ele></trkpt><trkpt lat="46.73280569963307" lon="7.34269878484319"><ele>1525.1</ele></trkpt><trkpt lat="46.73277869973555" lon="7.342633784918536"><ele>1524.6</ele></trkpt><trkpt lat="46.73274269987895" lon="7.342567785023126"><ele>1523.9</ele></trkpt><trkpt lat="46.73269769994118" lon="7.342502785069379"><ele>1523.6</ele></trkpt><trkpt lat="46.73264370002404" lon="7.342424785130713"><ele>1523.2</ele></trkpt><trkpt lat="46.732607700126735" lon="7.342371785205673"><ele>1522.7</ele></trkpt><trkpt lat="46.732553700311314" lon="7.3422547853413045"><ele>1521.8</ele></trkpt><trkpt lat="46.732400700885286" lon="7.34201978575862"><ele>1519.0</ele></trkpt><trkpt lat="46.73232870111106" lon="7.341888785923971"><ele>1517.9</ele></trkpt><trkpt lat="46.73225670131641" lon="7.341744786075188"><ele>1516.9</ele></trkpt><trkpt lat="46.732175701583145" lon="7.341600786270186"><ele>1515.6</ele></trkpt><trkpt lat="46.7321477016856" lon="7.341535786345513"><ele>1515.1</ele></trkpt><trkpt lat="46.732111701808634" lon="7.341430786436858"><ele>1514.5</ele></trkpt><trkpt lat="46.732075701951935" lon="7.341313786543204"><ele>1513.8</ele></trkpt><trkpt lat="46.73202170213635" lon="7.341143786680651"><ele>1512.9</ele></trkpt><trkpt lat="46.73198570238153" lon="7.341012786860391"><ele>1511.7</ele></trkpt><trkpt lat="46.731967702544665" lon="7.340894786981258"><ele>1510.9</ele></trkpt><trkpt lat="46.731949702707894" lon="7.340790787101631"><ele>1510.1</ele></trkpt><trkpt lat="46.73190470309563" lon="7.340593787385764"><ele>1508.2</ele></trkpt><trkpt lat="46.731877703666136" lon="7.340384787801429"><ele>1505.4</ele></trkpt><trkpt lat="46.731867704134366" lon="7.340188788143647"><ele>1503.1</ele></trkpt><trkpt lat="46.731867704480194" lon="7.340018788397422"><ele>1501.4</ele></trkpt><trkpt lat="46.73186770464277" lon="7.339861788519524"><ele>1500.6</ele></trkpt><trkpt lat="46.73184970498922" lon="7.339756788771092"><ele>1498.9</ele></trkpt><trkpt lat="46.73183170551892" lon="7.339639789154266"><ele>1496.3</ele></trkpt><trkpt lat="46.73178670606962" lon="7.339469789553958"><ele>1493.6</ele></trkpt><trkpt lat="46.73175070645715" lon="7.339299789836972"><ele>1491.7</ele></trkpt><trkpt lat="46.731705707068805" lon="7.339089790281734"><ele>1488.7</ele></trkpt><trkpt lat="46.73165970774166" lon="7.338906790769264"><ele>1485.4</ele></trkpt><trkpt lat="46.731569708252664" lon="7.338645791143038"><ele>1482.9</ele></trkpt><trkpt lat="46.731569708252664" lon="7.338645791143038"><ele>1482.9</ele></trkpt><trkpt lat="46.731425708581575" lon="7.338161791393506"><ele>1481.3</ele></trkpt><trkpt lat="46.73138070870466" lon="7.338004791486542"><ele>1480.7</ele></trkpt><trkpt lat="46.73137170878628" lon="7.337939791547113"><ele>1480.3</ele></trkpt><trkpt lat="46.73137170892873" lon="7.3378997916505035"><ele>1479.6</ele></trkpt><trkpt lat="46.731398709497824" lon="7.337742792063834"><ele>1476.8</ele></trkpt><trkpt lat="46.73141570976169" lon="7.3375467922599285"><ele>1475.5</ele></trkpt><trkpt lat="46.73142470984272" lon="7.337454792321334"><ele>1475.1</ele></trkpt><trkpt lat="46.73141570980212" lon="7.337363792295352"><ele>1475.3</ele></trkpt><trkpt lat="46.7313977098838" lon="7.337232792358203"><ele>1474.9</ele></trkpt><trkpt lat="46.731361709904974" lon="7.337128792376489"><ele>1474.8</ele></trkpt><trkpt lat="46.73120870937912" lon="7.336735792011764"><ele>1477.4</ele></trkpt><trkpt lat="46.73118170923722" lon="7.33665779191256"><ele>1478.1</ele></trkpt><trkpt lat="46.73118170923722" lon="7.33665779191256"><ele>1478.1</ele></trkpt><trkpt lat="46.731109709544384" lon="7.3365267921359125"><ele>1476.6</ele></trkpt><trkpt lat="46.73110970960539" lon="7.336500792180515"><ele>1476.3</ele></trkpt><trkpt lat="46.73111770986967" lon="7.336369792374383"><ele>1475.0</ele></trkpt><trkpt lat="46.73112670999143" lon="7.336317792463545"><ele>1474.4</ele></trkpt><trkpt lat="46.731162710092136" lon="7.336225792539394"><ele>1473.9</ele></trkpt><trkpt lat="46.731252710415205" lon="7.336055792777942"><ele>1472.3</ele></trkpt><trkpt lat="46.731288710658376" lon="7.3359637929557655"><ele>1471.1</ele></trkpt><trkpt lat="46.73130671088169" lon="7.335885793118608"><ele>1470.0</ele></trkpt><trkpt lat="46.731324711064275" lon="7.335780793253237"><ele>1469.1</ele></trkpt><trkpt lat="46.731342711124576" lon="7.3355847933035525"><ele>1468.8</ele></trkpt><trkpt lat="46.7313607112054" lon="7.335531793363558"><ele>1468.4</ele></trkpt><trkpt lat="46.73139571136725" lon="7.33546679348217"><ele>1467.6</ele></trkpt><trkpt lat="46.73144971160996" lon="7.335400793659006"><ele>1466.4</ele></trkpt><trkpt lat="46.73152171195405" lon="7.33532279390901"><ele>1464.7</ele></trkpt><trkpt lat="46.73155771219732" lon="7.3352697940854705"><ele>1463.5</ele></trkpt><trkpt lat="46.731575712379986" lon="7.335217794218266"><ele>1462.6</ele></trkpt><trkpt lat="46.73161171270459" lon="7.335086794455637"><ele>1461.0</ele></trkpt><trkpt lat="46.731665712987834" lon="7.334890794665995"><ele>1459.6</ele></trkpt><trkpt lat="46.73174671345368" lon="7.334706795006914"><ele>1457.3</ele></trkpt><trkpt lat="46.7317997138389" lon="7.3345897952874015"><ele>1455.4</ele></trkpt><trkpt lat="46.73183571391931" lon="7.334536795347309"><ele>1455.0</ele></trkpt><trkpt lat="46.73188071389753" lon="7.334431795336106"><ele>1455.1</ele></trkpt><trkpt lat="46.731952714139574" lon="7.334196795518526"><ele>1453.9</ele></trkpt><trkpt lat="46.732024714279866" lon="7.334013795626363"><ele>1453.2</ele></trkpt><trkpt lat="46.732051714116174" lon="7.333947795511964"><ele>1454.0</ele></trkpt><trkpt lat="46.73206071413621" lon="7.333908795527805"><ele>1453.9</ele></trkpt><trkpt lat="46.73206071417686" lon="7.333856795558689"><ele>1453.7</ele></trkpt><trkpt lat="46.7320427143605" lon="7.333790795692069"><ele>1452.8</ele></trkpt><trkpt lat="46.73203371456422" lon="7.333712795840375"><ele>1451.8</ele></trkpt><trkpt lat="46.7320147150532" lon="7.333581796194394"><ele>1449.4</ele></trkpt><trkpt lat="46.73200571541979" lon="7.333502796459225"><ele>1447.6</ele></trkpt><trkpt lat="46.73199671566425" lon="7.333411796637078"><ele>1446.4</ele></trkpt><trkpt lat="46.731942716479764" lon="7.333175797227722"><ele>1442.4</ele></trkpt><trkpt lat="46.73190671696921" lon="7.333071797580845"><ele>1440.0</ele></trkpt><trkpt lat="46.73189771715256" lon="7.33299279771458"><ele>1439.1</ele></trkpt><trkpt lat="46.73188871749887" lon="7.332914797964776"><ele>1437.4</ele></trkpt><trkpt lat="46.731888717844804" lon="7.332822798215393"><ele>1435.7</ele></trkpt><trkpt lat="46.73190671829219" lon="7.3327317985387035"><ele>1433.5</ele></trkpt><trkpt lat="46.731924718637735" lon="7.332652798788797"><ele>1431.8</ele></trkpt><trkpt lat="46.731924718943034" lon="7.332587799009376"><ele>1430.3</ele></trkpt><trkpt lat="46.73191471918754" lon="7.332521799186339"><ele>1429.1</ele></trkpt><trkpt lat="46.73188771963602" lon="7.332417799510236"><ele>1426.9</ele></trkpt><trkpt lat="46.731842720268226" lon="7.332299799965699"><ele>1423.8</ele></trkpt><trkpt lat="46.73181572049285" lon="7.33224780012769"><ele>1422.7</ele></trkpt><trkpt lat="46.73179772067652" lon="7.332221800259658"><ele>1421.8</ele></trkpt><trkpt lat="46.73177072073828" lon="7.332208800303881"><ele>1421.5</ele></trkpt><trkpt lat="46.73173472090216" lon="7.332208800420505"><ele>1420.7</ele></trkpt><trkpt lat="46.73169872110667" lon="7.332195800566683"><ele>1419.7</ele></trkpt><trkpt lat="46.73168072127003" lon="7.332182800683665"><ele>1418.9</ele></trkpt><trkpt lat="46.73165372143355" lon="7.332156800801108"><ele>1418.1</ele></trkpt><trkpt lat="46.73165372163707" lon="7.3320908009488805"><ele>1417.1</ele></trkpt><trkpt lat="46.73163572228888" lon="7.331946801419593"><ele>1413.9</ele></trkpt><trkpt lat="46.73162672292007" lon="7.331789801876116"><ele>1410.8</ele></trkpt><trkpt lat="46.731617723245975" lon="7.331711802111648"><ele>1409.2</ele></trkpt><trkpt lat="46.73160872344971" lon="7.33164580225943"><ele>1408.2</ele></trkpt><trkpt lat="46.731599723795924" lon="7.331554802509934"><ele>1406.5</ele></trkpt><trkpt lat="46.7315907242439" lon="7.331410802834958"><ele>1404.3</ele></trkpt><trkpt lat="46.7315907242439" lon="7.331410802834958"><ele>1404.3</ele></trkpt><trkpt lat="46.731680724343434" lon="7.33147580290527"><ele>1403.8</ele></trkpt><trkpt lat="46.73171672444434" lon="7.3314888029774945"><ele>1403.3</ele></trkpt><trkpt lat="46.73175272462674" lon="7.33151480310753"><ele>1402.4</ele></trkpt><trkpt lat="46.731788724747965" lon="7.331514803194738"><ele>1401.8</ele></trkpt><trkpt lat="46.73181572486949" lon="7.331540803281139"><ele>1401.2</ele></trkpt><trkpt lat="46.73187872513269" lon="7.331619803467586"><ele>1399.9</ele></trkpt><trkpt lat="46.73192372535549" lon="7.331632803627129"><ele>1398.8</ele></trkpt><trkpt lat="46.732112726551996" lon="7.331605804486231"><ele>1392.9</ele></trkpt><trkpt lat="46.73216572683568" lon="7.331605804689846"><ele>1391.5</ele></trkpt><trkpt lat="46.732201727038344" lon="7.331579804836131"><ele>1390.5</ele></trkpt><trkpt lat="46.732237727322506" lon="7.331579805039812"><ele>1389.1</ele></trkpt><trkpt lat="46.7322827275657" lon="7.331566805214759"><ele>1387.9</ele></trkpt><trkpt lat="46.73232772780891" lon="7.331579805388869"><ele>1386.7</ele></trkpt><trkpt lat="46.7324177282547" lon="7.331631805707147"><ele>1384.5</ele></trkpt><trkpt lat="46.73253472874054" lon="7.331709806053605"><ele>1382.1</ele></trkpt><trkpt lat="46.7325797290653" lon="7.331761806284712"><ele>1380.5</ele></trkpt><trkpt lat="46.732615729247655" lon="7.331787806414774"><ele>1379.6</ele></trkpt><trkpt lat="46.73266072949092" lon="7.331800806588895"><ele>1378.4</ele></trkpt><trkpt lat="46.7327237297948" lon="7.331826806806214"><ele>1376.9</ele></trkpt><trkpt lat="46.732768730038096" lon="7.331866806979478"><ele>1375.7</ele></trkpt><trkpt lat="46.73284073036213" lon="7.3319188072104975"><ele>1374.1</ele></trkpt><trkpt lat="46.7329307309302" lon="7.331996807615344"><ele>1371.3</ele></trkpt><trkpt lat="46.73302173102993" lon="7.332140807683213"><ele>1370.8</ele></trkpt><trkpt lat="46.73323773202272" lon="7.332388808387989"><ele>1365.9</ele></trkpt><trkpt lat="46.73329173228618" lon="7.332440808575431"><ele>1364.6</ele></trkpt><trkpt lat="46.733471733137186" lon="7.332584809181768"><ele>1360.4</ele></trkpt><trkpt lat="46.733525733502496" lon="7.332623809442445"><ele>1358.6</ele></trkpt><trkpt lat="46.73355273370545" lon="7.332636809587549"><ele>1357.6</ele></trkpt><trkpt lat="46.7336427342531" lon="7.332649809979965"><ele>1354.9</ele></trkpt><trkpt lat="46.73368773455747" lon="7.3326628101978155"><ele>1353.4</ele></trkpt><trkpt lat="46.73380473541004" lon="7.332740810806532"><ele>1349.2</ele></trkpt><trkpt lat="46.73402973674883" lon="7.332897811761899"><ele>1342.6</ele></trkpt><trkpt lat="46.73420073794646" lon="7.333053812615623"><ele>1336.7</ele></trkpt><trkpt lat="46.73424573827131" lon="7.33311981284642"><ele>1335.1</ele></trkpt><trkpt lat="46.734281738514944" lon="7.3332238130178355"><ele>1333.9</ele></trkpt><trkpt lat="46.734344739267286" lon="7.3334328135500115"><ele>1330.2</ele></trkpt><trkpt lat="46.734398739469945" lon="7.333629813689388"><ele>1329.2</ele></trkpt><trkpt lat="46.73445273987612" lon="7.33374681397688"><ele>1327.2</ele></trkpt><trkpt lat="46.73452573991536" lon="7.333968813998908"><ele>1327.0</ele></trkpt><trkpt lat="46.73456173995539" lon="7.334047814025478"><ele>1326.8</ele></trkpt><trkpt lat="46.73457974019939" lon="7.3340868141990025"><ele>1325.6</ele></trkpt><trkpt lat="46.73466074056413" lon="7.334151814458888"><ele>1323.8</ele></trkpt><trkpt lat="46.734705740889005" lon="7.334230814689357"><ele>1322.2</ele></trkpt><trkpt lat="46.73474174121413" lon="7.334308814919896"><ele>1320.6</ele></trkpt><trkpt lat="46.73477774166148" lon="7.334400815237415"><ele>1318.4</ele></trkpt><trkpt lat="46.73480474184417" lon="7.33442681536762"><ele>1317.5</ele></trkpt><trkpt lat="46.73486774233154" lon="7.334478815715401"><ele>1315.1</ele></trkpt><trkpt lat="46.73498474263433" lon="7.334556815931095"><ele>1313.6</ele></trkpt><trkpt lat="46.7351107434869" lon="7.334648816539654"><ele>1309.4</ele></trkpt><trkpt lat="46.7351647436486" lon="7.334713816654023"><ele>1308.6</ele></trkpt><trkpt lat="46.73522774411567" lon="7.334778816986879"><ele>1306.3</ele></trkpt><trkpt lat="46.73528174456259" lon="7.334870817304388"><ele>1304.1</ele></trkpt><trkpt lat="46.73539874510997" lon="7.335026817692594"><ele>1301.4</ele></trkpt><trkpt lat="46.73546174516968" lon="7.335092817734076"><ele>1301.1</ele></trkpt><trkpt lat="46.73560574518677" lon="7.335222817744196"><ele>1301.0</ele></trkpt><trkpt lat="46.73565974518558" lon="7.3352888177420095"><ele>1301.0</ele></trkpt><trkpt lat="46.73573174520433" lon="7.335366817753958"><ele>1300.9</ele></trkpt><trkpt lat="46.73576774530543" lon="7.335444817824325"><ele>1300.4</ele></trkpt><trkpt lat="46.735848745629504" lon="7.335510818055154"><ele>1298.8</ele></trkpt><trkpt lat="46.73591174623916" lon="7.335575818490062"><ele>1295.8</ele></trkpt><trkpt lat="46.735956746543714" lon="7.335627818706886"><ele>1294.3</ele></trkpt><trkpt lat="46.736019746766296" lon="7.335640818866536"><ele>1293.2</ele></trkpt><trkpt lat="46.73606474690783" lon="7.335640818968361"><ele>1292.5</ele></trkpt><trkpt lat="46.73612774733408" lon="7.335653819273714"><ele>1290.4</ele></trkpt><trkpt lat="46.73619074763817" lon="7.335666819491645"><ele>1288.9</ele></trkpt><trkpt lat="46.73625374802374" lon="7.335705819767085"><ele>1287.0</ele></trkpt><trkpt lat="46.736406748570275" lon="7.335770820157992"><ele>1284.3</ele></trkpt><trkpt lat="46.73646974881326" lon="7.335809820331452"><ele>1283.1</ele></trkpt><trkpt lat="46.736577749421976" lon="7.335940820764296"><ele>1280.1</ele></trkpt><trkpt lat="46.73663174950237" lon="7.336018820820075"><ele>1279.7</ele></trkpt><trkpt lat="46.73667674962355" lon="7.336045820906538"><ele>1279.1</ele></trkpt><trkpt lat="46.736712749683846" lon="7.33604482095015"><ele>1278.8</ele></trkpt><trkpt lat="46.736712749683846" lon="7.33604482095015"><ele>1278.8</ele></trkpt><trkpt lat="46.73678474990622" lon="7.336071821109372"><ele>1277.7</ele></trkpt><trkpt lat="46.736838750129095" lon="7.3360978212686945"><ele>1276.6</ele></trkpt><trkpt lat="46.73698275037037" lon="7.3362408214388095"><ele>1275.4</ele></trkpt><trkpt lat="46.737126750835834" lon="7.336423821768051"><ele>1273.1</ele></trkpt><trkpt lat="46.73719875116021" lon="7.336528821997857"><ele>1271.5</ele></trkpt><trkpt lat="46.73731675158555" lon="7.336750822296936"><ele>1269.4</ele></trkpt><trkpt lat="46.737361751686606" lon="7.336894822365413"><ele>1268.9</ele></trkpt><trkpt lat="46.73740675170606" lon="7.3369988223767715"><ele>1268.8</ele></trkpt><trkpt lat="46.73741575170598" lon="7.3371168223732806"><ele>1268.8</ele></trkpt><trkpt lat="46.73743375131868" lon="7.337234822092837"><ele>1270.7</ele></trkpt><trkpt lat="46.73748775143978" lon="7.337351822176651"><ele>1270.1</ele></trkpt><trkpt lat="46.73760475153928" lon="7.337574822242554"><ele>1269.6</ele></trkpt><trkpt lat="46.73767675145619" lon="7.337665822181318"><ele>1270.0</ele></trkpt><trkpt lat="46.73773075137354" lon="7.337743822120526"><ele>1270.4</ele></trkpt><trkpt lat="46.73778475143352" lon="7.33780982216212"><ele>1270.1</ele></trkpt><trkpt lat="46.73783875137127" lon="7.337874822116289"><ele>1270.4</ele></trkpt><trkpt lat="46.73787475132971" lon="7.33793982208509"><ele>1270.6</ele></trkpt><trkpt lat="46.73789275134973" lon="7.337992822098048"><ele>1270.5</ele></trkpt><trkpt lat="46.73792975141012" lon="7.338070822139354"><ele>1270.2</ele></trkpt><trkpt lat="46.738037751550465" lon="7.338253822235619"><ele>1269.5</ele></trkpt><trkpt lat="46.73810075167137" lon="7.338358822319773"><ele>1268.9</ele></trkpt><trkpt lat="46.73818175197518" lon="7.338423822536237"><ele>1267.4</ele></trkpt><trkpt lat="46.73824475215716" lon="7.338488822665297"><ele>1266.5</ele></trkpt><trkpt lat="46.73834375248103" lon="7.338619822894352"><ele>1264.9</ele></trkpt><trkpt lat="46.73837975243956" lon="7.338710822862407"><ele>1265.1</ele></trkpt><trkpt lat="46.73839775227627" lon="7.3388028227430215"><ele>1265.9</ele></trkpt><trkpt lat="46.73841575227598" lon="7.3388948227402615"><ele>1265.9</ele></trkpt><trkpt lat="46.7384427525405" lon="7.339103822923577"><ele>1264.6</ele></trkpt><trkpt lat="46.738469752560356" lon="7.3391948229354"><ele>1264.5</ele></trkpt><trkpt lat="46.738523752559225" lon="7.339273822932891"><ele>1264.5</ele></trkpt><trkpt lat="46.738568752558244" lon="7.3393128229315865"><ele>1264.5</ele></trkpt><trkpt lat="46.738568752558244" lon="7.3393128229315865"><ele>1264.5</ele></trkpt><trkpt lat="46.73861375259798" lon="7.339338822959826"><ele>1264.3</ele></trkpt><trkpt lat="46.73867675253546" lon="7.339377822914715"><ele>1264.6</ele></trkpt><trkpt lat="46.73873975267663" lon="7.33940382301579"><ele>1263.9</ele></trkpt><trkpt lat="46.738829752939516" lon="7.3394828232026965"><ele>1262.6</ele></trkpt><trkpt lat="46.73888375310133" lon="7.339534823317627"><ele>1261.8</ele></trkpt><trkpt lat="46.73892875318191" lon="7.3395998233738915"><ele>1261.4</ele></trkpt><trkpt lat="46.73896475318116" lon="7.339678823371453"><ele>1261.4</ele></trkpt><trkpt lat="46.73900975332281" lon="7.339730823471838"><ele>1260.7</ele></trkpt><trkpt lat="46.73905475352558" lon="7.3397698236163516"><ele>1259.7</ele></trkpt><trkpt lat="46.73909975372837" lon="7.339834823760107"><ele>1258.7</ele></trkpt><trkpt lat="46.73913675391097" lon="7.339900823889284"><ele>1257.8</ele></trkpt><trkpt lat="46.73916375380864" lon="7.340004823813256"><ele>1258.3</ele></trkpt><trkpt lat="46.73918175388983" lon="7.340083823869219"><ele>1257.9</ele></trkpt><trkpt lat="46.73921775386873" lon="7.340174823851862"><ele>1258.0</ele></trkpt><trkpt lat="46.73928075445829" lon="7.3402798242714695"><ele>1255.1</ele></trkpt><trkpt lat="46.739307754844894" lon="7.34034482454655"><ele>1253.2</ele></trkpt><trkpt lat="46.73933475492593" lon="7.3404238246024995"><ele>1252.8</ele></trkpt><trkpt lat="46.739352754864576" lon="7.3405808245541415"><ele>1253.1</ele></trkpt><trkpt lat="46.73937075506804" lon="7.340658824697645"><ele>1252.1</ele></trkpt><trkpt lat="46.73940675569895" lon="7.340750825146943"><ele>1249.0</ele></trkpt><trkpt lat="46.7394607562276" lon="7.340841825523302"><ele>1246.4</ele></trkpt><trkpt lat="46.73949675630841" lon="7.340907825579603"><ele>1246.0</ele></trkpt><trkpt lat="46.739523756144905" lon="7.340998825460216"><ele>1246.8</ele></trkpt><trkpt lat="46.739523756226475" lon="7.341064825516651"><ele>1246.4</ele></trkpt><trkpt lat="46.739523756511865" lon="7.34115582571821"><ele>1245.0</ele></trkpt><trkpt lat="46.73951475669556" lon="7.341234825847234"><ele>1244.1</ele></trkpt><trkpt lat="46.739506756879265" lon="7.341338825975539"><ele>1243.2</ele></trkpt><trkpt lat="46.73948875714469" lon="7.341443826162196"><ele>1241.9</ele></trkpt><trkpt lat="46.739470757308275" lon="7.341548826275932"><ele>1241.1</ele></trkpt><trkpt lat="46.73947075741025" lon="7.341639826346247"><ele>1240.6</ele></trkpt><trkpt lat="46.739506757572684" lon="7.3417968264583084"><ele>1239.8</ele></trkpt><trkpt lat="46.739506757572684" lon="7.3417968264583084"><ele>1239.8</ele></trkpt><trkpt lat="46.73958775810074" lon="7.341888826834632"><ele>1237.2</ele></trkpt><trkpt lat="46.739641758547855" lon="7.341940827153851"><ele>1235.0</ele></trkpt><trkpt lat="46.73973175895335" lon="7.34197982744415"><ele>1233.0</ele></trkpt><trkpt lat="46.73982175946077" lon="7.3420058278077605"><ele>1230.5</ele></trkpt><trkpt lat="46.739992760333124" lon="7.342018828434013"><ele>1226.2</ele></trkpt><trkpt lat="46.74007376075921" lon="7.342018828740051"><ele>1224.1</ele></trkpt><trkpt lat="46.74018176132734" lon="7.342031829147737"><ele>1221.3</ele></trkpt><trkpt lat="46.740262761671985" lon="7.3420708293943315"><ele>1219.6</ele></trkpt><trkpt lat="46.74035276185342" lon="7.342109829524201"><ele>1218.7</ele></trkpt><trkpt lat="46.74043376209627" lon="7.342174829697136"><ele>1217.5</ele></trkpt><trkpt lat="46.740514762379775" lon="7.342200829900347"><ele>1216.1</ele></trkpt><trkpt lat="46.74058676272458" lon="7.34220083014808"><ele>1214.4</ele></trkpt><trkpt lat="46.740667763089576" lon="7.342161830411458"><ele>1212.6</ele></trkpt><trkpt lat="46.74075776353574" lon="7.342095830733913"><ele>1210.4</ele></trkpt><trkpt lat="46.740855764022534" lon="7.342016831085864"><ele>1208.0</ele></trkpt><trkpt lat="46.740927764408134" lon="7.341977831363858"><ele>1206.1</ele></trkpt><trkpt lat="46.741008764895376" lon="7.341938831714749"><ele>1203.7</ele></trkpt><trkpt lat="46.74110776530075" lon="7.3419508320058116"><ele>1201.7</ele></trkpt><trkpt lat="46.74118876570656" lon="7.341976832296555"><ele>1199.7</ele></trkpt><trkpt lat="46.741278766234444" lon="7.3419768326755115"><ele>1197.1</ele></trkpt><trkpt lat="46.741368766762314" lon="7.341963833054824"><ele>1194.5</ele></trkpt><trkpt lat="46.741440767086786" lon="7.341924833289043"><ele>1192.9</ele></trkpt><trkpt lat="46.74147676731014" lon="7.341884833450478"><ele>1191.8</ele></trkpt><trkpt lat="46.74154876759386" lon="7.341884833654448"><ele>1190.4</ele></trkpt><trkpt lat="46.74162976802009" lon="7.341884833960499"><ele>1188.3</ele></trkpt><trkpt lat="46.74169276836513" lon="7.341871834208616"><ele>1186.6</ele></trkpt><trkpt lat="46.74169276836513" lon="7.341871834208616"><ele>1186.6</ele></trkpt><trkpt lat="46.74179176901504" lon="7.34174083467864"><ele>1183.4</ele></trkpt><trkpt lat="46.74184576929908" lon="7.3417008348837625"><ele>1182.0</ele></trkpt><trkpt lat="46.7418997695425" lon="7.3416878350589725"><ele>1180.8</ele></trkpt><trkpt lat="46.741953769847" lon="7.341687835277589"><ele>1179.3</ele></trkpt><trkpt lat="46.74200777015157" lon="7.341700835495853"><ele>1177.8</ele></trkpt><trkpt lat="46.742052770374876" lon="7.341739835655101"><ele>1176.7</ele></trkpt><trkpt lat="46.74208877057797" lon="7.341805835799057"><ele>1175.7</ele></trkpt><trkpt lat="46.742124770740354" lon="7.341896835913164"><ele>1174.9</ele></trkpt><trkpt lat="46.74215177120871" lon="7.342027836245041"><ele>1172.6</ele></trkpt><trkpt lat="46.7421787714732" lon="7.342119836432105"><ele>1171.3</ele></trkpt><trkpt lat="46.742223771696544" lon="7.342210836589961"><ele>1170.2</ele></trkpt><trkpt lat="46.742331772285446" lon="7.342354837008782"><ele>1167.3</ele></trkpt><trkpt lat="46.742331772285446" lon="7.342354837008782"><ele>1167.3</ele></trkpt><trkpt lat="46.742358772346186" lon="7.342458837049658"><ele>1167.0</ele></trkpt><trkpt lat="46.74242177244697" lon="7.342655837117088"><ele>1166.5</ele></trkpt><trkpt lat="46.74246677252769" lon="7.342785837171805"><ele>1166.1</ele></trkpt><trkpt lat="46.74251177254722" lon="7.342890837183417"><ele>1166.0</ele></trkpt><trkpt lat="46.74257477264798" lon="7.343034837252289"><ele>1165.5</ele></trkpt><trkpt lat="46.74267477272756" lon="7.3432308373050486"><ele>1165.1</ele></trkpt><trkpt lat="46.7427197728083" lon="7.343308837361165"><ele>1164.7</ele></trkpt><trkpt lat="46.7427827728682" lon="7.343400837402259"><ele>1164.4</ele></trkpt><trkpt lat="46.74285477292789" lon="7.343478837443697"><ele>1164.1</ele></trkpt><trkpt lat="46.74297177302748" lon="7.343596837513097"><ele>1163.6</ele></trkpt><trkpt lat="46.743070773127435" lon="7.343700837582935"><ele>1163.1</ele></trkpt><trkpt lat="46.74318777322696" lon="7.34383183765199"><ele>1162.6</ele></trkpt><trkpt lat="46.74327777332712" lon="7.34394983772149"><ele>1162.1</ele></trkpt><trkpt lat="46.74335877336624" lon="7.344053837747615"><ele>1161.9</ele></trkpt><trkpt lat="46.74343077346683" lon="7.344171837817181"><ele>1161.4</ele></trkpt><trkpt lat="46.74352077356695" lon="7.344288837886716"><ele>1160.9</ele></trkpt><trkpt lat="46.743592773626716" lon="7.344406837927099"><ele>1160.6</ele></trkpt><trkpt lat="46.74367377370669" lon="7.344537837981698"><ele>1160.2</ele></trkpt><trkpt lat="46.74376377380683" lon="7.344641838051589"><ele>1159.7</ele></trkpt><trkpt lat="46.743925774048165" lon="7.344798838221986"><ele>1158.5</ele></trkpt><trkpt lat="46.744042774229314" lon="7.344916838349801"><ele>1157.6</ele></trkpt><trkpt lat="46.74430377499879" lon="7.3452428388948805"><ele>1153.8</ele></trkpt><trkpt lat="46.744457775281155" lon="7.345425839093853"><ele>1152.4</ele></trkpt><trkpt lat="46.74456577550326" lon="7.34555683925058"><ele>1151.3</ele></trkpt><trkpt lat="46.744754775784884" lon="7.345726839449805"><ele>1149.9</ele></trkpt><trkpt lat="46.74488077598618" lon="7.345843839592262"><ele>1148.9</ele></trkpt><trkpt lat="46.74497077620865" lon="7.345908839750815"><ele>1147.8</ele></trkpt><trkpt lat="46.74515977657176" lon="7.346026840009837"><ele>1146.0</ele></trkpt><trkpt lat="46.7452407766924" lon="7.346052840096468"><ele>1145.4</ele></trkpt><trkpt lat="46.745321776853835" lon="7.3460788402123"><ele>1144.6</ele></trkpt><trkpt lat="46.74539377695427" lon="7.346091840284714"><ele>1144.1</ele></trkpt><trkpt lat="46.74548377711547" lon="7.346065840401886"><ele>1143.3</ele></trkpt><trkpt lat="46.74557277727664" lon="7.346025840519433"><ele>1142.5</ele></trkpt><trkpt lat="46.74564477743816" lon="7.345960840637691"><ele>1141.7</ele></trkpt><trkpt lat="46.74572577755874" lon="7.345920840726059"><ele>1141.1</ele></trkpt><trkpt lat="46.745797777699885" lon="7.345855840829718"><ele>1140.4</ele></trkpt><trkpt lat="46.74586977782062" lon="7.345802840918455"><ele>1139.8</ele></trkpt><trkpt lat="46.74593277798235" lon="7.345763841036056"><ele>1139.0</ele></trkpt><trkpt lat="46.74599577812375" lon="7.34576384113803"><ele>1138.3</ele></trkpt><trkpt lat="46.74605877820398" lon="7.345776841195875"><ele>1137.9</ele></trkpt><trkpt lat="46.74605877820398" lon="7.345776841195875"><ele>1137.9</ele></trkpt><trkpt lat="46.74610377832545" lon="7.345815841282292"><ele>1137.3</ele></trkpt><trkpt lat="46.746148778426516" lon="7.345880841353431"><ele>1136.8</ele></trkpt><trkpt lat="46.7462117786088" lon="7.345972841482201"><ele>1135.9</ele></trkpt><trkpt lat="46.74629277883152" lon="7.346063841640138"><ele>1134.8</ele></trkpt><trkpt lat="46.7464637791748" lon="7.346233841883317"><ele>1133.1</ele></trkpt><trkpt lat="46.746535779356904" lon="7.346338842011736"><ele>1132.2</ele></trkpt><trkpt lat="46.74659877951886" lon="7.346455842125279"><ele>1131.4</ele></trkpt><trkpt lat="46.746625779620295" lon="7.346508842196809"><ele>1130.9</ele></trkpt><trkpt lat="46.74670678012866" lon="7.346756842555093"><ele>1128.4</ele></trkpt><trkpt lat="46.7467527802502" lon="7.346874842639482"><ele>1127.8</ele></trkpt><trkpt lat="46.74681578035099" lon="7.3470058427088825"><ele>1127.3</ele></trkpt><trkpt lat="46.74687878039056" lon="7.347109842735179"><ele>1127.1</ele></trkpt><trkpt lat="46.7469417805321" lon="7.347214842834457"><ele>1126.4</ele></trkpt><trkpt lat="46.74700478075527" lon="7.347318842992178"><ele>1125.3</ele></trkpt><trkpt lat="46.74704978093794" lon="7.347397843121406"><ele>1124.4</ele></trkpt><trkpt lat="46.74718478134323" lon="7.34761984340727"><ele>1122.4</ele></trkpt><trkpt lat="46.747256781464124" lon="7.347671843493313"><ele>1121.8</ele></trkpt><trkpt lat="46.74731078154464" lon="7.347710843550538"><ele>1121.4</ele></trkpt><trkpt lat="46.747391781665335" lon="7.347736843637223"><ele>1120.8</ele></trkpt><trkpt lat="46.74745478176603" lon="7.347736843710032"><ele>1120.3</ele></trkpt><trkpt lat="46.74753578186631" lon="7.34774984378245"><ele>1119.8</ele></trkpt><trkpt lat="46.74760778200756" lon="7.347762843884101"><ele>1119.1</ele></trkpt><trkpt lat="46.74768878212829" lon="7.347788843970788"><ele>1118.5</ele></trkpt><trkpt lat="46.7477607822696" lon="7.347840844071441"><ele>1117.8</ele></trkpt><trkpt lat="46.74785978249203" lon="7.347932844229393"><ele>1116.7</ele></trkpt><trkpt lat="46.747949782633" lon="7.3479978443296545"><ele>1116.0</ele></trkpt><trkpt lat="46.74808478293624" lon="7.348089844545916"><ele>1114.5</ele></trkpt><trkpt lat="46.74817478315877" lon="7.348154844704606"><ele>1113.4</ele></trkpt><trkpt lat="46.748255783259154" lon="7.348206844776033"><ele>1112.9</ele></trkpt><trkpt lat="46.748309783380435" lon="7.348245844862483"><ele>1112.3</ele></trkpt><trkpt lat="46.74837278350155" lon="7.348297844948581"><ele>1111.7</ele></trkpt><trkpt lat="46.74852578360058" lon="7.3484678450167635"><ele>1111.2</ele></trkpt><trkpt lat="46.74859778386432" lon="7.348533845204715"><ele>1109.9</ele></trkpt><trkpt lat="46.74868778406648" lon="7.348598845348816"><ele>1108.9</ele></trkpt><trkpt lat="46.74877778428906" lon="7.348650845507863"><ele>1107.8</ele></trkpt><trkpt lat="46.74896678461161" lon="7.348754845738295"><ele>1106.2</ele></trkpt><trkpt lat="46.74905678477304" lon="7.34882084585318"><ele>1105.4</ele></trkpt><trkpt lat="46.74915578499542" lon="7.348924846010889"><ele>1104.3</ele></trkpt><trkpt lat="46.74921878513703" lon="7.348990846111253"><ele>1103.6</ele></trkpt><trkpt lat="46.74931778531869" lon="7.349055846240748"><ele>1102.7</ele></trkpt><trkpt lat="46.74940778548007" lon="7.349107846355995"><ele>1101.9</ele></trkpt><trkpt lat="46.74947078558076" lon="7.349120846428496"><ele>1101.4</ele></trkpt><trkpt lat="46.74954278568126" lon="7.349120846501304"><ele>1100.9</ele></trkpt><trkpt lat="46.7495877857619" lon="7.3491078465599164"><ele>1100.5</ele></trkpt><trkpt lat="46.7495877857619" lon="7.3491078465599164"><ele>1100.5</ele></trkpt><trkpt lat="46.74964178584237" lon="7.349067846619182"><ele>1100.1</ele></trkpt><trkpt lat="46.74971378600402" lon="7.34898984673778"><ele>1099.3</ele></trkpt><trkpt lat="46.74985678638832" lon="7.348714847021788"><ele>1097.4</ele></trkpt><trkpt lat="46.749946786692135" lon="7.34847884724654"><ele>1095.9</ele></trkpt><trkpt lat="46.74998278685446" lon="7.348386847365588"><ele>1095.1</ele></trkpt><trkpt lat="46.750009786976214" lon="7.348282847455751"><ele>1094.5</ele></trkpt><trkpt lat="46.75003678719985" lon="7.348138847619939"><ele>1093.4</ele></trkpt><trkpt lat="46.75006378740307" lon="7.347980847769869"><ele>1092.4</ele></trkpt><trkpt lat="46.7500727875251" lon="7.347850847860731"><ele>1091.8</ele></trkpt><trkpt lat="46.750081787667526" lon="7.34773284796589"><ele>1091.1</ele></trkpt><trkpt lat="46.750080787769434" lon="7.3476278480415465"><ele>1090.6</ele></trkpt><trkpt lat="46.750062787830906" lon="7.347562848087043"><ele>1090.3</ele></trkpt><trkpt lat="46.75003578791294" lon="7.347470848147847"><ele>1089.9</ele></trkpt><trkpt lat="46.74999078801572" lon="7.347405848222631"><ele>1089.4</ele></trkpt><trkpt lat="46.74994578809817" lon="7.34736684828216"><ele>1089.0</ele></trkpt><trkpt lat="46.749801788427284" lon="7.347274848518562"><ele>1087.4</ele></trkpt><trkpt lat="46.74973878859162" lon="7.347209848637206"><ele>1086.6</ele></trkpt><trkpt lat="46.749675788735544" lon="7.347130848741595"><ele>1085.9</ele></trkpt><trkpt lat="46.74963078885868" lon="7.347013848832268"><ele>1085.3</ele></trkpt><trkpt lat="46.74958578900218" lon="7.346908848937241"><ele>1084.6</ele></trkpt><trkpt lat="46.74954078918656" lon="7.346790849071739"><ele>1083.7</ele></trkpt><trkpt lat="46.74947778935081" lon="7.34667384919166"><ele>1082.9</ele></trkpt><trkpt lat="46.74939678951543" lon="7.346555849311657"><ele>1082.1</ele></trkpt><trkpt lat="46.74934278961833" lon="7.346451849387417"><ele>1081.6</ele></trkpt><trkpt lat="46.749306789680176" lon="7.34635984943362"><ele>1081.3</ele></trkpt><trkpt lat="46.7492977897618" lon="7.346267849494332"><ele>1080.9</ele></trkpt><trkpt lat="46.749297789863675" lon="7.346202849568946"><ele>1080.4</ele></trkpt><trkpt lat="46.749315789965245" lon="7.346136849643529"><ele>1079.9</ele></trkpt><trkpt lat="46.749360790086655" lon="7.346084849732278"><ele>1079.3</ele></trkpt><trkpt lat="46.74940579022848" lon="7.3460458498353"><ele>1078.6</ele></trkpt><trkpt lat="46.74948579041039" lon="7.346005849967434"><ele>1077.7</ele></trkpt><trkpt lat="46.74953079049102" lon="7.345979850026337"><ele>1077.3</ele></trkpt><trkpt lat="46.74953079049102" lon="7.345979850026337"><ele>1077.3</ele></trkpt><trkpt lat="46.74955779051105" lon="7.346071850038574"><ele>1077.2</ele></trkpt><trkpt lat="46.74958579053099" lon="7.346162850050834"><ele>1077.1</ele></trkpt><trkpt lat="46.749666790550016" lon="7.346345850060652"><ele>1077.0</ele></trkpt><trkpt lat="46.74969379056992" lon="7.346411850073537"><ele>1076.9</ele></trkpt><trkpt lat="46.74972979063047" lon="7.346476850115618"><ele>1076.6</ele></trkpt><trkpt lat="46.749828790689826" lon="7.3465948501561895"><ele>1076.3</ele></trkpt><trkpt lat="46.7498737907094" lon="7.346646850169366"><ele>1076.2</ele></trkpt><trkpt lat="46.749927790749155" lon="7.3466728501977565"><ele>1076.0</ele></trkpt><trkpt lat="46.74998179076856" lon="7.346711850211226"><ele>1075.9</ele></trkpt><trkpt lat="46.75005379078754" lon="7.346737850224957"><ele>1075.8</ele></trkpt><trkpt lat="46.75010779082727" lon="7.3467508502536685"><ele>1075.6</ele></trkpt><trkpt lat="46.75021579086597" lon="7.346763850282216"><ele>1075.4</ele></trkpt><trkpt lat="46.750269790864905" lon="7.346776850281725"><ele>1075.4</ele></trkpt><trkpt lat="46.75032379088429" lon="7.346802850295516"><ele>1075.3</ele></trkpt><trkpt lat="46.750377790903656" lon="7.346841850308983"><ele>1075.2</ele></trkpt><trkpt lat="46.75041379094381" lon="7.346894850336767"><ele>1075.0</ele></trkpt><trkpt lat="46.75044979094317" lon="7.34694685033537"><ele>1075.0</ele></trkpt><trkpt lat="46.75047679098352" lon="7.3470248503625655"><ele>1074.8</ele></trkpt><trkpt lat="46.750494791003625" lon="7.347103850375158"><ele>1074.7</ele></trkpt><trkpt lat="46.75052179106458" lon="7.3473788504120945"><ele>1074.4</ele></trkpt><trkpt lat="46.75055779110496" lon="7.34761385043539"><ele>1074.2</ele></trkpt><trkpt lat="46.75058479114543" lon="7.347796850459997"><ele>1074.0</ele></trkpt><trkpt lat="46.75059479120663" lon="7.3480068504985985"><ele>1073.7</ele></trkpt><trkpt lat="46.750612791226814" lon="7.34811085051058"><ele>1073.6</ele></trkpt><trkpt lat="46.75064879126717" lon="7.34837285053322"><ele>1073.4</ele></trkpt><trkpt lat="46.75066679126696" lon="7.348464850530894"><ele>1073.4</ele></trkpt><trkpt lat="46.750702791286734" lon="7.348542850543462"><ele>1073.3</ele></trkpt><trkpt lat="46.75074779130636" lon="7.348621850555983"><ele>1073.2</ele></trkpt><trkpt lat="46.750810791345934" lon="7.3486738505837135"><ele>1073.0</ele></trkpt><trkpt lat="46.75088279138539" lon="7.348725850611419"><ele>1072.8</ele></trkpt><trkpt lat="46.750981791444715" lon="7.348790850653331"><ele>1072.5</ele></trkpt><trkpt lat="46.75131479170355" lon="7.3489608508379956"><ele>1071.2</ele></trkpt><trkpt lat="46.751494791904086" lon="7.349064850980951"><ele>1070.2</ele></trkpt><trkpt lat="46.751683792002545" lon="7.34922185104954"><ele>1069.7</ele></trkpt><trkpt lat="46.7518277919999" lon="7.3493528510458725"><ele>1069.7</ele></trkpt><trkpt lat="46.751953792058764" lon="7.349482851086112"><ele>1069.4</ele></trkpt><trkpt lat="46.75208879217858" lon="7.349587851170767"><ele>1068.8</ele></trkpt><trkpt lat="46.752196792278596" lon="7.34965285124188"><ele>1068.3</ele></trkpt><trkpt lat="46.752277792338276" lon="7.349704851284181"><ele>1068.0</ele></trkpt><trkpt lat="46.75235879237757" lon="7.349743851312189"><ele>1067.8</ele></trkpt><trkpt lat="46.75245779247767" lon="7.349822851382995"><ele>1067.3</ele></trkpt><trkpt lat="46.75256579247568" lon="7.349926851380108"><ele>1067.3</ele></trkpt><trkpt lat="46.752709792473084" lon="7.350109851375176"><ele>1067.3</ele></trkpt><trkpt lat="46.75292579244872" lon="7.350331851354451"><ele>1067.4</ele></trkpt><trkpt lat="46.75303379250793" lon="7.350449851395055"><ele>1067.1</ele></trkpt><trkpt lat="46.75316879256666" lon="7.350593851434941"><ele>1066.8</ele></trkpt><trkpt lat="46.75321379260663" lon="7.350645851462751"><ele>1066.6</ele></trkpt><trkpt lat="46.7532587926262" lon="7.3506718514765845"><ele>1066.5</ele></trkpt><trkpt lat="46.75332179262498" lon="7.350684851476069"><ele>1066.5</ele></trkpt><trkpt lat="46.75339379264402" lon="7.350710851489822"><ele>1066.4</ele></trkpt><trkpt lat="46.753456792663144" lon="7.350710851504241"><ele>1066.3</ele></trkpt><trkpt lat="46.75353779268193" lon="7.350697851518915"><ele>1066.2</ele></trkpt><trkpt lat="46.753690792719745" lon="7.350670851548324"><ele>1066.0</ele></trkpt><trkpt lat="46.75387979277722" lon="7.350644851592213"><ele>1065.7</ele></trkpt><trkpt lat="46.7540147928358" lon="7.350631851635947"><ele>1065.4</ele></trkpt><trkpt lat="46.754104792854456" lon="7.350617851650622"><ele>1065.3</ele></trkpt><trkpt lat="46.75417679287338" lon="7.350604851665328"><ele>1065.2</ele></trkpt><trkpt lat="46.7542397928926" lon="7.350617851679427"><ele>1065.1</ele></trkpt><trkpt lat="46.75432079291147" lon="7.3506438516931505"><ele>1065.0</ele></trkpt><trkpt lat="46.754392792950945" lon="7.350709851720537"><ele>1064.8</ele></trkpt><trkpt lat="46.75442879295023" lon="7.350735851719792"><ele>1064.8</ele></trkpt><trkpt lat="46.75442879295023" lon="7.350735851719792"><ele>1064.8</ele></trkpt><trkpt lat="46.754500792989745" lon="7.350800851747205"><ele>1064.6</ele></trkpt><trkpt lat="46.75459079298805" lon="7.350878851745019"><ele>1064.6</ele></trkpt><trkpt lat="46.754644792966644" lon="7.3509048517296"><ele>1064.7</ele></trkpt><trkpt lat="46.75466279296629" lon="7.350918851729202"><ele>1064.7</ele></trkpt><trkpt lat="46.75468979292499" lon="7.350917851699919"><ele>1064.9</ele></trkpt><trkpt lat="46.75472579292425" lon="7.350904851700122"><ele>1064.9</ele></trkpt><trkpt lat="46.75475279290328" lon="7.350891851685746"><ele>1065.0</ele></trkpt><trkpt lat="46.75477979292313" lon="7.35086585170091"><ele>1064.9</ele></trkpt><trkpt lat="46.75477979292313" lon="7.35086585170091"><ele>1064.9</ele></trkpt><trkpt lat="46.75481579286115" lon="7.350799851658572"><ele>1065.2</ele></trkpt><trkpt lat="46.754824792860944" lon="7.350760851659501"><ele>1065.2</ele></trkpt><trkpt lat="46.754824792860944" lon="7.350760851659501"><ele>1065.2</ele></trkpt><trkpt lat="46.75483379281995" lon="7.350747851630566"><ele>1065.4</ele></trkpt><trkpt lat="46.75484179275846" lon="7.350669851588616"><ele>1065.7</ele></trkpt><trkpt lat="46.754850792717434" lon="7.350590851561295"><ele>1065.9</ele></trkpt><trkpt lat="46.7548507926765" lon="7.350538851533344"><ele>1066.1</ele></trkpt><trkpt lat="46.75485079253352" lon="7.350354851435568"><ele>1066.8</ele></trkpt><trkpt lat="46.754841792492755" lon="7.350263851408602"><ele>1067.0</ele></trkpt><trkpt lat="46.75483279239081" lon="7.350145851338468"><ele>1067.5</ele></trkpt><trkpt lat="46.75479679228935" lon="7.350040851268102"><ele>1068.0</ele></trkpt><trkpt lat="46.75462579186355" lon="7.3494788509756255"><ele>1070.1</ele></trkpt><trkpt lat="46.75459879180278" lon="7.349373850934463"><ele>1070.4</ele></trkpt><trkpt lat="46.75458979174159" lon="7.349282850892899"><ele>1070.7</ele></trkpt><trkpt lat="46.75458879165994" lon="7.349164850837374"><ele>1071.1</ele></trkpt><trkpt lat="46.75459779159838" lon="7.349072850795787"><ele>1071.4</ele></trkpt><trkpt lat="46.75461579151633" lon="7.3489678507398795"><ele>1071.8</ele></trkpt><trkpt lat="46.75463379145463" lon="7.348850850698882"><ele>1072.1</ele></trkpt><trkpt lat="46.754642791393145" lon="7.348771850656974"><ele>1072.4</ele></trkpt><trkpt lat="46.75465179135205" lon="7.348679850629999"><ele>1072.6</ele></trkpt><trkpt lat="46.75465179133155" lon="7.348588850617634"><ele>1072.7</ele></trkpt><trkpt lat="46.75462479118895" lon="7.348352850521287"><ele>1073.4</ele></trkpt><trkpt lat="46.75462479116845" lon="7.348248850509251"><ele>1073.5</ele></trkpt><trkpt lat="46.75462479114791" lon="7.348130850497553"><ele>1073.6</ele></trkpt><trkpt lat="46.75463279112723" lon="7.348012850485834"><ele>1073.7</ele></trkpt><trkpt lat="46.75464179110649" lon="7.347920850473466"><ele>1073.8</ele></trkpt><trkpt lat="46.754677791064715" lon="7.347685850449942"><ele>1074.0</ele></trkpt><trkpt lat="46.754695791003094" lon="7.3476198504077"><ele>1074.3</ele></trkpt><trkpt lat="46.75471379098221" lon="7.347528850395284"><ele>1074.4</ele></trkpt><trkpt lat="46.754740790940794" lon="7.34744985036794"><ele>1074.6</ele></trkpt><trkpt lat="46.75477679091954" lon="7.347357850355496"><ele>1074.7</ele></trkpt><trkpt lat="46.7548127908984" lon="7.347279850342709"><ele>1074.8</ele></trkpt><trkpt lat="46.75484879085684" lon="7.347213850315014"><ele>1075.0</ele></trkpt><trkpt lat="46.75491179083505" lon="7.347135850302138"><ele>1075.1</ele></trkpt><trkpt lat="46.7549747907725" lon="7.347056850260087"><ele>1075.4</ele></trkpt><trkpt lat="46.755036790730415" lon="7.347003850231993"><ele>1075.6</ele></trkpt><trkpt lat="46.75509979068833" lon="7.3469648502035545"><ele>1075.8</ele></trkpt><trkpt lat="46.75516279068705" lon="7.3469388502039985"><ele>1075.8</ele></trkpt><trkpt lat="46.75524379076708" lon="7.346925850262478"><ele>1075.4</ele></trkpt><trkpt lat="46.75529779070475" lon="7.346924850218524"><ele>1075.7</ele></trkpt><trkpt lat="46.75535179068328" lon="7.346898850204397"><ele>1075.8</ele></trkpt><trkpt lat="46.75539679070276" lon="7.346859850219821"><ele>1075.7</ele></trkpt><trkpt lat="46.755450790722044" lon="7.346820850235222"><ele>1075.6</ele></trkpt><trkpt lat="46.755504790659685" lon="7.346754850192872"><ele>1075.9</ele></trkpt><trkpt lat="46.75554979063833" lon="7.346688850179761"><ele>1076.0</ele></trkpt><trkpt lat="46.75558579061715" lon="7.346623850166654"><ele>1076.1</ele></trkpt><trkpt lat="46.7556397905751" lon="7.346505850140198"><ele>1076.3</ele></trkpt><trkpt lat="46.7556937905535" lon="7.346387850128341"><ele>1076.4</ele></trkpt><trkpt lat="46.75573879053212" lon="7.346322850115208"><ele>1076.5</ele></trkpt><trkpt lat="46.755791790510635" lon="7.3462698501017485"><ele>1076.6</ele></trkpt><trkpt lat="46.75584579052992" lon="7.3462308501171485"><ele>1076.5</ele></trkpt><trkpt lat="46.75592679048748" lon="7.3461778500890045"><ele>1076.7</ele></trkpt><trkpt lat="46.75609779044314" lon="7.3460728500618595"><ele>1076.9</ele></trkpt><trkpt lat="46.7561607904215" lon="7.346033850048028"><ele>1077.0</ele></trkpt><trkpt lat="46.75621479039992" lon="7.345981850034543"><ele>1077.1</ele></trkpt><trkpt lat="46.756259790419364" lon="7.345928850050314"><ele>1077.0</ele></trkpt><trkpt lat="46.7563137903774" lon="7.3458498500229"><ele>1077.2</ele></trkpt><trkpt lat="46.75634979033581" lon="7.345771849995514"><ele>1077.4</ele></trkpt><trkpt lat="46.75638579029413" lon="7.345679849968478"><ele>1077.6</ele></trkpt><trkpt lat="46.75642179029329" lon="7.345548849971609"><ele>1077.6</ele></trkpt><trkpt lat="46.75645679027209" lon="7.3454438499595"><ele>1077.7</ele></trkpt><trkpt lat="46.75650179027111" lon="7.345339849961934"><ele>1077.7</ele></trkpt><trkpt lat="46.756546790229216" lon="7.345247849934874"><ele>1077.9</ele></trkpt><trkpt lat="46.75658279022847" lon="7.345181849936396"><ele>1077.9</ele></trkpt><trkpt lat="46.75677179024487" lon="7.344946849956221"><ele>1077.8</ele></trkpt><trkpt lat="46.75683479016185" lon="7.344854849899905"><ele>1078.2</ele></trkpt><trkpt lat="46.75687979018132" lon="7.344775849916324"><ele>1078.1</ele></trkpt><trkpt lat="46.7569157901601" lon="7.344710849903221"><ele>1078.2</ele></trkpt><trkpt lat="46.756951790159306" lon="7.344605849905711"><ele>1078.2</ele></trkpt><trkpt lat="46.757058790054806" lon="7.344343849838878"><ele>1078.7</ele></trkpt><trkpt lat="46.75708579001338" lon="7.344264849811556"><ele>1078.9</ele></trkpt><trkpt lat="46.75708579001338" lon="7.344264849811556"><ele>1078.9</ele></trkpt><trkpt lat="46.75716678992994" lon="7.3440688497577735"><ele>1079.3</ele></trkpt><trkpt lat="46.75720278992912" lon="7.343989849759622"><ele>1079.3</ele></trkpt><trkpt lat="46.75724778992816" lon="7.343924849761089"><ele>1079.3</ele></trkpt><trkpt lat="46.757301789886206" lon="7.3438588497333654"><ele>1079.5</ele></trkpt><trkpt lat="46.75737378988473" lon="7.343793849734752"><ele>1079.5</ele></trkpt><trkpt lat="46.75743678984256" lon="7.343740849706677"><ele>1079.7</ele></trkpt><trkpt lat="46.75751678984093" lon="7.343688849707717"><ele>1079.7</ele></trkpt><trkpt lat="46.75760678981875" lon="7.343661849693506"><ele>1079.8</ele></trkpt><trkpt lat="46.75760678981875" lon="7.343661849693506"><ele>1079.8</ele></trkpt><trkpt lat="46.7576607897972" lon="7.343648849679066"><ele>1079.9</ele></trkpt><trkpt lat="46.757732789795796" lon="7.343635849679163"><ele>1079.9</ele></trkpt><trkpt lat="46.75780478977394" lon="7.343635849664341"><ele>1080.0</ele></trkpt><trkpt lat="46.75788578973157" lon="7.343661849634243"><ele>1080.2</ele></trkpt><trkpt lat="46.757975789688956" lon="7.343700849603802"><ele>1080.4</ele></trkpt><trkpt lat="46.758047789707994" lon="7.343739849617207"><ele>1080.3</ele></trkpt><trkpt lat="46.758137789685904" lon="7.343817849600387"><ele>1080.4</ele></trkpt><trkpt lat="46.75829978966244" lon="7.343961849581705"><ele>1080.5</ele></trkpt><trkpt lat="46.75845278959835" lon="7.344105849533859"><ele>1080.8</ele></trkpt><trkpt lat="46.75851578957675" lon="7.34417084951745"><ele>1080.9</ele></trkpt><trkpt lat="46.758632789492985" lon="7.344353849454144"><ele>1081.3</ele></trkpt><trkpt lat="46.75875978947031" lon="7.344576849433599"><ele>1081.4</ele></trkpt><trkpt lat="46.758948789405665" lon="7.344863849382077"><ele>1081.7</ele></trkpt><trkpt lat="46.75912878936165" lon="7.345190849344177"><ele>1081.9</ele></trkpt><trkpt lat="46.75927278927745" lon="7.345452849278809"><ele>1082.3</ele></trkpt><trkpt lat="46.75942578915234" lon="7.345805849181936"><ele>1082.9</ele></trkpt><trkpt lat="46.75955178906854" lon="7.346106849115633"><ele>1083.3</ele></trkpt><trkpt lat="46.759633788985546" lon="7.346367849050463"><ele>1083.7</ele></trkpt><trkpt lat="46.75971478894337" lon="7.346629849014474"><ele>1083.9</ele></trkpt><trkpt lat="46.75977778881996" lon="7.346878848920446"><ele>1084.5</ele></trkpt><trkpt lat="46.75992178861365" lon="7.347479848758951"><ele>1085.5</ele></trkpt><trkpt lat="46.75996678853131" lon="7.3476898486951425"><ele>1085.9</ele></trkpt><trkpt lat="46.76001278842866" lon="7.3479778486147715"><ele>1086.4</ele></trkpt><trkpt lat="46.76003078838766" lon="7.348121848581907"><ele>1086.6</ele></trkpt><trkpt lat="46.76003978830604" lon="7.348278848519521"><ele>1087.0</ele></trkpt><trkpt lat="46.76003978830617" lon="7.3484358485156"><ele>1087.0</ele></trkpt><trkpt lat="46.7600307882453" lon="7.348618848467227"><ele>1087.3</ele></trkpt><trkpt lat="46.76001278820506" lon="7.348788848433818"><ele>1087.5</ele></trkpt><trkpt lat="46.75998578822617" lon="7.34894584844459"><ele>1087.4</ele></trkpt><trkpt lat="46.75995978812481" lon="7.349129848367024"><ele>1087.9</ele></trkpt><trkpt lat="46.75992378808494" lon="7.349325848333012"><ele>1088.1</ele></trkpt><trkpt lat="46.75968178788702" lon="7.350490848158506"><ele>1089.1</ele></trkpt><trkpt lat="46.75968178788702" lon="7.350490848158506"><ele>1089.1</ele></trkpt><trkpt lat="46.75960978784799" lon="7.350844848120638"><ele>1089.3</ele></trkpt><trkpt lat="46.759582787807865" lon="7.350975848088218"><ele>1089.5</ele></trkpt><trkpt lat="46.759582787807865" lon="7.350975848088218"><ele>1089.5</ele></trkpt><trkpt lat="46.75955578778804" lon="7.351027848072389"><ele>1089.6</ele></trkpt><trkpt lat="46.75951978778884" lon="7.351093848070847"><ele>1089.6</ele></trkpt><trkpt lat="46.759493787789474" lon="7.351198848068299"><ele>1089.6</ele></trkpt><trkpt lat="46.759475787728704" lon="7.351315848021578"><ele>1089.9</ele></trkpt><trkpt lat="46.75946678750458" lon="7.351486847856555"><ele>1091.0</ele></trkpt><trkpt lat="46.75947578701495" lon="7.351878847495902"><ele>1093.4</ele></trkpt><trkpt lat="46.75948478672924" lon="7.352088847285963"><ele>1094.8</ele></trkpt><trkpt lat="46.75950278652497" lon="7.352271847135124"><ele>1095.8</ele></trkpt><trkpt lat="46.75952078636151" lon="7.352454847013514"><ele>1096.6</ele></trkpt><trkpt lat="46.759530785871824" lon="7.352794846654063"><ele>1099.0</ele></trkpt><trkpt lat="46.759530785871824" lon="7.352794846654063"><ele>1099.0</ele></trkpt><trkpt lat="46.759539785810446" lon="7.352860846608509"><ele>1099.3</ele></trkpt><trkpt lat="46.759539785810446" lon="7.352860846608509"><ele>1099.3</ele></trkpt><trkpt lat="46.75962078597214" lon="7.352873846724869"><ele>1098.5</ele></trkpt><trkpt lat="46.75971078621526" lon="7.352873846900008"><ele>1097.3</ele></trkpt><trkpt lat="46.75977378649981" lon="7.352846847105152"><ele>1095.9</ele></trkpt><trkpt lat="46.75989078692601" lon="7.3527688474137305"><ele>1093.8</ele></trkpt><trkpt lat="46.75995278714928" lon="7.352741847575018"><ele>1092.7</ele></trkpt><trkpt lat="46.7600067873319" lon="7.352728847706734"><ele>1091.8</ele></trkpt><trkpt lat="46.7601417878804" lon="7.352728848101006"><ele>1089.1</ele></trkpt><trkpt lat="46.760213788001415" lon="7.352715848188815"><ele>1088.5</ele></trkpt><trkpt lat="46.760213788001415" lon="7.352715848188815"><ele>1088.5</ele></trkpt><trkpt lat="46.76025878802097" lon="7.352754848202315"><ele>1088.4</ele></trkpt><trkpt lat="46.76031278804034" lon="7.352780848216114"><ele>1088.3</ele></trkpt><trkpt lat="46.76037578807994" lon="7.352793848244826"><ele>1088.1</ele></trkpt><trkpt lat="46.760465788078136" lon="7.352793848244541"><ele>1088.1</ele></trkpt><trkpt lat="46.76053778809712" lon="7.352780848259258"><ele>1088.0</ele></trkpt><trkpt lat="46.76061878815668" lon="7.352727848304181"><ele>1087.7</ele></trkpt><trkpt lat="46.76069978817543" lon="7.352675848319843"><ele>1087.6</ele></trkpt><trkpt lat="46.760789788193925" lon="7.352596848336151"><ele>1087.5</ele></trkpt><trkpt lat="46.76087978823286" lon="7.352504848367404"><ele>1087.3</ele></trkpt><trkpt lat="46.761059788290375" lon="7.352334848414937"><ele>1087.0</ele></trkpt><trkpt lat="46.76114078830905" lon="7.352281848430624"><ele>1086.9</ele></trkpt><trkpt lat="46.76123878838875" lon="7.352229848490081"><ele>1086.5</ele></trkpt><trkpt lat="46.76131978840755" lon="7.352202848505117"><ele>1086.4</ele></trkpt><trkpt lat="46.76141878844631" lon="7.352176848534689"><ele>1086.2</ele></trkpt><trkpt lat="46.76149078846531" lon="7.352163848549407"><ele>1086.1</ele></trkpt><trkpt lat="46.761571788504526" lon="7.3521768485780585"><ele>1085.9</ele></trkpt><trkpt lat="46.76167078856386" lon="7.352202848620948"><ele>1085.6</ele></trkpt><trkpt lat="46.761769788602784" lon="7.352241848648899"><ele>1085.4</ele></trkpt><trkpt lat="46.762192788880476" lon="7.352476848846358"><ele>1084.0</ele></trkpt><trkpt lat="46.7624537889775" lon="7.3526068489153875"><ele>1083.5</ele></trkpt><trkpt lat="46.7625347889964" lon="7.35265984892843"><ele>1083.4</ele></trkpt><trkpt lat="46.76262478905593" lon="7.352724848970386"><ele>1083.1</ele></trkpt><trkpt lat="46.76267878911612" lon="7.352776849012779"><ele>1082.8</ele></trkpt><trkpt lat="46.76275078913524" lon="7.352828849025876"><ele>1082.7</ele></trkpt><trkpt lat="46.76283178917457" lon="7.352907849052894"><ele>1082.5</ele></trkpt><trkpt lat="46.76297578927396" lon="7.353064849121633"><ele>1082.0</ele></trkpt><trkpt lat="46.76303878931364" lon="7.353155849148414"><ele>1081.8</ele></trkpt><trkpt lat="46.763146789372975" lon="7.353312849188028"><ele>1081.5</ele></trkpt><trkpt lat="46.76320078939233" lon="7.353364849201189"><ele>1081.4</ele></trkpt><trkpt lat="46.76327278943186" lon="7.353456849227917"><ele>1081.2</ele></trkpt><trkpt lat="46.763344789491796" lon="7.3535218492699395"><ele>1080.9</ele></trkpt><trkpt lat="46.763398789531664" lon="7.35360084929705"><ele>1080.7</ele></trkpt><trkpt lat="46.763398789531664" lon="7.35360084929705"><ele>1080.7</ele></trkpt><trkpt lat="46.76350678963166" lon="7.353626849369172"><ele>1080.2</ele></trkpt><trkpt lat="46.763623789711005" lon="7.35362684942729"><ele>1079.8</ele></trkpt><trkpt lat="46.763785789809866" lon="7.35359984950056"><ele>1079.3</ele></trkpt><trkpt lat="46.76430779008535" lon="7.353520849705579"><ele>1077.9</ele></trkpt><trkpt lat="46.76455079016222" lon="7.353480849764291"><ele>1077.5</ele></trkpt><trkpt lat="46.76474879021952" lon="7.353440849808526"><ele>1077.2</ele></trkpt><trkpt lat="46.76488279027808" lon="7.353388849853255"><ele>1076.9</ele></trkpt><trkpt lat="46.76500879031638" lon="7.353322849883736"><ele>1076.7</ele></trkpt><trkpt lat="46.76500879031638" lon="7.353322849883736"><ele>1076.7</ele></trkpt><trkpt lat="46.76505379033584" lon="7.35329684989886"><ele>1076.6</ele></trkpt><trkpt lat="46.765206790332726" lon="7.353191849900978"><ele>1076.6</ele></trkpt><trkpt lat="46.76528779031061" lon="7.353125849887734"><ele>1076.7</ele></trkpt><trkpt lat="46.76546779028645" lon="7.352942849877076"><ele>1076.8</ele></trkpt></trkseg></trk></gpx>