<?xml version="1.0" encoding="UTF-8"?><gpx creator="Wikiloc - https://www.wikiloc.com" version="1.1" xmlns="http://www.topografix.com/GPX/1/1" xmlns:xsi="http://www.w3.org/2001/XMLSchema-instance" xsi:schemaLocation="http://www.topografix.com/GPX/1/1 http://www.topografix.com/GPX/1/1/gpx.xsd"><metadata><name>Wikiloc - Boll - Aetzrütti - Afterlehn - Diepoldshusenegg loop</name><author><name>exploringbybike</name><link href="https://www.wikiloc.com/wikiloc/user.do?id=6315393"><text>exploringbybike on Wikiloc</text></link></author><link href="https://www.wikiloc.com/mountain-biking-trails/boll-aetzrutti-afterlehn-diepoldshusenegg-loop-59263619"><text>Boll - Aetzrütti - Afterlehn - Diepoldshusenegg loop on Wikiloc</text></link><time>2020-10-25T14:30:16Z</time></metadata><trk><name>Boll - Aetzrütti - Afterlehn - Diepoldshusenegg loop - Wikil...</name><cmt></cmt><desc></desc><trkseg><trkpt lat="46.954486" lon="7.547130"><ele>566.427</ele><time>2020-10-25T11:40:12Z</time></trkpt><trkpt lat="46.954488" lon="7.547317"><ele>566.668</ele><time>2020-10-25T11:40:18Z</time></trkpt><trkpt lat="46.954461" lon="7.547522"><ele>566.614</ele><time>2020-10-25T11:40:24Z</time></trkpt><trkpt lat="46.954437" lon="7.547636"><ele>566.808</ele><time>2020-10-25T11:40:27Z</time></trkpt><trkpt lat="46.954433" lon="7.547723"><ele>566.817</ele><time>2020-10-25T11:40:29Z</time></trkpt><trkpt lat="46.954409" lon="7.548061"><ele>567.461</ele><time>2020-10-25T11:40:37Z</time></trkpt><trkpt lat="46.954411" lon="7.548164"><ele>568.674</ele><time>2020-10-25T11:40:41Z</time></trkpt><trkpt lat="46.954399" lon="7.548185"><ele>568.898</ele><time>2020-10-25T11:40:42Z</time></trkpt><trkpt lat="46.954315" lon="7.548281"><ele>569.075</ele><time>2020-10-25T11:40:47Z</time></trkpt><trkpt lat="46.954351" lon="7.548391"><ele>568.838</ele><time>2020-10-25T11:40:51Z</time></trkpt><trkpt lat="46.954357" lon="7.548418"><ele>568.813</ele><time>2020-10-25T11:40:52Z</time></trkpt><trkpt lat="46.954347" lon="7.548452"><ele>568.821</ele><time>2020-10-25T11:40:53Z</time></trkpt><trkpt lat="46.954345" lon="7.548487"><ele>568.833</ele><time>2020-10-25T11:40:54Z</time></trkpt><trkpt lat="46.954347" lon="7.548525"><ele>568.823</ele><time>2020-10-25T11:40:55Z</time></trkpt><trkpt lat="46.954329" lon="7.548618"><ele>569.015</ele><time>2020-10-25T11:40:58Z</time></trkpt><trkpt lat="46.954366" lon="7.548702"><ele>569.208</ele><time>2020-10-25T11:41:01Z</time></trkpt><trkpt lat="46.954507" lon="7.548821"><ele>569.648</ele><time>2020-10-25T11:41:08Z</time></trkpt><trkpt lat="46.954594" lon="7.548886"><ele>569.822</ele><time>2020-10-25T11:41:12Z</time></trkpt><trkpt lat="46.954713" lon="7.548973"><ele>570.245</ele><time>2020-10-25T11:41:17Z</time></trkpt><trkpt lat="46.954743" lon="7.549030"><ele>570.649</ele><time>2020-10-25T11:41:20Z</time></trkpt><trkpt lat="46.954741" lon="7.549060"><ele>570.696</ele><time>2020-10-25T11:41:21Z</time></trkpt><trkpt lat="46.954739" lon="7.549091"><ele>570.859</ele><time>2020-10-25T11:41:22Z</time></trkpt><trkpt lat="46.954758" lon="7.549153"><ele>570.864</ele><time>2020-10-25T11:41:24Z</time></trkpt><trkpt lat="46.954783" lon="7.549177"><ele>570.842</ele><time>2020-10-25T11:41:25Z</time></trkpt><trkpt lat="46.954839" lon="7.549219"><ele>571.057</ele><time>2020-10-25T11:41:27Z</time></trkpt><trkpt lat="46.954966" lon="7.549308"><ele>571.600</ele><time>2020-10-25T11:41:31Z</time></trkpt><trkpt lat="46.955096" lon="7.549405"><ele>571.820</ele><time>2020-10-25T11:41:35Z</time></trkpt><trkpt lat="46.955231" lon="7.549482"><ele>572.208</ele><time>2020-10-25T11:41:39Z</time></trkpt><trkpt lat="46.955297" lon="7.549522"><ele>572.280</ele><time>2020-10-25T11:41:41Z</time></trkpt><trkpt lat="46.955332" lon="7.549546"><ele>572.424</ele><time>2020-10-25T11:41:42Z</time></trkpt><trkpt lat="46.955365" lon="7.549568"><ele>572.617</ele><time>2020-10-25T11:41:43Z</time></trkpt><trkpt lat="46.955397" lon="7.549591"><ele>573.011</ele><time>2020-10-25T11:41:44Z</time></trkpt><trkpt lat="46.955482" lon="7.549670"><ele>573.638</ele><time>2020-10-25T11:41:47Z</time></trkpt><trkpt lat="46.955504" lon="7.549701"><ele>573.891</ele><time>2020-10-25T11:41:48Z</time></trkpt><trkpt lat="46.955565" lon="7.549785"><ele>574.086</ele><time>2020-10-25T11:41:51Z</time></trkpt><trkpt lat="46.955602" lon="7.549843"><ele>574.494</ele><time>2020-10-25T11:41:53Z</time></trkpt><trkpt lat="46.955633" lon="7.549982"><ele>575.286</ele><time>2020-10-25T11:41:57Z</time></trkpt><trkpt lat="46.955654" lon="7.550061"><ele>576.060</ele><time>2020-10-25T11:42:00Z</time></trkpt><trkpt lat="46.955666" lon="7.550120"><ele>576.426</ele><time>2020-10-25T11:42:02Z</time></trkpt><trkpt lat="46.955688" lon="7.550159"><ele>576.808</ele><time>2020-10-25T11:42:04Z</time></trkpt><trkpt lat="46.955727" lon="7.550158"><ele>577.013</ele><time>2020-10-25T11:42:06Z</time></trkpt><trkpt lat="46.955748" lon="7.550140"><ele>577.247</ele><time>2020-10-25T11:42:07Z</time></trkpt><trkpt lat="46.955764" lon="7.550110"><ele>577.490</ele><time>2020-10-25T11:42:08Z</time></trkpt><trkpt lat="46.955803" lon="7.550052"><ele>577.444</ele><time>2020-10-25T11:42:10Z</time></trkpt><trkpt lat="46.955860" lon="7.550038"><ele>577.211</ele><time>2020-10-25T11:42:12Z</time></trkpt><trkpt lat="46.955917" lon="7.550070"><ele>577.064</ele><time>2020-10-25T11:42:14Z</time></trkpt><trkpt lat="46.955978" lon="7.550172"><ele>576.819</ele><time>2020-10-25T11:42:18Z</time></trkpt><trkpt lat="46.955936" lon="7.550185"><ele>577.097</ele><time>2020-10-25T11:42:21Z</time></trkpt><trkpt lat="46.955890" lon="7.550159"><ele>578.442</ele><time>2020-10-25T11:42:24Z</time></trkpt><trkpt lat="46.955855" lon="7.550169"><ele>579.022</ele><time>2020-10-25T11:42:26Z</time></trkpt><trkpt lat="46.955838" lon="7.550186"><ele>579.214</ele><time>2020-10-25T11:42:27Z</time></trkpt><trkpt lat="46.955825" lon="7.550208"><ele>579.408</ele><time>2020-10-25T11:42:28Z</time></trkpt><trkpt lat="46.955812" lon="7.550259"><ele>580.049</ele><time>2020-10-25T11:42:30Z</time></trkpt><trkpt lat="46.955814" lon="7.550313"><ele>580.853</ele><time>2020-10-25T11:42:32Z</time></trkpt><trkpt lat="46.955814" lon="7.550339"><ele>581.236</ele><time>2020-10-25T11:42:33Z</time></trkpt><trkpt lat="46.955815" lon="7.550417"><ele>581.880</ele><time>2020-10-25T11:42:36Z</time></trkpt><trkpt lat="46.955816" lon="7.550486"><ele>582.677</ele><time>2020-10-25T11:42:39Z</time></trkpt><trkpt lat="46.955813" lon="7.550507"><ele>583.050</ele><time>2020-10-25T11:42:40Z</time></trkpt><trkpt lat="46.955805" lon="7.550561"><ele>584.035</ele><time>2020-10-25T11:42:43Z</time></trkpt><trkpt lat="46.955802" lon="7.550579"><ele>584.233</ele><time>2020-10-25T11:42:44Z</time></trkpt><trkpt lat="46.955787" lon="7.550648"><ele>585.244</ele><time>2020-10-25T11:42:48Z</time></trkpt><trkpt lat="46.955772" lon="7.550722"><ele>586.205</ele><time>2020-10-25T11:42:52Z</time></trkpt><trkpt lat="46.955766" lon="7.550742"><ele>586.415</ele><time>2020-10-25T11:42:53Z</time></trkpt><trkpt lat="46.955757" lon="7.550823"><ele>587.408</ele><time>2020-10-25T11:42:57Z</time></trkpt><trkpt lat="46.955748" lon="7.550883"><ele>588.299</ele><time>2020-10-25T11:43:00Z</time></trkpt><trkpt lat="46.955743" lon="7.550902"><ele>588.413</ele><time>2020-10-25T11:43:01Z</time></trkpt><trkpt lat="46.955720" lon="7.550948"><ele>589.066</ele><time>2020-10-25T11:43:04Z</time></trkpt><trkpt lat="46.955713" lon="7.550966"><ele>589.080</ele><time>2020-10-25T11:43:05Z</time></trkpt><trkpt lat="46.955711" lon="7.551003"><ele>589.657</ele><time>2020-10-25T11:43:07Z</time></trkpt><trkpt lat="46.955713" lon="7.551024"><ele>589.890</ele><time>2020-10-25T11:43:08Z</time></trkpt><trkpt lat="46.955711" lon="7.551081"><ele>590.885</ele><time>2020-10-25T11:43:11Z</time></trkpt><trkpt lat="46.955708" lon="7.551177"><ele>591.813</ele><time>2020-10-25T11:43:16Z</time></trkpt><trkpt lat="46.955732" lon="7.551282"><ele>593.065</ele><time>2020-10-25T11:43:22Z</time></trkpt><trkpt lat="46.955734" lon="7.551303"><ele>593.068</ele><time>2020-10-25T11:43:23Z</time></trkpt><trkpt lat="46.955725" lon="7.551397"><ele>594.014</ele><time>2020-10-25T11:43:28Z</time></trkpt><trkpt lat="46.955711" lon="7.551448"><ele>594.608</ele><time>2020-10-25T11:43:31Z</time></trkpt><trkpt lat="46.955716" lon="7.551538"><ele>595.031</ele><time>2020-10-25T11:43:36Z</time></trkpt><trkpt lat="46.955732" lon="7.551609"><ele>595.655</ele><time>2020-10-25T11:43:40Z</time></trkpt><trkpt lat="46.955727" lon="7.551660"><ele>596.298</ele><time>2020-10-25T11:43:43Z</time></trkpt><trkpt lat="46.955728" lon="7.551751"><ele>596.852</ele><time>2020-10-25T11:43:48Z</time></trkpt><trkpt lat="46.955728" lon="7.551836"><ele>597.489</ele><time>2020-10-25T11:43:52Z</time></trkpt><trkpt lat="46.955718" lon="7.551910"><ele>597.852</ele><time>2020-10-25T11:43:55Z</time></trkpt><trkpt lat="46.955717" lon="7.551984"><ele>598.657</ele><time>2020-10-25T11:43:59Z</time></trkpt><trkpt lat="46.955696" lon="7.552062"><ele>599.425</ele><time>2020-10-25T11:44:03Z</time></trkpt><trkpt lat="46.955691" lon="7.552078"><ele>599.612</ele><time>2020-10-25T11:44:04Z</time></trkpt><trkpt lat="46.955657" lon="7.552162"><ele>600.632</ele><time>2020-10-25T11:44:09Z</time></trkpt><trkpt lat="46.955630" lon="7.552198"><ele>601.005</ele><time>2020-10-25T11:44:12Z</time></trkpt><trkpt lat="46.955587" lon="7.552235"><ele>601.608</ele><time>2020-10-25T11:44:16Z</time></trkpt><trkpt lat="46.955563" lon="7.552243"><ele>601.836</ele><time>2020-10-25T11:44:17Z</time></trkpt><trkpt lat="46.955528" lon="7.552264"><ele>602.050</ele><time>2020-10-25T11:44:19Z</time></trkpt><trkpt lat="46.955453" lon="7.552316"><ele>602.843</ele><time>2020-10-25T11:44:24Z</time></trkpt><trkpt lat="46.955439" lon="7.552323"><ele>603.087</ele><time>2020-10-25T11:44:25Z</time></trkpt><trkpt lat="46.955379" lon="7.552339"><ele>603.874</ele><time>2020-10-25T11:44:30Z</time></trkpt><trkpt lat="46.955344" lon="7.552363"><ele>604.287</ele><time>2020-10-25T11:44:33Z</time></trkpt><trkpt lat="46.955274" lon="7.552424"><ele>604.862</ele><time>2020-10-25T11:44:39Z</time></trkpt><trkpt lat="46.955257" lon="7.552454"><ele>605.220</ele><time>2020-10-25T11:44:41Z</time></trkpt><trkpt lat="46.955234" lon="7.552518"><ele>606.068</ele><time>2020-10-25T11:44:45Z</time></trkpt><trkpt lat="46.955217" lon="7.552597"><ele>606.442</ele><time>2020-10-25T11:44:49Z</time></trkpt><trkpt lat="46.955199" lon="7.552660"><ele>607.026</ele><time>2020-10-25T11:44:53Z</time></trkpt><trkpt lat="46.955172" lon="7.552723"><ele>608.008</ele><time>2020-10-25T11:44:57Z</time></trkpt><trkpt lat="46.955170" lon="7.552756"><ele>608.281</ele><time>2020-10-25T11:44:59Z</time></trkpt><trkpt lat="46.955150" lon="7.552848"><ele>609.275</ele><time>2020-10-25T11:45:05Z</time></trkpt><trkpt lat="46.955149" lon="7.552862"><ele>609.238</ele><time>2020-10-25T11:45:06Z</time></trkpt><trkpt lat="46.955151" lon="7.552945"><ele>610.492</ele><time>2020-10-25T11:45:11Z</time></trkpt><trkpt lat="46.955153" lon="7.552962"><ele>610.469</ele><time>2020-10-25T11:45:12Z</time></trkpt><trkpt lat="46.955170" lon="7.553037"><ele>611.482</ele><time>2020-10-25T11:45:17Z</time></trkpt><trkpt lat="46.955175" lon="7.553050"><ele>611.627</ele><time>2020-10-25T11:45:18Z</time></trkpt><trkpt lat="46.955185" lon="7.553111"><ele>612.695</ele><time>2020-10-25T11:45:24Z</time></trkpt><trkpt lat="46.955222" lon="7.553150"><ele>613.423</ele><time>2020-10-25T11:45:29Z</time></trkpt><trkpt lat="46.955239" lon="7.553157"><ele>613.683</ele><time>2020-10-25T11:45:31Z</time></trkpt><trkpt lat="46.955291" lon="7.553159"><ele>614.811</ele><time>2020-10-25T11:45:37Z</time></trkpt><trkpt lat="46.955367" lon="7.553071"><ele>615.408</ele><time>2020-10-25T11:45:45Z</time></trkpt><trkpt lat="46.955396" lon="7.553031"><ele>615.827</ele><time>2020-10-25T11:45:48Z</time></trkpt><trkpt lat="46.955457" lon="7.552946"><ele>616.851</ele><time>2020-10-25T11:45:56Z</time></trkpt><trkpt lat="46.955472" lon="7.552921"><ele>617.654</ele><time>2020-10-25T11:46:01Z</time></trkpt><trkpt lat="46.955495" lon="7.552911"><ele>617.648</ele><time>2020-10-25T11:46:03Z</time></trkpt><trkpt lat="46.955505" lon="7.552898"><ele>617.825</ele><time>2020-10-25T11:46:04Z</time></trkpt><trkpt lat="46.955527" lon="7.552879"><ele>618.038</ele><time>2020-10-25T11:46:06Z</time></trkpt><trkpt lat="46.955574" lon="7.552866"><ele>618.813</ele><time>2020-10-25T11:46:11Z</time></trkpt><trkpt lat="46.955593" lon="7.552857"><ele>619.051</ele><time>2020-10-25T11:46:13Z</time></trkpt><trkpt lat="46.955615" lon="7.552843"><ele>619.262</ele><time>2020-10-25T11:46:15Z</time></trkpt><trkpt lat="46.955650" lon="7.552840"><ele>619.283</ele><time>2020-10-25T11:46:19Z</time></trkpt><trkpt lat="46.955677" lon="7.552859"><ele>620.211</ele><time>2020-10-25T11:46:23Z</time></trkpt><trkpt lat="46.955689" lon="7.552882"><ele>620.608</ele><time>2020-10-25T11:46:25Z</time></trkpt><trkpt lat="46.955729" lon="7.552907"><ele>620.611</ele><time>2020-10-25T11:46:28Z</time></trkpt><trkpt lat="46.955744" lon="7.552911"><ele>620.875</ele><time>2020-10-25T11:46:29Z</time></trkpt><trkpt lat="46.955771" lon="7.552885"><ele>620.828</ele><time>2020-10-25T11:46:33Z</time></trkpt><trkpt lat="46.955789" lon="7.552886"><ele>621.222</ele><time>2020-10-25T11:46:35Z</time></trkpt><trkpt lat="46.955805" lon="7.552896"><ele>621.859</ele><time>2020-10-25T11:46:38Z</time></trkpt><trkpt lat="46.955821" lon="7.552901"><ele>622.082</ele><time>2020-10-25T11:46:40Z</time></trkpt><trkpt lat="46.955835" lon="7.552897"><ele>622.217</ele><time>2020-10-25T11:46:42Z</time></trkpt><trkpt lat="46.955867" lon="7.552890"><ele>622.855</ele><time>2020-10-25T11:46:46Z</time></trkpt><trkpt lat="46.955878" lon="7.552902"><ele>623.085</ele><time>2020-10-25T11:46:47Z</time></trkpt><trkpt lat="46.955910" lon="7.552906"><ele>623.289</ele><time>2020-10-25T11:46:50Z</time></trkpt><trkpt lat="46.955967" lon="7.552908"><ele>623.617</ele><time>2020-10-25T11:46:55Z</time></trkpt><trkpt lat="46.955993" lon="7.552909"><ele>624.408</ele><time>2020-10-25T11:46:57Z</time></trkpt><trkpt lat="46.956004" lon="7.552910"><ele>624.633</ele><time>2020-10-25T11:46:58Z</time></trkpt><trkpt lat="46.956018" lon="7.552908"><ele>624.697</ele><time>2020-10-25T11:46:59Z</time></trkpt><trkpt lat="46.956060" lon="7.552906"><ele>624.830</ele><time>2020-10-25T11:47:05Z</time></trkpt><trkpt lat="46.956082" lon="7.552909"><ele>624.634</ele><time>2020-10-25T11:47:09Z</time></trkpt><trkpt lat="46.956087" lon="7.552924"><ele>624.471</ele><time>2020-10-25T11:47:12Z</time></trkpt><trkpt lat="46.956092" lon="7.552928"><ele>624.244</ele><time>2020-10-25T11:47:13Z</time></trkpt><trkpt lat="46.956094" lon="7.552931"><ele>624.479</ele><time>2020-10-25T11:47:14Z</time></trkpt><trkpt lat="46.956102" lon="7.552933"><ele>624.477</ele><time>2020-10-25T11:47:15Z</time></trkpt><trkpt lat="46.956104" lon="7.552938"><ele>624.211</ele><time>2020-10-25T11:47:16Z</time></trkpt><trkpt lat="46.956124" lon="7.552949"><ele>624.221</ele><time>2020-10-25T11:47:19Z</time></trkpt><trkpt lat="46.956128" lon="7.552950"><ele>624.203</ele><time>2020-10-25T11:47:20Z</time></trkpt><trkpt lat="46.956134" lon="7.552954"><ele>624.008</ele><time>2020-10-25T11:47:22Z</time></trkpt><trkpt lat="46.956137" lon="7.552956"><ele>624.016</ele><time>2020-10-25T11:47:23Z</time></trkpt><trkpt lat="46.956135" lon="7.552953"><ele>623.890</ele><time>2020-10-25T11:47:29Z</time></trkpt><trkpt lat="46.956132" lon="7.552954"><ele>623.893</ele><time>2020-10-25T11:47:32Z</time></trkpt><trkpt lat="46.956132" lon="7.552953"><ele>623.847</ele><time>2020-10-25T11:47:33Z</time></trkpt><trkpt lat="46.956133" lon="7.552954"><ele>623.644</ele><time>2020-10-25T11:47:36Z</time></trkpt><trkpt lat="46.956135" lon="7.552956"><ele>623.697</ele><time>2020-10-25T11:47:38Z</time></trkpt><trkpt lat="46.956138" lon="7.552954"><ele>623.842</ele><time>2020-10-25T11:47:40Z</time></trkpt><trkpt lat="46.956147" lon="7.552943"><ele>623.880</ele><time>2020-10-25T11:47:44Z</time></trkpt><trkpt lat="46.956147" lon="7.552939"><ele>623.688</ele><time>2020-10-25T11:47:46Z</time></trkpt><trkpt lat="46.956143" lon="7.552938"><ele>623.824</ele><time>2020-10-25T11:47:48Z</time></trkpt><trkpt lat="46.956156" lon="7.552957"><ele>624.026</ele><time>2020-10-25T11:47:52Z</time></trkpt><trkpt lat="46.956180" lon="7.552988"><ele>624.408</ele><time>2020-10-25T11:47:57Z</time></trkpt><trkpt lat="46.956197" lon="7.553008"><ele>624.693</ele><time>2020-10-25T11:47:59Z</time></trkpt><trkpt lat="46.956289" lon="7.553090"><ele>625.247</ele><time>2020-10-25T11:48:07Z</time></trkpt><trkpt lat="46.956299" lon="7.553100"><ele>625.420</ele><time>2020-10-25T11:48:08Z</time></trkpt><trkpt lat="46.956319" lon="7.553114"><ele>625.814</ele><time>2020-10-25T11:48:10Z</time></trkpt><trkpt lat="46.956344" lon="7.553125"><ele>626.041</ele><time>2020-10-25T11:48:12Z</time></trkpt><trkpt lat="46.956367" lon="7.553139"><ele>626.664</ele><time>2020-10-25T11:48:14Z</time></trkpt><trkpt lat="46.956376" lon="7.553148"><ele>626.819</ele><time>2020-10-25T11:48:15Z</time></trkpt><trkpt lat="46.956398" lon="7.553162"><ele>627.097</ele><time>2020-10-25T11:48:17Z</time></trkpt><trkpt lat="46.956452" lon="7.553203"><ele>627.698</ele><time>2020-10-25T11:48:21Z</time></trkpt><trkpt lat="46.956481" lon="7.553223"><ele>628.015</ele><time>2020-10-25T11:48:24Z</time></trkpt><trkpt lat="46.956492" lon="7.553235"><ele>628.426</ele><time>2020-10-25T11:48:25Z</time></trkpt><trkpt lat="46.956511" lon="7.553258"><ele>628.808</ele><time>2020-10-25T11:48:27Z</time></trkpt><trkpt lat="46.956551" lon="7.553308"><ele>629.024</ele><time>2020-10-25T11:48:31Z</time></trkpt><trkpt lat="46.956563" lon="7.553320"><ele>629.288</ele><time>2020-10-25T11:48:32Z</time></trkpt><trkpt lat="46.956576" lon="7.553330"><ele>629.251</ele><time>2020-10-25T11:48:33Z</time></trkpt><trkpt lat="46.956610" lon="7.553365"><ele>629.825</ele><time>2020-10-25T11:48:36Z</time></trkpt><trkpt lat="46.956668" lon="7.553470"><ele>631.072</ele><time>2020-10-25T11:48:43Z</time></trkpt><trkpt lat="46.956691" lon="7.553493"><ele>631.075</ele><time>2020-10-25T11:48:44Z</time></trkpt><trkpt lat="46.956702" lon="7.553526"><ele>631.430</ele><time>2020-10-25T11:48:46Z</time></trkpt><trkpt lat="46.956735" lon="7.553580"><ele>632.228</ele><time>2020-10-25T11:48:49Z</time></trkpt><trkpt lat="46.956774" lon="7.553625"><ele>632.644</ele><time>2020-10-25T11:48:52Z</time></trkpt><trkpt lat="46.956806" lon="7.553668"><ele>632.605</ele><time>2020-10-25T11:48:54Z</time></trkpt><trkpt lat="46.956815" lon="7.553687"><ele>632.815</ele><time>2020-10-25T11:48:55Z</time></trkpt><trkpt lat="46.956835" lon="7.553718"><ele>633.208</ele><time>2020-10-25T11:48:57Z</time></trkpt><trkpt lat="46.956893" lon="7.553771"><ele>634.239</ele><time>2020-10-25T11:49:01Z</time></trkpt><trkpt lat="46.956902" lon="7.553789"><ele>634.443</ele><time>2020-10-25T11:49:02Z</time></trkpt><trkpt lat="46.956985" lon="7.553899"><ele>635.666</ele><time>2020-10-25T11:49:10Z</time></trkpt><trkpt lat="46.957024" lon="7.553935"><ele>636.670</ele><time>2020-10-25T11:49:13Z</time></trkpt><trkpt lat="46.957039" lon="7.553956"><ele>636.847</ele><time>2020-10-25T11:49:14Z</time></trkpt><trkpt lat="46.957120" lon="7.554075"><ele>638.070</ele><time>2020-10-25T11:49:21Z</time></trkpt><trkpt lat="46.957148" lon="7.554108"><ele>638.685</ele><time>2020-10-25T11:49:23Z</time></trkpt><trkpt lat="46.957175" lon="7.554138"><ele>639.023</ele><time>2020-10-25T11:49:25Z</time></trkpt><trkpt lat="46.957221" lon="7.554210"><ele>640.047</ele><time>2020-10-25T11:49:30Z</time></trkpt><trkpt lat="46.957230" lon="7.554219"><ele>640.229</ele><time>2020-10-25T11:49:31Z</time></trkpt><trkpt lat="46.957264" lon="7.554277"><ele>641.421</ele><time>2020-10-25T11:49:36Z</time></trkpt><trkpt lat="46.957279" lon="7.554300"><ele>641.608</ele><time>2020-10-25T11:49:38Z</time></trkpt><trkpt lat="46.957287" lon="7.554309"><ele>641.819</ele><time>2020-10-25T11:49:39Z</time></trkpt><trkpt lat="46.957310" lon="7.554345"><ele>642.433</ele><time>2020-10-25T11:49:42Z</time></trkpt><trkpt lat="46.957346" lon="7.554385"><ele>643.066</ele><time>2020-10-25T11:49:46Z</time></trkpt><trkpt lat="46.957352" lon="7.554395"><ele>643.040</ele><time>2020-10-25T11:49:47Z</time></trkpt><trkpt lat="46.957372" lon="7.554417"><ele>643.637</ele><time>2020-10-25T11:49:49Z</time></trkpt><trkpt lat="46.957400" lon="7.554461"><ele>644.250</ele><time>2020-10-25T11:49:52Z</time></trkpt><trkpt lat="46.957424" lon="7.554497"><ele>644.665</ele><time>2020-10-25T11:49:54Z</time></trkpt><trkpt lat="46.957442" lon="7.554528"><ele>645.073</ele><time>2020-10-25T11:49:56Z</time></trkpt><trkpt lat="46.957474" lon="7.554574"><ele>645.873</ele><time>2020-10-25T11:49:59Z</time></trkpt><trkpt lat="46.957483" lon="7.554590"><ele>646.085</ele><time>2020-10-25T11:50:00Z</time></trkpt><trkpt lat="46.957489" lon="7.554603"><ele>646.013</ele><time>2020-10-25T11:50:01Z</time></trkpt><trkpt lat="46.957521" lon="7.554667"><ele>646.808</ele><time>2020-10-25T11:50:05Z</time></trkpt><trkpt lat="46.957582" lon="7.554750"><ele>648.092</ele><time>2020-10-25T11:50:10Z</time></trkpt><trkpt lat="46.957616" lon="7.554806"><ele>648.846</ele><time>2020-10-25T11:50:13Z</time></trkpt><trkpt lat="46.957624" lon="7.554822"><ele>649.039</ele><time>2020-10-25T11:50:14Z</time></trkpt><trkpt lat="46.957687" lon="7.554867"><ele>650.263</ele><time>2020-10-25T11:50:19Z</time></trkpt><trkpt lat="46.957710" lon="7.554894"><ele>650.620</ele><time>2020-10-25T11:50:21Z</time></trkpt><trkpt lat="46.957720" lon="7.554904"><ele>650.853</ele><time>2020-10-25T11:50:22Z</time></trkpt><trkpt lat="46.957739" lon="7.554935"><ele>651.288</ele><time>2020-10-25T11:50:24Z</time></trkpt><trkpt lat="46.957747" lon="7.554950"><ele>651.476</ele><time>2020-10-25T11:50:25Z</time></trkpt><trkpt lat="46.957806" lon="7.554999"><ele>652.474</ele><time>2020-10-25T11:50:29Z</time></trkpt><trkpt lat="46.957821" lon="7.555011"><ele>652.656</ele><time>2020-10-25T11:50:30Z</time></trkpt><trkpt lat="46.957939" lon="7.555108"><ele>653.221</ele><time>2020-10-25T11:50:36Z</time></trkpt><trkpt lat="46.957973" lon="7.555145"><ele>653.608</ele><time>2020-10-25T11:50:38Z</time></trkpt><trkpt lat="46.957991" lon="7.555163"><ele>653.842</ele><time>2020-10-25T11:50:39Z</time></trkpt><trkpt lat="46.958079" lon="7.555245"><ele>654.616</ele><time>2020-10-25T11:50:44Z</time></trkpt><trkpt lat="46.958142" lon="7.555323"><ele>655.099</ele><time>2020-10-25T11:50:48Z</time></trkpt><trkpt lat="46.958241" lon="7.555464"><ele>655.643</ele><time>2020-10-25T11:50:54Z</time></trkpt><trkpt lat="46.958309" lon="7.555556"><ele>656.250</ele><time>2020-10-25T11:50:58Z</time></trkpt><trkpt lat="46.958359" lon="7.555655"><ele>656.843</ele><time>2020-10-25T11:51:02Z</time></trkpt><trkpt lat="46.958409" lon="7.555777"><ele>657.438</ele><time>2020-10-25T11:51:07Z</time></trkpt><trkpt lat="46.958440" lon="7.555844"><ele>657.876</ele><time>2020-10-25T11:51:10Z</time></trkpt><trkpt lat="46.958459" lon="7.555888"><ele>658.253</ele><time>2020-10-25T11:51:12Z</time></trkpt><trkpt lat="46.958498" lon="7.555978"><ele>658.804</ele><time>2020-10-25T11:51:16Z</time></trkpt><trkpt lat="46.958529" lon="7.556098"><ele>660.014</ele><time>2020-10-25T11:51:22Z</time></trkpt><trkpt lat="46.958532" lon="7.556116"><ele>660.208</ele><time>2020-10-25T11:51:23Z</time></trkpt><trkpt lat="46.958562" lon="7.556222"><ele>661.240</ele><time>2020-10-25T11:51:28Z</time></trkpt><trkpt lat="46.958578" lon="7.556267"><ele>661.434</ele><time>2020-10-25T11:51:30Z</time></trkpt><trkpt lat="46.958610" lon="7.556387"><ele>662.427</ele><time>2020-10-25T11:51:36Z</time></trkpt><trkpt lat="46.958612" lon="7.556426"><ele>662.641</ele><time>2020-10-25T11:51:38Z</time></trkpt><trkpt lat="46.958605" lon="7.556585"><ele>663.438</ele><time>2020-10-25T11:51:45Z</time></trkpt><trkpt lat="46.958588" lon="7.556625"><ele>663.891</ele><time>2020-10-25T11:51:47Z</time></trkpt><trkpt lat="46.958571" lon="7.556680"><ele>664.486</ele><time>2020-10-25T11:51:50Z</time></trkpt><trkpt lat="46.958542" lon="7.556754"><ele>665.094</ele><time>2020-10-25T11:51:53Z</time></trkpt><trkpt lat="46.958497" lon="7.556866"><ele>665.639</ele><time>2020-10-25T11:51:57Z</time></trkpt><trkpt lat="46.958440" lon="7.557024"><ele>666.601</ele><time>2020-10-25T11:52:02Z</time></trkpt><trkpt lat="46.958428" lon="7.557052"><ele>666.821</ele><time>2020-10-25T11:52:03Z</time></trkpt><trkpt lat="46.958373" lon="7.557188"><ele>668.008</ele><time>2020-10-25T11:52:08Z</time></trkpt><trkpt lat="46.958362" lon="7.557234"><ele>668.258</ele><time>2020-10-25T11:52:10Z</time></trkpt><trkpt lat="46.958316" lon="7.557379"><ele>669.012</ele><time>2020-10-25T11:52:16Z</time></trkpt><trkpt lat="46.958267" lon="7.557532"><ele>670.095</ele><time>2020-10-25T11:52:22Z</time></trkpt><trkpt lat="46.958257" lon="7.557560"><ele>670.019</ele><time>2020-10-25T11:52:23Z</time></trkpt><trkpt lat="46.958233" lon="7.557718"><ele>669.256</ele><time>2020-10-25T11:52:29Z</time></trkpt><trkpt lat="46.958198" lon="7.557789"><ele>670.089</ele><time>2020-10-25T11:52:35Z</time></trkpt><trkpt lat="46.958187" lon="7.557833"><ele>670.284</ele><time>2020-10-25T11:52:38Z</time></trkpt><trkpt lat="46.958168" lon="7.557910"><ele>670.612</ele><time>2020-10-25T11:52:41Z</time></trkpt><trkpt lat="46.958143" lon="7.558017"><ele>670.018</ele><time>2020-10-25T11:52:46Z</time></trkpt><trkpt lat="46.958135" lon="7.558068"><ele>669.698</ele><time>2020-10-25T11:52:48Z</time></trkpt><trkpt lat="46.958117" lon="7.558217"><ele>669.217</ele><time>2020-10-25T11:52:55Z</time></trkpt><trkpt lat="46.958111" lon="7.558322"><ele>669.008</ele><time>2020-10-25T11:52:59Z</time></trkpt><trkpt lat="46.958103" lon="7.558411"><ele>668.856</ele><time>2020-10-25T11:53:02Z</time></trkpt><trkpt lat="46.958090" lon="7.558482"><ele>668.080</ele><time>2020-10-25T11:53:04Z</time></trkpt><trkpt lat="46.958038" lon="7.558734"><ele>667.473</ele><time>2020-10-25T11:53:10Z</time></trkpt><trkpt lat="46.958001" lon="7.558888"><ele>666.897</ele><time>2020-10-25T11:53:13Z</time></trkpt><trkpt lat="46.957975" lon="7.558998"><ele>666.444</ele><time>2020-10-25T11:53:15Z</time></trkpt><trkpt lat="46.957966" lon="7.559056"><ele>666.267</ele><time>2020-10-25T11:53:16Z</time></trkpt><trkpt lat="46.957957" lon="7.559114"><ele>666.282</ele><time>2020-10-25T11:53:17Z</time></trkpt><trkpt lat="46.957943" lon="7.559230"><ele>665.880</ele><time>2020-10-25T11:53:19Z</time></trkpt><trkpt lat="46.957925" lon="7.559609"><ele>665.681</ele><time>2020-10-25T11:53:25Z</time></trkpt><trkpt lat="46.957947" lon="7.559935"><ele>665.461</ele><time>2020-10-25T11:53:31Z</time></trkpt><trkpt lat="46.957983" lon="7.560259"><ele>665.617</ele><time>2020-10-25T11:53:38Z</time></trkpt><trkpt lat="46.958005" lon="7.560628"><ele>665.408</ele><time>2020-10-25T11:53:44Z</time></trkpt><trkpt lat="46.957991" lon="7.560883"><ele>665.433</ele><time>2020-10-25T11:53:48Z</time></trkpt><trkpt lat="46.957957" lon="7.561080"><ele>665.027</ele><time>2020-10-25T11:53:51Z</time></trkpt><trkpt lat="46.957909" lon="7.561326"><ele>665.080</ele><time>2020-10-25T11:53:55Z</time></trkpt><trkpt lat="46.957885" lon="7.561456"><ele>664.854</ele><time>2020-10-25T11:53:57Z</time></trkpt><trkpt lat="46.957864" lon="7.561588"><ele>664.881</ele><time>2020-10-25T11:53:59Z</time></trkpt><trkpt lat="46.957861" lon="7.561650"><ele>664.814</ele><time>2020-10-25T11:54:00Z</time></trkpt><trkpt lat="46.957874" lon="7.561845"><ele>664.879</ele><time>2020-10-25T11:54:03Z</time></trkpt><trkpt lat="46.957883" lon="7.561912"><ele>664.867</ele><time>2020-10-25T11:54:04Z</time></trkpt><trkpt lat="46.957950" lon="7.562296"><ele>664.614</ele><time>2020-10-25T11:54:10Z</time></trkpt><trkpt lat="46.957974" lon="7.562417"><ele>664.854</ele><time>2020-10-25T11:54:12Z</time></trkpt><trkpt lat="46.958015" lon="7.562705"><ele>664.809</ele><time>2020-10-25T11:54:17Z</time></trkpt><trkpt lat="46.958036" lon="7.562913"><ele>664.808</ele><time>2020-10-25T11:54:21Z</time></trkpt><trkpt lat="46.958061" lon="7.563070"><ele>665.096</ele><time>2020-10-25T11:54:24Z</time></trkpt><trkpt lat="46.958131" lon="7.563538"><ele>664.460</ele><time>2020-10-25T11:54:32Z</time></trkpt><trkpt lat="46.958241" lon="7.563901"><ele>663.833</ele><time>2020-10-25T11:54:39Z</time></trkpt><trkpt lat="46.958252" lon="7.563926"><ele>663.817</ele><time>2020-10-25T11:54:40Z</time></trkpt><trkpt lat="46.958272" lon="7.563974"><ele>663.434</ele><time>2020-10-25T11:54:42Z</time></trkpt><trkpt lat="46.958325" lon="7.564009"><ele>663.437</ele><time>2020-10-25T11:54:44Z</time></trkpt><trkpt lat="46.958409" lon="7.564005"><ele>663.472</ele><time>2020-10-25T11:54:46Z</time></trkpt><trkpt lat="46.958489" lon="7.563985"><ele>663.660</ele><time>2020-10-25T11:54:48Z</time></trkpt><trkpt lat="46.958689" lon="7.563917"><ele>663.839</ele><time>2020-10-25T11:54:53Z</time></trkpt><trkpt lat="46.958767" lon="7.563899"><ele>663.801</ele><time>2020-10-25T11:54:55Z</time></trkpt><trkpt lat="46.958841" lon="7.563873"><ele>663.821</ele><time>2020-10-25T11:54:57Z</time></trkpt><trkpt lat="46.958917" lon="7.563850"><ele>664.008</ele><time>2020-10-25T11:54:59Z</time></trkpt><trkpt lat="46.958996" lon="7.563837"><ele>664.078</ele><time>2020-10-25T11:55:01Z</time></trkpt><trkpt lat="46.959181" lon="7.563782"><ele>664.882</ele><time>2020-10-25T11:55:05Z</time></trkpt><trkpt lat="46.959271" lon="7.563763"><ele>665.295</ele><time>2020-10-25T11:55:07Z</time></trkpt><trkpt lat="46.959372" lon="7.563735"><ele>666.049</ele><time>2020-10-25T11:55:10Z</time></trkpt><trkpt lat="46.959389" lon="7.563732"><ele>666.296</ele><time>2020-10-25T11:55:11Z</time></trkpt><trkpt lat="46.959392" lon="7.563725"><ele>666.419</ele><time>2020-10-25T11:55:15Z</time></trkpt><trkpt lat="46.959393" lon="7.563724"><ele>666.614</ele><time>2020-10-25T11:55:16Z</time></trkpt><trkpt lat="46.959393" lon="7.563723"><ele>666.672</ele><time>2020-10-25T11:55:17Z</time></trkpt><trkpt lat="46.959395" lon="7.563725"><ele>666.616</ele><time>2020-10-25T11:55:19Z</time></trkpt><trkpt lat="46.959401" lon="7.563727"><ele>666.876</ele><time>2020-10-25T11:55:29Z</time></trkpt><trkpt lat="46.959401" lon="7.563726"><ele>666.813</ele><time>2020-10-25T11:55:32Z</time></trkpt><trkpt lat="46.959401" lon="7.563726"><ele>667.008</ele><time>2020-10-25T11:55:34Z</time></trkpt><trkpt lat="46.959404" lon="7.563724"><ele>666.846</ele><time>2020-10-25T11:55:44Z</time></trkpt><trkpt lat="46.959406" lon="7.563729"><ele>666.860</ele><time>2020-10-25T11:55:47Z</time></trkpt><trkpt lat="46.959408" lon="7.563730"><ele>666.653</ele><time>2020-10-25T11:55:48Z</time></trkpt><trkpt lat="46.959409" lon="7.563730"><ele>666.677</ele><time>2020-10-25T11:55:51Z</time></trkpt><trkpt lat="46.959403" lon="7.563734"><ele>666.294</ele><time>2020-10-25T11:56:00Z</time></trkpt><trkpt lat="46.959402" lon="7.563736"><ele>666.257</ele><time>2020-10-25T11:56:01Z</time></trkpt><trkpt lat="46.959402" lon="7.563740"><ele>666.042</ele><time>2020-10-25T11:56:04Z</time></trkpt><trkpt lat="46.959401" lon="7.563734"><ele>665.860</ele><time>2020-10-25T11:56:09Z</time></trkpt><trkpt lat="46.959400" lon="7.563735"><ele>665.421</ele><time>2020-10-25T11:56:13Z</time></trkpt><trkpt lat="46.959402" lon="7.563734"><ele>664.841</ele><time>2020-10-25T11:56:15Z</time></trkpt><trkpt lat="46.959396" lon="7.563735"><ele>665.605</ele><time>2020-10-25T11:56:27Z</time></trkpt><trkpt lat="46.959439" lon="7.563745"><ele>664.408</ele><time>2020-10-25T11:56:32Z</time></trkpt><trkpt lat="46.959482" lon="7.563749"><ele>664.667</ele><time>2020-10-25T11:56:34Z</time></trkpt><trkpt lat="46.959645" lon="7.563781"><ele>665.641</ele><time>2020-10-25T11:56:40Z</time></trkpt><trkpt lat="46.959671" lon="7.563788"><ele>665.644</ele><time>2020-10-25T11:56:41Z</time></trkpt><trkpt lat="46.959695" lon="7.563795"><ele>666.298</ele><time>2020-10-25T11:56:42Z</time></trkpt><trkpt lat="46.959762" lon="7.563815"><ele>666.485</ele><time>2020-10-25T11:56:47Z</time></trkpt><trkpt lat="46.959761" lon="7.563813"><ele>666.698</ele><time>2020-10-25T11:56:49Z</time></trkpt><trkpt lat="46.959750" lon="7.563811"><ele>666.813</ele><time>2020-10-25T11:56:53Z</time></trkpt><trkpt lat="46.959746" lon="7.563802"><ele>666.431</ele><time>2020-10-25T11:56:57Z</time></trkpt><trkpt lat="46.959746" lon="7.563796"><ele>666.679</ele><time>2020-10-25T11:57:04Z</time></trkpt><trkpt lat="46.959748" lon="7.563798"><ele>666.805</ele><time>2020-10-25T11:57:06Z</time></trkpt><trkpt lat="46.959748" lon="7.563798"><ele>666.625</ele><time>2020-10-25T11:57:13Z</time></trkpt><trkpt lat="46.959743" lon="7.563799"><ele>665.208</ele><time>2020-10-25T11:57:18Z</time></trkpt><trkpt lat="46.959743" lon="7.563812"><ele>665.252</ele><time>2020-10-25T11:57:25Z</time></trkpt><trkpt lat="46.959743" lon="7.563812"><ele>665.276</ele><time>2020-10-25T11:57:26Z</time></trkpt><trkpt lat="46.959787" lon="7.563828"><ele>665.219</ele><time>2020-10-25T11:57:37Z</time></trkpt><trkpt lat="46.959802" lon="7.563834"><ele>665.223</ele><time>2020-10-25T11:57:38Z</time></trkpt><trkpt lat="46.959909" lon="7.563884"><ele>666.020</ele><time>2020-10-25T11:57:43Z</time></trkpt><trkpt lat="46.959975" lon="7.563922"><ele>667.263</ele><time>2020-10-25T11:57:46Z</time></trkpt><trkpt lat="46.960017" lon="7.563952"><ele>667.638</ele><time>2020-10-25T11:57:48Z</time></trkpt><trkpt lat="46.960053" lon="7.564015"><ele>668.066</ele><time>2020-10-25T11:57:50Z</time></trkpt><trkpt lat="46.960131" lon="7.564128"><ele>668.241</ele><time>2020-10-25T11:57:54Z</time></trkpt><trkpt lat="46.960154" lon="7.564143"><ele>668.481</ele><time>2020-10-25T11:57:55Z</time></trkpt><trkpt lat="46.960201" lon="7.564167"><ele>668.609</ele><time>2020-10-25T11:57:57Z</time></trkpt><trkpt lat="46.960271" lon="7.564213"><ele>669.408</ele><time>2020-10-25T11:58:00Z</time></trkpt><trkpt lat="46.960295" lon="7.564229"><ele>669.859</ele><time>2020-10-25T11:58:01Z</time></trkpt><trkpt lat="46.960382" lon="7.564287"><ele>670.663</ele><time>2020-10-25T11:58:05Z</time></trkpt><trkpt lat="46.960490" lon="7.564365"><ele>671.666</ele><time>2020-10-25T11:58:10Z</time></trkpt><trkpt lat="46.960551" lon="7.564422"><ele>672.460</ele><time>2020-10-25T11:58:13Z</time></trkpt><trkpt lat="46.960570" lon="7.564443"><ele>672.817</ele><time>2020-10-25T11:58:14Z</time></trkpt><trkpt lat="46.960604" lon="7.564483"><ele>673.430</ele><time>2020-10-25T11:58:16Z</time></trkpt><trkpt lat="46.960635" lon="7.564526"><ele>674.025</ele><time>2020-10-25T11:58:18Z</time></trkpt><trkpt lat="46.960674" lon="7.564606"><ele>674.463</ele><time>2020-10-25T11:58:21Z</time></trkpt><trkpt lat="46.960694" lon="7.564641"><ele>674.429</ele><time>2020-10-25T11:58:22Z</time></trkpt><trkpt lat="46.960711" lon="7.564682"><ele>674.400</ele><time>2020-10-25T11:58:23Z</time></trkpt><trkpt lat="46.960707" lon="7.564866"><ele>674.620</ele><time>2020-10-25T11:58:27Z</time></trkpt><trkpt lat="46.960706" lon="7.565157"><ele>674.408</ele><time>2020-10-25T11:58:32Z</time></trkpt><trkpt lat="46.960802" lon="7.565479"><ele>674.037</ele><time>2020-10-25T11:58:37Z</time></trkpt><trkpt lat="46.960819" lon="7.565539"><ele>673.841</ele><time>2020-10-25T11:58:38Z</time></trkpt><trkpt lat="46.960857" lon="7.565658"><ele>674.044</ele><time>2020-10-25T11:58:40Z</time></trkpt><trkpt lat="46.960878" lon="7.565718"><ele>674.048</ele><time>2020-10-25T11:58:41Z</time></trkpt><trkpt lat="46.960898" lon="7.565779"><ele>674.095</ele><time>2020-10-25T11:58:42Z</time></trkpt><trkpt lat="46.960920" lon="7.565839"><ele>674.058</ele><time>2020-10-25T11:58:43Z</time></trkpt><trkpt lat="46.961066" lon="7.566366"><ele>673.813</ele><time>2020-10-25T11:58:51Z</time></trkpt><trkpt lat="46.961131" lon="7.566633"><ele>674.021</ele><time>2020-10-25T11:58:55Z</time></trkpt><trkpt lat="46.961193" lon="7.566873"><ele>674.698</ele><time>2020-10-25T11:58:59Z</time></trkpt><trkpt lat="46.961209" lon="7.566923"><ele>675.015</ele><time>2020-10-25T11:59:00Z</time></trkpt><trkpt lat="46.961220" lon="7.566970"><ele>675.226</ele><time>2020-10-25T11:59:01Z</time></trkpt><trkpt lat="46.961251" lon="7.567099"><ele>676.208</ele><time>2020-10-25T11:59:04Z</time></trkpt><trkpt lat="46.961277" lon="7.567174"><ele>677.224</ele><time>2020-10-25T11:59:06Z</time></trkpt><trkpt lat="46.961291" lon="7.567209"><ele>677.638</ele><time>2020-10-25T11:59:07Z</time></trkpt><trkpt lat="46.961341" lon="7.567342"><ele>678.681</ele><time>2020-10-25T11:59:11Z</time></trkpt><trkpt lat="46.961383" lon="7.567482"><ele>679.465</ele><time>2020-10-25T11:59:15Z</time></trkpt><trkpt lat="46.961395" lon="7.567516"><ele>679.882</ele><time>2020-10-25T11:59:16Z</time></trkpt><trkpt lat="46.961442" lon="7.567690"><ele>681.035</ele><time>2020-10-25T11:59:21Z</time></trkpt><trkpt lat="46.961465" lon="7.567758"><ele>681.690</ele><time>2020-10-25T11:59:23Z</time></trkpt><trkpt lat="46.961522" lon="7.567950"><ele>682.018</ele><time>2020-10-25T11:59:28Z</time></trkpt><trkpt lat="46.961535" lon="7.567988"><ele>682.029</ele><time>2020-10-25T11:59:29Z</time></trkpt><trkpt lat="46.961546" lon="7.568027"><ele>682.000</ele><time>2020-10-25T11:59:30Z</time></trkpt><trkpt lat="46.961573" lon="7.568101"><ele>682.420</ele><time>2020-10-25T11:59:32Z</time></trkpt><trkpt lat="46.961664" lon="7.568331"><ele>683.208</ele><time>2020-10-25T11:59:38Z</time></trkpt><trkpt lat="46.961729" lon="7.568490"><ele>683.467</ele><time>2020-10-25T11:59:42Z</time></trkpt><trkpt lat="46.961802" lon="7.568646"><ele>683.441</ele><time>2020-10-25T11:59:46Z</time></trkpt><trkpt lat="46.961850" lon="7.568764"><ele>683.674</ele><time>2020-10-25T11:59:49Z</time></trkpt><trkpt lat="46.961879" lon="7.568843"><ele>683.848</ele><time>2020-10-25T11:59:51Z</time></trkpt><trkpt lat="46.961892" lon="7.568884"><ele>683.885</ele><time>2020-10-25T11:59:52Z</time></trkpt><trkpt lat="46.961931" lon="7.569143"><ele>684.268</ele><time>2020-10-25T11:59:58Z</time></trkpt><trkpt lat="46.961924" lon="7.569190"><ele>684.443</ele><time>2020-10-25T11:59:59Z</time></trkpt><trkpt lat="46.961830" lon="7.569435"><ele>684.291</ele><time>2020-10-25T12:00:05Z</time></trkpt><trkpt lat="46.961688" lon="7.569670"><ele>685.218</ele><time>2020-10-25T12:00:12Z</time></trkpt><trkpt lat="46.961666" lon="7.569702"><ele>685.698</ele><time>2020-10-25T12:00:13Z</time></trkpt><trkpt lat="46.961555" lon="7.569849"><ele>686.417</ele><time>2020-10-25T12:00:18Z</time></trkpt><trkpt lat="46.961462" lon="7.569935"><ele>687.208</ele><time>2020-10-25T12:00:22Z</time></trkpt><trkpt lat="46.961421" lon="7.569967"><ele>687.676</ele><time>2020-10-25T12:00:24Z</time></trkpt><trkpt lat="46.961344" lon="7.570018"><ele>688.820</ele><time>2020-10-25T12:00:28Z</time></trkpt><trkpt lat="46.961292" lon="7.570037"><ele>689.093</ele><time>2020-10-25T12:00:30Z</time></trkpt><trkpt lat="46.961221" lon="7.570049"><ele>689.887</ele><time>2020-10-25T12:00:33Z</time></trkpt><trkpt lat="46.961112" lon="7.570073"><ele>690.664</ele><time>2020-10-25T12:00:38Z</time></trkpt><trkpt lat="46.961067" lon="7.570075"><ele>690.847</ele><time>2020-10-25T12:00:40Z</time></trkpt><trkpt lat="46.960908" lon="7.570065"><ele>691.822</ele><time>2020-10-25T12:00:47Z</time></trkpt><trkpt lat="46.960806" lon="7.570017"><ele>693.270</ele><time>2020-10-25T12:00:52Z</time></trkpt><trkpt lat="46.960773" lon="7.569985"><ele>693.823</ele><time>2020-10-25T12:00:54Z</time></trkpt><trkpt lat="46.960730" lon="7.569918"><ele>694.483</ele><time>2020-10-25T12:00:57Z</time></trkpt><trkpt lat="46.960687" lon="7.569859"><ele>695.011</ele><time>2020-10-25T12:01:00Z</time></trkpt><trkpt lat="46.960654" lon="7.569807"><ele>695.408</ele><time>2020-10-25T12:01:02Z</time></trkpt><trkpt lat="46.960562" lon="7.569684"><ele>696.447</ele><time>2020-10-25T12:01:07Z</time></trkpt><trkpt lat="46.960541" lon="7.569660"><ele>696.631</ele><time>2020-10-25T12:01:08Z</time></trkpt><trkpt lat="46.960447" lon="7.569563"><ele>697.684</ele><time>2020-10-25T12:01:13Z</time></trkpt><trkpt lat="46.960400" lon="7.569537"><ele>698.028</ele><time>2020-10-25T12:01:15Z</time></trkpt><trkpt lat="46.960256" lon="7.569526"><ele>698.665</ele><time>2020-10-25T12:01:22Z</time></trkpt><trkpt lat="46.960234" lon="7.569530"><ele>698.678</ele><time>2020-10-25T12:01:23Z</time></trkpt><trkpt lat="46.960161" lon="7.569559"><ele>699.833</ele><time>2020-10-25T12:01:27Z</time></trkpt><trkpt lat="46.960135" lon="7.569583"><ele>700.811</ele><time>2020-10-25T12:01:29Z</time></trkpt><trkpt lat="46.960122" lon="7.569595"><ele>701.025</ele><time>2020-10-25T12:01:30Z</time></trkpt><trkpt lat="46.960073" lon="7.569647"><ele>701.626</ele><time>2020-10-25T12:01:34Z</time></trkpt><trkpt lat="46.960026" lon="7.569691"><ele>701.608</ele><time>2020-10-25T12:01:37Z</time></trkpt><trkpt lat="46.959933" lon="7.569805"><ele>702.208</ele><time>2020-10-25T12:01:43Z</time></trkpt><trkpt lat="46.959882" lon="7.569863"><ele>702.667</ele><time>2020-10-25T12:01:46Z</time></trkpt><trkpt lat="46.959819" lon="7.569949"><ele>703.421</ele><time>2020-10-25T12:01:50Z</time></trkpt><trkpt lat="46.959787" lon="7.569994"><ele>703.694</ele><time>2020-10-25T12:01:52Z</time></trkpt><trkpt lat="46.959753" lon="7.570034"><ele>703.828</ele><time>2020-10-25T12:01:54Z</time></trkpt><trkpt lat="46.959717" lon="7.570077"><ele>704.015</ele><time>2020-10-25T12:01:56Z</time></trkpt><trkpt lat="46.959654" lon="7.570165"><ele>704.418</ele><time>2020-10-25T12:02:00Z</time></trkpt><trkpt lat="46.959587" lon="7.570242"><ele>705.283</ele><time>2020-10-25T12:02:04Z</time></trkpt><trkpt lat="46.959553" lon="7.570277"><ele>705.421</ele><time>2020-10-25T12:02:06Z</time></trkpt><trkpt lat="46.959519" lon="7.570307"><ele>705.855</ele><time>2020-10-25T12:02:08Z</time></trkpt><trkpt lat="46.959480" lon="7.570336"><ele>706.007</ele><time>2020-10-25T12:02:10Z</time></trkpt><trkpt lat="46.959422" lon="7.570372"><ele>706.617</ele><time>2020-10-25T12:02:13Z</time></trkpt><trkpt lat="46.959327" lon="7.570437"><ele>707.608</ele><time>2020-10-25T12:02:18Z</time></trkpt><trkpt lat="46.959311" lon="7.570449"><ele>707.820</ele><time>2020-10-25T12:02:19Z</time></trkpt><trkpt lat="46.959255" lon="7.570489"><ele>708.224</ele><time>2020-10-25T12:02:22Z</time></trkpt><trkpt lat="46.959196" lon="7.570523"><ele>708.877</ele><time>2020-10-25T12:02:25Z</time></trkpt><trkpt lat="46.959079" lon="7.570600"><ele>709.861</ele><time>2020-10-25T12:02:31Z</time></trkpt><trkpt lat="46.958935" lon="7.570711"><ele>711.058</ele><time>2020-10-25T12:02:39Z</time></trkpt><trkpt lat="46.958822" lon="7.570799"><ele>712.071</ele><time>2020-10-25T12:02:45Z</time></trkpt><trkpt lat="46.958749" lon="7.570852"><ele>712.896</ele><time>2020-10-25T12:02:49Z</time></trkpt><trkpt lat="46.958718" lon="7.570878"><ele>713.294</ele><time>2020-10-25T12:02:51Z</time></trkpt><trkpt lat="46.958583" lon="7.570965"><ele>714.294</ele><time>2020-10-25T12:02:58Z</time></trkpt><trkpt lat="46.958543" lon="7.570991"><ele>714.857</ele><time>2020-10-25T12:03:00Z</time></trkpt><trkpt lat="46.958473" lon="7.571052"><ele>715.422</ele><time>2020-10-25T12:03:04Z</time></trkpt><trkpt lat="46.958408" lon="7.571123"><ele>715.808</ele><time>2020-10-25T12:03:08Z</time></trkpt><trkpt lat="46.958340" lon="7.571196"><ele>716.424</ele><time>2020-10-25T12:03:12Z</time></trkpt><trkpt lat="46.958263" lon="7.571301"><ele>717.268</ele><time>2020-10-25T12:03:17Z</time></trkpt><trkpt lat="46.958251" lon="7.571325"><ele>717.831</ele><time>2020-10-25T12:03:18Z</time></trkpt><trkpt lat="46.958208" lon="7.571500"><ele>718.875</ele><time>2020-10-25T12:03:25Z</time></trkpt><trkpt lat="46.958203" lon="7.571716"><ele>719.832</ele><time>2020-10-25T12:03:32Z</time></trkpt><trkpt lat="46.958197" lon="7.571779"><ele>720.245</ele><time>2020-10-25T12:03:34Z</time></trkpt><trkpt lat="46.958205" lon="7.571932"><ele>721.060</ele><time>2020-10-25T12:03:39Z</time></trkpt><trkpt lat="46.958206" lon="7.572030"><ele>721.248</ele><time>2020-10-25T12:03:42Z</time></trkpt><trkpt lat="46.958206" lon="7.572186"><ele>722.014</ele><time>2020-10-25T12:03:47Z</time></trkpt><trkpt lat="46.958200" lon="7.572247"><ele>722.454</ele><time>2020-10-25T12:03:49Z</time></trkpt><trkpt lat="46.958215" lon="7.572352"><ele>723.009</ele><time>2020-10-25T12:03:53Z</time></trkpt><trkpt lat="46.958213" lon="7.572413"><ele>723.408</ele><time>2020-10-25T12:03:55Z</time></trkpt><trkpt lat="46.958214" lon="7.572657"><ele>724.256</ele><time>2020-10-25T12:04:03Z</time></trkpt><trkpt lat="46.958206" lon="7.572714"><ele>724.440</ele><time>2020-10-25T12:04:05Z</time></trkpt><trkpt lat="46.958193" lon="7.572915"><ele>725.273</ele><time>2020-10-25T12:04:11Z</time></trkpt><trkpt lat="46.958181" lon="7.573104"><ele>726.417</ele><time>2020-10-25T12:04:16Z</time></trkpt><trkpt lat="46.958161" lon="7.573211"><ele>726.844</ele><time>2020-10-25T12:04:19Z</time></trkpt><trkpt lat="46.958151" lon="7.573284"><ele>726.837</ele><time>2020-10-25T12:04:21Z</time></trkpt><trkpt lat="46.958134" lon="7.573425"><ele>727.432</ele><time>2020-10-25T12:04:25Z</time></trkpt><trkpt lat="46.958128" lon="7.573458"><ele>727.670</ele><time>2020-10-25T12:04:26Z</time></trkpt><trkpt lat="46.958080" lon="7.573666"><ele>728.419</ele><time>2020-10-25T12:04:32Z</time></trkpt><trkpt lat="46.958073" lon="7.573701"><ele>728.409</ele><time>2020-10-25T12:04:33Z</time></trkpt><trkpt lat="46.958024" lon="7.573832"><ele>729.019</ele><time>2020-10-25T12:04:37Z</time></trkpt><trkpt lat="46.958008" lon="7.573885"><ele>729.208</ele><time>2020-10-25T12:04:39Z</time></trkpt><trkpt lat="46.958023" lon="7.573891"><ele>729.476</ele><time>2020-10-25T12:04:41Z</time></trkpt><trkpt lat="46.958003" lon="7.573815"><ele>729.420</ele><time>2020-10-25T12:04:45Z</time></trkpt><trkpt lat="46.957988" lon="7.573817"><ele>729.283</ele><time>2020-10-25T12:04:46Z</time></trkpt><trkpt lat="46.957973" lon="7.573824"><ele>729.047</ele><time>2020-10-25T12:04:51Z</time></trkpt><trkpt lat="46.957958" lon="7.573820"><ele>729.624</ele><time>2020-10-25T12:04:58Z</time></trkpt><trkpt lat="46.957953" lon="7.573808"><ele>729.627</ele><time>2020-10-25T12:05:02Z</time></trkpt><trkpt lat="46.957956" lon="7.573809"><ele>729.892</ele><time>2020-10-25T12:05:05Z</time></trkpt><trkpt lat="46.957958" lon="7.573806"><ele>729.650</ele><time>2020-10-25T12:05:10Z</time></trkpt><trkpt lat="46.957954" lon="7.573799"><ele>729.413</ele><time>2020-10-25T12:05:20Z</time></trkpt><trkpt lat="46.957954" lon="7.573799"><ele>729.443</ele><time>2020-10-25T12:05:21Z</time></trkpt><trkpt lat="46.957958" lon="7.573798"><ele>728.807</ele><time>2020-10-25T12:05:25Z</time></trkpt><trkpt lat="46.957955" lon="7.573795"><ele>728.808</ele><time>2020-10-25T12:05:27Z</time></trkpt><trkpt lat="46.957957" lon="7.573799"><ele>728.866</ele><time>2020-10-25T12:05:28Z</time></trkpt><trkpt lat="46.957956" lon="7.573811"><ele>728.890</ele><time>2020-10-25T12:05:29Z</time></trkpt><trkpt lat="46.957958" lon="7.573825"><ele>729.013</ele><time>2020-10-25T12:05:30Z</time></trkpt><trkpt lat="46.957962" lon="7.573845"><ele>729.237</ele><time>2020-10-25T12:05:31Z</time></trkpt><trkpt lat="46.957969" lon="7.573868"><ele>729.494</ele><time>2020-10-25T12:05:32Z</time></trkpt><trkpt lat="46.957915" lon="7.574061"><ele>730.057</ele><time>2020-10-25T12:05:39Z</time></trkpt><trkpt lat="46.957847" lon="7.574236"><ele>730.672</ele><time>2020-10-25T12:05:44Z</time></trkpt><trkpt lat="46.957831" lon="7.574269"><ele>730.670</ele><time>2020-10-25T12:05:45Z</time></trkpt><trkpt lat="46.957814" lon="7.574301"><ele>730.696</ele><time>2020-10-25T12:05:46Z</time></trkpt><trkpt lat="46.957773" lon="7.574369"><ele>731.031</ele><time>2020-10-25T12:05:48Z</time></trkpt><trkpt lat="46.957722" lon="7.574462"><ele>731.824</ele><time>2020-10-25T12:05:51Z</time></trkpt><trkpt lat="46.957652" lon="7.574622"><ele>732.208</ele><time>2020-10-25T12:05:56Z</time></trkpt><trkpt lat="46.957570" lon="7.574813"><ele>733.094</ele><time>2020-10-25T12:06:01Z</time></trkpt><trkpt lat="46.957539" lon="7.574889"><ele>733.418</ele><time>2020-10-25T12:06:03Z</time></trkpt><trkpt lat="46.957470" lon="7.575084"><ele>733.891</ele><time>2020-10-25T12:06:08Z</time></trkpt><trkpt lat="46.957436" lon="7.575156"><ele>734.025</ele><time>2020-10-25T12:06:10Z</time></trkpt><trkpt lat="46.957354" lon="7.575303"><ele>734.862</ele><time>2020-10-25T12:06:14Z</time></trkpt><trkpt lat="46.957304" lon="7.575418"><ele>735.275</ele><time>2020-10-25T12:06:17Z</time></trkpt><trkpt lat="46.957262" lon="7.575547"><ele>735.690</ele><time>2020-10-25T12:06:20Z</time></trkpt><trkpt lat="46.957124" lon="7.575862"><ele>736.458</ele><time>2020-10-25T12:06:27Z</time></trkpt><trkpt lat="46.957088" lon="7.575957"><ele>736.633</ele><time>2020-10-25T12:06:29Z</time></trkpt><trkpt lat="46.956966" lon="7.576272"><ele>737.223</ele><time>2020-10-25T12:06:36Z</time></trkpt><trkpt lat="46.956860" lon="7.576436"><ele>737.415</ele><time>2020-10-25T12:06:40Z</time></trkpt><trkpt lat="46.956774" lon="7.576534"><ele>737.608</ele><time>2020-10-25T12:06:43Z</time></trkpt><trkpt lat="46.956575" lon="7.576663"><ele>738.498</ele><time>2020-10-25T12:06:49Z</time></trkpt><trkpt lat="46.956539" lon="7.576672"><ele>738.412</ele><time>2020-10-25T12:06:50Z</time></trkpt><trkpt lat="46.956299" lon="7.576702"><ele>739.265</ele><time>2020-10-25T12:06:56Z</time></trkpt><trkpt lat="46.956184" lon="7.576713"><ele>739.419</ele><time>2020-10-25T12:06:59Z</time></trkpt><trkpt lat="46.955886" lon="7.576707"><ele>740.296</ele><time>2020-10-25T12:07:07Z</time></trkpt><trkpt lat="46.955736" lon="7.576683"><ele>740.679</ele><time>2020-10-25T12:07:11Z</time></trkpt><trkpt lat="46.955589" lon="7.576655"><ele>741.084</ele><time>2020-10-25T12:07:15Z</time></trkpt><trkpt lat="46.955304" lon="7.576545"><ele>741.422</ele><time>2020-10-25T12:07:23Z</time></trkpt><trkpt lat="46.955268" lon="7.576527"><ele>741.664</ele><time>2020-10-25T12:07:24Z</time></trkpt><trkpt lat="46.955002" lon="7.576385"><ele>741.606</ele><time>2020-10-25T12:07:31Z</time></trkpt><trkpt lat="46.954605" lon="7.576230"><ele>742.016</ele><time>2020-10-25T12:07:40Z</time></trkpt><trkpt lat="46.954229" lon="7.576192"><ele>742.008</ele><time>2020-10-25T12:07:48Z</time></trkpt><trkpt lat="46.953919" lon="7.576280"><ele>741.671</ele><time>2020-10-25T12:07:54Z</time></trkpt><trkpt lat="46.953806" lon="7.576320"><ele>743.295</ele><time>2020-10-25T12:07:56Z</time></trkpt><trkpt lat="46.953744" lon="7.576337"><ele>748.018</ele><time>2020-10-25T12:07:57Z</time></trkpt><trkpt lat="46.953682" lon="7.576351"><ele>752.462</ele><time>2020-10-25T12:07:58Z</time></trkpt><trkpt lat="46.953619" lon="7.576360"><ele>754.619</ele><time>2020-10-25T12:07:59Z</time></trkpt><trkpt lat="46.953553" lon="7.576367"><ele>755.652</ele><time>2020-10-25T12:08:00Z</time></trkpt><trkpt lat="46.953362" lon="7.576363"><ele>754.047</ele><time>2020-10-25T12:08:03Z</time></trkpt><trkpt lat="46.953120" lon="7.576354"><ele>753.655</ele><time>2020-10-25T12:08:07Z</time></trkpt><trkpt lat="46.953060" lon="7.576356"><ele>753.657</ele><time>2020-10-25T12:08:08Z</time></trkpt><trkpt lat="46.952875" lon="7.576365"><ele>753.800</ele><time>2020-10-25T12:08:11Z</time></trkpt><trkpt lat="46.952709" lon="7.576367"><ele>753.620</ele><time>2020-10-25T12:08:14Z</time></trkpt><trkpt lat="46.952552" lon="7.576410"><ele>753.408</ele><time>2020-10-25T12:08:17Z</time></trkpt><trkpt lat="46.952510" lon="7.576434"><ele>753.420</ele><time>2020-10-25T12:08:18Z</time></trkpt><trkpt lat="46.952387" lon="7.576564"><ele>753.044</ele><time>2020-10-25T12:08:21Z</time></trkpt><trkpt lat="46.952173" lon="7.576931"><ele>752.617</ele><time>2020-10-25T12:08:28Z</time></trkpt><trkpt lat="46.952000" lon="7.577245"><ele>752.051</ele><time>2020-10-25T12:08:34Z</time></trkpt><trkpt lat="46.951945" lon="7.577349"><ele>751.848</ele><time>2020-10-25T12:08:36Z</time></trkpt><trkpt lat="46.951676" lon="7.577841"><ele>751.061</ele><time>2020-10-25T12:08:46Z</time></trkpt><trkpt lat="46.951648" lon="7.577889"><ele>751.066</ele><time>2020-10-25T12:08:47Z</time></trkpt><trkpt lat="46.951446" lon="7.578285"><ele>750.484</ele><time>2020-10-25T12:08:55Z</time></trkpt><trkpt lat="46.951255" lon="7.578689"><ele>750.067</ele><time>2020-10-25T12:09:03Z</time></trkpt><trkpt lat="46.951230" lon="7.578738"><ele>750.081</ele><time>2020-10-25T12:09:04Z</time></trkpt><trkpt lat="46.951066" lon="7.579116"><ele>749.819</ele><time>2020-10-25T12:09:12Z</time></trkpt><trkpt lat="46.950888" lon="7.579517"><ele>749.608</ele><time>2020-10-25T12:09:21Z</time></trkpt><trkpt lat="46.950775" lon="7.579928"><ele>749.641</ele><time>2020-10-25T12:09:29Z</time></trkpt><trkpt lat="46.950708" lon="7.580290"><ele>749.695</ele><time>2020-10-25T12:09:36Z</time></trkpt><trkpt lat="46.950680" lon="7.580443"><ele>749.648</ele><time>2020-10-25T12:09:39Z</time></trkpt><trkpt lat="46.950608" lon="7.580799"><ele>749.642</ele><time>2020-10-25T12:09:46Z</time></trkpt><trkpt lat="46.950589" lon="7.580901"><ele>749.869</ele><time>2020-10-25T12:09:48Z</time></trkpt><trkpt lat="46.950524" lon="7.581285"><ele>749.822</ele><time>2020-10-25T12:09:55Z</time></trkpt><trkpt lat="46.950513" lon="7.581336"><ele>749.877</ele><time>2020-10-25T12:09:56Z</time></trkpt><trkpt lat="46.950462" lon="7.581602"><ele>750.065</ele><time>2020-10-25T12:10:01Z</time></trkpt><trkpt lat="46.950450" lon="7.581654"><ele>750.098</ele><time>2020-10-25T12:10:02Z</time></trkpt><trkpt lat="46.950438" lon="7.581706"><ele>750.015</ele><time>2020-10-25T12:10:03Z</time></trkpt><trkpt lat="46.950415" lon="7.581814"><ele>750.226</ele><time>2020-10-25T12:10:05Z</time></trkpt><trkpt lat="46.950354" lon="7.582140"><ele>750.408</ele><time>2020-10-25T12:10:11Z</time></trkpt><trkpt lat="46.950342" lon="7.582197"><ele>750.494</ele><time>2020-10-25T12:10:12Z</time></trkpt><trkpt lat="46.950259" lon="7.582587"><ele>750.648</ele><time>2020-10-25T12:10:19Z</time></trkpt><trkpt lat="46.950237" lon="7.582694"><ele>750.831</ele><time>2020-10-25T12:10:21Z</time></trkpt><trkpt lat="46.950226" lon="7.582748"><ele>750.815</ele><time>2020-10-25T12:10:22Z</time></trkpt><trkpt lat="46.950214" lon="7.582803"><ele>750.812</ele><time>2020-10-25T12:10:23Z</time></trkpt><trkpt lat="46.950195" lon="7.582914"><ele>750.895</ele><time>2020-10-25T12:10:25Z</time></trkpt><trkpt lat="46.950171" lon="7.583185"><ele>751.060</ele><time>2020-10-25T12:10:30Z</time></trkpt><trkpt lat="46.950164" lon="7.583240"><ele>751.268</ele><time>2020-10-25T12:10:31Z</time></trkpt><trkpt lat="46.950128" lon="7.583566"><ele>751.457</ele><time>2020-10-25T12:10:37Z</time></trkpt><trkpt lat="46.950116" lon="7.583675"><ele>751.400</ele><time>2020-10-25T12:10:39Z</time></trkpt><trkpt lat="46.950079" lon="7.584107"><ele>751.820</ele><time>2020-10-25T12:10:47Z</time></trkpt><trkpt lat="46.950053" lon="7.584318"><ele>752.208</ele><time>2020-10-25T12:10:51Z</time></trkpt><trkpt lat="46.950031" lon="7.584588"><ele>752.430</ele><time>2020-10-25T12:10:56Z</time></trkpt><trkpt lat="46.949995" lon="7.584998"><ele>752.874</ele><time>2020-10-25T12:11:04Z</time></trkpt><trkpt lat="46.949971" lon="7.585196"><ele>753.277</ele><time>2020-10-25T12:11:08Z</time></trkpt><trkpt lat="46.949950" lon="7.585510"><ele>753.651</ele><time>2020-10-25T12:11:14Z</time></trkpt><trkpt lat="46.950002" lon="7.585722"><ele>753.838</ele><time>2020-10-25T12:11:18Z</time></trkpt><trkpt lat="46.950026" lon="7.585771"><ele>754.041</ele><time>2020-10-25T12:11:19Z</time></trkpt><trkpt lat="46.950116" lon="7.585859"><ele>754.266</ele><time>2020-10-25T12:11:22Z</time></trkpt><trkpt lat="46.950152" lon="7.585870"><ele>754.214</ele><time>2020-10-25T12:11:23Z</time></trkpt><trkpt lat="46.950424" lon="7.585972"><ele>754.858</ele><time>2020-10-25T12:11:30Z</time></trkpt><trkpt lat="46.950629" lon="7.585946"><ele>755.252</ele><time>2020-10-25T12:11:36Z</time></trkpt><trkpt lat="46.950838" lon="7.585912"><ele>755.817</ele><time>2020-10-25T12:11:43Z</time></trkpt><trkpt lat="46.950950" lon="7.585910"><ele>756.208</ele><time>2020-10-25T12:11:48Z</time></trkpt><trkpt lat="46.951058" lon="7.585921"><ele>756.890</ele><time>2020-10-25T12:11:53Z</time></trkpt><trkpt lat="46.951141" lon="7.585954"><ele>757.494</ele><time>2020-10-25T12:11:58Z</time></trkpt><trkpt lat="46.951217" lon="7.585994"><ele>757.847</ele><time>2020-10-25T12:12:03Z</time></trkpt><trkpt lat="46.951337" lon="7.586059"><ele>757.621</ele><time>2020-10-25T12:12:11Z</time></trkpt><trkpt lat="46.951411" lon="7.586119"><ele>756.258</ele><time>2020-10-25T12:12:17Z</time></trkpt><trkpt lat="46.951440" lon="7.586146"><ele>755.881</ele><time>2020-10-25T12:12:19Z</time></trkpt><trkpt lat="46.951574" lon="7.586224"><ele>756.066</ele><time>2020-10-25T12:12:28Z</time></trkpt><trkpt lat="46.951656" lon="7.586307"><ele>755.214</ele><time>2020-10-25T12:12:34Z</time></trkpt><trkpt lat="46.951688" lon="7.586331"><ele>754.898</ele><time>2020-10-25T12:12:36Z</time></trkpt><trkpt lat="46.951837" lon="7.586428"><ele>754.415</ele><time>2020-10-25T12:12:45Z</time></trkpt><trkpt lat="46.951984" lon="7.586499"><ele>754.626</ele><time>2020-10-25T12:12:54Z</time></trkpt><trkpt lat="46.952085" lon="7.586580"><ele>754.808</ele><time>2020-10-25T12:13:02Z</time></trkpt><trkpt lat="46.952138" lon="7.586583"><ele>756.244</ele><time>2020-10-25T12:13:09Z</time></trkpt><trkpt lat="46.952185" lon="7.586478"><ele>757.628</ele><time>2020-10-25T12:13:14Z</time></trkpt><trkpt lat="46.952194" lon="7.586464"><ele>758.231</ele><time>2020-10-25T12:13:16Z</time></trkpt><trkpt lat="46.952213" lon="7.586452"><ele>758.275</ele><time>2020-10-25T12:13:17Z</time></trkpt><trkpt lat="46.952239" lon="7.586452"><ele>758.642</ele><time>2020-10-25T12:13:19Z</time></trkpt><trkpt lat="46.952246" lon="7.586455"><ele>758.875</ele><time>2020-10-25T12:13:20Z</time></trkpt><trkpt lat="46.952264" lon="7.586453"><ele>759.690</ele><time>2020-10-25T12:13:24Z</time></trkpt><trkpt lat="46.952269" lon="7.586450"><ele>760.698</ele><time>2020-10-25T12:13:28Z</time></trkpt><trkpt lat="46.952270" lon="7.586449"><ele>760.825</ele><time>2020-10-25T12:13:29Z</time></trkpt><trkpt lat="46.952271" lon="7.586449"><ele>761.826</ele><time>2020-10-25T12:13:34Z</time></trkpt><trkpt lat="46.952266" lon="7.586456"><ele>763.008</ele><time>2020-10-25T12:13:40Z</time></trkpt><trkpt lat="46.952267" lon="7.586456"><ele>763.408</ele><time>2020-10-25T12:13:42Z</time></trkpt><trkpt lat="46.952267" lon="7.586454"><ele>764.267</ele><time>2020-10-25T12:13:46Z</time></trkpt><trkpt lat="46.952267" lon="7.586453"><ele>764.451</ele><time>2020-10-25T12:13:48Z</time></trkpt><trkpt lat="46.952266" lon="7.586452"><ele>764.834</ele><time>2020-10-25T12:13:50Z</time></trkpt><trkpt lat="46.952268" lon="7.586451"><ele>765.298</ele><time>2020-10-25T12:13:52Z</time></trkpt><trkpt lat="46.952267" lon="7.586447"><ele>766.095</ele><time>2020-10-25T12:13:57Z</time></trkpt><trkpt lat="46.952266" lon="7.586446"><ele>766.298</ele><time>2020-10-25T12:13:59Z</time></trkpt><trkpt lat="46.952296" lon="7.586401"><ele>767.423</ele><time>2020-10-25T12:14:06Z</time></trkpt><trkpt lat="46.952311" lon="7.586393"><ele>767.491</ele><time>2020-10-25T12:14:07Z</time></trkpt><trkpt lat="46.952414" lon="7.586364"><ele>768.266</ele><time>2020-10-25T12:14:13Z</time></trkpt><trkpt lat="46.952434" lon="7.586357"><ele>768.429</ele><time>2020-10-25T12:14:14Z</time></trkpt><trkpt lat="46.952512" lon="7.586327"><ele>769.021</ele><time>2020-10-25T12:14:18Z</time></trkpt><trkpt lat="46.952584" lon="7.586293"><ele>769.408</ele><time>2020-10-25T12:14:22Z</time></trkpt><trkpt lat="46.952732" lon="7.586213"><ele>770.651</ele><time>2020-10-25T12:14:30Z</time></trkpt><trkpt lat="46.952845" lon="7.586149"><ele>771.245</ele><time>2020-10-25T12:14:35Z</time></trkpt><trkpt lat="46.952945" lon="7.586096"><ele>771.648</ele><time>2020-10-25T12:14:39Z</time></trkpt><trkpt lat="46.953177" lon="7.585966"><ele>772.882</ele><time>2020-10-25T12:14:48Z</time></trkpt><trkpt lat="46.953402" lon="7.585803"><ele>773.859</ele><time>2020-10-25T12:14:57Z</time></trkpt><trkpt lat="46.953426" lon="7.585781"><ele>774.062</ele><time>2020-10-25T12:14:58Z</time></trkpt><trkpt lat="46.953573" lon="7.585585"><ele>774.857</ele><time>2020-10-25T12:15:05Z</time></trkpt><trkpt lat="46.953609" lon="7.585524"><ele>775.285</ele><time>2020-10-25T12:15:07Z</time></trkpt><trkpt lat="46.953727" lon="7.585358"><ele>776.088</ele><time>2020-10-25T12:15:13Z</time></trkpt><trkpt lat="46.953773" lon="7.585321"><ele>776.224</ele><time>2020-10-25T12:15:15Z</time></trkpt><trkpt lat="46.953907" lon="7.585257"><ele>777.026</ele><time>2020-10-25T12:15:20Z</time></trkpt><trkpt lat="46.953957" lon="7.585248"><ele>777.408</ele><time>2020-10-25T12:15:22Z</time></trkpt><trkpt lat="46.953983" lon="7.585242"><ele>777.423</ele><time>2020-10-25T12:15:23Z</time></trkpt><trkpt lat="46.954010" lon="7.585235"><ele>777.657</ele><time>2020-10-25T12:15:24Z</time></trkpt><trkpt lat="46.954068" lon="7.585218"><ele>778.070</ele><time>2020-10-25T12:15:26Z</time></trkpt><trkpt lat="46.954098" lon="7.585206"><ele>778.234</ele><time>2020-10-25T12:15:27Z</time></trkpt><trkpt lat="46.954247" lon="7.585146"><ele>779.051</ele><time>2020-10-25T12:15:32Z</time></trkpt><trkpt lat="46.954277" lon="7.585138"><ele>779.214</ele><time>2020-10-25T12:15:33Z</time></trkpt><trkpt lat="46.954309" lon="7.585133"><ele>779.459</ele><time>2020-10-25T12:15:34Z</time></trkpt><trkpt lat="46.954401" lon="7.585130"><ele>779.847</ele><time>2020-10-25T12:15:37Z</time></trkpt><trkpt lat="46.954456" lon="7.585146"><ele>780.299</ele><time>2020-10-25T12:15:39Z</time></trkpt><trkpt lat="46.954483" lon="7.585159"><ele>780.407</ele><time>2020-10-25T12:15:40Z</time></trkpt><trkpt lat="46.954612" lon="7.585200"><ele>781.427</ele><time>2020-10-25T12:15:45Z</time></trkpt><trkpt lat="46.954716" lon="7.585240"><ele>782.208</ele><time>2020-10-25T12:15:49Z</time></trkpt><trkpt lat="46.954772" lon="7.585286"><ele>782.634</ele><time>2020-10-25T12:15:51Z</time></trkpt><trkpt lat="46.954894" lon="7.585406"><ele>783.488</ele><time>2020-10-25T12:15:56Z</time></trkpt><trkpt lat="46.954927" lon="7.585428"><ele>783.621</ele><time>2020-10-25T12:15:57Z</time></trkpt><trkpt lat="46.955082" lon="7.585602"><ele>784.665</ele><time>2020-10-25T12:16:03Z</time></trkpt><trkpt lat="46.955158" lon="7.585691"><ele>785.282</ele><time>2020-10-25T12:16:06Z</time></trkpt><trkpt lat="46.955230" lon="7.585767"><ele>785.615</ele><time>2020-10-25T12:16:09Z</time></trkpt><trkpt lat="46.955329" lon="7.585930"><ele>786.430</ele><time>2020-10-25T12:16:14Z</time></trkpt><trkpt lat="46.955369" lon="7.585982"><ele>786.878</ele><time>2020-10-25T12:16:16Z</time></trkpt><trkpt lat="46.955402" lon="7.586033"><ele>787.249</ele><time>2020-10-25T12:16:18Z</time></trkpt><trkpt lat="46.955459" lon="7.586094"><ele>787.602</ele><time>2020-10-25T12:16:21Z</time></trkpt><trkpt lat="46.955483" lon="7.586114"><ele>787.822</ele><time>2020-10-25T12:16:22Z</time></trkpt><trkpt lat="46.955600" lon="7.586221"><ele>788.808</ele><time>2020-10-25T12:16:28Z</time></trkpt><trkpt lat="46.955619" lon="7.586237"><ele>789.029</ele><time>2020-10-25T12:16:29Z</time></trkpt><trkpt lat="46.955637" lon="7.586253"><ele>789.253</ele><time>2020-10-25T12:16:30Z</time></trkpt><trkpt lat="46.955688" lon="7.586289"><ele>789.446</ele><time>2020-10-25T12:16:32Z</time></trkpt><trkpt lat="46.955730" lon="7.586320"><ele>789.860</ele><time>2020-10-25T12:16:34Z</time></trkpt><trkpt lat="46.955885" lon="7.586441"><ele>790.847</ele><time>2020-10-25T12:16:40Z</time></trkpt><trkpt lat="46.956048" lon="7.586553"><ele>791.880</ele><time>2020-10-25T12:16:46Z</time></trkpt><trkpt lat="46.956126" lon="7.586610"><ele>792.435</ele><time>2020-10-25T12:16:49Z</time></trkpt><trkpt lat="46.956194" lon="7.586677"><ele>792.853</ele><time>2020-10-25T12:16:52Z</time></trkpt><trkpt lat="46.956329" lon="7.586800"><ele>793.827</ele><time>2020-10-25T12:16:58Z</time></trkpt><trkpt lat="46.956351" lon="7.586822"><ele>794.068</ele><time>2020-10-25T12:16:59Z</time></trkpt><trkpt lat="46.956510" lon="7.587055"><ele>794.014</ele><time>2020-10-25T12:17:07Z</time></trkpt><trkpt lat="46.956665" lon="7.587321"><ele>794.808</ele><time>2020-10-25T12:17:14Z</time></trkpt><trkpt lat="46.956705" lon="7.587392"><ele>795.257</ele><time>2020-10-25T12:17:16Z</time></trkpt><trkpt lat="46.956734" lon="7.587453"><ele>795.421</ele><time>2020-10-25T12:17:18Z</time></trkpt><trkpt lat="46.956785" lon="7.587552"><ele>795.834</ele><time>2020-10-25T12:17:21Z</time></trkpt><trkpt lat="46.956813" lon="7.587613"><ele>796.258</ele><time>2020-10-25T12:17:23Z</time></trkpt><trkpt lat="46.956892" lon="7.587746"><ele>797.025</ele><time>2020-10-25T12:17:28Z</time></trkpt><trkpt lat="46.956929" lon="7.587784"><ele>797.498</ele><time>2020-10-25T12:17:30Z</time></trkpt><trkpt lat="46.957029" lon="7.587910"><ele>798.233</ele><time>2020-10-25T12:17:35Z</time></trkpt><trkpt lat="46.957078" lon="7.587949"><ele>798.461</ele><time>2020-10-25T12:17:37Z</time></trkpt><trkpt lat="46.957249" lon="7.588072"><ele>799.671</ele><time>2020-10-25T12:17:44Z</time></trkpt><trkpt lat="46.957481" lon="7.588095"><ele>800.641</ele><time>2020-10-25T12:17:51Z</time></trkpt><trkpt lat="46.957577" lon="7.588109"><ele>801.015</ele><time>2020-10-25T12:17:53Z</time></trkpt><trkpt lat="46.957720" lon="7.588108"><ele>801.608</ele><time>2020-10-25T12:17:58Z</time></trkpt><trkpt lat="46.957784" lon="7.588102"><ele>802.072</ele><time>2020-10-25T12:18:00Z</time></trkpt><trkpt lat="46.957898" lon="7.588101"><ele>802.436</ele><time>2020-10-25T12:18:04Z</time></trkpt><trkpt lat="46.957949" lon="7.588112"><ele>802.829</ele><time>2020-10-25T12:18:06Z</time></trkpt><trkpt lat="46.958002" lon="7.588112"><ele>803.043</ele><time>2020-10-25T12:18:08Z</time></trkpt><trkpt lat="46.958179" lon="7.588112"><ele>803.870</ele><time>2020-10-25T12:18:14Z</time></trkpt><trkpt lat="46.958236" lon="7.588110"><ele>804.013</ele><time>2020-10-25T12:18:16Z</time></trkpt><trkpt lat="46.958384" lon="7.588103"><ele>805.028</ele><time>2020-10-25T12:18:23Z</time></trkpt><trkpt lat="46.958581" lon="7.588076"><ele>805.856</ele><time>2020-10-25T12:18:30Z</time></trkpt><trkpt lat="46.958609" lon="7.588070"><ele>806.036</ele><time>2020-10-25T12:18:31Z</time></trkpt><trkpt lat="46.958758" lon="7.588084"><ele>807.017</ele><time>2020-10-25T12:18:38Z</time></trkpt><trkpt lat="46.958821" lon="7.588092"><ele>807.618</ele><time>2020-10-25T12:18:41Z</time></trkpt><trkpt lat="46.958837" lon="7.588094"><ele>807.608</ele><time>2020-10-25T12:18:42Z</time></trkpt><trkpt lat="46.958857" lon="7.588096"><ele>807.898</ele><time>2020-10-25T12:18:43Z</time></trkpt><trkpt lat="46.958910" lon="7.588102"><ele>808.242</ele><time>2020-10-25T12:18:45Z</time></trkpt><trkpt lat="46.958956" lon="7.588109"><ele>808.615</ele><time>2020-10-25T12:18:47Z</time></trkpt><trkpt lat="46.959051" lon="7.588138"><ele>809.489</ele><time>2020-10-25T12:18:52Z</time></trkpt><trkpt lat="46.959094" lon="7.588142"><ele>809.616</ele><time>2020-10-25T12:18:54Z</time></trkpt><trkpt lat="46.959161" lon="7.588139"><ele>810.429</ele><time>2020-10-25T12:18:58Z</time></trkpt><trkpt lat="46.959225" lon="7.588161"><ele>811.224</ele><time>2020-10-25T12:19:03Z</time></trkpt><trkpt lat="46.959235" lon="7.588169"><ele>811.462</ele><time>2020-10-25T12:19:04Z</time></trkpt><trkpt lat="46.959311" lon="7.588190"><ele>812.478</ele><time>2020-10-25T12:19:10Z</time></trkpt><trkpt lat="46.959349" lon="7.588190"><ele>813.033</ele><time>2020-10-25T12:19:13Z</time></trkpt><trkpt lat="46.959385" lon="7.588197"><ele>813.626</ele><time>2020-10-25T12:19:16Z</time></trkpt><trkpt lat="46.959419" lon="7.588196"><ele>814.208</ele><time>2020-10-25T12:19:20Z</time></trkpt><trkpt lat="46.959437" lon="7.588197"><ele>814.692</ele><time>2020-10-25T12:19:22Z</time></trkpt><trkpt lat="46.959460" lon="7.588192"><ele>814.846</ele><time>2020-10-25T12:19:24Z</time></trkpt><trkpt lat="46.959509" lon="7.588178"><ele>815.649</ele><time>2020-10-25T12:19:29Z</time></trkpt><trkpt lat="46.959523" lon="7.588186"><ele>816.463</ele><time>2020-10-25T12:19:34Z</time></trkpt><trkpt lat="46.959547" lon="7.588207"><ele>816.660</ele><time>2020-10-25T12:19:36Z</time></trkpt><trkpt lat="46.959558" lon="7.588222"><ele>816.843</ele><time>2020-10-25T12:19:37Z</time></trkpt><trkpt lat="46.959618" lon="7.588395"><ele>817.818</ele><time>2020-10-25T12:19:45Z</time></trkpt><trkpt lat="46.959632" lon="7.588609"><ele>819.096</ele><time>2020-10-25T12:19:53Z</time></trkpt><trkpt lat="46.959632" lon="7.588636"><ele>819.215</ele><time>2020-10-25T12:19:54Z</time></trkpt><trkpt lat="46.959639" lon="7.588831"><ele>820.265</ele><time>2020-10-25T12:20:01Z</time></trkpt><trkpt lat="46.959640" lon="7.588861"><ele>820.211</ele><time>2020-10-25T12:20:02Z</time></trkpt><trkpt lat="46.959639" lon="7.589082"><ele>821.208</ele><time>2020-10-25T12:20:09Z</time></trkpt><trkpt lat="46.959626" lon="7.589150"><ele>821.686</ele><time>2020-10-25T12:20:11Z</time></trkpt><trkpt lat="46.959578" lon="7.589329"><ele>822.490</ele><time>2020-10-25T12:20:17Z</time></trkpt><trkpt lat="46.959573" lon="7.589363"><ele>822.423</ele><time>2020-10-25T12:20:18Z</time></trkpt><trkpt lat="46.959528" lon="7.589682"><ele>823.417</ele><time>2020-10-25T12:20:25Z</time></trkpt><trkpt lat="46.959465" lon="7.590100"><ele>824.494</ele><time>2020-10-25T12:20:34Z</time></trkpt><trkpt lat="46.959410" lon="7.590417"><ele>825.247</ele><time>2020-10-25T12:20:42Z</time></trkpt><trkpt lat="46.959397" lon="7.590445"><ele>825.422</ele><time>2020-10-25T12:20:43Z</time></trkpt><trkpt lat="46.959368" lon="7.590600"><ele>826.090</ele><time>2020-10-25T12:20:48Z</time></trkpt><trkpt lat="46.959352" lon="7.590730"><ele>826.416</ele><time>2020-10-25T12:20:52Z</time></trkpt><trkpt lat="46.959327" lon="7.590861"><ele>827.076</ele><time>2020-10-25T12:20:56Z</time></trkpt><trkpt lat="46.959315" lon="7.590940"><ele>827.213</ele><time>2020-10-25T12:20:58Z</time></trkpt><trkpt lat="46.959311" lon="7.591018"><ele>827.408</ele><time>2020-10-25T12:21:00Z</time></trkpt><trkpt lat="46.959307" lon="7.591061"><ele>827.636</ele><time>2020-10-25T12:21:01Z</time></trkpt><trkpt lat="46.959299" lon="7.591105"><ele>827.670</ele><time>2020-10-25T12:21:02Z</time></trkpt><trkpt lat="46.959292" lon="7.591389"><ele>828.413</ele><time>2020-10-25T12:21:09Z</time></trkpt><trkpt lat="46.959293" lon="7.591471"><ele>828.677</ele><time>2020-10-25T12:21:11Z</time></trkpt><trkpt lat="46.959304" lon="7.591684"><ele>829.294</ele><time>2020-10-25T12:21:16Z</time></trkpt><trkpt lat="46.959303" lon="7.591761"><ele>829.447</ele><time>2020-10-25T12:21:18Z</time></trkpt><trkpt lat="46.959308" lon="7.591842"><ele>829.652</ele><time>2020-10-25T12:21:21Z</time></trkpt><trkpt lat="46.959302" lon="7.591850"><ele>830.040</ele><time>2020-10-25T12:21:23Z</time></trkpt><trkpt lat="46.959287" lon="7.591843"><ele>830.833</ele><time>2020-10-25T12:21:31Z</time></trkpt><trkpt lat="46.959283" lon="7.591839"><ele>831.023</ele><time>2020-10-25T12:21:34Z</time></trkpt><trkpt lat="46.959278" lon="7.591836"><ele>831.215</ele><time>2020-10-25T12:21:36Z</time></trkpt><trkpt lat="46.959278" lon="7.591833"><ele>831.808</ele><time>2020-10-25T12:21:42Z</time></trkpt><trkpt lat="46.959276" lon="7.591825"><ele>832.848</ele><time>2020-10-25T12:21:53Z</time></trkpt><trkpt lat="46.959276" lon="7.591825"><ele>833.032</ele><time>2020-10-25T12:21:54Z</time></trkpt><trkpt lat="46.959274" lon="7.591821"><ele>833.695</ele><time>2020-10-25T12:22:03Z</time></trkpt><trkpt lat="46.959272" lon="7.591818"><ele>834.039</ele><time>2020-10-25T12:22:08Z</time></trkpt><trkpt lat="46.959270" lon="7.591821"><ele>834.236</ele><time>2020-10-25T12:22:11Z</time></trkpt><trkpt lat="46.959277" lon="7.591816"><ele>834.899</ele><time>2020-10-25T12:22:20Z</time></trkpt><trkpt lat="46.959282" lon="7.591813"><ele>835.094</ele><time>2020-10-25T12:22:24Z</time></trkpt><trkpt lat="46.959282" lon="7.591813"><ele>835.032</ele><time>2020-10-25T12:22:25Z</time></trkpt><trkpt lat="46.959296" lon="7.591849"><ele>835.215</ele><time>2020-10-25T12:22:29Z</time></trkpt><trkpt lat="46.959300" lon="7.591865"><ele>835.465</ele><time>2020-10-25T12:22:30Z</time></trkpt><trkpt lat="46.959354" lon="7.592035"><ele>836.011</ele><time>2020-10-25T12:22:37Z</time></trkpt><trkpt lat="46.959359" lon="7.592069"><ele>836.208</ele><time>2020-10-25T12:22:38Z</time></trkpt><trkpt lat="46.959393" lon="7.592307"><ele>837.096</ele><time>2020-10-25T12:22:44Z</time></trkpt><trkpt lat="46.959399" lon="7.592353"><ele>837.210</ele><time>2020-10-25T12:22:45Z</time></trkpt><trkpt lat="46.959417" lon="7.592577"><ele>837.493</ele><time>2020-10-25T12:22:50Z</time></trkpt><trkpt lat="46.959415" lon="7.592867"><ele>837.647</ele><time>2020-10-25T12:22:57Z</time></trkpt><trkpt lat="46.959400" lon="7.593214"><ele>838.274</ele><time>2020-10-25T12:23:06Z</time></trkpt><trkpt lat="46.959398" lon="7.593249"><ele>838.267</ele><time>2020-10-25T12:23:07Z</time></trkpt><trkpt lat="46.959396" lon="7.593283"><ele>838.282</ele><time>2020-10-25T12:23:08Z</time></trkpt><trkpt lat="46.959390" lon="7.593351"><ele>838.460</ele><time>2020-10-25T12:23:10Z</time></trkpt><trkpt lat="46.959393" lon="7.593418"><ele>838.663</ele><time>2020-10-25T12:23:12Z</time></trkpt><trkpt lat="46.959389" lon="7.593553"><ele>838.844</ele><time>2020-10-25T12:23:16Z</time></trkpt><trkpt lat="46.959385" lon="7.593625"><ele>839.018</ele><time>2020-10-25T12:23:18Z</time></trkpt><trkpt lat="46.959380" lon="7.593693"><ele>839.208</ele><time>2020-10-25T12:23:20Z</time></trkpt><trkpt lat="46.959352" lon="7.593891"><ele>839.671</ele><time>2020-10-25T12:23:25Z</time></trkpt><trkpt lat="46.959345" lon="7.593945"><ele>839.875</ele><time>2020-10-25T12:23:26Z</time></trkpt><trkpt lat="46.959333" lon="7.594058"><ele>839.828</ele><time>2020-10-25T12:23:28Z</time></trkpt><trkpt lat="46.959301" lon="7.594309"><ele>840.232</ele><time>2020-10-25T12:23:33Z</time></trkpt><trkpt lat="46.959301" lon="7.594345"><ele>840.279</ele><time>2020-10-25T12:23:34Z</time></trkpt><trkpt lat="46.959293" lon="7.594440"><ele>840.442</ele><time>2020-10-25T12:23:38Z</time></trkpt><trkpt lat="46.959286" lon="7.594581"><ele>840.867</ele><time>2020-10-25T12:23:42Z</time></trkpt><trkpt lat="46.959284" lon="7.594629"><ele>840.835</ele><time>2020-10-25T12:23:43Z</time></trkpt><trkpt lat="46.959233" lon="7.594854"><ele>841.025</ele><time>2020-10-25T12:23:47Z</time></trkpt><trkpt lat="46.959211" lon="7.594910"><ele>841.026</ele><time>2020-10-25T12:23:48Z</time></trkpt><trkpt lat="46.959183" lon="7.594966"><ele>841.008</ele><time>2020-10-25T12:23:49Z</time></trkpt><trkpt lat="46.959023" lon="7.595212"><ele>841.208</ele><time>2020-10-25T12:23:53Z</time></trkpt><trkpt lat="46.958711" lon="7.595578"><ele>841.297</ele><time>2020-10-25T12:23:59Z</time></trkpt><trkpt lat="46.958508" lon="7.595835"><ele>841.221</ele><time>2020-10-25T12:24:03Z</time></trkpt><trkpt lat="46.958406" lon="7.595966"><ele>841.214</ele><time>2020-10-25T12:24:05Z</time></trkpt><trkpt lat="46.958311" lon="7.596097"><ele>841.298</ele><time>2020-10-25T12:24:07Z</time></trkpt><trkpt lat="46.958029" lon="7.596566"><ele>841.285</ele><time>2020-10-25T12:24:14Z</time></trkpt><trkpt lat="46.957820" lon="7.597017"><ele>841.278</ele><time>2020-10-25T12:24:21Z</time></trkpt><trkpt lat="46.957701" lon="7.597291"><ele>841.213</ele><time>2020-10-25T12:24:26Z</time></trkpt><trkpt lat="46.957537" lon="7.597686"><ele>841.291</ele><time>2020-10-25T12:24:34Z</time></trkpt><trkpt lat="46.957429" lon="7.597951"><ele>841.247</ele><time>2020-10-25T12:24:40Z</time></trkpt><trkpt lat="46.957411" lon="7.597992"><ele>841.229</ele><time>2020-10-25T12:24:41Z</time></trkpt><trkpt lat="46.957388" lon="7.598029"><ele>841.221</ele><time>2020-10-25T12:24:42Z</time></trkpt><trkpt lat="46.957363" lon="7.598065"><ele>841.208</ele><time>2020-10-25T12:24:43Z</time></trkpt><trkpt lat="46.957339" lon="7.598102"><ele>841.249</ele><time>2020-10-25T12:24:44Z</time></trkpt><trkpt lat="46.957267" lon="7.598205"><ele>841.273</ele><time>2020-10-25T12:24:47Z</time></trkpt><trkpt lat="46.957208" lon="7.598315"><ele>841.496</ele><time>2020-10-25T12:24:50Z</time></trkpt><trkpt lat="46.957232" lon="7.598490"><ele>841.460</ele><time>2020-10-25T12:24:54Z</time></trkpt><trkpt lat="46.957340" lon="7.598679"><ele>841.627</ele><time>2020-10-25T12:24:59Z</time></trkpt><trkpt lat="46.957370" lon="7.598744"><ele>841.690</ele><time>2020-10-25T12:25:01Z</time></trkpt><trkpt lat="46.957385" lon="7.598808"><ele>841.875</ele><time>2020-10-25T12:25:06Z</time></trkpt><trkpt lat="46.957375" lon="7.598765"><ele>842.093</ele><time>2020-10-25T12:25:11Z</time></trkpt><trkpt lat="46.957342" lon="7.598660"><ele>842.295</ele><time>2020-10-25T12:25:18Z</time></trkpt><trkpt lat="46.957333" lon="7.598640"><ele>842.649</ele><time>2020-10-25T12:25:30Z</time></trkpt><trkpt lat="46.957324" lon="7.598626"><ele>842.623</ele><time>2020-10-25T12:25:33Z</time></trkpt><trkpt lat="46.957318" lon="7.598596"><ele>842.808</ele><time>2020-10-25T12:25:44Z</time></trkpt><trkpt lat="46.957329" lon="7.598595"><ele>843.054</ele><time>2020-10-25T12:25:48Z</time></trkpt><trkpt lat="46.957333" lon="7.598594"><ele>843.058</ele><time>2020-10-25T12:25:50Z</time></trkpt><trkpt lat="46.957352" lon="7.598578"><ele>843.091</ele><time>2020-10-25T12:25:58Z</time></trkpt><trkpt lat="46.957351" lon="7.598568"><ele>843.035</ele><time>2020-10-25T12:26:01Z</time></trkpt><trkpt lat="46.957346" lon="7.598528"><ele>843.222</ele><time>2020-10-25T12:26:10Z</time></trkpt><trkpt lat="46.957349" lon="7.598521"><ele>843.295</ele><time>2020-10-25T12:26:11Z</time></trkpt><trkpt lat="46.957359" lon="7.598592"><ele>843.270</ele><time>2020-10-25T12:26:18Z</time></trkpt><trkpt lat="46.957343" lon="7.598616"><ele>843.238</ele><time>2020-10-25T12:26:19Z</time></trkpt><trkpt lat="46.957337" lon="7.598634"><ele>843.235</ele><time>2020-10-25T12:26:20Z</time></trkpt><trkpt lat="46.957336" lon="7.598651"><ele>843.286</ele><time>2020-10-25T12:26:21Z</time></trkpt><trkpt lat="46.957337" lon="7.598671"><ele>843.214</ele><time>2020-10-25T12:26:22Z</time></trkpt><trkpt lat="46.957340" lon="7.598686"><ele>843.208</ele><time>2020-10-25T12:26:23Z</time></trkpt><trkpt lat="46.957345" lon="7.598701"><ele>843.218</ele><time>2020-10-25T12:26:24Z</time></trkpt><trkpt lat="46.957364" lon="7.598728"><ele>843.232</ele><time>2020-10-25T12:26:26Z</time></trkpt><trkpt lat="46.957383" lon="7.598752"><ele>843.265</ele><time>2020-10-25T12:26:28Z</time></trkpt><trkpt lat="46.957402" lon="7.598818"><ele>843.279</ele><time>2020-10-25T12:26:36Z</time></trkpt><trkpt lat="46.957405" lon="7.598810"><ele>843.466</ele><time>2020-10-25T12:26:50Z</time></trkpt><trkpt lat="46.957395" lon="7.598790"><ele>843.439</ele><time>2020-10-25T12:27:02Z</time></trkpt><trkpt lat="46.957394" lon="7.598793"><ele>843.474</ele><time>2020-10-25T12:27:04Z</time></trkpt><trkpt lat="46.957389" lon="7.598787"><ele>843.422</ele><time>2020-10-25T12:27:09Z</time></trkpt><trkpt lat="46.957385" lon="7.598789"><ele>843.423</ele><time>2020-10-25T12:27:12Z</time></trkpt><trkpt lat="46.957373" lon="7.598788"><ele>843.483</ele><time>2020-10-25T12:27:20Z</time></trkpt><trkpt lat="46.957372" lon="7.598786"><ele>843.411</ele><time>2020-10-25T12:27:27Z</time></trkpt><trkpt lat="46.957377" lon="7.598795"><ele>843.408</ele><time>2020-10-25T12:27:38Z</time></trkpt><trkpt lat="46.957378" lon="7.598796"><ele>843.417</ele><time>2020-10-25T12:27:44Z</time></trkpt><trkpt lat="46.957379" lon="7.598795"><ele>843.441</ele><time>2020-10-25T12:27:45Z</time></trkpt><trkpt lat="46.957395" lon="7.598798"><ele>843.484</ele><time>2020-10-25T12:27:56Z</time></trkpt><trkpt lat="46.957399" lon="7.598797"><ele>843.448</ele><time>2020-10-25T12:28:02Z</time></trkpt><trkpt lat="46.957402" lon="7.598798"><ele>843.475</ele><time>2020-10-25T12:28:11Z</time></trkpt><trkpt lat="46.957403" lon="7.598796"><ele>843.468</ele><time>2020-10-25T12:28:18Z</time></trkpt><trkpt lat="46.957406" lon="7.598798"><ele>843.493</ele><time>2020-10-25T12:28:20Z</time></trkpt><trkpt lat="46.957409" lon="7.598797"><ele>843.411</ele><time>2020-10-25T12:28:27Z</time></trkpt><trkpt lat="46.957405" lon="7.598794"><ele>843.439</ele><time>2020-10-25T12:28:34Z</time></trkpt><trkpt lat="46.957406" lon="7.598793"><ele>843.401</ele><time>2020-10-25T12:28:38Z</time></trkpt><trkpt lat="46.957406" lon="7.598797"><ele>843.421</ele><time>2020-10-25T12:28:41Z</time></trkpt><trkpt lat="46.957407" lon="7.598794"><ele>843.408</ele><time>2020-10-25T12:28:43Z</time></trkpt><trkpt lat="46.957410" lon="7.598793"><ele>843.438</ele><time>2020-10-25T12:28:53Z</time></trkpt><trkpt lat="46.957406" lon="7.598795"><ele>843.422</ele><time>2020-10-25T12:28:56Z</time></trkpt><trkpt lat="46.957406" lon="7.598796"><ele>843.435</ele><time>2020-10-25T12:28:59Z</time></trkpt><trkpt lat="46.957406" lon="7.598797"><ele>843.429</ele><time>2020-10-25T12:29:01Z</time></trkpt><trkpt lat="46.957406" lon="7.598795"><ele>843.426</ele><time>2020-10-25T12:29:06Z</time></trkpt><trkpt lat="46.957382" lon="7.598841"><ele>843.449</ele><time>2020-10-25T12:29:11Z</time></trkpt><trkpt lat="46.957376" lon="7.598861"><ele>843.474</ele><time>2020-10-25T12:29:12Z</time></trkpt><trkpt lat="46.957330" lon="7.599058"><ele>843.462</ele><time>2020-10-25T12:29:20Z</time></trkpt><trkpt lat="46.957323" lon="7.599139"><ele>843.676</ele><time>2020-10-25T12:29:23Z</time></trkpt><trkpt lat="46.957292" lon="7.599207"><ele>843.690</ele><time>2020-10-25T12:29:26Z</time></trkpt><trkpt lat="46.957280" lon="7.599225"><ele>843.619</ele><time>2020-10-25T12:29:27Z</time></trkpt><trkpt lat="46.957181" lon="7.599352"><ele>843.808</ele><time>2020-10-25T12:29:35Z</time></trkpt><trkpt lat="46.957079" lon="7.599496"><ele>844.252</ele><time>2020-10-25T12:29:43Z</time></trkpt><trkpt lat="46.957056" lon="7.599525"><ele>844.276</ele><time>2020-10-25T12:29:45Z</time></trkpt><trkpt lat="46.957045" lon="7.599540"><ele>844.449</ele><time>2020-10-25T12:29:46Z</time></trkpt><trkpt lat="46.956942" lon="7.599677"><ele>844.863</ele><time>2020-10-25T12:29:55Z</time></trkpt><trkpt lat="46.956930" lon="7.599691"><ele>845.040</ele><time>2020-10-25T12:29:56Z</time></trkpt><trkpt lat="46.956918" lon="7.599703"><ele>845.023</ele><time>2020-10-25T12:29:57Z</time></trkpt><trkpt lat="46.956894" lon="7.599728"><ele>845.038</ele><time>2020-10-25T12:29:59Z</time></trkpt><trkpt lat="46.956881" lon="7.599739"><ele>845.266</ele><time>2020-10-25T12:30:00Z</time></trkpt><trkpt lat="46.956855" lon="7.599763"><ele>845.212</ele><time>2020-10-25T12:30:02Z</time></trkpt><trkpt lat="46.956844" lon="7.599775"><ele>845.432</ele><time>2020-10-25T12:30:03Z</time></trkpt><trkpt lat="46.956808" lon="7.599814"><ele>845.605</ele><time>2020-10-25T12:30:06Z</time></trkpt><trkpt lat="46.956748" lon="7.599901"><ele>846.008</ele><time>2020-10-25T12:30:12Z</time></trkpt><trkpt lat="46.956704" lon="7.599950"><ele>846.496</ele><time>2020-10-25T12:30:16Z</time></trkpt><trkpt lat="46.956641" lon="7.600021"><ele>847.030</ele><time>2020-10-25T12:30:23Z</time></trkpt><trkpt lat="46.956611" lon="7.600056"><ele>847.463</ele><time>2020-10-25T12:30:26Z</time></trkpt><trkpt lat="46.956602" lon="7.600067"><ele>847.457</ele><time>2020-10-25T12:30:27Z</time></trkpt><trkpt lat="46.956532" lon="7.600150"><ele>848.284</ele><time>2020-10-25T12:30:35Z</time></trkpt><trkpt lat="46.956513" lon="7.600171"><ele>848.427</ele><time>2020-10-25T12:30:37Z</time></trkpt><trkpt lat="46.956474" lon="7.600229"><ele>849.032</ele><time>2020-10-25T12:30:42Z</time></trkpt><trkpt lat="46.956446" lon="7.600282"><ele>849.480</ele><time>2020-10-25T12:30:46Z</time></trkpt><trkpt lat="46.956410" lon="7.600346"><ele>850.033</ele><time>2020-10-25T12:30:51Z</time></trkpt><trkpt lat="46.956384" lon="7.600402"><ele>850.623</ele><time>2020-10-25T12:30:55Z</time></trkpt><trkpt lat="46.956355" lon="7.600451"><ele>851.015</ele><time>2020-10-25T12:30:59Z</time></trkpt><trkpt lat="46.956314" lon="7.600517"><ele>851.608</ele><time>2020-10-25T12:31:04Z</time></trkpt><trkpt lat="46.956275" lon="7.600586"><ele>852.248</ele><time>2020-10-25T12:31:09Z</time></trkpt><trkpt lat="46.956243" lon="7.600636"><ele>852.882</ele><time>2020-10-25T12:31:13Z</time></trkpt><trkpt lat="46.956207" lon="7.600706"><ele>853.455</ele><time>2020-10-25T12:31:18Z</time></trkpt><trkpt lat="46.956198" lon="7.600719"><ele>853.899</ele><time>2020-10-25T12:31:19Z</time></trkpt><trkpt lat="46.956150" lon="7.600823"><ele>854.446</ele><time>2020-10-25T12:31:26Z</time></trkpt><trkpt lat="46.956132" lon="7.600863"><ele>854.899</ele><time>2020-10-25T12:31:29Z</time></trkpt><trkpt lat="46.956100" lon="7.600933"><ele>855.614</ele><time>2020-10-25T12:31:34Z</time></trkpt><trkpt lat="46.956077" lon="7.600977"><ele>856.032</ele><time>2020-10-25T12:31:37Z</time></trkpt><trkpt lat="46.956031" lon="7.601084"><ele>857.068</ele><time>2020-10-25T12:31:44Z</time></trkpt><trkpt lat="46.956025" lon="7.601097"><ele>857.042</ele><time>2020-10-25T12:31:45Z</time></trkpt><trkpt lat="46.955996" lon="7.601194"><ele>858.226</ele><time>2020-10-25T12:31:52Z</time></trkpt><trkpt lat="46.955992" lon="7.601207"><ele>858.208</ele><time>2020-10-25T12:31:53Z</time></trkpt><trkpt lat="46.955972" lon="7.601300"><ele>859.211</ele><time>2020-10-25T12:31:59Z</time></trkpt><trkpt lat="46.955968" lon="7.601335"><ele>859.455</ele><time>2020-10-25T12:32:01Z</time></trkpt><trkpt lat="46.955951" lon="7.601428"><ele>860.258</ele><time>2020-10-25T12:32:06Z</time></trkpt><trkpt lat="46.955953" lon="7.601491"><ele>860.672</ele><time>2020-10-25T12:32:09Z</time></trkpt><trkpt lat="46.955967" lon="7.601571"><ele>861.259</ele><time>2020-10-25T12:32:13Z</time></trkpt><trkpt lat="46.955987" lon="7.601658"><ele>861.842</ele><time>2020-10-25T12:32:17Z</time></trkpt><trkpt lat="46.956016" lon="7.601723"><ele>862.447</ele><time>2020-10-25T12:32:20Z</time></trkpt><trkpt lat="46.956069" lon="7.601839"><ele>863.095</ele><time>2020-10-25T12:32:25Z</time></trkpt><trkpt lat="46.956094" lon="7.601890"><ele>863.493</ele><time>2020-10-25T12:32:27Z</time></trkpt><trkpt lat="46.956195" lon="7.602060"><ele>864.465</ele><time>2020-10-25T12:32:34Z</time></trkpt><trkpt lat="46.956285" lon="7.602202"><ele>865.421</ele><time>2020-10-25T12:32:41Z</time></trkpt><trkpt lat="46.956319" lon="7.602260"><ele>866.208</ele><time>2020-10-25T12:32:46Z</time></trkpt><trkpt lat="46.956336" lon="7.602279"><ele>866.614</ele><time>2020-10-25T12:32:48Z</time></trkpt><trkpt lat="46.956404" lon="7.602364"><ele>867.628</ele><time>2020-10-25T12:32:55Z</time></trkpt><trkpt lat="46.956498" lon="7.602453"><ele>868.651</ele><time>2020-10-25T12:33:02Z</time></trkpt><trkpt lat="46.956593" lon="7.602549"><ele>869.695</ele><time>2020-10-25T12:33:10Z</time></trkpt><trkpt lat="46.956702" lon="7.602690"><ele>870.632</ele><time>2020-10-25T12:33:17Z</time></trkpt><trkpt lat="46.956736" lon="7.602728"><ele>870.875</ele><time>2020-10-25T12:33:19Z</time></trkpt><trkpt lat="46.956771" lon="7.602764"><ele>871.070</ele><time>2020-10-25T12:33:21Z</time></trkpt><trkpt lat="46.956786" lon="7.602783"><ele>871.298</ele><time>2020-10-25T12:33:22Z</time></trkpt><trkpt lat="46.956808" lon="7.602816"><ele>871.489</ele><time>2020-10-25T12:33:24Z</time></trkpt><trkpt lat="46.956806" lon="7.602829"><ele>871.406</ele><time>2020-10-25T12:33:25Z</time></trkpt><trkpt lat="46.956794" lon="7.602839"><ele>871.626</ele><time>2020-10-25T12:33:26Z</time></trkpt><trkpt lat="46.956774" lon="7.602855"><ele>871.808</ele><time>2020-10-25T12:33:28Z</time></trkpt><trkpt lat="46.956737" lon="7.602878"><ele>872.273</ele><time>2020-10-25T12:33:31Z</time></trkpt><trkpt lat="46.956724" lon="7.602882"><ele>872.237</ele><time>2020-10-25T12:33:32Z</time></trkpt><trkpt lat="46.956691" lon="7.602888"><ele>872.470</ele><time>2020-10-25T12:33:34Z</time></trkpt><trkpt lat="46.956615" lon="7.602897"><ele>872.874</ele><time>2020-10-25T12:33:38Z</time></trkpt><trkpt lat="46.956488" lon="7.602847"><ele>873.481</ele><time>2020-10-25T12:33:44Z</time></trkpt><trkpt lat="46.956376" lon="7.602825"><ele>873.814</ele><time>2020-10-25T12:33:48Z</time></trkpt><trkpt lat="46.956252" lon="7.602791"><ele>874.249</ele><time>2020-10-25T12:33:52Z</time></trkpt><trkpt lat="46.956165" lon="7.602741"><ele>874.657</ele><time>2020-10-25T12:33:55Z</time></trkpt><trkpt lat="46.956083" lon="7.602686"><ele>875.065</ele><time>2020-10-25T12:33:58Z</time></trkpt><trkpt lat="46.956056" lon="7.602666"><ele>875.068</ele><time>2020-10-25T12:33:59Z</time></trkpt><trkpt lat="46.955884" lon="7.602544"><ele>875.614</ele><time>2020-10-25T12:34:05Z</time></trkpt><trkpt lat="46.955803" lon="7.602486"><ele>876.008</ele><time>2020-10-25T12:34:08Z</time></trkpt><trkpt lat="46.955776" lon="7.602468"><ele>876.011</ele><time>2020-10-25T12:34:09Z</time></trkpt><trkpt lat="46.955547" lon="7.602340"><ele>877.055</ele><time>2020-10-25T12:34:17Z</time></trkpt><trkpt lat="46.955411" lon="7.602274"><ele>877.648</ele><time>2020-10-25T12:34:22Z</time></trkpt><trkpt lat="46.955304" lon="7.602235"><ele>878.042</ele><time>2020-10-25T12:34:26Z</time></trkpt><trkpt lat="46.955139" lon="7.602171"><ele>879.029</ele><time>2020-10-25T12:34:33Z</time></trkpt><trkpt lat="46.955121" lon="7.602162"><ele>879.242</ele><time>2020-10-25T12:34:34Z</time></trkpt><trkpt lat="46.955105" lon="7.602155"><ele>879.297</ele><time>2020-10-25T12:34:35Z</time></trkpt><trkpt lat="46.954993" lon="7.602124"><ele>880.295</ele><time>2020-10-25T12:34:42Z</time></trkpt><trkpt lat="46.954969" lon="7.602115"><ele>880.431</ele><time>2020-10-25T12:34:43Z</time></trkpt><trkpt lat="46.954780" lon="7.602054"><ele>881.261</ele><time>2020-10-25T12:34:50Z</time></trkpt><trkpt lat="46.954688" lon="7.602031"><ele>881.607</ele><time>2020-10-25T12:34:53Z</time></trkpt><trkpt lat="46.954540" lon="7.601982"><ele>882.208</ele><time>2020-10-25T12:34:58Z</time></trkpt><trkpt lat="46.954481" lon="7.601971"><ele>882.488</ele><time>2020-10-25T12:35:00Z</time></trkpt><trkpt lat="46.954282" lon="7.601951"><ele>883.412</ele><time>2020-10-25T12:35:07Z</time></trkpt><trkpt lat="46.954221" lon="7.601953"><ele>883.655</ele><time>2020-10-25T12:35:09Z</time></trkpt><trkpt lat="46.954043" lon="7.601998"><ele>884.469</ele><time>2020-10-25T12:35:16Z</time></trkpt><trkpt lat="46.954020" lon="7.602001"><ele>884.636</ele><time>2020-10-25T12:35:17Z</time></trkpt><trkpt lat="46.953866" lon="7.602017"><ele>885.439</ele><time>2020-10-25T12:35:24Z</time></trkpt><trkpt lat="46.953820" lon="7.602030"><ele>885.864</ele><time>2020-10-25T12:35:26Z</time></trkpt><trkpt lat="46.953671" lon="7.602092"><ele>886.622</ele><time>2020-10-25T12:35:33Z</time></trkpt><trkpt lat="46.953635" lon="7.602129"><ele>886.842</ele><time>2020-10-25T12:35:35Z</time></trkpt><trkpt lat="46.953574" lon="7.602315"><ele>887.822</ele><time>2020-10-25T12:35:41Z</time></trkpt><trkpt lat="46.953556" lon="7.602553"><ele>888.814</ele><time>2020-10-25T12:35:48Z</time></trkpt><trkpt lat="46.953553" lon="7.602586"><ele>889.008</ele><time>2020-10-25T12:35:49Z</time></trkpt><trkpt lat="46.953553" lon="7.602841"><ele>889.619</ele><time>2020-10-25T12:35:55Z</time></trkpt><trkpt lat="46.953552" lon="7.602924"><ele>889.833</ele><time>2020-10-25T12:35:57Z</time></trkpt><trkpt lat="46.953545" lon="7.603255"><ele>890.836</ele><time>2020-10-25T12:36:05Z</time></trkpt><trkpt lat="46.953546" lon="7.603297"><ele>891.060</ele><time>2020-10-25T12:36:06Z</time></trkpt><trkpt lat="46.953551" lon="7.603677"><ele>892.057</ele><time>2020-10-25T12:36:15Z</time></trkpt><trkpt lat="46.953548" lon="7.603718"><ele>892.070</ele><time>2020-10-25T12:36:16Z</time></trkpt><trkpt lat="46.953516" lon="7.603908"><ele>892.625</ele><time>2020-10-25T12:36:22Z</time></trkpt><trkpt lat="46.953491" lon="7.604055"><ele>893.093</ele><time>2020-10-25T12:36:27Z</time></trkpt><trkpt lat="46.953474" lon="7.604152"><ele>893.426</ele><time>2020-10-25T12:36:30Z</time></trkpt><trkpt lat="46.953463" lon="7.604216"><ele>893.647</ele><time>2020-10-25T12:36:32Z</time></trkpt><trkpt lat="46.953450" lon="7.604242"><ele>893.611</ele><time>2020-10-25T12:36:33Z</time></trkpt><trkpt lat="46.953435" lon="7.604264"><ele>893.608</ele><time>2020-10-25T12:36:34Z</time></trkpt><trkpt lat="46.953418" lon="7.604285"><ele>893.827</ele><time>2020-10-25T12:36:36Z</time></trkpt><trkpt lat="46.953413" lon="7.604285"><ele>894.071</ele><time>2020-10-25T12:36:38Z</time></trkpt><trkpt lat="46.953411" lon="7.604290"><ele>894.284</ele><time>2020-10-25T12:36:41Z</time></trkpt><trkpt lat="46.953404" lon="7.604294"><ele>894.418</ele><time>2020-10-25T12:36:44Z</time></trkpt><trkpt lat="46.953404" lon="7.604293"><ele>894.685</ele><time>2020-10-25T12:36:48Z</time></trkpt><trkpt lat="46.953407" lon="7.604299"><ele>895.278</ele><time>2020-10-25T12:36:59Z</time></trkpt><trkpt lat="46.953407" lon="7.604297"><ele>895.243</ele><time>2020-10-25T12:37:03Z</time></trkpt><trkpt lat="46.953409" lon="7.604301"><ele>895.261</ele><time>2020-10-25T12:37:08Z</time></trkpt><trkpt lat="46.953409" lon="7.604294"><ele>895.623</ele><time>2020-10-25T12:37:13Z</time></trkpt><trkpt lat="46.953410" lon="7.604293"><ele>895.683</ele><time>2020-10-25T12:37:14Z</time></trkpt><trkpt lat="46.953410" lon="7.604293"><ele>895.611</ele><time>2020-10-25T12:37:15Z</time></trkpt><trkpt lat="46.953411" lon="7.604293"><ele>895.808</ele><time>2020-10-25T12:37:17Z</time></trkpt><trkpt lat="46.953412" lon="7.604294"><ele>896.057</ele><time>2020-10-25T12:37:26Z</time></trkpt><trkpt lat="46.953413" lon="7.604292"><ele>896.051</ele><time>2020-10-25T12:37:33Z</time></trkpt><trkpt lat="46.953413" lon="7.604293"><ele>896.034</ele><time>2020-10-25T12:37:34Z</time></trkpt><trkpt lat="46.953413" lon="7.604294"><ele>896.018</ele><time>2020-10-25T12:37:36Z</time></trkpt><trkpt lat="46.953415" lon="7.604297"><ele>895.495</ele><time>2020-10-25T12:37:53Z</time></trkpt><trkpt lat="46.953413" lon="7.604330"><ele>895.278</ele><time>2020-10-25T12:38:09Z</time></trkpt><trkpt lat="46.953423" lon="7.604396"><ele>895.483</ele><time>2020-10-25T12:38:12Z</time></trkpt><trkpt lat="46.953439" lon="7.604460"><ele>895.461</ele><time>2020-10-25T12:38:14Z</time></trkpt><trkpt lat="46.953452" lon="7.604607"><ele>895.625</ele><time>2020-10-25T12:38:19Z</time></trkpt><trkpt lat="46.953488" lon="7.604767"><ele>895.826</ele><time>2020-10-25T12:38:25Z</time></trkpt><trkpt lat="46.953572" lon="7.605051"><ele>896.208</ele><time>2020-10-25T12:38:35Z</time></trkpt><trkpt lat="46.953587" lon="7.605178"><ele>896.208</ele><time>2020-10-25T12:38:39Z</time></trkpt><trkpt lat="46.953605" lon="7.605237"><ele>896.217</ele><time>2020-10-25T12:38:41Z</time></trkpt><trkpt lat="46.953624" lon="7.605300"><ele>896.411</ele><time>2020-10-25T12:38:43Z</time></trkpt><trkpt lat="46.953691" lon="7.605473"><ele>896.494</ele><time>2020-10-25T12:38:50Z</time></trkpt><trkpt lat="46.953699" lon="7.605475"><ele>896.678</ele><time>2020-10-25T12:38:54Z</time></trkpt><trkpt lat="46.953699" lon="7.605476"><ele>896.645</ele><time>2020-10-25T12:38:55Z</time></trkpt><trkpt lat="46.953686" lon="7.605499"><ele>896.618</ele><time>2020-10-25T12:39:04Z</time></trkpt><trkpt lat="46.953683" lon="7.605510"><ele>896.613</ele><time>2020-10-25T12:39:05Z</time></trkpt><trkpt lat="46.953687" lon="7.605554"><ele>896.691</ele><time>2020-10-25T12:39:08Z</time></trkpt><trkpt lat="46.953708" lon="7.605611"><ele>896.657</ele><time>2020-10-25T12:39:13Z</time></trkpt><trkpt lat="46.953697" lon="7.605635"><ele>896.600</ele><time>2020-10-25T12:39:18Z</time></trkpt><trkpt lat="46.953694" lon="7.605602"><ele>896.620</ele><time>2020-10-25T12:39:22Z</time></trkpt><trkpt lat="46.953692" lon="7.605578"><ele>896.608</ele><time>2020-10-25T12:39:23Z</time></trkpt><trkpt lat="46.953674" lon="7.605438"><ele>896.620</ele><time>2020-10-25T12:39:28Z</time></trkpt><trkpt lat="46.953641" lon="7.605314"><ele>896.694</ele><time>2020-10-25T12:39:32Z</time></trkpt><trkpt lat="46.953627" lon="7.605259"><ele>896.677</ele><time>2020-10-25T12:39:34Z</time></trkpt><trkpt lat="46.953591" lon="7.605157"><ele>896.691</ele><time>2020-10-25T12:39:38Z</time></trkpt><trkpt lat="46.953552" lon="7.605062"><ele>896.698</ele><time>2020-10-25T12:39:42Z</time></trkpt><trkpt lat="46.953528" lon="7.605005"><ele>896.691</ele><time>2020-10-25T12:39:45Z</time></trkpt><trkpt lat="46.953522" lon="7.604984"><ele>896.656</ele><time>2020-10-25T12:39:46Z</time></trkpt><trkpt lat="46.953506" lon="7.604911"><ele>896.834</ele><time>2020-10-25T12:39:50Z</time></trkpt><trkpt lat="46.953489" lon="7.604868"><ele>896.868</ele><time>2020-10-25T12:39:53Z</time></trkpt><trkpt lat="46.953473" lon="7.604820"><ele>896.842</ele><time>2020-10-25T12:39:57Z</time></trkpt><trkpt lat="46.953450" lon="7.604778"><ele>896.826</ele><time>2020-10-25T12:40:00Z</time></trkpt><trkpt lat="46.953437" lon="7.604689"><ele>897.008</ele><time>2020-10-25T12:40:03Z</time></trkpt><trkpt lat="46.953431" lon="7.604529"><ele>897.021</ele><time>2020-10-25T12:40:07Z</time></trkpt><trkpt lat="46.953431" lon="7.604480"><ele>897.085</ele><time>2020-10-25T12:40:08Z</time></trkpt><trkpt lat="46.953432" lon="7.604182"><ele>897.228</ele><time>2020-10-25T12:40:14Z</time></trkpt><trkpt lat="46.953441" lon="7.604134"><ele>897.242</ele><time>2020-10-25T12:40:15Z</time></trkpt><trkpt lat="46.953516" lon="7.603719"><ele>897.629</ele><time>2020-10-25T12:40:24Z</time></trkpt><trkpt lat="46.953533" lon="7.603534"><ele>897.692</ele><time>2020-10-25T12:40:28Z</time></trkpt><trkpt lat="46.953529" lon="7.603434"><ele>897.867</ele><time>2020-10-25T12:40:30Z</time></trkpt><trkpt lat="46.953555" lon="7.603137"><ele>898.055</ele><time>2020-10-25T12:40:36Z</time></trkpt><trkpt lat="46.953556" lon="7.603086"><ele>898.093</ele><time>2020-10-25T12:40:37Z</time></trkpt><trkpt lat="46.953560" lon="7.602989"><ele>898.265</ele><time>2020-10-25T12:40:39Z</time></trkpt><trkpt lat="46.953561" lon="7.602894"><ele>898.221</ele><time>2020-10-25T12:40:41Z</time></trkpt><trkpt lat="46.953565" lon="7.602720"><ele>898.408</ele><time>2020-10-25T12:40:45Z</time></trkpt><trkpt lat="46.953568" lon="7.602376"><ele>898.644</ele><time>2020-10-25T12:40:52Z</time></trkpt><trkpt lat="46.953569" lon="7.602332"><ele>898.618</ele><time>2020-10-25T12:40:53Z</time></trkpt><trkpt lat="46.953589" lon="7.602152"><ele>898.851</ele><time>2020-10-25T12:40:59Z</time></trkpt><trkpt lat="46.953624" lon="7.602106"><ele>899.045</ele><time>2020-10-25T12:41:03Z</time></trkpt><trkpt lat="46.953645" lon="7.602088"><ele>899.042</ele><time>2020-10-25T12:41:05Z</time></trkpt><trkpt lat="46.953647" lon="7.602081"><ele>899.225</ele><time>2020-10-25T12:41:12Z</time></trkpt><trkpt lat="46.953652" lon="7.602084"><ele>899.240</ele><time>2020-10-25T12:41:17Z</time></trkpt><trkpt lat="46.953652" lon="7.602085"><ele>899.418</ele><time>2020-10-25T12:41:24Z</time></trkpt><trkpt lat="46.953652" lon="7.602085"><ele>899.454</ele><time>2020-10-25T12:41:25Z</time></trkpt><trkpt lat="46.953654" lon="7.602086"><ele>899.456</ele><time>2020-10-25T12:41:27Z</time></trkpt><trkpt lat="46.953670" lon="7.602090"><ele>899.611</ele><time>2020-10-25T12:41:35Z</time></trkpt><trkpt lat="46.953705" lon="7.602083"><ele>899.608</ele><time>2020-10-25T12:41:37Z</time></trkpt><trkpt lat="46.953731" lon="7.602078"><ele>899.620</ele><time>2020-10-25T12:41:38Z</time></trkpt><trkpt lat="46.953937" lon="7.602033"><ele>899.694</ele><time>2020-10-25T12:41:43Z</time></trkpt><trkpt lat="46.954334" lon="7.602020"><ele>899.677</ele><time>2020-10-25T12:41:50Z</time></trkpt><trkpt lat="46.954715" lon="7.602064"><ele>899.461</ele><time>2020-10-25T12:41:57Z</time></trkpt><trkpt lat="46.954807" lon="7.602092"><ele>899.468</ele><time>2020-10-25T12:41:59Z</time></trkpt><trkpt lat="46.955041" lon="7.602167"><ele>899.241</ele><time>2020-10-25T12:42:04Z</time></trkpt><trkpt lat="46.955223" lon="7.602218"><ele>899.046</ele><time>2020-10-25T12:42:09Z</time></trkpt><trkpt lat="46.955377" lon="7.602267"><ele>898.844</ele><time>2020-10-25T12:42:15Z</time></trkpt><trkpt lat="46.955522" lon="7.602332"><ele>898.622</ele><time>2020-10-25T12:42:21Z</time></trkpt><trkpt lat="46.955583" lon="7.602367"><ele>898.662</ele><time>2020-10-25T12:42:23Z</time></trkpt><trkpt lat="46.955772" lon="7.602501"><ele>898.208</ele><time>2020-10-25T12:42:29Z</time></trkpt><trkpt lat="46.955834" lon="7.602564"><ele>898.208</ele><time>2020-10-25T12:42:31Z</time></trkpt><trkpt lat="46.955981" lon="7.602682"><ele>897.857</ele><time>2020-10-25T12:42:35Z</time></trkpt><trkpt lat="46.956210" lon="7.602806"><ele>897.421</ele><time>2020-10-25T12:42:41Z</time></trkpt><trkpt lat="46.956245" lon="7.602825"><ele>897.484</ele><time>2020-10-25T12:42:42Z</time></trkpt><trkpt lat="46.956277" lon="7.602841"><ele>897.278</ele><time>2020-10-25T12:42:43Z</time></trkpt><trkpt lat="46.956304" lon="7.602855"><ele>897.235</ele><time>2020-10-25T12:42:44Z</time></trkpt><trkpt lat="46.956331" lon="7.602865"><ele>897.268</ele><time>2020-10-25T12:42:45Z</time></trkpt><trkpt lat="46.956436" lon="7.602902"><ele>896.813</ele><time>2020-10-25T12:42:49Z</time></trkpt><trkpt lat="46.956598" lon="7.602916"><ele>896.231</ele><time>2020-10-25T12:42:56Z</time></trkpt><trkpt lat="46.956629" lon="7.602914"><ele>896.038</ele><time>2020-10-25T12:42:58Z</time></trkpt><trkpt lat="46.956698" lon="7.602874"><ele>895.870</ele><time>2020-10-25T12:43:02Z</time></trkpt><trkpt lat="46.956840" lon="7.602862"><ele>895.217</ele><time>2020-10-25T12:43:08Z</time></trkpt><trkpt lat="46.956992" lon="7.602892"><ele>895.008</ele><time>2020-10-25T12:43:12Z</time></trkpt><trkpt lat="46.957067" lon="7.602910"><ele>894.818</ele><time>2020-10-25T12:43:14Z</time></trkpt><trkpt lat="46.957353" lon="7.602896"><ele>894.482</ele><time>2020-10-25T12:43:21Z</time></trkpt><trkpt lat="46.957436" lon="7.602875"><ele>894.245</ele><time>2020-10-25T12:43:23Z</time></trkpt><trkpt lat="46.957477" lon="7.602850"><ele>894.219</ele><time>2020-10-25T12:43:24Z</time></trkpt><trkpt lat="46.957589" lon="7.602743"><ele>894.026</ele><time>2020-10-25T12:43:27Z</time></trkpt><trkpt lat="46.957622" lon="7.602702"><ele>894.099</ele><time>2020-10-25T12:43:28Z</time></trkpt><trkpt lat="46.957803" lon="7.602433"><ele>893.654</ele><time>2020-10-25T12:43:34Z</time></trkpt><trkpt lat="46.957887" lon="7.602290"><ele>893.672</ele><time>2020-10-25T12:43:37Z</time></trkpt><trkpt lat="46.957969" lon="7.602159"><ele>893.414</ele><time>2020-10-25T12:43:40Z</time></trkpt><trkpt lat="46.958133" lon="7.601860"><ele>893.254</ele><time>2020-10-25T12:43:47Z</time></trkpt><trkpt lat="46.958178" lon="7.601772"><ele>893.209</ele><time>2020-10-25T12:43:49Z</time></trkpt><trkpt lat="46.958303" lon="7.601566"><ele>893.008</ele><time>2020-10-25T12:43:54Z</time></trkpt><trkpt lat="46.958373" lon="7.601441"><ele>893.056</ele><time>2020-10-25T12:43:57Z</time></trkpt><trkpt lat="46.958456" lon="7.601274"><ele>892.820</ele><time>2020-10-25T12:44:01Z</time></trkpt><trkpt lat="46.958497" lon="7.601191"><ele>892.813</ele><time>2020-10-25T12:44:03Z</time></trkpt><trkpt lat="46.958562" lon="7.601073"><ele>892.877</ele><time>2020-10-25T12:44:06Z</time></trkpt><trkpt lat="46.958792" lon="7.600675"><ele>892.884</ele><time>2020-10-25T12:44:16Z</time></trkpt><trkpt lat="46.958818" lon="7.600636"><ele>892.877</ele><time>2020-10-25T12:44:17Z</time></trkpt><trkpt lat="46.959012" lon="7.600323"><ele>893.092</ele><time>2020-10-25T12:44:25Z</time></trkpt><trkpt lat="46.959217" lon="7.599955"><ele>893.270</ele><time>2020-10-25T12:44:34Z</time></trkpt><trkpt lat="46.959442" lon="7.599566"><ele>893.677</ele><time>2020-10-25T12:44:44Z</time></trkpt><trkpt lat="46.959503" lon="7.599447"><ele>893.861</ele><time>2020-10-25T12:44:47Z</time></trkpt><trkpt lat="46.959545" lon="7.599368"><ele>894.027</ele><time>2020-10-25T12:44:49Z</time></trkpt><trkpt lat="46.959565" lon="7.599329"><ele>894.008</ele><time>2020-10-25T12:44:50Z</time></trkpt><trkpt lat="46.959650" lon="7.599167"><ele>894.262</ele><time>2020-10-25T12:44:54Z</time></trkpt><trkpt lat="46.959808" lon="7.598910"><ele>894.846</ele><time>2020-10-25T12:45:01Z</time></trkpt><trkpt lat="46.959928" lon="7.598742"><ele>895.049</ele><time>2020-10-25T12:45:06Z</time></trkpt><trkpt lat="46.960009" lon="7.598657"><ele>895.453</ele><time>2020-10-25T12:45:09Z</time></trkpt><trkpt lat="46.960231" lon="7.598482"><ele>895.880</ele><time>2020-10-25T12:45:16Z</time></trkpt><trkpt lat="46.960365" lon="7.598376"><ele>896.093</ele><time>2020-10-25T12:45:20Z</time></trkpt><trkpt lat="46.960401" lon="7.598350"><ele>896.218</ele><time>2020-10-25T12:45:21Z</time></trkpt><trkpt lat="46.960506" lon="7.598298"><ele>896.476</ele><time>2020-10-25T12:45:24Z</time></trkpt><trkpt lat="46.960543" lon="7.598282"><ele>896.438</ele><time>2020-10-25T12:45:25Z</time></trkpt><trkpt lat="46.960683" lon="7.598223"><ele>896.870</ele><time>2020-10-25T12:45:29Z</time></trkpt><trkpt lat="46.960775" lon="7.598164"><ele>897.017</ele><time>2020-10-25T12:45:32Z</time></trkpt><trkpt lat="46.960834" lon="7.598139"><ele>897.208</ele><time>2020-10-25T12:45:34Z</time></trkpt><trkpt lat="46.961020" lon="7.598036"><ele>897.898</ele><time>2020-10-25T12:45:41Z</time></trkpt><trkpt lat="46.961134" lon="7.597950"><ele>898.222</ele><time>2020-10-25T12:45:46Z</time></trkpt><trkpt lat="46.961155" lon="7.597932"><ele>898.435</ele><time>2020-10-25T12:45:48Z</time></trkpt><trkpt lat="46.961296" lon="7.597813"><ele>899.019</ele><time>2020-10-25T12:45:53Z</time></trkpt><trkpt lat="46.961360" lon="7.597725"><ele>899.256</ele><time>2020-10-25T12:45:56Z</time></trkpt><trkpt lat="46.961419" lon="7.597619"><ele>899.679</ele><time>2020-10-25T12:45:59Z</time></trkpt><trkpt lat="46.961504" lon="7.597391"><ele>900.274</ele><time>2020-10-25T12:46:05Z</time></trkpt><trkpt lat="46.961531" lon="7.597313"><ele>900.462</ele><time>2020-10-25T12:46:07Z</time></trkpt><trkpt lat="46.961636" lon="7.597054"><ele>901.292</ele><time>2020-10-25T12:46:14Z</time></trkpt><trkpt lat="46.961666" lon="7.596983"><ele>901.473</ele><time>2020-10-25T12:46:16Z</time></trkpt><trkpt lat="46.961745" lon="7.596737"><ele>902.220</ele><time>2020-10-25T12:46:23Z</time></trkpt><trkpt lat="46.961783" lon="7.596668"><ele>902.408</ele><time>2020-10-25T12:46:25Z</time></trkpt><trkpt lat="46.961847" lon="7.596549"><ele>902.644</ele><time>2020-10-25T12:46:28Z</time></trkpt><trkpt lat="46.961870" lon="7.596500"><ele>902.638</ele><time>2020-10-25T12:46:29Z</time></trkpt><trkpt lat="46.962029" lon="7.596145"><ele>903.431</ele><time>2020-10-25T12:46:36Z</time></trkpt><trkpt lat="46.962089" lon="7.596147"><ele>903.635</ele><time>2020-10-25T12:46:38Z</time></trkpt><trkpt lat="46.962111" lon="7.596184"><ele>903.672</ele><time>2020-10-25T12:46:39Z</time></trkpt><trkpt lat="46.962244" lon="7.596471"><ele>904.275</ele><time>2020-10-25T12:46:45Z</time></trkpt><trkpt lat="46.962267" lon="7.596512"><ele>904.480</ele><time>2020-10-25T12:46:46Z</time></trkpt><trkpt lat="46.962291" lon="7.596553"><ele>904.418</ele><time>2020-10-25T12:46:47Z</time></trkpt><trkpt lat="46.962471" lon="7.596853"><ele>905.429</ele><time>2020-10-25T12:46:55Z</time></trkpt><trkpt lat="46.962497" lon="7.596884"><ele>905.600</ele><time>2020-10-25T12:46:56Z</time></trkpt><trkpt lat="46.962664" lon="7.597040"><ele>906.420</ele><time>2020-10-25T12:47:02Z</time></trkpt><trkpt lat="46.962714" lon="7.597083"><ele>906.608</ele><time>2020-10-25T12:47:04Z</time></trkpt><trkpt lat="46.962808" lon="7.597146"><ele>907.027</ele><time>2020-10-25T12:47:08Z</time></trkpt><trkpt lat="46.962970" lon="7.597176"><ele>907.691</ele><time>2020-10-25T12:47:14Z</time></trkpt><trkpt lat="46.962991" lon="7.597173"><ele>907.844</ele><time>2020-10-25T12:47:15Z</time></trkpt><trkpt lat="46.963135" lon="7.597205"><ele>908.258</ele><time>2020-10-25T12:47:20Z</time></trkpt><trkpt lat="46.963217" lon="7.597215"><ele>908.435</ele><time>2020-10-25T12:47:23Z</time></trkpt><trkpt lat="46.963456" lon="7.597292"><ele>908.678</ele><time>2020-10-25T12:47:29Z</time></trkpt><trkpt lat="46.963504" lon="7.597307"><ele>908.673</ele><time>2020-10-25T12:47:30Z</time></trkpt><trkpt lat="46.963616" lon="7.597339"><ele>908.831</ele><time>2020-10-25T12:47:32Z</time></trkpt><trkpt lat="46.963759" lon="7.597383"><ele>908.896</ele><time>2020-10-25T12:47:34Z</time></trkpt><trkpt lat="46.963952" lon="7.597439"><ele>909.031</ele><time>2020-10-25T12:47:37Z</time></trkpt><trkpt lat="46.964060" lon="7.597467"><ele>909.024</ele><time>2020-10-25T12:47:39Z</time></trkpt><trkpt lat="46.964157" lon="7.597496"><ele>909.008</ele><time>2020-10-25T12:47:41Z</time></trkpt><trkpt lat="46.964200" lon="7.597510"><ele>909.044</ele><time>2020-10-25T12:47:42Z</time></trkpt><trkpt lat="46.964264" lon="7.597534"><ele>909.028</ele><time>2020-10-25T12:47:43Z</time></trkpt><trkpt lat="46.964491" lon="7.597626"><ele>909.281</ele><time>2020-10-25T12:47:47Z</time></trkpt><trkpt lat="46.964687" lon="7.597713"><ele>909.265</ele><time>2020-10-25T12:47:51Z</time></trkpt><trkpt lat="46.964737" lon="7.597753"><ele>909.242</ele><time>2020-10-25T12:47:52Z</time></trkpt><trkpt lat="46.964792" lon="7.597804"><ele>909.275</ele><time>2020-10-25T12:47:53Z</time></trkpt><trkpt lat="46.965184" lon="7.598112"><ele>909.220</ele><time>2020-10-25T12:48:01Z</time></trkpt><trkpt lat="46.965242" lon="7.598143"><ele>909.248</ele><time>2020-10-25T12:48:02Z</time></trkpt><trkpt lat="46.965447" lon="7.598234"><ele>909.034</ele><time>2020-10-25T12:48:05Z</time></trkpt><trkpt lat="46.965576" lon="7.598286"><ele>909.055</ele><time>2020-10-25T12:48:07Z</time></trkpt><trkpt lat="46.965639" lon="7.598309"><ele>909.010</ele><time>2020-10-25T12:48:08Z</time></trkpt><trkpt lat="46.965952" lon="7.598425"><ele>908.608</ele><time>2020-10-25T12:48:14Z</time></trkpt><trkpt lat="46.966073" lon="7.598568"><ele>908.468</ele><time>2020-10-25T12:48:19Z</time></trkpt><trkpt lat="46.966140" lon="7.598756"><ele>908.262</ele><time>2020-10-25T12:48:25Z</time></trkpt><trkpt lat="46.966128" lon="7.598802"><ele>907.855</ele><time>2020-10-25T12:48:29Z</time></trkpt><trkpt lat="46.966126" lon="7.598813"><ele>907.689</ele><time>2020-10-25T12:48:33Z</time></trkpt><trkpt lat="46.966128" lon="7.598814"><ele>907.676</ele><time>2020-10-25T12:48:35Z</time></trkpt><trkpt lat="46.966123" lon="7.598819"><ele>907.239</ele><time>2020-10-25T12:48:41Z</time></trkpt><trkpt lat="46.966125" lon="7.598818"><ele>907.024</ele><time>2020-10-25T12:48:45Z</time></trkpt><trkpt lat="46.966126" lon="7.598818"><ele>907.062</ele><time>2020-10-25T12:48:47Z</time></trkpt><trkpt lat="46.966129" lon="7.598816"><ele>906.624</ele><time>2020-10-25T12:48:54Z</time></trkpt><trkpt lat="46.966129" lon="7.598819"><ele>906.404</ele><time>2020-10-25T12:49:01Z</time></trkpt><trkpt lat="46.966129" lon="7.598827"><ele>906.014</ele><time>2020-10-25T12:49:12Z</time></trkpt><trkpt lat="46.966129" lon="7.598826"><ele>905.808</ele><time>2020-10-25T12:49:15Z</time></trkpt><trkpt lat="46.966129" lon="7.598826"><ele>905.647</ele><time>2020-10-25T12:49:19Z</time></trkpt><trkpt lat="46.966129" lon="7.598826"><ele>905.641</ele><time>2020-10-25T12:49:21Z</time></trkpt><trkpt lat="46.966129" lon="7.598823"><ele>905.434</ele><time>2020-10-25T12:49:29Z</time></trkpt><trkpt lat="46.966129" lon="7.598823"><ele>905.258</ele><time>2020-10-25T12:49:33Z</time></trkpt><trkpt lat="46.966130" lon="7.598823"><ele>905.275</ele><time>2020-10-25T12:49:34Z</time></trkpt><trkpt lat="46.966130" lon="7.598819"><ele>904.818</ele><time>2020-10-25T12:49:49Z</time></trkpt><trkpt lat="46.966130" lon="7.598817"><ele>904.853</ele><time>2020-10-25T12:49:52Z</time></trkpt><trkpt lat="46.966135" lon="7.598815"><ele>904.651</ele><time>2020-10-25T12:49:56Z</time></trkpt><trkpt lat="46.966138" lon="7.598811"><ele>904.698</ele><time>2020-10-25T12:49:58Z</time></trkpt><trkpt lat="46.966140" lon="7.598806"><ele>904.615</ele><time>2020-10-25T12:50:01Z</time></trkpt><trkpt lat="46.966141" lon="7.598806"><ele>904.426</ele><time>2020-10-25T12:50:07Z</time></trkpt><trkpt lat="46.966142" lon="7.598805"><ele>904.408</ele><time>2020-10-25T12:50:10Z</time></trkpt><trkpt lat="46.966150" lon="7.598805"><ele>904.244</ele><time>2020-10-25T12:50:17Z</time></trkpt><trkpt lat="46.966153" lon="7.598802"><ele>904.228</ele><time>2020-10-25T12:50:23Z</time></trkpt><trkpt lat="46.966151" lon="7.598801"><ele>904.011</ele><time>2020-10-25T12:50:33Z</time></trkpt><trkpt lat="46.966151" lon="7.598801"><ele>904.035</ele><time>2020-10-25T12:50:34Z</time></trkpt><trkpt lat="46.966151" lon="7.598806"><ele>903.862</ele><time>2020-10-25T12:50:43Z</time></trkpt><trkpt lat="46.966151" lon="7.598806"><ele>903.855</ele><time>2020-10-25T12:50:44Z</time></trkpt><trkpt lat="46.966152" lon="7.598805"><ele>903.810</ele><time>2020-10-25T12:50:45Z</time></trkpt><trkpt lat="46.966152" lon="7.598804"><ele>903.878</ele><time>2020-10-25T12:50:46Z</time></trkpt><trkpt lat="46.966153" lon="7.598803"><ele>903.659</ele><time>2020-10-25T12:50:47Z</time></trkpt><trkpt lat="46.966154" lon="7.598803"><ele>903.603</ele><time>2020-10-25T12:50:52Z</time></trkpt><trkpt lat="46.966154" lon="7.598802"><ele>903.623</ele><time>2020-10-25T12:50:53Z</time></trkpt><trkpt lat="46.966153" lon="7.598802"><ele>903.608</ele><time>2020-10-25T12:50:54Z</time></trkpt><trkpt lat="46.966146" lon="7.598815"><ele>903.650</ele><time>2020-10-25T12:50:59Z</time></trkpt><trkpt lat="46.966148" lon="7.598817"><ele>903.634</ele><time>2020-10-25T12:51:04Z</time></trkpt><trkpt lat="46.966149" lon="7.598815"><ele>902.067</ele><time>2020-10-25T12:51:12Z</time></trkpt><trkpt lat="46.966149" lon="7.598815"><ele>902.021</ele><time>2020-10-25T12:51:13Z</time></trkpt><trkpt lat="46.966112" lon="7.598847"><ele>896.268</ele><time>2020-10-25T12:57:19Z</time></trkpt><trkpt lat="46.966113" lon="7.598847"><ele>896.231</ele><time>2020-10-25T12:57:20Z</time></trkpt><trkpt lat="46.966144" lon="7.598873"><ele>896.056</ele><time>2020-10-25T12:57:24Z</time></trkpt><trkpt lat="46.966177" lon="7.598956"><ele>895.864</ele><time>2020-10-25T12:57:27Z</time></trkpt><trkpt lat="46.966279" lon="7.599174"><ele>895.233</ele><time>2020-10-25T12:57:32Z</time></trkpt><trkpt lat="46.966335" lon="7.599252"><ele>894.223</ele><time>2020-10-25T12:57:34Z</time></trkpt><trkpt lat="46.966368" lon="7.599299"><ele>893.815</ele><time>2020-10-25T12:57:35Z</time></trkpt><trkpt lat="46.966406" lon="7.599344"><ele>893.608</ele><time>2020-10-25T12:57:36Z</time></trkpt><trkpt lat="46.966447" lon="7.599383"><ele>893.438</ele><time>2020-10-25T12:57:37Z</time></trkpt><trkpt lat="46.966489" lon="7.599412"><ele>892.892</ele><time>2020-10-25T12:57:38Z</time></trkpt><trkpt lat="46.966581" lon="7.599461"><ele>891.875</ele><time>2020-10-25T12:57:40Z</time></trkpt><trkpt lat="46.966666" lon="7.599508"><ele>891.019</ele><time>2020-10-25T12:57:42Z</time></trkpt><trkpt lat="46.966716" lon="7.599532"><ele>890.826</ele><time>2020-10-25T12:57:43Z</time></trkpt><trkpt lat="46.966825" lon="7.599594"><ele>889.889</ele><time>2020-10-25T12:57:45Z</time></trkpt><trkpt lat="46.966879" lon="7.599634"><ele>889.694</ele><time>2020-10-25T12:57:46Z</time></trkpt><trkpt lat="46.966926" lon="7.599675"><ele>889.442</ele><time>2020-10-25T12:57:47Z</time></trkpt><trkpt lat="46.967084" lon="7.599778"><ele>889.449</ele><time>2020-10-25T12:57:51Z</time></trkpt><trkpt lat="46.967164" lon="7.599827"><ele>890.602</ele><time>2020-10-25T12:57:54Z</time></trkpt><trkpt lat="46.967205" lon="7.599861"><ele>891.222</ele><time>2020-10-25T12:57:56Z</time></trkpt><trkpt lat="46.967240" lon="7.599898"><ele>891.608</ele><time>2020-10-25T12:57:58Z</time></trkpt><trkpt lat="46.967266" lon="7.599940"><ele>892.059</ele><time>2020-10-25T12:58:00Z</time></trkpt><trkpt lat="46.967301" lon="7.599988"><ele>892.293</ele><time>2020-10-25T12:58:02Z</time></trkpt><trkpt lat="46.967323" lon="7.600031"><ele>893.016</ele><time>2020-10-25T12:58:04Z</time></trkpt><trkpt lat="46.967348" lon="7.600119"><ele>894.070</ele><time>2020-10-25T12:58:07Z</time></trkpt><trkpt lat="46.967382" lon="7.600239"><ele>895.287</ele><time>2020-10-25T12:58:12Z</time></trkpt><trkpt lat="46.967386" lon="7.600269"><ele>895.630</ele><time>2020-10-25T12:58:13Z</time></trkpt><trkpt lat="46.967402" lon="7.600320"><ele>896.445</ele><time>2020-10-25T12:58:15Z</time></trkpt><trkpt lat="46.967414" lon="7.600345"><ele>897.423</ele><time>2020-10-25T12:58:16Z</time></trkpt><trkpt lat="46.967495" lon="7.600434"><ele>898.288</ele><time>2020-10-25T12:58:22Z</time></trkpt><trkpt lat="46.967513" lon="7.600443"><ele>898.624</ele><time>2020-10-25T12:58:23Z</time></trkpt><trkpt lat="46.967606" lon="7.600455"><ele>899.626</ele><time>2020-10-25T12:58:28Z</time></trkpt><trkpt lat="46.967624" lon="7.600454"><ele>899.808</ele><time>2020-10-25T12:58:29Z</time></trkpt><trkpt lat="46.967654" lon="7.600441"><ele>900.223</ele><time>2020-10-25T12:58:31Z</time></trkpt><trkpt lat="46.967683" lon="7.600420"><ele>900.817</ele><time>2020-10-25T12:58:33Z</time></trkpt><trkpt lat="46.967697" lon="7.600412"><ele>901.070</ele><time>2020-10-25T12:58:34Z</time></trkpt><trkpt lat="46.967725" lon="7.600401"><ele>901.444</ele><time>2020-10-25T12:58:36Z</time></trkpt><trkpt lat="46.967739" lon="7.600393"><ele>901.841</ele><time>2020-10-25T12:58:37Z</time></trkpt><trkpt lat="46.967781" lon="7.600368"><ele>903.054</ele><time>2020-10-25T12:58:40Z</time></trkpt><trkpt lat="46.967849" lon="7.600326"><ele>904.299</ele><time>2020-10-25T12:58:45Z</time></trkpt><trkpt lat="46.967876" lon="7.600320"><ele>904.627</ele><time>2020-10-25T12:58:47Z</time></trkpt><trkpt lat="46.967916" lon="7.600299"><ele>905.287</ele><time>2020-10-25T12:58:50Z</time></trkpt><trkpt lat="46.967953" lon="7.600297"><ele>905.842</ele><time>2020-10-25T12:58:53Z</time></trkpt><trkpt lat="46.967981" lon="7.600299"><ele>906.426</ele><time>2020-10-25T12:58:55Z</time></trkpt><trkpt lat="46.968073" lon="7.600341"><ele>907.608</ele><time>2020-10-25T12:59:00Z</time></trkpt><trkpt lat="46.968126" lon="7.600424"><ele>908.483</ele><time>2020-10-25T12:59:04Z</time></trkpt><trkpt lat="46.968145" lon="7.600481"><ele>908.617</ele><time>2020-10-25T12:59:06Z</time></trkpt><trkpt lat="46.968195" lon="7.600630"><ele>909.280</ele><time>2020-10-25T12:59:12Z</time></trkpt><trkpt lat="46.968199" lon="7.600655"><ele>909.254</ele><time>2020-10-25T12:59:13Z</time></trkpt><trkpt lat="46.968207" lon="7.600710"><ele>909.681</ele><time>2020-10-25T12:59:15Z</time></trkpt><trkpt lat="46.968204" lon="7.600825"><ele>910.654</ele><time>2020-10-25T12:59:19Z</time></trkpt><trkpt lat="46.968204" lon="7.600851"><ele>910.859</ele><time>2020-10-25T12:59:20Z</time></trkpt><trkpt lat="46.968206" lon="7.600878"><ele>910.877</ele><time>2020-10-25T12:59:21Z</time></trkpt><trkpt lat="46.968213" lon="7.601008"><ele>910.465</ele><time>2020-10-25T12:59:27Z</time></trkpt><trkpt lat="46.968210" lon="7.601014"><ele>910.268</ele><time>2020-10-25T12:59:30Z</time></trkpt><trkpt lat="46.968195" lon="7.601010"><ele>911.014</ele><time>2020-10-25T12:59:37Z</time></trkpt><trkpt lat="46.968185" lon="7.601011"><ele>911.008</ele><time>2020-10-25T12:59:42Z</time></trkpt><trkpt lat="46.968178" lon="7.601004"><ele>911.281</ele><time>2020-10-25T12:59:54Z</time></trkpt><trkpt lat="46.968179" lon="7.601005"><ele>911.495</ele><time>2020-10-25T12:59:55Z</time></trkpt><trkpt lat="46.968180" lon="7.601005"><ele>911.438</ele><time>2020-10-25T12:59:56Z</time></trkpt><trkpt lat="46.968188" lon="7.600999"><ele>911.232</ele><time>2020-10-25T13:00:07Z</time></trkpt><trkpt lat="46.968192" lon="7.600998"><ele>909.669</ele><time>2020-10-25T13:00:14Z</time></trkpt><trkpt lat="46.968180" lon="7.601016"><ele>910.462</ele><time>2020-10-25T13:00:30Z</time></trkpt><trkpt lat="46.968180" lon="7.601015"><ele>910.847</ele><time>2020-10-25T13:00:31Z</time></trkpt><trkpt lat="46.968183" lon="7.601015"><ele>910.645</ele><time>2020-10-25T13:00:37Z</time></trkpt><trkpt lat="46.968182" lon="7.601014"><ele>910.417</ele><time>2020-10-25T13:00:41Z</time></trkpt><trkpt lat="46.968181" lon="7.601014"><ele>910.287</ele><time>2020-10-25T13:00:44Z</time></trkpt><trkpt lat="46.968189" lon="7.601066"><ele>909.815</ele><time>2020-10-25T13:00:48Z</time></trkpt><trkpt lat="46.968196" lon="7.601128"><ele>910.008</ele><time>2020-10-25T13:00:50Z</time></trkpt><trkpt lat="46.968228" lon="7.601371"><ele>910.456</ele><time>2020-10-25T13:00:56Z</time></trkpt><trkpt lat="46.968231" lon="7.601413"><ele>910.690</ele><time>2020-10-25T13:00:57Z</time></trkpt><trkpt lat="46.968247" lon="7.601572"><ele>911.663</ele><time>2020-10-25T13:01:01Z</time></trkpt><trkpt lat="46.968255" lon="7.601647"><ele>911.857</ele><time>2020-10-25T13:01:03Z</time></trkpt><trkpt lat="46.968260" lon="7.601684"><ele>911.844</ele><time>2020-10-25T13:01:04Z</time></trkpt><trkpt lat="46.968278" lon="7.601862"><ele>913.467</ele><time>2020-10-25T13:01:09Z</time></trkpt><trkpt lat="46.968283" lon="7.601893"><ele>914.082</ele><time>2020-10-25T13:01:10Z</time></trkpt><trkpt lat="46.968288" lon="7.601948"><ele>914.680</ele><time>2020-10-25T13:01:12Z</time></trkpt><trkpt lat="46.968311" lon="7.602108"><ele>915.054</ele><time>2020-10-25T13:01:17Z</time></trkpt><trkpt lat="46.968341" lon="7.602230"><ele>915.856</ele><time>2020-10-25T13:01:21Z</time></trkpt><trkpt lat="46.968370" lon="7.602353"><ele>917.011</ele><time>2020-10-25T13:01:25Z</time></trkpt><trkpt lat="46.968381" lon="7.602461"><ele>917.808</ele><time>2020-10-25T13:01:28Z</time></trkpt><trkpt lat="46.968397" lon="7.602566"><ele>918.090</ele><time>2020-10-25T13:01:31Z</time></trkpt><trkpt lat="46.968397" lon="7.602683"><ele>918.424</ele><time>2020-10-25T13:01:34Z</time></trkpt><trkpt lat="46.968373" lon="7.602799"><ele>919.097</ele><time>2020-10-25T13:01:37Z</time></trkpt><trkpt lat="46.968338" lon="7.602914"><ele>919.651</ele><time>2020-10-25T13:01:40Z</time></trkpt><trkpt lat="46.968327" lon="7.602953"><ele>919.828</ele><time>2020-10-25T13:01:41Z</time></trkpt><trkpt lat="46.968313" lon="7.602992"><ele>920.261</ele><time>2020-10-25T13:01:42Z</time></trkpt><trkpt lat="46.968287" lon="7.603071"><ele>920.616</ele><time>2020-10-25T13:01:44Z</time></trkpt><trkpt lat="46.968267" lon="7.603150"><ele>921.064</ele><time>2020-10-25T13:01:46Z</time></trkpt><trkpt lat="46.968254" lon="7.603191"><ele>921.235</ele><time>2020-10-25T13:01:47Z</time></trkpt><trkpt lat="46.968236" lon="7.603270"><ele>921.886</ele><time>2020-10-25T13:01:49Z</time></trkpt><trkpt lat="46.968221" lon="7.603349"><ele>922.414</ele><time>2020-10-25T13:01:51Z</time></trkpt><trkpt lat="46.968207" lon="7.603453"><ele>923.608</ele><time>2020-10-25T13:01:54Z</time></trkpt><trkpt lat="46.968202" lon="7.603485"><ele>923.648</ele><time>2020-10-25T13:01:55Z</time></trkpt><trkpt lat="46.968194" lon="7.603544"><ele>923.892</ele><time>2020-10-25T13:01:57Z</time></trkpt><trkpt lat="46.968190" lon="7.603572"><ele>923.855</ele><time>2020-10-25T13:01:58Z</time></trkpt><trkpt lat="46.968179" lon="7.603599"><ele>924.069</ele><time>2020-10-25T13:01:59Z</time></trkpt><trkpt lat="46.968170" lon="7.603713"><ele>924.646</ele><time>2020-10-25T13:02:03Z</time></trkpt><trkpt lat="46.968179" lon="7.603800"><ele>924.249</ele><time>2020-10-25T13:02:06Z</time></trkpt><trkpt lat="46.968191" lon="7.604005"><ele>923.844</ele><time>2020-10-25T13:02:11Z</time></trkpt><trkpt lat="46.968192" lon="7.604046"><ele>923.852</ele><time>2020-10-25T13:02:12Z</time></trkpt><trkpt lat="46.968190" lon="7.604234"><ele>922.467</ele><time>2020-10-25T13:02:17Z</time></trkpt><trkpt lat="46.968194" lon="7.604374"><ele>922.081</ele><time>2020-10-25T13:02:21Z</time></trkpt><trkpt lat="46.968204" lon="7.604565"><ele>921.419</ele><time>2020-10-25T13:02:25Z</time></trkpt><trkpt lat="46.968201" lon="7.604677"><ele>919.808</ele><time>2020-10-25T13:02:27Z</time></trkpt><trkpt lat="46.968198" lon="7.604791"><ele>918.821</ele><time>2020-10-25T13:02:29Z</time></trkpt><trkpt lat="46.968191" lon="7.604955"><ele>918.665</ele><time>2020-10-25T13:02:32Z</time></trkpt><trkpt lat="46.968185" lon="7.605050"><ele>918.028</ele><time>2020-10-25T13:02:34Z</time></trkpt><trkpt lat="46.968181" lon="7.605095"><ele>917.652</ele><time>2020-10-25T13:02:35Z</time></trkpt><trkpt lat="46.968150" lon="7.605270"><ele>916.429</ele><time>2020-10-25T13:02:40Z</time></trkpt><trkpt lat="46.968149" lon="7.605274"><ele>916.282</ele><time>2020-10-25T13:02:41Z</time></trkpt><trkpt lat="46.968148" lon="7.605268"><ele>915.817</ele><time>2020-10-25T13:02:44Z</time></trkpt><trkpt lat="46.968157" lon="7.605262"><ele>916.855</ele><time>2020-10-25T13:02:51Z</time></trkpt><trkpt lat="46.968157" lon="7.605262"><ele>917.044</ele><time>2020-10-25T13:02:53Z</time></trkpt><trkpt lat="46.968160" lon="7.605262"><ele>917.005</ele><time>2020-10-25T13:03:04Z</time></trkpt><trkpt lat="46.968158" lon="7.605263"><ele>916.615</ele><time>2020-10-25T13:03:09Z</time></trkpt><trkpt lat="46.968147" lon="7.605295"><ele>915.808</ele><time>2020-10-25T13:03:15Z</time></trkpt><trkpt lat="46.968141" lon="7.605357"><ele>915.669</ele><time>2020-10-25T13:03:17Z</time></trkpt><trkpt lat="46.968139" lon="7.605454"><ele>915.273</ele><time>2020-10-25T13:03:19Z</time></trkpt><trkpt lat="46.968127" lon="7.605640"><ele>914.696</ele><time>2020-10-25T13:03:22Z</time></trkpt><trkpt lat="46.968124" lon="7.605708"><ele>914.070</ele><time>2020-10-25T13:03:23Z</time></trkpt><trkpt lat="46.968121" lon="7.605916"><ele>912.857</ele><time>2020-10-25T13:03:26Z</time></trkpt><trkpt lat="46.968125" lon="7.606067"><ele>911.830</ele><time>2020-10-25T13:03:28Z</time></trkpt><trkpt lat="46.968131" lon="7.606292"><ele>911.095</ele><time>2020-10-25T13:03:31Z</time></trkpt><trkpt lat="46.968137" lon="7.606362"><ele>910.893</ele><time>2020-10-25T13:03:32Z</time></trkpt><trkpt lat="46.968163" lon="7.606684"><ele>909.663</ele><time>2020-10-25T13:03:37Z</time></trkpt><trkpt lat="46.968167" lon="7.606741"><ele>909.444</ele><time>2020-10-25T13:03:38Z</time></trkpt><trkpt lat="46.968183" lon="7.607148"><ele>909.618</ele><time>2020-10-25T13:03:45Z</time></trkpt><trkpt lat="46.968169" lon="7.607642"><ele>909.008</ele><time>2020-10-25T13:03:52Z</time></trkpt><trkpt lat="46.968168" lon="7.607888"><ele>908.441</ele><time>2020-10-25T13:03:55Z</time></trkpt><trkpt lat="46.968184" lon="7.608080"><ele>908.095</ele><time>2020-10-25T13:03:57Z</time></trkpt><trkpt lat="46.968202" lon="7.608290"><ele>907.288</ele><time>2020-10-25T13:03:59Z</time></trkpt><trkpt lat="46.968223" lon="7.608495"><ele>907.072</ele><time>2020-10-25T13:04:01Z</time></trkpt><trkpt lat="46.968240" lon="7.608695"><ele>907.059</ele><time>2020-10-25T13:04:03Z</time></trkpt><trkpt lat="46.968252" lon="7.608892"><ele>907.242</ele><time>2020-10-25T13:04:05Z</time></trkpt><trkpt lat="46.968253" lon="7.608990"><ele>907.257</ele><time>2020-10-25T13:04:06Z</time></trkpt><trkpt lat="46.968244" lon="7.609180"><ele>907.235</ele><time>2020-10-25T13:04:08Z</time></trkpt><trkpt lat="46.968204" lon="7.609507"><ele>906.444</ele><time>2020-10-25T13:04:12Z</time></trkpt><trkpt lat="46.968179" lon="7.609639"><ele>906.405</ele><time>2020-10-25T13:04:14Z</time></trkpt><trkpt lat="46.968147" lon="7.609862"><ele>906.815</ele><time>2020-10-25T13:04:18Z</time></trkpt><trkpt lat="46.968095" lon="7.610246"><ele>907.808</ele><time>2020-10-25T13:04:26Z</time></trkpt><trkpt lat="46.968092" lon="7.610386"><ele>908.419</ele><time>2020-10-25T13:04:29Z</time></trkpt><trkpt lat="46.968121" lon="7.610588"><ele>908.433</ele><time>2020-10-25T13:04:33Z</time></trkpt><trkpt lat="46.968215" lon="7.610866"><ele>907.846</ele><time>2020-10-25T13:04:39Z</time></trkpt><trkpt lat="46.968263" lon="7.610970"><ele>907.260</ele><time>2020-10-25T13:04:42Z</time></trkpt><trkpt lat="46.968350" lon="7.611168"><ele>907.077</ele><time>2020-10-25T13:04:47Z</time></trkpt><trkpt lat="46.968471" lon="7.611421"><ele>906.650</ele><time>2020-10-25T13:04:52Z</time></trkpt><trkpt lat="46.968549" lon="7.611564"><ele>905.845</ele><time>2020-10-25T13:04:54Z</time></trkpt><trkpt lat="46.968632" lon="7.611727"><ele>904.693</ele><time>2020-10-25T13:04:56Z</time></trkpt><trkpt lat="46.968672" lon="7.611809"><ele>904.499</ele><time>2020-10-25T13:04:57Z</time></trkpt><trkpt lat="46.968750" lon="7.611969"><ele>903.207</ele><time>2020-10-25T13:04:59Z</time></trkpt><trkpt lat="46.968836" lon="7.612114"><ele>902.027</ele><time>2020-10-25T13:05:01Z</time></trkpt><trkpt lat="46.968955" lon="7.612318"><ele>902.008</ele><time>2020-10-25T13:05:04Z</time></trkpt><trkpt lat="46.969017" lon="7.612543"><ele>902.464</ele><time>2020-10-25T13:05:08Z</time></trkpt><trkpt lat="46.969108" lon="7.612836"><ele>902.858</ele><time>2020-10-25T13:05:16Z</time></trkpt><trkpt lat="46.969151" lon="7.612995"><ele>903.041</ele><time>2020-10-25T13:05:23Z</time></trkpt><trkpt lat="46.969151" lon="7.612995"><ele>903.025</ele><time>2020-10-25T13:05:24Z</time></trkpt><trkpt lat="46.969150" lon="7.612990"><ele>903.212</ele><time>2020-10-25T13:05:27Z</time></trkpt><trkpt lat="46.969150" lon="7.612991"><ele>903.415</ele><time>2020-10-25T13:05:31Z</time></trkpt><trkpt lat="46.969152" lon="7.612991"><ele>902.870</ele><time>2020-10-25T13:05:34Z</time></trkpt><trkpt lat="46.969153" lon="7.612989"><ele>902.678</ele><time>2020-10-25T13:05:37Z</time></trkpt><trkpt lat="46.969157" lon="7.612984"><ele>902.685</ele><time>2020-10-25T13:05:51Z</time></trkpt><trkpt lat="46.969158" lon="7.612981"><ele>903.689</ele><time>2020-10-25T13:06:01Z</time></trkpt><trkpt lat="46.969159" lon="7.612980"><ele>903.617</ele><time>2020-10-25T13:06:04Z</time></trkpt><trkpt lat="46.969159" lon="7.612981"><ele>903.608</ele><time>2020-10-25T13:06:05Z</time></trkpt><trkpt lat="46.969160" lon="7.612980"><ele>903.673</ele><time>2020-10-25T13:06:06Z</time></trkpt><trkpt lat="46.969161" lon="7.612980"><ele>903.667</ele><time>2020-10-25T13:06:12Z</time></trkpt><trkpt lat="46.969161" lon="7.612980"><ele>903.490</ele><time>2020-10-25T13:06:19Z</time></trkpt><trkpt lat="46.969160" lon="7.612977"><ele>903.284</ele><time>2020-10-25T13:06:24Z</time></trkpt><trkpt lat="46.969158" lon="7.612973"><ele>903.071</ele><time>2020-10-25T13:06:29Z</time></trkpt><trkpt lat="46.969149" lon="7.612966"><ele>902.864</ele><time>2020-10-25T13:06:45Z</time></trkpt><trkpt lat="46.969147" lon="7.612965"><ele>902.889</ele><time>2020-10-25T13:06:59Z</time></trkpt><trkpt lat="46.969149" lon="7.612965"><ele>902.437</ele><time>2020-10-25T13:07:05Z</time></trkpt><trkpt lat="46.969149" lon="7.612963"><ele>902.654</ele><time>2020-10-25T13:07:08Z</time></trkpt><trkpt lat="46.969150" lon="7.612963"><ele>902.256</ele><time>2020-10-25T13:07:20Z</time></trkpt><trkpt lat="46.969150" lon="7.612963"><ele>902.211</ele><time>2020-10-25T13:07:22Z</time></trkpt><trkpt lat="46.969150" lon="7.612962"><ele>902.008</ele><time>2020-10-25T13:07:24Z</time></trkpt><trkpt lat="46.969151" lon="7.612964"><ele>902.480</ele><time>2020-10-25T13:07:30Z</time></trkpt><trkpt lat="46.969153" lon="7.612963"><ele>902.464</ele><time>2020-10-25T13:07:33Z</time></trkpt><trkpt lat="46.969152" lon="7.612964"><ele>902.487</ele><time>2020-10-25T13:07:36Z</time></trkpt><trkpt lat="46.969152" lon="7.612965"><ele>902.441</ele><time>2020-10-25T13:07:37Z</time></trkpt><trkpt lat="46.969152" lon="7.612965"><ele>902.458</ele><time>2020-10-25T13:07:38Z</time></trkpt><trkpt lat="46.969153" lon="7.612965"><ele>902.481</ele><time>2020-10-25T13:07:49Z</time></trkpt><trkpt lat="46.969154" lon="7.612966"><ele>902.426</ele><time>2020-10-25T13:07:50Z</time></trkpt><trkpt lat="46.969154" lon="7.612966"><ele>902.434</ele><time>2020-10-25T13:07:51Z</time></trkpt><trkpt lat="46.969156" lon="7.612963"><ele>902.438</ele><time>2020-10-25T13:07:59Z</time></trkpt><trkpt lat="46.969156" lon="7.612963"><ele>902.470</ele><time>2020-10-25T13:08:00Z</time></trkpt><trkpt lat="46.969155" lon="7.612963"><ele>902.417</ele><time>2020-10-25T13:08:16Z</time></trkpt><trkpt lat="46.969159" lon="7.612966"><ele>902.408</ele><time>2020-10-25T13:08:24Z</time></trkpt><trkpt lat="46.969159" lon="7.612966"><ele>902.448</ele><time>2020-10-25T13:08:25Z</time></trkpt><trkpt lat="46.969159" lon="7.612967"><ele>902.472</ele><time>2020-10-25T13:08:26Z</time></trkpt><trkpt lat="46.969163" lon="7.612965"><ele>902.485</ele><time>2020-10-25T13:08:31Z</time></trkpt><trkpt lat="46.969160" lon="7.612963"><ele>902.449</ele><time>2020-10-25T13:08:34Z</time></trkpt><trkpt lat="46.969160" lon="7.612963"><ele>902.466</ele><time>2020-10-25T13:08:36Z</time></trkpt><trkpt lat="46.969163" lon="7.612957"><ele>902.439</ele><time>2020-10-25T13:08:46Z</time></trkpt><trkpt lat="46.969162" lon="7.612956"><ele>902.474</ele><time>2020-10-25T13:08:47Z</time></trkpt><trkpt lat="46.969164" lon="7.612954"><ele>902.412</ele><time>2020-10-25T13:08:55Z</time></trkpt><trkpt lat="46.969164" lon="7.612953"><ele>902.412</ele><time>2020-10-25T13:08:57Z</time></trkpt><trkpt lat="46.969166" lon="7.612949"><ele>902.432</ele><time>2020-10-25T13:09:02Z</time></trkpt><trkpt lat="46.969165" lon="7.612949"><ele>902.405</ele><time>2020-10-25T13:09:07Z</time></trkpt><trkpt lat="46.969166" lon="7.612987"><ele>902.408</ele><time>2020-10-25T13:09:12Z</time></trkpt><trkpt lat="46.969175" lon="7.613040"><ele>902.446</ele><time>2020-10-25T13:09:14Z</time></trkpt><trkpt lat="46.969181" lon="7.613071"><ele>902.410</ele><time>2020-10-25T13:09:15Z</time></trkpt><trkpt lat="46.969212" lon="7.613197"><ele>901.643</ele><time>2020-10-25T13:09:18Z</time></trkpt><trkpt lat="46.969245" lon="7.613301"><ele>900.687</ele><time>2020-10-25T13:09:20Z</time></trkpt><trkpt lat="46.969277" lon="7.613497"><ele>899.654</ele><time>2020-10-25T13:09:23Z</time></trkpt><trkpt lat="46.969284" lon="7.613569"><ele>899.287</ele><time>2020-10-25T13:09:24Z</time></trkpt><trkpt lat="46.969289" lon="7.613710"><ele>898.482</ele><time>2020-10-25T13:09:26Z</time></trkpt><trkpt lat="46.969292" lon="7.613917"><ele>897.470</ele><time>2020-10-25T13:09:29Z</time></trkpt><trkpt lat="46.969298" lon="7.614108"><ele>896.047</ele><time>2020-10-25T13:09:32Z</time></trkpt><trkpt lat="46.969301" lon="7.614219"><ele>895.029</ele><time>2020-10-25T13:09:34Z</time></trkpt><trkpt lat="46.969302" lon="7.614273"><ele>894.621</ele><time>2020-10-25T13:09:35Z</time></trkpt><trkpt lat="46.969321" lon="7.614442"><ele>893.208</ele><time>2020-10-25T13:09:38Z</time></trkpt><trkpt lat="46.969363" lon="7.614594"><ele>891.869</ele><time>2020-10-25T13:09:41Z</time></trkpt><trkpt lat="46.969403" lon="7.614689"><ele>890.673</ele><time>2020-10-25T13:09:43Z</time></trkpt><trkpt lat="46.969449" lon="7.614769"><ele>889.446</ele><time>2020-10-25T13:09:45Z</time></trkpt><trkpt lat="46.969471" lon="7.614804"><ele>888.820</ele><time>2020-10-25T13:09:46Z</time></trkpt><trkpt lat="46.969493" lon="7.614831"><ele>888.287</ele><time>2020-10-25T13:09:47Z</time></trkpt><trkpt lat="46.969572" lon="7.614906"><ele>887.060</ele><time>2020-10-25T13:09:50Z</time></trkpt><trkpt lat="46.969635" lon="7.614960"><ele>886.065</ele><time>2020-10-25T13:09:52Z</time></trkpt><trkpt lat="46.969664" lon="7.614983"><ele>885.813</ele><time>2020-10-25T13:09:53Z</time></trkpt><trkpt lat="46.969785" lon="7.615102"><ele>885.222</ele><time>2020-10-25T13:09:57Z</time></trkpt><trkpt lat="46.969843" lon="7.615165"><ele>884.862</ele><time>2020-10-25T13:09:59Z</time></trkpt><trkpt lat="46.969870" lon="7.615198"><ele>884.608</ele><time>2020-10-25T13:10:00Z</time></trkpt><trkpt lat="46.969975" lon="7.615375"><ele>883.608</ele><time>2020-10-25T13:10:04Z</time></trkpt><trkpt lat="46.969991" lon="7.615424"><ele>883.467</ele><time>2020-10-25T13:10:05Z</time></trkpt><trkpt lat="46.970048" lon="7.615613"><ele>882.461</ele><time>2020-10-25T13:10:10Z</time></trkpt><trkpt lat="46.970052" lon="7.615641"><ele>882.214</ele><time>2020-10-25T13:10:11Z</time></trkpt><trkpt lat="46.970072" lon="7.615682"><ele>881.858</ele><time>2020-10-25T13:10:16Z</time></trkpt><trkpt lat="46.970078" lon="7.615703"><ele>881.855</ele><time>2020-10-25T13:10:27Z</time></trkpt><trkpt lat="46.970079" lon="7.615703"><ele>881.898</ele><time>2020-10-25T13:10:28Z</time></trkpt><trkpt lat="46.970079" lon="7.615703"><ele>881.853</ele><time>2020-10-25T13:10:30Z</time></trkpt><trkpt lat="46.970077" lon="7.615699"><ele>882.071</ele><time>2020-10-25T13:10:34Z</time></trkpt><trkpt lat="46.970083" lon="7.615696"><ele>882.035</ele><time>2020-10-25T13:10:36Z</time></trkpt><trkpt lat="46.970084" lon="7.615696"><ele>882.086</ele><time>2020-10-25T13:10:37Z</time></trkpt><trkpt lat="46.970091" lon="7.615747"><ele>882.814</ele><time>2020-10-25T13:10:42Z</time></trkpt><trkpt lat="46.970118" lon="7.615891"><ele>882.208</ele><time>2020-10-25T13:10:47Z</time></trkpt><trkpt lat="46.970157" lon="7.616043"><ele>882.018</ele><time>2020-10-25T13:10:51Z</time></trkpt><trkpt lat="46.970193" lon="7.616198"><ele>881.662</ele><time>2020-10-25T13:10:55Z</time></trkpt><trkpt lat="46.970202" lon="7.616239"><ele>881.495</ele><time>2020-10-25T13:10:56Z</time></trkpt><trkpt lat="46.970211" lon="7.616282"><ele>881.279</ele><time>2020-10-25T13:10:57Z</time></trkpt><trkpt lat="46.970231" lon="7.616423"><ele>880.816</ele><time>2020-10-25T13:11:00Z</time></trkpt><trkpt lat="46.970248" lon="7.616520"><ele>880.649</ele><time>2020-10-25T13:11:02Z</time></trkpt><trkpt lat="46.970257" lon="7.616567"><ele>880.694</ele><time>2020-10-25T13:11:03Z</time></trkpt><trkpt lat="46.970264" lon="7.616612"><ele>880.232</ele><time>2020-10-25T13:11:04Z</time></trkpt><trkpt lat="46.970292" lon="7.616798"><ele>879.237</ele><time>2020-10-25T13:11:08Z</time></trkpt><trkpt lat="46.970297" lon="7.616849"><ele>878.849</ele><time>2020-10-25T13:11:09Z</time></trkpt><trkpt lat="46.970307" lon="7.616995"><ele>878.013</ele><time>2020-10-25T13:11:12Z</time></trkpt><trkpt lat="46.970311" lon="7.617036"><ele>877.608</ele><time>2020-10-25T13:11:13Z</time></trkpt><trkpt lat="46.970325" lon="7.617114"><ele>876.888</ele><time>2020-10-25T13:11:15Z</time></trkpt><trkpt lat="46.970331" lon="7.617153"><ele>876.492</ele><time>2020-10-25T13:11:16Z</time></trkpt><trkpt lat="46.970346" lon="7.617226"><ele>875.475</ele><time>2020-10-25T13:11:18Z</time></trkpt><trkpt lat="46.970381" lon="7.617356"><ele>874.239</ele><time>2020-10-25T13:11:22Z</time></trkpt><trkpt lat="46.970420" lon="7.617507"><ele>873.076</ele><time>2020-10-25T13:11:28Z</time></trkpt><trkpt lat="46.970434" lon="7.617563"><ele>872.249</ele><time>2020-10-25T13:11:30Z</time></trkpt><trkpt lat="46.970438" lon="7.617597"><ele>871.664</ele><time>2020-10-25T13:11:31Z</time></trkpt><trkpt lat="46.970448" lon="7.617681"><ele>870.462</ele><time>2020-10-25T13:11:33Z</time></trkpt><trkpt lat="46.970454" lon="7.617762"><ele>869.232</ele><time>2020-10-25T13:11:36Z</time></trkpt><trkpt lat="46.970461" lon="7.617800"><ele>868.292</ele><time>2020-10-25T13:11:38Z</time></trkpt><trkpt lat="46.970461" lon="7.617839"><ele>867.611</ele><time>2020-10-25T13:11:43Z</time></trkpt><trkpt lat="46.970507" lon="7.617873"><ele>867.808</ele><time>2020-10-25T13:11:50Z</time></trkpt><trkpt lat="46.970517" lon="7.617880"><ele>868.278</ele><time>2020-10-25T13:11:55Z</time></trkpt><trkpt lat="46.970512" lon="7.617901"><ele>868.012</ele><time>2020-10-25T13:12:01Z</time></trkpt><trkpt lat="46.970505" lon="7.617957"><ele>868.235</ele><time>2020-10-25T13:12:05Z</time></trkpt><trkpt lat="46.970498" lon="7.618025"><ele>867.859</ele><time>2020-10-25T13:12:07Z</time></trkpt><trkpt lat="46.970493" lon="7.618064"><ele>867.276</ele><time>2020-10-25T13:12:08Z</time></trkpt><trkpt lat="46.970475" lon="7.618162"><ele>865.649</ele><time>2020-10-25T13:12:10Z</time></trkpt><trkpt lat="46.970465" lon="7.618247"><ele>864.424</ele><time>2020-10-25T13:12:12Z</time></trkpt><trkpt lat="46.970453" lon="7.618390"><ele>863.022</ele><time>2020-10-25T13:12:15Z</time></trkpt><trkpt lat="46.970452" lon="7.618514"><ele>861.699</ele><time>2020-10-25T13:12:17Z</time></trkpt><trkpt lat="46.970454" lon="7.618584"><ele>860.807</ele><time>2020-10-25T13:12:18Z</time></trkpt><trkpt lat="46.970454" lon="7.618584"><ele>859.427</ele><time>2020-10-25T13:12:19Z</time></trkpt><trkpt lat="46.970460" lon="7.618799"><ele>858.808</ele><time>2020-10-25T13:12:21Z</time></trkpt><trkpt lat="46.970469" lon="7.618867"><ele>858.034</ele><time>2020-10-25T13:12:22Z</time></trkpt><trkpt lat="46.970489" lon="7.618992"><ele>856.248</ele><time>2020-10-25T13:12:24Z</time></trkpt><trkpt lat="46.970493" lon="7.619051"><ele>855.631</ele><time>2020-10-25T13:12:25Z</time></trkpt><trkpt lat="46.970487" lon="7.619119"><ele>855.225</ele><time>2020-10-25T13:12:26Z</time></trkpt><trkpt lat="46.970480" lon="7.619288"><ele>854.042</ele><time>2020-10-25T13:12:29Z</time></trkpt><trkpt lat="46.970462" lon="7.619458"><ele>852.445</ele><time>2020-10-25T13:12:32Z</time></trkpt><trkpt lat="46.970465" lon="7.619594"><ele>851.620</ele><time>2020-10-25T13:12:35Z</time></trkpt><trkpt lat="46.970464" lon="7.619644"><ele>851.238</ele><time>2020-10-25T13:12:36Z</time></trkpt><trkpt lat="46.970523" lon="7.619792"><ele>850.453</ele><time>2020-10-25T13:12:40Z</time></trkpt><trkpt lat="46.970535" lon="7.619832"><ele>850.204</ele><time>2020-10-25T13:12:41Z</time></trkpt><trkpt lat="46.970581" lon="7.619977"><ele>849.014</ele><time>2020-10-25T13:12:44Z</time></trkpt><trkpt lat="46.970601" lon="7.620037"><ele>848.608</ele><time>2020-10-25T13:12:45Z</time></trkpt><trkpt lat="46.970674" lon="7.620225"><ele>847.840</ele><time>2020-10-25T13:12:48Z</time></trkpt><trkpt lat="46.970721" lon="7.620339"><ele>847.024</ele><time>2020-10-25T13:12:50Z</time></trkpt><trkpt lat="46.970741" lon="7.620385"><ele>846.457</ele><time>2020-10-25T13:12:51Z</time></trkpt><trkpt lat="46.970777" lon="7.620480"><ele>845.211</ele><time>2020-10-25T13:12:53Z</time></trkpt><trkpt lat="46.970825" lon="7.620606"><ele>843.828</ele><time>2020-10-25T13:12:56Z</time></trkpt><trkpt lat="46.970844" lon="7.620645"><ele>843.481</ele><time>2020-10-25T13:12:57Z</time></trkpt><trkpt lat="46.970883" lon="7.620725"><ele>842.656</ele><time>2020-10-25T13:12:59Z</time></trkpt><trkpt lat="46.970967" lon="7.620893"><ele>841.614</ele><time>2020-10-25T13:13:03Z</time></trkpt><trkpt lat="46.971008" lon="7.620983"><ele>841.285</ele><time>2020-10-25T13:13:05Z</time></trkpt><trkpt lat="46.971062" lon="7.621117"><ele>840.289</ele><time>2020-10-25T13:13:08Z</time></trkpt><trkpt lat="46.971086" lon="7.621196"><ele>839.217</ele><time>2020-10-25T13:13:10Z</time></trkpt><trkpt lat="46.971108" lon="7.621265"><ele>837.608</ele><time>2020-10-25T13:13:12Z</time></trkpt><trkpt lat="46.971120" lon="7.621300"><ele>837.013</ele><time>2020-10-25T13:13:13Z</time></trkpt><trkpt lat="46.971131" lon="7.621334"><ele>836.247</ele><time>2020-10-25T13:13:14Z</time></trkpt><trkpt lat="46.971159" lon="7.621388"><ele>834.650</ele><time>2020-10-25T13:13:16Z</time></trkpt><trkpt lat="46.971207" lon="7.621450"><ele>833.664</ele><time>2020-10-25T13:13:19Z</time></trkpt><trkpt lat="46.971253" lon="7.621483"><ele>832.691</ele><time>2020-10-25T13:13:21Z</time></trkpt><trkpt lat="46.971274" lon="7.621496"><ele>831.834</ele><time>2020-10-25T13:13:22Z</time></trkpt><trkpt lat="46.971365" lon="7.621530"><ele>830.419</ele><time>2020-10-25T13:13:25Z</time></trkpt><trkpt lat="46.971473" lon="7.621562"><ele>828.837</ele><time>2020-10-25T13:13:28Z</time></trkpt><trkpt lat="46.971552" lon="7.621593"><ele>827.653</ele><time>2020-10-25T13:13:30Z</time></trkpt><trkpt lat="46.971620" lon="7.621641"><ele>826.204</ele><time>2020-10-25T13:13:32Z</time></trkpt><trkpt lat="46.971713" lon="7.621740"><ele>824.814</ele><time>2020-10-25T13:13:35Z</time></trkpt><trkpt lat="46.971749" lon="7.621785"><ele>824.408</ele><time>2020-10-25T13:13:36Z</time></trkpt><trkpt lat="46.971781" lon="7.621837"><ele>823.630</ele><time>2020-10-25T13:13:37Z</time></trkpt><trkpt lat="46.971809" lon="7.621892"><ele>822.844</ele><time>2020-10-25T13:13:38Z</time></trkpt><trkpt lat="46.971839" lon="7.621947"><ele>822.027</ele><time>2020-10-25T13:13:39Z</time></trkpt><trkpt lat="46.971882" lon="7.622045"><ele>820.821</ele><time>2020-10-25T13:13:41Z</time></trkpt><trkpt lat="46.971942" lon="7.622126"><ele>819.438</ele><time>2020-10-25T13:13:43Z</time></trkpt><trkpt lat="46.971972" lon="7.622163"><ele>819.091</ele><time>2020-10-25T13:13:44Z</time></trkpt><trkpt lat="46.972026" lon="7.622216"><ele>818.236</ele><time>2020-10-25T13:13:46Z</time></trkpt><trkpt lat="46.972085" lon="7.622208"><ele>818.094</ele><time>2020-10-25T13:13:48Z</time></trkpt><trkpt lat="46.972115" lon="7.622084"><ele>817.272</ele><time>2020-10-25T13:13:51Z</time></trkpt><trkpt lat="46.972099" lon="7.621932"><ele>816.013</ele><time>2020-10-25T13:13:54Z</time></trkpt><trkpt lat="46.972075" lon="7.621838"><ele>815.014</ele><time>2020-10-25T13:13:56Z</time></trkpt><trkpt lat="46.972061" lon="7.621772"><ele>813.808</ele><time>2020-10-25T13:13:58Z</time></trkpt><trkpt lat="46.972059" lon="7.621741"><ele>812.662</ele><time>2020-10-25T13:14:00Z</time></trkpt><trkpt lat="46.972050" lon="7.621720"><ele>812.086</ele><time>2020-10-25T13:14:03Z</time></trkpt><trkpt lat="46.972047" lon="7.621709"><ele>811.689</ele><time>2020-10-25T13:14:06Z</time></trkpt><trkpt lat="46.972043" lon="7.621695"><ele>811.653</ele><time>2020-10-25T13:14:07Z</time></trkpt><trkpt lat="46.972041" lon="7.621679"><ele>811.670</ele><time>2020-10-25T13:14:08Z</time></trkpt><trkpt lat="46.972038" lon="7.621647"><ele>811.423</ele><time>2020-10-25T13:14:09Z</time></trkpt><trkpt lat="46.972040" lon="7.621612"><ele>811.428</ele><time>2020-10-25T13:14:10Z</time></trkpt><trkpt lat="46.972059" lon="7.621503"><ele>810.246</ele><time>2020-10-25T13:14:14Z</time></trkpt><trkpt lat="46.972063" lon="7.621493"><ele>809.487</ele><time>2020-10-25T13:14:16Z</time></trkpt><trkpt lat="46.972060" lon="7.621490"><ele>809.042</ele><time>2020-10-25T13:14:18Z</time></trkpt><trkpt lat="46.972038" lon="7.621472"><ele>809.226</ele><time>2020-10-25T13:14:25Z</time></trkpt><trkpt lat="46.972070" lon="7.621464"><ele>809.008</ele><time>2020-10-25T13:14:33Z</time></trkpt><trkpt lat="46.972085" lon="7.621414"><ele>809.073</ele><time>2020-10-25T13:14:35Z</time></trkpt><trkpt lat="46.972115" lon="7.621349"><ele>808.657</ele><time>2020-10-25T13:14:37Z</time></trkpt><trkpt lat="46.972142" lon="7.621286"><ele>807.630</ele><time>2020-10-25T13:14:39Z</time></trkpt><trkpt lat="46.972174" lon="7.621212"><ele>806.624</ele><time>2020-10-25T13:14:43Z</time></trkpt><trkpt lat="46.972176" lon="7.621200"><ele>806.041</ele><time>2020-10-25T13:14:45Z</time></trkpt><trkpt lat="46.972184" lon="7.621187"><ele>805.674</ele><time>2020-10-25T13:14:48Z</time></trkpt><trkpt lat="46.972197" lon="7.621186"><ele>805.449</ele><time>2020-10-25T13:14:57Z</time></trkpt><trkpt lat="46.972196" lon="7.621183"><ele>805.437</ele><time>2020-10-25T13:15:01Z</time></trkpt><trkpt lat="46.972196" lon="7.621181"><ele>805.676</ele><time>2020-10-25T13:15:02Z</time></trkpt><trkpt lat="46.972195" lon="7.621180"><ele>805.490</ele><time>2020-10-25T13:15:03Z</time></trkpt><trkpt lat="46.972195" lon="7.621180"><ele>805.419</ele><time>2020-10-25T13:15:04Z</time></trkpt><trkpt lat="46.972197" lon="7.621178"><ele>805.408</ele><time>2020-10-25T13:15:05Z</time></trkpt><trkpt lat="46.972197" lon="7.621177"><ele>805.492</ele><time>2020-10-25T13:15:06Z</time></trkpt><trkpt lat="46.972199" lon="7.621173"><ele>805.246</ele><time>2020-10-25T13:15:08Z</time></trkpt><trkpt lat="46.972209" lon="7.621169"><ele>805.289</ele><time>2020-10-25T13:15:16Z</time></trkpt><trkpt lat="46.972207" lon="7.621168"><ele>805.283</ele><time>2020-10-25T13:15:17Z</time></trkpt><trkpt lat="46.972203" lon="7.621167"><ele>805.290</ele><time>2020-10-25T13:15:19Z</time></trkpt><trkpt lat="46.972201" lon="7.621168"><ele>805.273</ele><time>2020-10-25T13:15:21Z</time></trkpt><trkpt lat="46.972202" lon="7.621171"><ele>805.438</ele><time>2020-10-25T13:15:23Z</time></trkpt><trkpt lat="46.972200" lon="7.621169"><ele>805.656</ele><time>2020-10-25T13:15:26Z</time></trkpt><trkpt lat="46.972201" lon="7.621179"><ele>806.085</ele><time>2020-10-25T13:15:35Z</time></trkpt><trkpt lat="46.972203" lon="7.621175"><ele>805.889</ele><time>2020-10-25T13:15:39Z</time></trkpt><trkpt lat="46.972186" lon="7.621156"><ele>805.817</ele><time>2020-10-25T13:15:49Z</time></trkpt><trkpt lat="46.972184" lon="7.621173"><ele>805.008</ele><time>2020-10-25T13:15:56Z</time></trkpt><trkpt lat="46.972183" lon="7.621174"><ele>805.053</ele><time>2020-10-25T13:15:58Z</time></trkpt><trkpt lat="46.972186" lon="7.621177"><ele>805.087</ele><time>2020-10-25T13:16:00Z</time></trkpt><trkpt lat="46.972189" lon="7.621181"><ele>805.030</ele><time>2020-10-25T13:16:05Z</time></trkpt><trkpt lat="46.972203" lon="7.621193"><ele>804.864</ele><time>2020-10-25T13:16:13Z</time></trkpt><trkpt lat="46.972196" lon="7.621194"><ele>804.811</ele><time>2020-10-25T13:16:25Z</time></trkpt><trkpt lat="46.972191" lon="7.621193"><ele>804.824</ele><time>2020-10-25T13:16:28Z</time></trkpt><trkpt lat="46.972185" lon="7.621191"><ele>804.839</ele><time>2020-10-25T13:16:30Z</time></trkpt><trkpt lat="46.972185" lon="7.621189"><ele>804.837</ele><time>2020-10-25T13:16:31Z</time></trkpt><trkpt lat="46.972185" lon="7.621176"><ele>804.855</ele><time>2020-10-25T13:16:33Z</time></trkpt><trkpt lat="46.972171" lon="7.621122"><ele>804.807</ele><time>2020-10-25T13:16:35Z</time></trkpt><trkpt lat="46.972149" lon="7.621047"><ele>804.817</ele><time>2020-10-25T13:16:37Z</time></trkpt><trkpt lat="46.972100" lon="7.620930"><ele>804.808</ele><time>2020-10-25T13:16:39Z</time></trkpt><trkpt lat="46.972038" lon="7.620781"><ele>803.690</ele><time>2020-10-25T13:16:41Z</time></trkpt><trkpt lat="46.972028" lon="7.620708"><ele>802.464</ele><time>2020-10-25T13:16:42Z</time></trkpt><trkpt lat="46.972035" lon="7.620632"><ele>801.217</ele><time>2020-10-25T13:16:43Z</time></trkpt><trkpt lat="46.972054" lon="7.620567"><ele>800.011</ele><time>2020-10-25T13:16:44Z</time></trkpt><trkpt lat="46.972081" lon="7.620509"><ele>799.288</ele><time>2020-10-25T13:16:45Z</time></trkpt><trkpt lat="46.972113" lon="7.620461"><ele>798.431</ele><time>2020-10-25T13:16:46Z</time></trkpt><trkpt lat="46.972191" lon="7.620422"><ele>796.446</ele><time>2020-10-25T13:16:48Z</time></trkpt><trkpt lat="46.972252" lon="7.620441"><ele>795.414</ele><time>2020-10-25T13:16:49Z</time></trkpt><trkpt lat="46.972315" lon="7.620482"><ele>794.219</ele><time>2020-10-25T13:16:50Z</time></trkpt><trkpt lat="46.972369" lon="7.620517"><ele>793.009</ele><time>2020-10-25T13:16:51Z</time></trkpt><trkpt lat="46.972423" lon="7.620566"><ele>792.019</ele><time>2020-10-25T13:16:52Z</time></trkpt><trkpt lat="46.972474" lon="7.620628"><ele>790.808</ele><time>2020-10-25T13:16:53Z</time></trkpt><trkpt lat="46.972517" lon="7.620689"><ele>789.896</ele><time>2020-10-25T13:16:54Z</time></trkpt><trkpt lat="46.972560" lon="7.620754"><ele>788.810</ele><time>2020-10-25T13:16:55Z</time></trkpt><trkpt lat="46.972605" lon="7.620819"><ele>788.033</ele><time>2020-10-25T13:16:56Z</time></trkpt><trkpt lat="46.972650" lon="7.620885"><ele>787.027</ele><time>2020-10-25T13:16:57Z</time></trkpt><trkpt lat="46.972693" lon="7.620931"><ele>786.044</ele><time>2020-10-25T13:16:58Z</time></trkpt><trkpt lat="46.972745" lon="7.620974"><ele>785.017</ele><time>2020-10-25T13:16:59Z</time></trkpt><trkpt lat="46.972799" lon="7.621017"><ele>783.892</ele><time>2020-10-25T13:17:00Z</time></trkpt><trkpt lat="46.972894" lon="7.621106"><ele>781.840</ele><time>2020-10-25T13:17:02Z</time></trkpt><trkpt lat="46.972946" lon="7.621147"><ele>780.826</ele><time>2020-10-25T13:17:03Z</time></trkpt><trkpt lat="46.972996" lon="7.621187"><ele>779.847</ele><time>2020-10-25T13:17:04Z</time></trkpt><trkpt lat="46.973109" lon="7.621298"><ele>777.811</ele><time>2020-10-25T13:17:06Z</time></trkpt><trkpt lat="46.973165" lon="7.621356"><ele>777.008</ele><time>2020-10-25T13:17:07Z</time></trkpt><trkpt lat="46.973222" lon="7.621417"><ele>776.027</ele><time>2020-10-25T13:17:08Z</time></trkpt><trkpt lat="46.973331" lon="7.621552"><ele>774.061</ele><time>2020-10-25T13:17:10Z</time></trkpt><trkpt lat="46.973370" lon="7.621616"><ele>773.094</ele><time>2020-10-25T13:17:11Z</time></trkpt><trkpt lat="46.973412" lon="7.621671"><ele>771.828</ele><time>2020-10-25T13:17:12Z</time></trkpt><trkpt lat="46.973442" lon="7.621685"><ele>770.885</ele><time>2020-10-25T13:17:13Z</time></trkpt><trkpt lat="46.973493" lon="7.621679"><ele>769.488</ele><time>2020-10-25T13:17:15Z</time></trkpt><trkpt lat="46.973508" lon="7.621669"><ele>769.053</ele><time>2020-10-25T13:17:16Z</time></trkpt><trkpt lat="46.973535" lon="7.621639"><ele>768.261</ele><time>2020-10-25T13:17:18Z</time></trkpt><trkpt lat="46.973555" lon="7.621619"><ele>767.821</ele><time>2020-10-25T13:17:22Z</time></trkpt><trkpt lat="46.973574" lon="7.621609"><ele>767.441</ele><time>2020-10-25T13:17:27Z</time></trkpt><trkpt lat="46.973578" lon="7.621602"><ele>767.805</ele><time>2020-10-25T13:17:31Z</time></trkpt><trkpt lat="46.973579" lon="7.621609"><ele>768.408</ele><time>2020-10-25T13:17:35Z</time></trkpt><trkpt lat="46.973588" lon="7.621608"><ele>768.467</ele><time>2020-10-25T13:17:46Z</time></trkpt><trkpt lat="46.973584" lon="7.621608"><ele>768.481</ele><time>2020-10-25T13:17:47Z</time></trkpt><trkpt lat="46.973594" lon="7.621611"><ele>768.444</ele><time>2020-10-25T13:17:53Z</time></trkpt><trkpt lat="46.973602" lon="7.621607"><ele>768.418</ele><time>2020-10-25T13:17:55Z</time></trkpt><trkpt lat="46.973641" lon="7.621647"><ele>768.415</ele><time>2020-10-25T13:18:03Z</time></trkpt><trkpt lat="46.973707" lon="7.621774"><ele>768.018</ele><time>2020-10-25T13:18:07Z</time></trkpt><trkpt lat="46.973736" lon="7.621819"><ele>767.883</ele><time>2020-10-25T13:18:08Z</time></trkpt><trkpt lat="46.973873" lon="7.622041"><ele>767.071</ele><time>2020-10-25T13:18:12Z</time></trkpt><trkpt lat="46.973987" lon="7.622256"><ele>766.066</ele><time>2020-10-25T13:18:15Z</time></trkpt><trkpt lat="46.974080" lon="7.622460"><ele>765.429</ele><time>2020-10-25T13:18:18Z</time></trkpt><trkpt lat="46.974237" lon="7.622806"><ele>765.021</ele><time>2020-10-25T13:18:24Z</time></trkpt><trkpt lat="46.974245" lon="7.622856"><ele>765.008</ele><time>2020-10-25T13:18:25Z</time></trkpt><trkpt lat="46.974251" lon="7.622914"><ele>765.021</ele><time>2020-10-25T13:18:26Z</time></trkpt><trkpt lat="46.974316" lon="7.623107"><ele>765.425</ele><time>2020-10-25T13:18:30Z</time></trkpt><trkpt lat="46.974337" lon="7.623264"><ele>765.658</ele><time>2020-10-25T13:18:33Z</time></trkpt><trkpt lat="46.974336" lon="7.623333"><ele>765.832</ele><time>2020-10-25T13:18:34Z</time></trkpt><trkpt lat="46.974329" lon="7.623407"><ele>765.849</ele><time>2020-10-25T13:18:35Z</time></trkpt><trkpt lat="46.974310" lon="7.623478"><ele>765.632</ele><time>2020-10-25T13:18:36Z</time></trkpt><trkpt lat="46.974237" lon="7.623615"><ele>765.417</ele><time>2020-10-25T13:18:38Z</time></trkpt><trkpt lat="46.974128" lon="7.623709"><ele>764.825</ele><time>2020-10-25T13:18:40Z</time></trkpt><trkpt lat="46.974070" lon="7.623742"><ele>764.675</ele><time>2020-10-25T13:18:41Z</time></trkpt><trkpt lat="46.973831" lon="7.623912"><ele>764.028</ele><time>2020-10-25T13:18:46Z</time></trkpt><trkpt lat="46.973744" lon="7.624058"><ele>764.620</ele><time>2020-10-25T13:18:49Z</time></trkpt><trkpt lat="46.973728" lon="7.624115"><ele>764.808</ele><time>2020-10-25T13:18:50Z</time></trkpt><trkpt lat="46.973718" lon="7.624173"><ele>764.812</ele><time>2020-10-25T13:18:51Z</time></trkpt><trkpt lat="46.973715" lon="7.624301"><ele>765.096</ele><time>2020-10-25T13:18:53Z</time></trkpt><trkpt lat="46.973726" lon="7.624365"><ele>765.049</ele><time>2020-10-25T13:18:54Z</time></trkpt><trkpt lat="46.973745" lon="7.624429"><ele>765.023</ele><time>2020-10-25T13:18:55Z</time></trkpt><trkpt lat="46.973834" lon="7.624608"><ele>764.850</ele><time>2020-10-25T13:18:58Z</time></trkpt><trkpt lat="46.973923" lon="7.624707"><ele>764.433</ele><time>2020-10-25T13:19:00Z</time></trkpt><trkpt lat="46.973968" lon="7.624755"><ele>764.238</ele><time>2020-10-25T13:19:01Z</time></trkpt><trkpt lat="46.974546" lon="7.625814"><ele>759.876</ele><time>2020-10-25T13:19:17Z</time></trkpt><trkpt lat="46.974600" lon="7.625823"><ele>759.648</ele><time>2020-10-25T13:19:18Z</time></trkpt><trkpt lat="46.974705" lon="7.625835"><ele>758.861</ele><time>2020-10-25T13:19:20Z</time></trkpt><trkpt lat="46.974872" lon="7.625863"><ele>757.617</ele><time>2020-10-25T13:19:23Z</time></trkpt><trkpt lat="46.974972" lon="7.625897"><ele>756.408</ele><time>2020-10-25T13:19:25Z</time></trkpt><trkpt lat="46.975046" lon="7.625933"><ele>755.249</ele><time>2020-10-25T13:19:27Z</time></trkpt><trkpt lat="46.975217" lon="7.626146"><ele>751.463</ele><time>2020-10-25T13:19:43Z</time></trkpt><trkpt lat="46.975228" lon="7.626145"><ele>750.826</ele><time>2020-10-25T13:19:48Z</time></trkpt><trkpt lat="46.975233" lon="7.626141"><ele>750.890</ele><time>2020-10-25T13:19:49Z</time></trkpt><trkpt lat="46.975260" lon="7.626118"><ele>751.037</ele><time>2020-10-25T13:19:51Z</time></trkpt><trkpt lat="46.975233" lon="7.626131"><ele>751.880</ele><time>2020-10-25T13:19:55Z</time></trkpt><trkpt lat="46.975230" lon="7.626126"><ele>751.875</ele><time>2020-10-25T13:19:57Z</time></trkpt><trkpt lat="46.975276" lon="7.626046"><ele>751.663</ele><time>2020-10-25T13:20:07Z</time></trkpt><trkpt lat="46.975285" lon="7.626037"><ele>751.665</ele><time>2020-10-25T13:20:09Z</time></trkpt><trkpt lat="46.975321" lon="7.626026"><ele>751.668</ele><time>2020-10-25T13:20:15Z</time></trkpt><trkpt lat="46.975322" lon="7.626027"><ele>751.614</ele><time>2020-10-25T13:20:16Z</time></trkpt><trkpt lat="46.975349" lon="7.626034"><ele>750.808</ele><time>2020-10-25T13:20:25Z</time></trkpt><trkpt lat="46.975386" lon="7.626033"><ele>750.441</ele><time>2020-10-25T13:20:27Z</time></trkpt><trkpt lat="46.975401" lon="7.626025"><ele>750.225</ele><time>2020-10-25T13:20:33Z</time></trkpt><trkpt lat="46.975413" lon="7.626065"><ele>750.698</ele><time>2020-10-25T13:20:38Z</time></trkpt><trkpt lat="46.975453" lon="7.626100"><ele>750.862</ele><time>2020-10-25T13:20:40Z</time></trkpt><trkpt lat="46.975613" lon="7.626202"><ele>750.249</ele><time>2020-10-25T13:20:44Z</time></trkpt><trkpt lat="46.975700" lon="7.626229"><ele>749.482</ele><time>2020-10-25T13:20:46Z</time></trkpt><trkpt lat="46.975789" lon="7.626258"><ele>748.297</ele><time>2020-10-25T13:20:48Z</time></trkpt><trkpt lat="46.975872" lon="7.626300"><ele>746.825</ele><time>2020-10-25T13:20:50Z</time></trkpt><trkpt lat="46.975907" lon="7.626333"><ele>746.067</ele><time>2020-10-25T13:20:51Z</time></trkpt><trkpt lat="46.975955" lon="7.626361"><ele>745.081</ele><time>2020-10-25T13:20:52Z</time></trkpt><trkpt lat="46.976005" lon="7.626393"><ele>744.019</ele><time>2020-10-25T13:20:53Z</time></trkpt><trkpt lat="46.976055" lon="7.626429"><ele>743.208</ele><time>2020-10-25T13:20:54Z</time></trkpt><trkpt lat="46.976105" lon="7.626464"><ele>742.471</ele><time>2020-10-25T13:20:55Z</time></trkpt><trkpt lat="46.976201" lon="7.626546"><ele>740.645</ele><time>2020-10-25T13:20:57Z</time></trkpt><trkpt lat="46.976239" lon="7.626605"><ele>739.638</ele><time>2020-10-25T13:20:58Z</time></trkpt><trkpt lat="46.976275" lon="7.626664"><ele>738.812</ele><time>2020-10-25T13:20:59Z</time></trkpt><trkpt lat="46.976306" lon="7.626734"><ele>737.869</ele><time>2020-10-25T13:21:00Z</time></trkpt><trkpt lat="46.976306" lon="7.626734"><ele>736.052</ele><time>2020-10-25T13:21:01Z</time></trkpt><trkpt lat="46.976359" lon="7.626878"><ele>736.017</ele><time>2020-10-25T13:21:02Z</time></trkpt><trkpt lat="46.976387" lon="7.627035"><ele>734.495</ele><time>2020-10-25T13:21:04Z</time></trkpt><trkpt lat="46.976394" lon="7.627120"><ele>733.464</ele><time>2020-10-25T13:21:05Z</time></trkpt><trkpt lat="46.976403" lon="7.627212"><ele>732.406</ele><time>2020-10-25T13:21:06Z</time></trkpt><trkpt lat="46.976412" lon="7.627304"><ele>731.616</ele><time>2020-10-25T13:21:07Z</time></trkpt><trkpt lat="46.976431" lon="7.627386"><ele>730.608</ele><time>2020-10-25T13:21:08Z</time></trkpt><trkpt lat="46.976466" lon="7.627452"><ele>729.631</ele><time>2020-10-25T13:21:09Z</time></trkpt><trkpt lat="46.976560" lon="7.627524"><ele>728.045</ele><time>2020-10-25T13:21:11Z</time></trkpt><trkpt lat="46.976614" lon="7.627530"><ele>727.268</ele><time>2020-10-25T13:21:12Z</time></trkpt><trkpt lat="46.976669" lon="7.627515"><ele>726.292</ele><time>2020-10-25T13:21:13Z</time></trkpt><trkpt lat="46.976769" lon="7.627493"><ele>724.469</ele><time>2020-10-25T13:21:15Z</time></trkpt><trkpt lat="46.976811" lon="7.627487"><ele>723.462</ele><time>2020-10-25T13:21:16Z</time></trkpt><trkpt lat="46.976848" lon="7.627487"><ele>722.647</ele><time>2020-10-25T13:21:17Z</time></trkpt><trkpt lat="46.976923" lon="7.627481"><ele>721.285</ele><time>2020-10-25T13:21:19Z</time></trkpt><trkpt lat="46.976990" lon="7.627452"><ele>720.243</ele><time>2020-10-25T13:21:21Z</time></trkpt><trkpt lat="46.977008" lon="7.627445"><ele>719.464</ele><time>2020-10-25T13:21:22Z</time></trkpt><trkpt lat="46.977028" lon="7.627454"><ele>718.610</ele><time>2020-10-25T13:21:23Z</time></trkpt><trkpt lat="46.977077" lon="7.627509"><ele>717.408</ele><time>2020-10-25T13:21:25Z</time></trkpt><trkpt lat="46.977090" lon="7.627565"><ele>716.889</ele><time>2020-10-25T13:21:26Z</time></trkpt><trkpt lat="46.977108" lon="7.627620"><ele>716.223</ele><time>2020-10-25T13:21:27Z</time></trkpt><trkpt lat="46.977144" lon="7.627734"><ele>714.856</ele><time>2020-10-25T13:21:29Z</time></trkpt><trkpt lat="46.977172" lon="7.627782"><ele>714.260</ele><time>2020-10-25T13:21:30Z</time></trkpt><trkpt lat="46.977207" lon="7.627831"><ele>713.477</ele><time>2020-10-25T13:21:31Z</time></trkpt><trkpt lat="46.977271" lon="7.627942"><ele>712.230</ele><time>2020-10-25T13:21:33Z</time></trkpt><trkpt lat="46.977319" lon="7.628068"><ele>710.645</ele><time>2020-10-25T13:21:35Z</time></trkpt><trkpt lat="46.977335" lon="7.628148"><ele>709.683</ele><time>2020-10-25T13:21:36Z</time></trkpt><trkpt lat="46.977356" lon="7.628231"><ele>708.871</ele><time>2020-10-25T13:21:37Z</time></trkpt><trkpt lat="46.977385" lon="7.628308"><ele>707.841</ele><time>2020-10-25T13:21:38Z</time></trkpt><trkpt lat="46.977416" lon="7.628374"><ele>706.815</ele><time>2020-10-25T13:21:39Z</time></trkpt><trkpt lat="46.977455" lon="7.628434"><ele>705.808</ele><time>2020-10-25T13:21:40Z</time></trkpt><trkpt lat="46.977500" lon="7.628486"><ele>705.082</ele><time>2020-10-25T13:21:41Z</time></trkpt><trkpt lat="46.977603" lon="7.628580"><ele>703.286</ele><time>2020-10-25T13:21:43Z</time></trkpt><trkpt lat="46.977728" lon="7.628672"><ele>701.419</ele><time>2020-10-25T13:21:45Z</time></trkpt><trkpt lat="46.977780" lon="7.628736"><ele>700.463</ele><time>2020-10-25T13:21:46Z</time></trkpt><trkpt lat="46.977831" lon="7.628805"><ele>699.270</ele><time>2020-10-25T13:21:47Z</time></trkpt><trkpt lat="46.977876" lon="7.628885"><ele>698.293</ele><time>2020-10-25T13:21:48Z</time></trkpt><trkpt lat="46.977914" lon="7.628975"><ele>697.288</ele><time>2020-10-25T13:21:49Z</time></trkpt><trkpt lat="46.977951" lon="7.629068"><ele>696.226</ele><time>2020-10-25T13:21:50Z</time></trkpt><trkpt lat="46.977991" lon="7.629149"><ele>693.436</ele><time>2020-10-25T13:21:51Z</time></trkpt><trkpt lat="46.978096" lon="7.629275"><ele>693.417</ele><time>2020-10-25T13:21:53Z</time></trkpt><trkpt lat="46.978153" lon="7.629327"><ele>692.618</ele><time>2020-10-25T13:21:54Z</time></trkpt><trkpt lat="46.978214" lon="7.629381"><ele>692.008</ele><time>2020-10-25T13:21:55Z</time></trkpt><trkpt lat="46.978357" lon="7.629494"><ele>689.618</ele><time>2020-10-25T13:21:57Z</time></trkpt><trkpt lat="46.978433" lon="7.629553"><ele>688.412</ele><time>2020-10-25T13:21:58Z</time></trkpt><trkpt lat="46.978511" lon="7.629611"><ele>687.435</ele><time>2020-10-25T13:21:59Z</time></trkpt><trkpt lat="46.978582" lon="7.629665"><ele>686.479</ele><time>2020-10-25T13:22:00Z</time></trkpt><trkpt lat="46.978655" lon="7.629712"><ele>685.286</ele><time>2020-10-25T13:22:01Z</time></trkpt><trkpt lat="46.978724" lon="7.629753"><ele>684.249</ele><time>2020-10-25T13:22:02Z</time></trkpt><trkpt lat="46.978791" lon="7.629795"><ele>683.084</ele><time>2020-10-25T13:22:03Z</time></trkpt><trkpt lat="46.978858" lon="7.629836"><ele>682.052</ele><time>2020-10-25T13:22:04Z</time></trkpt><trkpt lat="46.978921" lon="7.629874"><ele>680.878</ele><time>2020-10-25T13:22:05Z</time></trkpt><trkpt lat="46.978983" lon="7.629916"><ele>679.833</ele><time>2020-10-25T13:22:06Z</time></trkpt><trkpt lat="46.979047" lon="7.629953"><ele>678.626</ele><time>2020-10-25T13:22:07Z</time></trkpt><trkpt lat="46.979105" lon="7.629966"><ele>677.408</ele><time>2020-10-25T13:22:08Z</time></trkpt><trkpt lat="46.979159" lon="7.629962"><ele>676.642</ele><time>2020-10-25T13:22:09Z</time></trkpt><trkpt lat="46.979205" lon="7.629945"><ele>675.866</ele><time>2020-10-25T13:22:10Z</time></trkpt><trkpt lat="46.979263" lon="7.629854"><ele>674.479</ele><time>2020-10-25T13:22:12Z</time></trkpt><trkpt lat="46.979234" lon="7.629668"><ele>673.443</ele><time>2020-10-25T13:22:15Z</time></trkpt><trkpt lat="46.979128" lon="7.629470"><ele>673.680</ele><time>2020-10-25T13:22:19Z</time></trkpt><trkpt lat="46.979040" lon="7.629340"><ele>674.033</ele><time>2020-10-25T13:22:22Z</time></trkpt><trkpt lat="46.978927" lon="7.629205"><ele>674.858</ele><time>2020-10-25T13:22:26Z</time></trkpt><trkpt lat="46.978845" lon="7.629119"><ele>675.266</ele><time>2020-10-25T13:22:29Z</time></trkpt><trkpt lat="46.978817" lon="7.629092"><ele>675.488</ele><time>2020-10-25T13:22:30Z</time></trkpt><trkpt lat="46.978685" lon="7.628969"><ele>676.424</ele><time>2020-10-25T13:22:35Z</time></trkpt><trkpt lat="46.978659" lon="7.628945"><ele>676.626</ele><time>2020-10-25T13:22:36Z</time></trkpt><trkpt lat="46.978590" lon="7.628871"><ele>677.008</ele><time>2020-10-25T13:22:39Z</time></trkpt><trkpt lat="46.978534" lon="7.628801"><ele>677.623</ele><time>2020-10-25T13:22:42Z</time></trkpt><trkpt lat="46.978457" lon="7.628698"><ele>678.627</ele><time>2020-10-25T13:22:46Z</time></trkpt><trkpt lat="46.978440" lon="7.628676"><ele>678.890</ele><time>2020-10-25T13:22:47Z</time></trkpt><trkpt lat="46.978364" lon="7.628530"><ele>679.874</ele><time>2020-10-25T13:22:52Z</time></trkpt><trkpt lat="46.978353" lon="7.628500"><ele>680.041</ele><time>2020-10-25T13:22:53Z</time></trkpt><trkpt lat="46.978270" lon="7.628359"><ele>681.054</ele><time>2020-10-25T13:22:58Z</time></trkpt><trkpt lat="46.978250" lon="7.628296"><ele>681.479</ele><time>2020-10-25T13:23:00Z</time></trkpt><trkpt lat="46.978244" lon="7.628207"><ele>682.087</ele><time>2020-10-25T13:23:03Z</time></trkpt><trkpt lat="46.978245" lon="7.628187"><ele>682.247</ele><time>2020-10-25T13:23:04Z</time></trkpt><trkpt lat="46.978249" lon="7.628172"><ele>682.429</ele><time>2020-10-25T13:23:05Z</time></trkpt><trkpt lat="46.978280" lon="7.628127"><ele>683.221</ele><time>2020-10-25T13:23:09Z</time></trkpt><trkpt lat="46.978304" lon="7.628090"><ele>683.608</ele><time>2020-10-25T13:23:13Z</time></trkpt><trkpt lat="46.978354" lon="7.628033"><ele>684.699</ele><time>2020-10-25T13:23:19Z</time></trkpt><trkpt lat="46.978396" lon="7.628005"><ele>685.473</ele><time>2020-10-25T13:23:23Z</time></trkpt><trkpt lat="46.978418" lon="7.627986"><ele>685.686</ele><time>2020-10-25T13:23:25Z</time></trkpt><trkpt lat="46.978434" lon="7.627967"><ele>686.010</ele><time>2020-10-25T13:23:27Z</time></trkpt><trkpt lat="46.978473" lon="7.627943"><ele>686.637</ele><time>2020-10-25T13:23:31Z</time></trkpt><trkpt lat="46.978505" lon="7.627923"><ele>687.440</ele><time>2020-10-25T13:23:34Z</time></trkpt><trkpt lat="46.978516" lon="7.627914"><ele>687.895</ele><time>2020-10-25T13:23:35Z</time></trkpt><trkpt lat="46.978527" lon="7.627904"><ele>687.893</ele><time>2020-10-25T13:23:36Z</time></trkpt><trkpt lat="46.978554" lon="7.627890"><ele>688.263</ele><time>2020-10-25T13:23:39Z</time></trkpt><trkpt lat="46.978597" lon="7.627850"><ele>688.844</ele><time>2020-10-25T13:23:43Z</time></trkpt><trkpt lat="46.978603" lon="7.627838"><ele>689.018</ele><time>2020-10-25T13:23:44Z</time></trkpt><trkpt lat="46.978624" lon="7.627798"><ele>689.608</ele><time>2020-10-25T13:23:47Z</time></trkpt><trkpt lat="46.978640" lon="7.627752"><ele>690.021</ele><time>2020-10-25T13:23:50Z</time></trkpt><trkpt lat="46.978659" lon="7.627710"><ele>690.455</ele><time>2020-10-25T13:23:53Z</time></trkpt><trkpt lat="46.978666" lon="7.627697"><ele>690.628</ele><time>2020-10-25T13:23:54Z</time></trkpt><trkpt lat="46.978683" lon="7.627674"><ele>691.222</ele><time>2020-10-25T13:23:56Z</time></trkpt><trkpt lat="46.978745" lon="7.627582"><ele>692.279</ele><time>2020-10-25T13:24:03Z</time></trkpt><trkpt lat="46.978750" lon="7.627567"><ele>692.272</ele><time>2020-10-25T13:24:04Z</time></trkpt><trkpt lat="46.978785" lon="7.627444"><ele>693.437</ele><time>2020-10-25T13:24:12Z</time></trkpt><trkpt lat="46.978798" lon="7.627419"><ele>693.685</ele><time>2020-10-25T13:24:14Z</time></trkpt><trkpt lat="46.978817" lon="7.627388"><ele>694.082</ele><time>2020-10-25T13:24:16Z</time></trkpt><trkpt lat="46.978830" lon="7.627353"><ele>694.643</ele><time>2020-10-25T13:24:18Z</time></trkpt><trkpt lat="46.978846" lon="7.627307"><ele>695.417</ele><time>2020-10-25T13:24:21Z</time></trkpt><trkpt lat="46.978849" lon="7.627290"><ele>695.408</ele><time>2020-10-25T13:24:22Z</time></trkpt><trkpt lat="46.978861" lon="7.627230"><ele>695.453</ele><time>2020-10-25T13:24:25Z</time></trkpt><trkpt lat="46.978866" lon="7.627212"><ele>695.687</ele><time>2020-10-25T13:24:26Z</time></trkpt><trkpt lat="46.978881" lon="7.627154"><ele>696.280</ele><time>2020-10-25T13:24:29Z</time></trkpt><trkpt lat="46.978910" lon="7.627083"><ele>696.844</ele><time>2020-10-25T13:24:33Z</time></trkpt><trkpt lat="46.978958" lon="7.627004"><ele>697.431</ele><time>2020-10-25T13:24:38Z</time></trkpt><trkpt lat="46.978981" lon="7.626969"><ele>697.864</ele><time>2020-10-25T13:24:40Z</time></trkpt><trkpt lat="46.979044" lon="7.626862"><ele>699.089</ele><time>2020-10-25T13:24:46Z</time></trkpt><trkpt lat="46.979092" lon="7.626770"><ele>700.217</ele><time>2020-10-25T13:24:52Z</time></trkpt><trkpt lat="46.979098" lon="7.626727"><ele>700.677</ele><time>2020-10-25T13:24:54Z</time></trkpt><trkpt lat="46.979109" lon="7.626683"><ele>701.261</ele><time>2020-10-25T13:24:57Z</time></trkpt><trkpt lat="46.979118" lon="7.626639"><ele>701.827</ele><time>2020-10-25T13:25:01Z</time></trkpt><trkpt lat="46.979134" lon="7.626580"><ele>702.208</ele><time>2020-10-25T13:25:08Z</time></trkpt><trkpt lat="46.979138" lon="7.626565"><ele>702.422</ele><time>2020-10-25T13:25:10Z</time></trkpt><trkpt lat="46.979141" lon="7.626545"><ele>702.616</ele><time>2020-10-25T13:25:12Z</time></trkpt><trkpt lat="46.979141" lon="7.626504"><ele>703.039</ele><time>2020-10-25T13:25:15Z</time></trkpt><trkpt lat="46.979137" lon="7.626486"><ele>703.263</ele><time>2020-10-25T13:25:16Z</time></trkpt><trkpt lat="46.979130" lon="7.626446"><ele>703.470</ele><time>2020-10-25T13:25:18Z</time></trkpt><trkpt lat="46.979122" lon="7.626367"><ele>703.623</ele><time>2020-10-25T13:25:22Z</time></trkpt><trkpt lat="46.979121" lon="7.626287"><ele>704.298</ele><time>2020-10-25T13:25:26Z</time></trkpt><trkpt lat="46.979131" lon="7.626243"><ele>704.456</ele><time>2020-10-25T13:25:28Z</time></trkpt><trkpt lat="46.979133" lon="7.626220"><ele>704.649</ele><time>2020-10-25T13:25:29Z</time></trkpt><trkpt lat="46.979134" lon="7.626198"><ele>705.002</ele><time>2020-10-25T13:25:30Z</time></trkpt><trkpt lat="46.979140" lon="7.626133"><ele>705.422</ele><time>2020-10-25T13:25:33Z</time></trkpt><trkpt lat="46.979152" lon="7.626065"><ele>706.208</ele><time>2020-10-25T13:25:36Z</time></trkpt><trkpt lat="46.979157" lon="7.626048"><ele>706.459</ele><time>2020-10-25T13:25:37Z</time></trkpt><trkpt lat="46.979162" lon="7.626030"><ele>706.623</ele><time>2020-10-25T13:25:38Z</time></trkpt><trkpt lat="46.979178" lon="7.625965"><ele>707.426</ele><time>2020-10-25T13:25:42Z</time></trkpt><trkpt lat="46.979182" lon="7.625934"><ele>707.620</ele><time>2020-10-25T13:25:44Z</time></trkpt><trkpt lat="46.979186" lon="7.625919"><ele>707.857</ele><time>2020-10-25T13:25:45Z</time></trkpt><trkpt lat="46.979209" lon="7.625861"><ele>708.830</ele><time>2020-10-25T13:25:49Z</time></trkpt><trkpt lat="46.979213" lon="7.625849"><ele>709.025</ele><time>2020-10-25T13:25:50Z</time></trkpt><trkpt lat="46.979238" lon="7.625792"><ele>709.843</ele><time>2020-10-25T13:25:54Z</time></trkpt><trkpt lat="46.979241" lon="7.625777"><ele>710.049</ele><time>2020-10-25T13:25:55Z</time></trkpt><trkpt lat="46.979259" lon="7.625732"><ele>710.402</ele><time>2020-10-25T13:25:58Z</time></trkpt><trkpt lat="46.979287" lon="7.625675"><ele>711.222</ele><time>2020-10-25T13:26:02Z</time></trkpt><trkpt lat="46.979315" lon="7.625620"><ele>711.808</ele><time>2020-10-25T13:26:06Z</time></trkpt><trkpt lat="46.979330" lon="7.625592"><ele>712.059</ele><time>2020-10-25T13:26:08Z</time></trkpt><trkpt lat="46.979336" lon="7.625577"><ele>712.263</ele><time>2020-10-25T13:26:09Z</time></trkpt><trkpt lat="46.979349" lon="7.625529"><ele>712.816</ele><time>2020-10-25T13:26:12Z</time></trkpt><trkpt lat="46.979362" lon="7.625499"><ele>713.090</ele><time>2020-10-25T13:26:14Z</time></trkpt><trkpt lat="46.979372" lon="7.625469"><ele>713.447</ele><time>2020-10-25T13:26:16Z</time></trkpt><trkpt lat="46.979391" lon="7.625443"><ele>713.830</ele><time>2020-10-25T13:26:18Z</time></trkpt><trkpt lat="46.979409" lon="7.625400"><ele>714.655</ele><time>2020-10-25T13:26:21Z</time></trkpt><trkpt lat="46.979415" lon="7.625367"><ele>714.813</ele><time>2020-10-25T13:26:23Z</time></trkpt><trkpt lat="46.979439" lon="7.625290"><ele>715.657</ele><time>2020-10-25T13:26:28Z</time></trkpt><trkpt lat="46.979464" lon="7.625212"><ele>716.400</ele><time>2020-10-25T13:26:33Z</time></trkpt><trkpt lat="46.979477" lon="7.625164"><ele>716.620</ele><time>2020-10-25T13:26:36Z</time></trkpt><trkpt lat="46.979482" lon="7.625148"><ele>716.808</ele><time>2020-10-25T13:26:37Z</time></trkpt><trkpt lat="46.979492" lon="7.625102"><ele>717.670</ele><time>2020-10-25T13:26:40Z</time></trkpt><trkpt lat="46.979501" lon="7.625072"><ele>717.864</ele><time>2020-10-25T13:26:42Z</time></trkpt><trkpt lat="46.979506" lon="7.625055"><ele>718.047</ele><time>2020-10-25T13:26:43Z</time></trkpt><trkpt lat="46.979511" lon="7.624988"><ele>718.851</ele><time>2020-10-25T13:26:47Z</time></trkpt><trkpt lat="46.979513" lon="7.624961"><ele>719.278</ele><time>2020-10-25T13:26:49Z</time></trkpt><trkpt lat="46.979532" lon="7.624875"><ele>720.251</ele><time>2020-10-25T13:26:55Z</time></trkpt><trkpt lat="46.979546" lon="7.624837"><ele>720.486</ele><time>2020-10-25T13:26:58Z</time></trkpt><trkpt lat="46.979560" lon="7.624780"><ele>721.274</ele><time>2020-10-25T13:27:02Z</time></trkpt><trkpt lat="46.979572" lon="7.624751"><ele>721.467</ele><time>2020-10-25T13:27:04Z</time></trkpt><trkpt lat="46.979581" lon="7.624724"><ele>721.881</ele><time>2020-10-25T13:27:06Z</time></trkpt><trkpt lat="46.979584" lon="7.624710"><ele>722.019</ele><time>2020-10-25T13:27:07Z</time></trkpt><trkpt lat="46.979592" lon="7.624679"><ele>722.408</ele><time>2020-10-25T13:27:09Z</time></trkpt><trkpt lat="46.979616" lon="7.624587"><ele>723.471</ele><time>2020-10-25T13:27:16Z</time></trkpt><trkpt lat="46.979620" lon="7.624554"><ele>723.825</ele><time>2020-10-25T13:27:18Z</time></trkpt><trkpt lat="46.979626" lon="7.624519"><ele>724.418</ele><time>2020-10-25T13:27:21Z</time></trkpt><trkpt lat="46.979640" lon="7.624489"><ele>724.692</ele><time>2020-10-25T13:27:23Z</time></trkpt><trkpt lat="46.979643" lon="7.624473"><ele>724.819</ele><time>2020-10-25T13:27:24Z</time></trkpt><trkpt lat="46.979662" lon="7.624411"><ele>725.462</ele><time>2020-10-25T13:27:28Z</time></trkpt><trkpt lat="46.979668" lon="7.624393"><ele>725.477</ele><time>2020-10-25T13:27:29Z</time></trkpt><trkpt lat="46.979680" lon="7.624350"><ele>726.075</ele><time>2020-10-25T13:27:32Z</time></trkpt><trkpt lat="46.979685" lon="7.624320"><ele>726.466</ele><time>2020-10-25T13:27:34Z</time></trkpt><trkpt lat="46.979686" lon="7.624308"><ele>726.629</ele><time>2020-10-25T13:27:35Z</time></trkpt><trkpt lat="46.979708" lon="7.624243"><ele>727.221</ele><time>2020-10-25T13:27:40Z</time></trkpt><trkpt lat="46.979710" lon="7.624226"><ele>727.608</ele><time>2020-10-25T13:27:41Z</time></trkpt><trkpt lat="46.979715" lon="7.624212"><ele>727.891</ele><time>2020-10-25T13:27:42Z</time></trkpt><trkpt lat="46.979733" lon="7.624112"><ele>728.875</ele><time>2020-10-25T13:27:49Z</time></trkpt><trkpt lat="46.979732" lon="7.624098"><ele>729.058</ele><time>2020-10-25T13:27:50Z</time></trkpt><trkpt lat="46.979710" lon="7.624051"><ele>730.032</ele><time>2020-10-25T13:27:54Z</time></trkpt><trkpt lat="46.979686" lon="7.623992"><ele>730.659</ele><time>2020-10-25T13:27:59Z</time></trkpt><trkpt lat="46.979685" lon="7.623950"><ele>731.092</ele><time>2020-10-25T13:28:02Z</time></trkpt><trkpt lat="46.979663" lon="7.623893"><ele>731.837</ele><time>2020-10-25T13:28:07Z</time></trkpt><trkpt lat="46.979642" lon="7.623879"><ele>732.235</ele><time>2020-10-25T13:28:09Z</time></trkpt><trkpt lat="46.979630" lon="7.623797"><ele>733.044</ele><time>2020-10-25T13:28:15Z</time></trkpt><trkpt lat="46.979625" lon="7.623775"><ele>733.405</ele><time>2020-10-25T13:28:17Z</time></trkpt><trkpt lat="46.979623" lon="7.623695"><ele>734.415</ele><time>2020-10-25T13:28:23Z</time></trkpt><trkpt lat="46.979621" lon="7.623681"><ele>734.608</ele><time>2020-10-25T13:28:24Z</time></trkpt><trkpt lat="46.979625" lon="7.623567"><ele>735.639</ele><time>2020-10-25T13:28:32Z</time></trkpt><trkpt lat="46.979624" lon="7.623555"><ele>736.053</ele><time>2020-10-25T13:28:33Z</time></trkpt><trkpt lat="46.979629" lon="7.623524"><ele>736.236</ele><time>2020-10-25T13:28:35Z</time></trkpt><trkpt lat="46.979640" lon="7.623470"><ele>736.680</ele><time>2020-10-25T13:28:39Z</time></trkpt><trkpt lat="46.979644" lon="7.623438"><ele>737.067</ele><time>2020-10-25T13:28:41Z</time></trkpt><trkpt lat="46.979647" lon="7.623398"><ele>737.610</ele><time>2020-10-25T13:28:44Z</time></trkpt><trkpt lat="46.979637" lon="7.623349"><ele>738.845</ele><time>2020-10-25T13:28:48Z</time></trkpt><trkpt lat="46.979642" lon="7.623316"><ele>739.283</ele><time>2020-10-25T13:28:50Z</time></trkpt><trkpt lat="46.979653" lon="7.623250"><ele>739.815</ele><time>2020-10-25T13:28:55Z</time></trkpt><trkpt lat="46.979652" lon="7.623235"><ele>740.065</ele><time>2020-10-25T13:28:56Z</time></trkpt><trkpt lat="46.979651" lon="7.623204"><ele>740.211</ele><time>2020-10-25T13:28:58Z</time></trkpt><trkpt lat="46.979646" lon="7.623161"><ele>740.808</ele><time>2020-10-25T13:29:02Z</time></trkpt><trkpt lat="46.979673" lon="7.623110"><ele>741.296</ele><time>2020-10-25T13:29:05Z</time></trkpt><trkpt lat="46.979676" lon="7.623077"><ele>741.870</ele><time>2020-10-25T13:29:07Z</time></trkpt><trkpt lat="46.979675" lon="7.623062"><ele>742.073</ele><time>2020-10-25T13:29:08Z</time></trkpt><trkpt lat="46.979681" lon="7.622989"><ele>743.247</ele><time>2020-10-25T13:29:15Z</time></trkpt><trkpt lat="46.979680" lon="7.622976"><ele>743.474</ele><time>2020-10-25T13:29:16Z</time></trkpt><trkpt lat="46.979661" lon="7.622953"><ele>744.227</ele><time>2020-10-25T13:29:19Z</time></trkpt><trkpt lat="46.979669" lon="7.622930"><ele>744.292</ele><time>2020-10-25T13:29:21Z</time></trkpt><trkpt lat="46.979675" lon="7.622910"><ele>744.630</ele><time>2020-10-25T13:29:23Z</time></trkpt><trkpt lat="46.979680" lon="7.622893"><ele>744.879</ele><time>2020-10-25T13:29:25Z</time></trkpt><trkpt lat="46.979685" lon="7.622869"><ele>745.205</ele><time>2020-10-25T13:29:27Z</time></trkpt><trkpt lat="46.979682" lon="7.622843"><ele>745.425</ele><time>2020-10-25T13:29:29Z</time></trkpt><trkpt lat="46.979685" lon="7.622817"><ele>745.808</ele><time>2020-10-25T13:29:31Z</time></trkpt><trkpt lat="46.979692" lon="7.622802"><ele>746.052</ele><time>2020-10-25T13:29:32Z</time></trkpt><trkpt lat="46.979711" lon="7.622768"><ele>746.216</ele><time>2020-10-25T13:29:34Z</time></trkpt><trkpt lat="46.979725" lon="7.622669"><ele>747.249</ele><time>2020-10-25T13:29:40Z</time></trkpt><trkpt lat="46.979740" lon="7.622647"><ele>747.463</ele><time>2020-10-25T13:29:42Z</time></trkpt><trkpt lat="46.979750" lon="7.622632"><ele>747.470</ele><time>2020-10-25T13:29:43Z</time></trkpt><trkpt lat="46.979756" lon="7.622616"><ele>747.813</ele><time>2020-10-25T13:29:44Z</time></trkpt><trkpt lat="46.979761" lon="7.622588"><ele>748.668</ele><time>2020-10-25T13:29:46Z</time></trkpt><trkpt lat="46.979766" lon="7.622559"><ele>749.686</ele><time>2020-10-25T13:29:49Z</time></trkpt><trkpt lat="46.979772" lon="7.622547"><ele>749.859</ele><time>2020-10-25T13:29:50Z</time></trkpt><trkpt lat="46.979803" lon="7.622495"><ele>750.403</ele><time>2020-10-25T13:29:54Z</time></trkpt><trkpt lat="46.979812" lon="7.622469"><ele>750.823</ele><time>2020-10-25T13:29:56Z</time></trkpt><trkpt lat="46.979811" lon="7.622443"><ele>751.408</ele><time>2020-10-25T13:29:58Z</time></trkpt><trkpt lat="46.979814" lon="7.622426"><ele>751.410</ele><time>2020-10-25T13:29:59Z</time></trkpt><trkpt lat="46.979824" lon="7.622383"><ele>752.054</ele><time>2020-10-25T13:30:02Z</time></trkpt><trkpt lat="46.979842" lon="7.622346"><ele>752.467</ele><time>2020-10-25T13:30:04Z</time></trkpt><trkpt lat="46.979865" lon="7.622312"><ele>752.681</ele><time>2020-10-25T13:30:06Z</time></trkpt><trkpt lat="46.979883" lon="7.622262"><ele>753.248</ele><time>2020-10-25T13:30:10Z</time></trkpt><trkpt lat="46.979878" lon="7.622207"><ele>754.031</ele><time>2020-10-25T13:30:14Z</time></trkpt><trkpt lat="46.979878" lon="7.622196"><ele>754.246</ele><time>2020-10-25T13:30:15Z</time></trkpt><trkpt lat="46.979882" lon="7.622099"><ele>755.254</ele><time>2020-10-25T13:30:22Z</time></trkpt><trkpt lat="46.979894" lon="7.622080"><ele>755.615</ele><time>2020-10-25T13:30:23Z</time></trkpt><trkpt lat="46.979903" lon="7.622014"><ele>756.265</ele><time>2020-10-25T13:30:27Z</time></trkpt><trkpt lat="46.979913" lon="7.621980"><ele>756.411</ele><time>2020-10-25T13:30:29Z</time></trkpt><trkpt lat="46.979920" lon="7.621961"><ele>756.608</ele><time>2020-10-25T13:30:30Z</time></trkpt><trkpt lat="46.979910" lon="7.621914"><ele>757.036</ele><time>2020-10-25T13:30:33Z</time></trkpt><trkpt lat="46.979915" lon="7.621856"><ele>757.490</ele><time>2020-10-25T13:30:37Z</time></trkpt><trkpt lat="46.979932" lon="7.621832"><ele>757.893</ele><time>2020-10-25T13:30:38Z</time></trkpt><trkpt lat="46.979939" lon="7.621814"><ele>758.037</ele><time>2020-10-25T13:30:39Z</time></trkpt><trkpt lat="46.979963" lon="7.621757"><ele>758.614</ele><time>2020-10-25T13:30:43Z</time></trkpt><trkpt lat="46.979962" lon="7.621689"><ele>759.287</ele><time>2020-10-25T13:30:48Z</time></trkpt><trkpt lat="46.979976" lon="7.621633"><ele>759.662</ele><time>2020-10-25T13:30:51Z</time></trkpt><trkpt lat="46.979976" lon="7.621617"><ele>759.890</ele><time>2020-10-25T13:30:52Z</time></trkpt><trkpt lat="46.979974" lon="7.621573"><ele>760.459</ele><time>2020-10-25T13:30:55Z</time></trkpt><trkpt lat="46.979976" lon="7.621520"><ele>760.803</ele><time>2020-10-25T13:30:58Z</time></trkpt><trkpt lat="46.979968" lon="7.621447"><ele>761.823</ele><time>2020-10-25T13:31:03Z</time></trkpt><trkpt lat="46.979962" lon="7.621437"><ele>762.008</ele><time>2020-10-25T13:31:04Z</time></trkpt><trkpt lat="46.979924" lon="7.621371"><ele>762.860</ele><time>2020-10-25T13:31:10Z</time></trkpt><trkpt lat="46.979915" lon="7.621346"><ele>763.094</ele><time>2020-10-25T13:31:12Z</time></trkpt><trkpt lat="46.979897" lon="7.621283"><ele>764.097</ele><time>2020-10-25T13:31:17Z</time></trkpt><trkpt lat="46.979882" lon="7.621244"><ele>764.661</ele><time>2020-10-25T13:31:21Z</time></trkpt><trkpt lat="46.979868" lon="7.621219"><ele>764.878</ele><time>2020-10-25T13:31:24Z</time></trkpt><trkpt lat="46.979861" lon="7.621210"><ele>765.081</ele><time>2020-10-25T13:31:25Z</time></trkpt><trkpt lat="46.979844" lon="7.621220"><ele>765.816</ele><time>2020-10-25T13:31:30Z</time></trkpt><trkpt lat="46.979838" lon="7.621263"><ele>766.054</ele><time>2020-10-25T13:31:34Z</time></trkpt><trkpt lat="46.979835" lon="7.621277"><ele>766.227</ele><time>2020-10-25T13:31:35Z</time></trkpt><trkpt lat="46.979835" lon="7.621321"><ele>766.668</ele><time>2020-10-25T13:31:38Z</time></trkpt><trkpt lat="46.979849" lon="7.621359"><ele>767.214</ele><time>2020-10-25T13:31:41Z</time></trkpt><trkpt lat="46.979774" lon="7.621490"><ele>768.408</ele><time>2020-10-25T13:31:49Z</time></trkpt><trkpt lat="46.979762" lon="7.621515"><ele>768.817</ele><time>2020-10-25T13:31:50Z</time></trkpt><trkpt lat="46.979741" lon="7.621560"><ele>769.661</ele><time>2020-10-25T13:31:53Z</time></trkpt><trkpt lat="46.979725" lon="7.621592"><ele>769.894</ele><time>2020-10-25T13:31:55Z</time></trkpt><trkpt lat="46.979688" lon="7.621644"><ele>770.418</ele><time>2020-10-25T13:31:58Z</time></trkpt><trkpt lat="46.979679" lon="7.621657"><ele>770.675</ele><time>2020-10-25T13:31:59Z</time></trkpt><trkpt lat="46.979588" lon="7.621754"><ele>771.698</ele><time>2020-10-25T13:32:06Z</time></trkpt><trkpt lat="46.979574" lon="7.621765"><ele>771.843</ele><time>2020-10-25T13:32:07Z</time></trkpt><trkpt lat="46.979497" lon="7.621843"><ele>772.631</ele><time>2020-10-25T13:32:13Z</time></trkpt><trkpt lat="46.979485" lon="7.621857"><ele>773.079</ele><time>2020-10-25T13:32:14Z</time></trkpt><trkpt lat="46.979437" lon="7.621889"><ele>773.805</ele><time>2020-10-25T13:32:18Z</time></trkpt><trkpt lat="46.979375" lon="7.621927"><ele>774.825</ele><time>2020-10-25T13:32:23Z</time></trkpt><trkpt lat="46.979297" lon="7.621974"><ele>776.008</ele><time>2020-10-25T13:32:30Z</time></trkpt><trkpt lat="46.979265" lon="7.621990"><ele>776.622</ele><time>2020-10-25T13:32:33Z</time></trkpt><trkpt lat="46.979241" lon="7.622018"><ele>777.036</ele><time>2020-10-25T13:32:36Z</time></trkpt><trkpt lat="46.979211" lon="7.622052"><ele>777.219</ele><time>2020-10-25T13:32:40Z</time></trkpt><trkpt lat="46.979188" lon="7.622093"><ele>777.453</ele><time>2020-10-25T13:32:44Z</time></trkpt><trkpt lat="46.979180" lon="7.622113"><ele>778.290</ele><time>2020-10-25T13:32:46Z</time></trkpt><trkpt lat="46.979112" lon="7.622221"><ele>779.213</ele><time>2020-10-25T13:32:57Z</time></trkpt><trkpt lat="46.979078" lon="7.622276"><ele>780.478</ele><time>2020-10-25T13:33:02Z</time></trkpt><trkpt lat="46.979032" lon="7.622362"><ele>781.496</ele><time>2020-10-25T13:33:09Z</time></trkpt><trkpt lat="46.979023" lon="7.622370"><ele>781.661</ele><time>2020-10-25T13:33:10Z</time></trkpt><trkpt lat="46.978962" lon="7.622411"><ele>782.621</ele><time>2020-10-25T13:33:17Z</time></trkpt><trkpt lat="46.978929" lon="7.622423"><ele>782.413</ele><time>2020-10-25T13:33:21Z</time></trkpt><trkpt lat="46.978893" lon="7.622457"><ele>783.808</ele><time>2020-10-25T13:33:26Z</time></trkpt><trkpt lat="46.978851" lon="7.622515"><ele>784.431</ele><time>2020-10-25T13:33:31Z</time></trkpt><trkpt lat="46.978820" lon="7.622552"><ele>784.665</ele><time>2020-10-25T13:33:35Z</time></trkpt><trkpt lat="46.978803" lon="7.622573"><ele>784.868</ele><time>2020-10-25T13:33:37Z</time></trkpt><trkpt lat="46.978734" lon="7.622617"><ele>785.812</ele><time>2020-10-25T13:33:44Z</time></trkpt><trkpt lat="46.978638" lon="7.622583"><ele>786.439</ele><time>2020-10-25T13:33:53Z</time></trkpt><trkpt lat="46.978634" lon="7.622525"><ele>786.692</ele><time>2020-10-25T13:33:56Z</time></trkpt><trkpt lat="46.978630" lon="7.622487"><ele>787.087</ele><time>2020-10-25T13:33:58Z</time></trkpt><trkpt lat="46.978622" lon="7.622434"><ele>787.685</ele><time>2020-10-25T13:34:01Z</time></trkpt><trkpt lat="46.978612" lon="7.622375"><ele>788.026</ele><time>2020-10-25T13:34:04Z</time></trkpt><trkpt lat="46.978626" lon="7.622215"><ele>789.247</ele><time>2020-10-25T13:34:13Z</time></trkpt><trkpt lat="46.978674" lon="7.622040"><ele>790.211</ele><time>2020-10-25T13:34:24Z</time></trkpt><trkpt lat="46.978679" lon="7.622012"><ele>790.408</ele><time>2020-10-25T13:34:26Z</time></trkpt><trkpt lat="46.978691" lon="7.621955"><ele>791.467</ele><time>2020-10-25T13:34:30Z</time></trkpt><trkpt lat="46.978710" lon="7.621906"><ele>792.421</ele><time>2020-10-25T13:34:34Z</time></trkpt><trkpt lat="46.978736" lon="7.621835"><ele>793.254</ele><time>2020-10-25T13:34:40Z</time></trkpt><trkpt lat="46.978757" lon="7.621752"><ele>793.838</ele><time>2020-10-25T13:34:47Z</time></trkpt><trkpt lat="46.978768" lon="7.621731"><ele>794.295</ele><time>2020-10-25T13:34:49Z</time></trkpt><trkpt lat="46.978797" lon="7.621673"><ele>794.818</ele><time>2020-10-25T13:34:54Z</time></trkpt><trkpt lat="46.978822" lon="7.621592"><ele>795.823</ele><time>2020-10-25T13:35:00Z</time></trkpt><trkpt lat="46.978825" lon="7.621578"><ele>796.071</ele><time>2020-10-25T13:35:01Z</time></trkpt><trkpt lat="46.978851" lon="7.621535"><ele>796.649</ele><time>2020-10-25T13:35:05Z</time></trkpt><trkpt lat="46.978886" lon="7.621485"><ele>797.002</ele><time>2020-10-25T13:35:09Z</time></trkpt><trkpt lat="46.978897" lon="7.621460"><ele>797.422</ele><time>2020-10-25T13:35:11Z</time></trkpt><trkpt lat="46.978929" lon="7.621376"><ele>798.208</ele><time>2020-10-25T13:35:17Z</time></trkpt><trkpt lat="46.978946" lon="7.621311"><ele>799.069</ele><time>2020-10-25T13:35:22Z</time></trkpt><trkpt lat="46.978963" lon="7.621296"><ele>799.413</ele><time>2020-10-25T13:35:24Z</time></trkpt><trkpt lat="46.978990" lon="7.621193"><ele>800.266</ele><time>2020-10-25T13:35:32Z</time></trkpt><trkpt lat="46.978995" lon="7.621181"><ele>800.480</ele><time>2020-10-25T13:35:33Z</time></trkpt><trkpt lat="46.979026" lon="7.621064"><ele>801.617</ele><time>2020-10-25T13:35:41Z</time></trkpt><trkpt lat="46.979030" lon="7.621034"><ele>802.040</ele><time>2020-10-25T13:35:43Z</time></trkpt><trkpt lat="46.979039" lon="7.620959"><ele>802.675</ele><time>2020-10-25T13:35:48Z</time></trkpt><trkpt lat="46.979040" lon="7.620946"><ele>802.643</ele><time>2020-10-25T13:35:49Z</time></trkpt><trkpt lat="46.979067" lon="7.620869"><ele>803.665</ele><time>2020-10-25T13:35:56Z</time></trkpt><trkpt lat="46.979068" lon="7.620856"><ele>803.668</ele><time>2020-10-25T13:35:57Z</time></trkpt><trkpt lat="46.979102" lon="7.620763"><ele>804.814</ele><time>2020-10-25T13:36:04Z</time></trkpt><trkpt lat="46.979095" lon="7.620730"><ele>805.008</ele><time>2020-10-25T13:36:06Z</time></trkpt><trkpt lat="46.979089" lon="7.620720"><ele>805.271</ele><time>2020-10-25T13:36:07Z</time></trkpt><trkpt lat="46.979099" lon="7.620634"><ele>805.835</ele><time>2020-10-25T13:36:14Z</time></trkpt><trkpt lat="46.979102" lon="7.620622"><ele>806.078</ele><time>2020-10-25T13:36:15Z</time></trkpt><trkpt lat="46.979112" lon="7.620595"><ele>806.472</ele><time>2020-10-25T13:36:17Z</time></trkpt><trkpt lat="46.979119" lon="7.620579"><ele>806.439</ele><time>2020-10-25T13:36:18Z</time></trkpt><trkpt lat="46.979141" lon="7.620505"><ele>807.072</ele><time>2020-10-25T13:36:23Z</time></trkpt><trkpt lat="46.979130" lon="7.620381"><ele>808.067</ele><time>2020-10-25T13:36:31Z</time></trkpt><trkpt lat="46.979127" lon="7.620324"><ele>808.285</ele><time>2020-10-25T13:36:36Z</time></trkpt><trkpt lat="46.979112" lon="7.620290"><ele>808.882</ele><time>2020-10-25T13:36:39Z</time></trkpt><trkpt lat="46.979098" lon="7.620235"><ele>809.243</ele><time>2020-10-25T13:36:43Z</time></trkpt><trkpt lat="46.979043" lon="7.620096"><ele>810.417</ele><time>2020-10-25T13:36:53Z</time></trkpt><trkpt lat="46.979042" lon="7.620080"><ele>810.408</ele><time>2020-10-25T13:36:54Z</time></trkpt><trkpt lat="46.979075" lon="7.619903"><ele>811.213</ele><time>2020-10-25T13:37:04Z</time></trkpt><trkpt lat="46.979078" lon="7.619884"><ele>811.427</ele><time>2020-10-25T13:37:05Z</time></trkpt><trkpt lat="46.979086" lon="7.619852"><ele>811.620</ele><time>2020-10-25T13:37:07Z</time></trkpt><trkpt lat="46.979092" lon="7.619835"><ele>811.624</ele><time>2020-10-25T13:37:08Z</time></trkpt><trkpt lat="46.979138" lon="7.619781"><ele>812.061</ele><time>2020-10-25T13:37:12Z</time></trkpt><trkpt lat="46.979180" lon="7.619729"><ele>812.614</ele><time>2020-10-25T13:37:16Z</time></trkpt><trkpt lat="46.979199" lon="7.619708"><ele>813.039</ele><time>2020-10-25T13:37:18Z</time></trkpt><trkpt lat="46.979250" lon="7.619661"><ele>813.687</ele><time>2020-10-25T13:37:23Z</time></trkpt><trkpt lat="46.979285" lon="7.619617"><ele>814.641</ele><time>2020-10-25T13:37:27Z</time></trkpt><trkpt lat="46.979340" lon="7.619579"><ele>815.281</ele><time>2020-10-25T13:37:32Z</time></trkpt><trkpt lat="46.979370" lon="7.619543"><ele>815.609</ele><time>2020-10-25T13:37:35Z</time></trkpt><trkpt lat="46.979406" lon="7.619482"><ele>817.008</ele><time>2020-10-25T13:37:39Z</time></trkpt><trkpt lat="46.979427" lon="7.619436"><ele>818.229</ele><time>2020-10-25T13:37:42Z</time></trkpt><trkpt lat="46.979440" lon="7.619372"><ele>819.243</ele><time>2020-10-25T13:37:46Z</time></trkpt><trkpt lat="46.979442" lon="7.619355"><ele>819.636</ele><time>2020-10-25T13:37:47Z</time></trkpt><trkpt lat="46.979453" lon="7.619300"><ele>820.250</ele><time>2020-10-25T13:37:50Z</time></trkpt><trkpt lat="46.979456" lon="7.619208"><ele>821.417</ele><time>2020-10-25T13:37:55Z</time></trkpt><trkpt lat="46.979457" lon="7.619116"><ele>822.280</ele><time>2020-10-25T13:38:00Z</time></trkpt><trkpt lat="46.979458" lon="7.619098"><ele>822.445</ele><time>2020-10-25T13:38:01Z</time></trkpt><trkpt lat="46.979501" lon="7.618928"><ele>823.613</ele><time>2020-10-25T13:38:10Z</time></trkpt><trkpt lat="46.979511" lon="7.618869"><ele>824.029</ele><time>2020-10-25T13:38:13Z</time></trkpt><trkpt lat="46.979545" lon="7.618792"><ele>824.600</ele><time>2020-10-25T13:38:18Z</time></trkpt><trkpt lat="46.979597" lon="7.618684"><ele>825.820</ele><time>2020-10-25T13:38:25Z</time></trkpt><trkpt lat="46.979603" lon="7.618667"><ele>825.808</ele><time>2020-10-25T13:38:26Z</time></trkpt><trkpt lat="46.979679" lon="7.618538"><ele>826.837</ele><time>2020-10-25T13:38:35Z</time></trkpt><trkpt lat="46.979741" lon="7.618470"><ele>827.221</ele><time>2020-10-25T13:38:40Z</time></trkpt><trkpt lat="46.979856" lon="7.618398"><ele>827.664</ele><time>2020-10-25T13:38:47Z</time></trkpt><trkpt lat="46.979872" lon="7.618384"><ele>827.818</ele><time>2020-10-25T13:38:48Z</time></trkpt><trkpt lat="46.979980" lon="7.618246"><ele>828.655</ele><time>2020-10-25T13:38:55Z</time></trkpt><trkpt lat="46.980064" lon="7.618137"><ele>828.898</ele><time>2020-10-25T13:39:00Z</time></trkpt><trkpt lat="46.980137" lon="7.617992"><ele>829.223</ele><time>2020-10-25T13:39:05Z</time></trkpt><trkpt lat="46.980213" lon="7.617791"><ele>829.441</ele><time>2020-10-25T13:39:11Z</time></trkpt><trkpt lat="46.980282" lon="7.617710"><ele>829.435</ele><time>2020-10-25T13:39:15Z</time></trkpt><trkpt lat="46.980347" lon="7.617727"><ele>829.486</ele><time>2020-10-25T13:39:17Z</time></trkpt><trkpt lat="46.980427" lon="7.617794"><ele>829.014</ele><time>2020-10-25T13:39:19Z</time></trkpt><trkpt lat="46.980514" lon="7.617894"><ele>828.608</ele><time>2020-10-25T13:39:21Z</time></trkpt><trkpt lat="46.980560" lon="7.617960"><ele>828.418</ele><time>2020-10-25T13:39:22Z</time></trkpt><trkpt lat="46.980635" lon="7.618132"><ele>827.682</ele><time>2020-10-25T13:39:24Z</time></trkpt><trkpt lat="46.980662" lon="7.618227"><ele>827.215</ele><time>2020-10-25T13:39:25Z</time></trkpt><trkpt lat="46.980715" lon="7.618425"><ele>826.459</ele><time>2020-10-25T13:39:27Z</time></trkpt><trkpt lat="46.980782" lon="7.618689"><ele>825.896</ele><time>2020-10-25T13:39:30Z</time></trkpt><trkpt lat="46.980840" lon="7.618878"><ele>827.429</ele><time>2020-10-25T13:39:34Z</time></trkpt><trkpt lat="46.980877" lon="7.618977"><ele>828.654</ele><time>2020-10-25T13:39:37Z</time></trkpt><trkpt lat="46.980896" lon="7.619034"><ele>829.292</ele><time>2020-10-25T13:39:39Z</time></trkpt><trkpt lat="46.980919" lon="7.619084"><ele>829.846</ele><time>2020-10-25T13:39:41Z</time></trkpt><trkpt lat="46.980958" lon="7.619171"><ele>830.888</ele><time>2020-10-25T13:39:45Z</time></trkpt><trkpt lat="46.981000" lon="7.619267"><ele>831.616</ele><time>2020-10-25T13:39:50Z</time></trkpt><trkpt lat="46.981014" lon="7.619294"><ele>832.208</ele><time>2020-10-25T13:39:52Z</time></trkpt><trkpt lat="46.981030" lon="7.619323"><ele>832.659</ele><time>2020-10-25T13:39:54Z</time></trkpt><trkpt lat="46.981048" lon="7.619357"><ele>832.823</ele><time>2020-10-25T13:39:56Z</time></trkpt><trkpt lat="46.981055" lon="7.619371"><ele>832.876</ele><time>2020-10-25T13:39:57Z</time></trkpt><trkpt lat="46.981094" lon="7.619395"><ele>833.640</ele><time>2020-10-25T13:40:01Z</time></trkpt><trkpt lat="46.981117" lon="7.619411"><ele>834.697</ele><time>2020-10-25T13:40:03Z</time></trkpt><trkpt lat="46.981129" lon="7.619418"><ele>835.040</ele><time>2020-10-25T13:40:04Z</time></trkpt><trkpt lat="46.981150" lon="7.619428"><ele>835.435</ele><time>2020-10-25T13:40:06Z</time></trkpt><trkpt lat="46.981208" lon="7.619443"><ele>835.293</ele><time>2020-10-25T13:40:11Z</time></trkpt><trkpt lat="46.981264" lon="7.619446"><ele>836.287</ele><time>2020-10-25T13:40:16Z</time></trkpt><trkpt lat="46.981287" lon="7.619430"><ele>836.642</ele><time>2020-10-25T13:40:18Z</time></trkpt><trkpt lat="46.981328" lon="7.619420"><ele>837.426</ele><time>2020-10-25T13:40:22Z</time></trkpt><trkpt lat="46.981364" lon="7.619408"><ele>837.808</ele><time>2020-10-25T13:40:25Z</time></trkpt><trkpt lat="46.981395" lon="7.619398"><ele>838.473</ele><time>2020-10-25T13:40:28Z</time></trkpt><trkpt lat="46.981445" lon="7.619385"><ele>839.087</ele><time>2020-10-25T13:40:32Z</time></trkpt><trkpt lat="46.981545" lon="7.619426"><ele>839.430</ele><time>2020-10-25T13:40:39Z</time></trkpt><trkpt lat="46.981560" lon="7.619441"><ele>839.664</ele><time>2020-10-25T13:40:40Z</time></trkpt><trkpt lat="46.981662" lon="7.619575"><ele>840.051</ele><time>2020-10-25T13:40:47Z</time></trkpt><trkpt lat="46.981687" lon="7.619645"><ele>840.694</ele><time>2020-10-25T13:40:50Z</time></trkpt><trkpt lat="46.981710" lon="7.619761"><ele>841.449</ele><time>2020-10-25T13:40:55Z</time></trkpt><trkpt lat="46.981705" lon="7.619804"><ele>841.637</ele><time>2020-10-25T13:40:57Z</time></trkpt><trkpt lat="46.981662" lon="7.619885"><ele>842.055</ele><time>2020-10-25T13:41:01Z</time></trkpt><trkpt lat="46.981599" lon="7.620022"><ele>842.807</ele><time>2020-10-25T13:41:07Z</time></trkpt><trkpt lat="46.981573" lon="7.620092"><ele>843.217</ele><time>2020-10-25T13:41:10Z</time></trkpt><trkpt lat="46.981534" lon="7.620176"><ele>843.808</ele><time>2020-10-25T13:41:14Z</time></trkpt><trkpt lat="46.981516" lon="7.620231"><ele>844.810</ele><time>2020-10-25T13:41:17Z</time></trkpt><trkpt lat="46.981507" lon="7.620264"><ele>845.084</ele><time>2020-10-25T13:41:19Z</time></trkpt><trkpt lat="46.981469" lon="7.620369"><ele>845.867</ele><time>2020-10-25T13:41:25Z</time></trkpt><trkpt lat="46.981465" lon="7.620387"><ele>846.021</ele><time>2020-10-25T13:41:26Z</time></trkpt><trkpt lat="46.981461" lon="7.620495"><ele>847.088</ele><time>2020-10-25T13:41:32Z</time></trkpt><trkpt lat="46.981462" lon="7.620511"><ele>847.211</ele><time>2020-10-25T13:41:33Z</time></trkpt><trkpt lat="46.981467" lon="7.620580"><ele>848.016</ele><time>2020-10-25T13:41:37Z</time></trkpt><trkpt lat="46.981478" lon="7.620676"><ele>848.684</ele><time>2020-10-25T13:41:42Z</time></trkpt><trkpt lat="46.981484" lon="7.620717"><ele>849.084</ele><time>2020-10-25T13:41:44Z</time></trkpt><trkpt lat="46.981506" lon="7.620734"><ele>849.407</ele><time>2020-10-25T13:41:46Z</time></trkpt><trkpt lat="46.981531" lon="7.620725"><ele>849.817</ele><time>2020-10-25T13:41:48Z</time></trkpt><trkpt lat="46.981553" lon="7.620698"><ele>850.208</ele><time>2020-10-25T13:41:50Z</time></trkpt><trkpt lat="46.981594" lon="7.620599"><ele>850.693</ele><time>2020-10-25T13:41:55Z</time></trkpt><trkpt lat="46.981608" lon="7.620528"><ele>851.227</ele><time>2020-10-25T13:41:58Z</time></trkpt><trkpt lat="46.981645" lon="7.620428"><ele>852.410</ele><time>2020-10-25T13:42:03Z</time></trkpt><trkpt lat="46.981699" lon="7.620300"><ele>853.484</ele><time>2020-10-25T13:42:10Z</time></trkpt><trkpt lat="46.981718" lon="7.620275"><ele>854.021</ele><time>2020-10-25T13:42:12Z</time></trkpt><trkpt lat="46.981784" lon="7.620181"><ele>854.614</ele><time>2020-10-25T13:42:18Z</time></trkpt><trkpt lat="46.981793" lon="7.620167"><ele>854.629</ele><time>2020-10-25T13:42:19Z</time></trkpt><trkpt lat="46.981825" lon="7.620134"><ele>855.857</ele><time>2020-10-25T13:42:22Z</time></trkpt><trkpt lat="46.981869" lon="7.620073"><ele>856.634</ele><time>2020-10-25T13:42:26Z</time></trkpt><trkpt lat="46.981933" lon="7.619992"><ele>857.055</ele><time>2020-10-25T13:42:31Z</time></trkpt><trkpt lat="46.981995" lon="7.619906"><ele>857.410</ele><time>2020-10-25T13:42:35Z</time></trkpt><trkpt lat="46.982080" lon="7.619791"><ele>858.008</ele><time>2020-10-25T13:42:40Z</time></trkpt><trkpt lat="46.982124" lon="7.619713"><ele>858.488</ele><time>2020-10-25T13:42:43Z</time></trkpt><trkpt lat="46.982159" lon="7.619653"><ele>859.222</ele><time>2020-10-25T13:42:46Z</time></trkpt><trkpt lat="46.982213" lon="7.619564"><ele>860.495</ele><time>2020-10-25T13:42:50Z</time></trkpt><trkpt lat="46.982365" lon="7.619323"><ele>861.239</ele><time>2020-10-25T13:43:01Z</time></trkpt><trkpt lat="46.982395" lon="7.619278"><ele>861.446</ele><time>2020-10-25T13:43:03Z</time></trkpt><trkpt lat="46.982518" lon="7.619112"><ele>861.629</ele><time>2020-10-25T13:43:11Z</time></trkpt><trkpt lat="46.982570" lon="7.619102"><ele>862.054</ele><time>2020-10-25T13:43:17Z</time></trkpt><trkpt lat="46.982568" lon="7.619107"><ele>862.072</ele><time>2020-10-25T13:43:29Z</time></trkpt><trkpt lat="46.982568" lon="7.619107"><ele>861.837</ele><time>2020-10-25T13:43:31Z</time></trkpt><trkpt lat="46.982569" lon="7.619107"><ele>861.849</ele><time>2020-10-25T13:43:33Z</time></trkpt><trkpt lat="46.982567" lon="7.619105"><ele>861.813</ele><time>2020-10-25T13:43:37Z</time></trkpt><trkpt lat="46.982567" lon="7.619104"><ele>861.808</ele><time>2020-10-25T13:43:39Z</time></trkpt><trkpt lat="46.982563" lon="7.619109"><ele>861.848</ele><time>2020-10-25T13:43:43Z</time></trkpt><trkpt lat="46.982563" lon="7.619109"><ele>862.052</ele><time>2020-10-25T13:43:44Z</time></trkpt><trkpt lat="46.982563" lon="7.619111"><ele>862.455</ele><time>2020-10-25T13:43:46Z</time></trkpt><trkpt lat="46.982568" lon="7.619122"><ele>861.249</ele><time>2020-10-25T13:43:51Z</time></trkpt><trkpt lat="46.982569" lon="7.619123"><ele>859.256</ele><time>2020-10-25T13:43:52Z</time></trkpt><trkpt lat="46.982570" lon="7.619127"><ele>857.289</ele><time>2020-10-25T13:43:54Z</time></trkpt><trkpt lat="46.982570" lon="7.619129"><ele>859.044</ele><time>2020-10-25T13:43:55Z</time></trkpt><trkpt lat="46.982570" lon="7.619130"><ele>860.872</ele><time>2020-10-25T13:43:56Z</time></trkpt><trkpt lat="46.982568" lon="7.619126"><ele>861.457</ele><time>2020-10-25T13:43:57Z</time></trkpt><trkpt lat="46.982568" lon="7.619126"><ele>861.800</ele><time>2020-10-25T13:43:58Z</time></trkpt><trkpt lat="46.982572" lon="7.619128"><ele>864.620</ele><time>2020-10-25T13:44:00Z</time></trkpt><trkpt lat="46.982577" lon="7.619135"><ele>865.408</ele><time>2020-10-25T13:44:01Z</time></trkpt><trkpt lat="46.982581" lon="7.619131"><ele>865.610</ele><time>2020-10-25T13:44:05Z</time></trkpt><trkpt lat="46.982582" lon="7.619129"><ele>865.634</ele><time>2020-10-25T13:44:10Z</time></trkpt><trkpt lat="46.982582" lon="7.619129"><ele>865.657</ele><time>2020-10-25T13:44:11Z</time></trkpt><trkpt lat="46.982580" lon="7.619130"><ele>865.631</ele><time>2020-10-25T13:44:19Z</time></trkpt><trkpt lat="46.982577" lon="7.619136"><ele>864.448</ele><time>2020-10-25T13:44:25Z</time></trkpt><trkpt lat="46.982574" lon="7.619136"><ele>863.441</ele><time>2020-10-25T13:44:30Z</time></trkpt><trkpt lat="46.982616" lon="7.619177"><ele>862.866</ele><time>2020-10-25T13:44:35Z</time></trkpt><trkpt lat="46.982670" lon="7.619277"><ele>863.294</ele><time>2020-10-25T13:44:40Z</time></trkpt><trkpt lat="46.982689" lon="7.619315"><ele>863.451</ele><time>2020-10-25T13:44:42Z</time></trkpt><trkpt lat="46.982698" lon="7.619331"><ele>864.201</ele><time>2020-10-25T13:44:47Z</time></trkpt><trkpt lat="46.982699" lon="7.619330"><ele>864.411</ele><time>2020-10-25T13:44:48Z</time></trkpt><trkpt lat="46.982695" lon="7.619326"><ele>864.408</ele><time>2020-10-25T13:44:49Z</time></trkpt><trkpt lat="46.982698" lon="7.619328"><ele>864.490</ele><time>2020-10-25T13:44:56Z</time></trkpt><trkpt lat="46.982695" lon="7.619385"><ele>857.854</ele><time>2020-10-25T14:10:47Z</time></trkpt><trkpt lat="46.982695" lon="7.619385"><ele>857.847</ele><time>2020-10-25T14:10:48Z</time></trkpt><trkpt lat="46.982693" lon="7.619386"><ele>857.811</ele><time>2020-10-25T14:10:49Z</time></trkpt><trkpt lat="46.982707" lon="7.619427"><ele>857.878</ele><time>2020-10-25T14:10:52Z</time></trkpt><trkpt lat="46.982727" lon="7.619479"><ele>857.871</ele><time>2020-10-25T14:10:54Z</time></trkpt><trkpt lat="46.982811" lon="7.619682"><ele>857.666</ele><time>2020-10-25T14:10:59Z</time></trkpt><trkpt lat="46.982831" lon="7.619725"><ele>857.674</ele><time>2020-10-25T14:11:00Z</time></trkpt><trkpt lat="46.982895" lon="7.619866"><ele>857.652</ele><time>2020-10-25T14:11:03Z</time></trkpt><trkpt lat="46.983027" lon="7.620149"><ele>857.453</ele><time>2020-10-25T14:11:09Z</time></trkpt><trkpt lat="46.983050" lon="7.620194"><ele>857.408</ele><time>2020-10-25T14:11:10Z</time></trkpt><trkpt lat="46.983208" lon="7.620439"><ele>857.208</ele><time>2020-10-25T14:11:16Z</time></trkpt><trkpt lat="46.983232" lon="7.620475"><ele>857.250</ele><time>2020-10-25T14:11:17Z</time></trkpt><trkpt lat="46.983338" lon="7.620655"><ele>856.854</ele><time>2020-10-25T14:11:22Z</time></trkpt><trkpt lat="46.983386" lon="7.620723"><ele>856.617</ele><time>2020-10-25T14:11:24Z</time></trkpt><trkpt lat="46.983432" lon="7.620775"><ele>856.671</ele><time>2020-10-25T14:11:26Z</time></trkpt><trkpt lat="46.983531" lon="7.620950"><ele>856.628</ele><time>2020-10-25T14:11:30Z</time></trkpt><trkpt lat="46.983592" lon="7.621045"><ele>856.681</ele><time>2020-10-25T14:11:32Z</time></trkpt><trkpt lat="46.983723" lon="7.621303"><ele>857.246</ele><time>2020-10-25T14:11:37Z</time></trkpt><trkpt lat="46.983789" lon="7.621428"><ele>857.264</ele><time>2020-10-25T14:11:40Z</time></trkpt><trkpt lat="46.983831" lon="7.621525"><ele>857.028</ele><time>2020-10-25T14:11:43Z</time></trkpt><trkpt lat="46.983925" lon="7.621677"><ele>857.089</ele><time>2020-10-25T14:11:48Z</time></trkpt><trkpt lat="46.983953" lon="7.621720"><ele>857.017</ele><time>2020-10-25T14:11:49Z</time></trkpt><trkpt lat="46.983982" lon="7.621766"><ele>857.008</ele><time>2020-10-25T14:11:50Z</time></trkpt><trkpt lat="46.984110" lon="7.621931"><ele>856.427</ele><time>2020-10-25T14:11:54Z</time></trkpt><trkpt lat="46.984182" lon="7.622010"><ele>856.081</ele><time>2020-10-25T14:11:56Z</time></trkpt><trkpt lat="46.984212" lon="7.622044"><ele>855.814</ele><time>2020-10-25T14:11:57Z</time></trkpt><trkpt lat="46.984340" lon="7.622208"><ele>855.498</ele><time>2020-10-25T14:12:01Z</time></trkpt><trkpt lat="46.984372" lon="7.622258"><ele>855.425</ele><time>2020-10-25T14:12:02Z</time></trkpt><trkpt lat="46.984401" lon="7.622318"><ele>855.898</ele><time>2020-10-25T14:12:03Z</time></trkpt><trkpt lat="46.984481" lon="7.622497"><ele>857.023</ele><time>2020-10-25T14:12:06Z</time></trkpt><trkpt lat="46.984509" lon="7.622586"><ele>857.051</ele><time>2020-10-25T14:12:07Z</time></trkpt><trkpt lat="46.984755" lon="7.623046"><ele>856.242</ele><time>2020-10-25T14:12:14Z</time></trkpt><trkpt lat="46.984906" lon="7.623268"><ele>856.022</ele><time>2020-10-25T14:12:18Z</time></trkpt><trkpt lat="46.984938" lon="7.623319"><ele>855.814</ele><time>2020-10-25T14:12:19Z</time></trkpt><trkpt lat="46.985059" lon="7.623513"><ele>855.808</ele><time>2020-10-25T14:12:22Z</time></trkpt><trkpt lat="46.985323" lon="7.623900"><ele>855.499</ele><time>2020-10-25T14:12:29Z</time></trkpt><trkpt lat="46.985504" lon="7.624156"><ele>855.263</ele><time>2020-10-25T14:12:34Z</time></trkpt><trkpt lat="46.985538" lon="7.624219"><ele>855.246</ele><time>2020-10-25T14:12:35Z</time></trkpt><trkpt lat="46.985609" lon="7.624377"><ele>854.830</ele><time>2020-10-25T14:12:37Z</time></trkpt><trkpt lat="46.985646" lon="7.624465"><ele>854.857</ele><time>2020-10-25T14:12:38Z</time></trkpt><trkpt lat="46.985709" lon="7.624637"><ele>854.450</ele><time>2020-10-25T14:12:40Z</time></trkpt><trkpt lat="46.985747" lon="7.624730"><ele>854.445</ele><time>2020-10-25T14:12:41Z</time></trkpt><trkpt lat="46.985795" lon="7.624916"><ele>854.033</ele><time>2020-10-25T14:12:43Z</time></trkpt><trkpt lat="46.985827" lon="7.625102"><ele>853.852</ele><time>2020-10-25T14:12:45Z</time></trkpt><trkpt lat="46.985845" lon="7.625190"><ele>853.853</ele><time>2020-10-25T14:12:46Z</time></trkpt><trkpt lat="46.985960" lon="7.625760"><ele>854.208</ele><time>2020-10-25T14:12:53Z</time></trkpt><trkpt lat="46.986016" lon="7.626062"><ele>853.408</ele><time>2020-10-25T14:12:57Z</time></trkpt><trkpt lat="46.986074" lon="7.626301"><ele>853.050</ele><time>2020-10-25T14:13:00Z</time></trkpt><trkpt lat="46.986099" lon="7.626377"><ele>852.664</ele><time>2020-10-25T14:13:01Z</time></trkpt><trkpt lat="46.986155" lon="7.626535"><ele>851.817</ele><time>2020-10-25T14:13:03Z</time></trkpt><trkpt lat="46.986191" lon="7.626611"><ele>851.411</ele><time>2020-10-25T14:13:04Z</time></trkpt><trkpt lat="46.986289" lon="7.626763"><ele>850.048</ele><time>2020-10-25T14:13:06Z</time></trkpt><trkpt lat="46.986378" lon="7.626921"><ele>848.811</ele><time>2020-10-25T14:13:08Z</time></trkpt><trkpt lat="46.986444" lon="7.627067"><ele>847.056</ele><time>2020-10-25T14:13:10Z</time></trkpt><trkpt lat="46.986471" lon="7.627131"><ele>846.654</ele><time>2020-10-25T14:13:11Z</time></trkpt><trkpt lat="46.986504" lon="7.627256"><ele>845.657</ele><time>2020-10-25T14:13:13Z</time></trkpt><trkpt lat="46.986529" lon="7.627397"><ele>844.400</ele><time>2020-10-25T14:13:15Z</time></trkpt><trkpt lat="46.986530" lon="7.627482"><ele>843.820</ele><time>2020-10-25T14:13:16Z</time></trkpt><trkpt lat="46.986534" lon="7.627551"><ele>843.208</ele><time>2020-10-25T14:13:17Z</time></trkpt><trkpt lat="46.986531" lon="7.627622"><ele>842.240</ele><time>2020-10-25T14:13:18Z</time></trkpt><trkpt lat="46.986514" lon="7.627718"><ele>841.244</ele><time>2020-10-25T14:13:19Z</time></trkpt><trkpt lat="46.986493" lon="7.627873"><ele>839.877</ele><time>2020-10-25T14:13:21Z</time></trkpt><trkpt lat="46.986492" lon="7.627970"><ele>839.281</ele><time>2020-10-25T14:13:22Z</time></trkpt><trkpt lat="46.986485" lon="7.628080"><ele>838.858</ele><time>2020-10-25T14:13:23Z</time></trkpt><trkpt lat="46.986500" lon="7.628242"><ele>838.261</ele><time>2020-10-25T14:13:25Z</time></trkpt><trkpt lat="46.986521" lon="7.628308"><ele>838.066</ele><time>2020-10-25T14:13:26Z</time></trkpt><trkpt lat="46.986546" lon="7.628365"><ele>838.064</ele><time>2020-10-25T14:13:27Z</time></trkpt><trkpt lat="46.986611" lon="7.628495"><ele>838.063</ele><time>2020-10-25T14:13:29Z</time></trkpt><trkpt lat="46.986647" lon="7.628545"><ele>838.044</ele><time>2020-10-25T14:13:30Z</time></trkpt><trkpt lat="46.986689" lon="7.628588"><ele>838.018</ele><time>2020-10-25T14:13:31Z</time></trkpt><trkpt lat="46.986826" lon="7.628880"><ele>837.808</ele><time>2020-10-25T14:13:35Z</time></trkpt><trkpt lat="46.986869" lon="7.629059"><ele>837.831</ele><time>2020-10-25T14:13:37Z</time></trkpt><trkpt lat="46.986905" lon="7.629158"><ele>837.855</ele><time>2020-10-25T14:13:38Z</time></trkpt><trkpt lat="46.986997" lon="7.629506"><ele>838.878</ele><time>2020-10-25T14:13:42Z</time></trkpt><trkpt lat="46.987009" lon="7.629579"><ele>839.442</ele><time>2020-10-25T14:13:43Z</time></trkpt><trkpt lat="46.987033" lon="7.629710"><ele>839.869</ele><time>2020-10-25T14:13:45Z</time></trkpt><trkpt lat="46.987069" lon="7.629850"><ele>840.222</ele><time>2020-10-25T14:13:47Z</time></trkpt><trkpt lat="46.987091" lon="7.629925"><ele>840.447</ele><time>2020-10-25T14:13:48Z</time></trkpt><trkpt lat="46.987115" lon="7.630070"><ele>840.265</ele><time>2020-10-25T14:13:50Z</time></trkpt><trkpt lat="46.987124" lon="7.630151"><ele>840.075</ele><time>2020-10-25T14:13:51Z</time></trkpt><trkpt lat="46.987145" lon="7.630414"><ele>839.428</ele><time>2020-10-25T14:13:54Z</time></trkpt><trkpt lat="46.987166" lon="7.630622"><ele>838.420</ele><time>2020-10-25T14:13:56Z</time></trkpt><trkpt lat="46.987195" lon="7.630847"><ele>837.208</ele><time>2020-10-25T14:13:58Z</time></trkpt><trkpt lat="46.987212" lon="7.630959"><ele>836.482</ele><time>2020-10-25T14:13:59Z</time></trkpt><trkpt lat="46.987228" lon="7.631066"><ele>836.086</ele><time>2020-10-25T14:14:00Z</time></trkpt><trkpt lat="46.987252" lon="7.631166"><ele>835.669</ele><time>2020-10-25T14:14:01Z</time></trkpt><trkpt lat="46.987283" lon="7.631257"><ele>835.253</ele><time>2020-10-25T14:14:02Z</time></trkpt><trkpt lat="46.987322" lon="7.631342"><ele>834.820</ele><time>2020-10-25T14:14:03Z</time></trkpt><trkpt lat="46.987509" lon="7.631628"><ele>833.433</ele><time>2020-10-25T14:14:07Z</time></trkpt><trkpt lat="46.987561" lon="7.631688"><ele>833.238</ele><time>2020-10-25T14:14:08Z</time></trkpt><trkpt lat="46.987717" lon="7.631846"><ele>832.676</ele><time>2020-10-25T14:14:11Z</time></trkpt><trkpt lat="46.987831" lon="7.631940"><ele>832.424</ele><time>2020-10-25T14:14:13Z</time></trkpt><trkpt lat="46.987891" lon="7.631983"><ele>832.204</ele><time>2020-10-25T14:14:14Z</time></trkpt><trkpt lat="46.988188" lon="7.632236"><ele>831.214</ele><time>2020-10-25T14:14:19Z</time></trkpt><trkpt lat="46.988241" lon="7.632298"><ele>830.808</ele><time>2020-10-25T14:14:20Z</time></trkpt><trkpt lat="46.988382" lon="7.632457"><ele>830.087</ele><time>2020-10-25T14:14:23Z</time></trkpt><trkpt lat="46.988476" lon="7.632559"><ele>829.651</ele><time>2020-10-25T14:14:25Z</time></trkpt><trkpt lat="46.988586" lon="7.632667"><ele>829.424</ele><time>2020-10-25T14:14:27Z</time></trkpt><trkpt lat="46.988652" lon="7.632714"><ele>829.218</ele><time>2020-10-25T14:14:28Z</time></trkpt><trkpt lat="46.988726" lon="7.632750"><ele>829.015</ele><time>2020-10-25T14:14:29Z</time></trkpt><trkpt lat="46.988804" lon="7.632774"><ele>828.688</ele><time>2020-10-25T14:14:30Z</time></trkpt><trkpt lat="46.988974" lon="7.632785"><ele>827.223</ele><time>2020-10-25T14:14:32Z</time></trkpt><trkpt lat="46.989057" lon="7.632769"><ele>826.681</ele><time>2020-10-25T14:14:33Z</time></trkpt><trkpt lat="46.989136" lon="7.632741"><ele>826.252</ele><time>2020-10-25T14:14:34Z</time></trkpt><trkpt lat="46.989388" lon="7.632603"><ele>825.253</ele><time>2020-10-25T14:14:37Z</time></trkpt><trkpt lat="46.989466" lon="7.632560"><ele>825.008</ele><time>2020-10-25T14:14:38Z</time></trkpt><trkpt lat="46.989750" lon="7.632467"><ele>824.008</ele><time>2020-10-25T14:14:42Z</time></trkpt><trkpt lat="46.989815" lon="7.632453"><ele>823.870</ele><time>2020-10-25T14:14:43Z</time></trkpt><trkpt lat="46.989878" lon="7.632439"><ele>824.014</ele><time>2020-10-25T14:14:44Z</time></trkpt><trkpt lat="46.990120" lon="7.632438"><ele>824.027</ele><time>2020-10-25T14:14:48Z</time></trkpt><trkpt lat="46.990243" lon="7.632429"><ele>824.071</ele><time>2020-10-25T14:14:50Z</time></trkpt><trkpt lat="46.990421" lon="7.632445"><ele>823.838</ele><time>2020-10-25T14:14:53Z</time></trkpt><trkpt lat="46.990521" lon="7.632510"><ele>822.871</ele><time>2020-10-25T14:14:55Z</time></trkpt><trkpt lat="46.990559" lon="7.632557"><ele>822.476</ele><time>2020-10-25T14:14:56Z</time></trkpt><trkpt lat="46.990627" lon="7.632656"><ele>821.814</ele><time>2020-10-25T14:14:58Z</time></trkpt><trkpt lat="46.990779" lon="7.632959"><ele>820.871</ele><time>2020-10-25T14:15:03Z</time></trkpt><trkpt lat="46.990904" lon="7.633179"><ele>820.841</ele><time>2020-10-25T14:15:06Z</time></trkpt><trkpt lat="46.990951" lon="7.633251"><ele>820.615</ele><time>2020-10-25T14:15:07Z</time></trkpt><trkpt lat="46.991002" lon="7.633327"><ele>820.608</ele><time>2020-10-25T14:15:08Z</time></trkpt><trkpt lat="46.991055" lon="7.633404"><ele>820.082</ele><time>2020-10-25T14:15:09Z</time></trkpt><trkpt lat="46.991107" lon="7.633481"><ele>819.246</ele><time>2020-10-25T14:15:10Z</time></trkpt><trkpt lat="46.991264" lon="7.633697"><ele>818.059</ele><time>2020-10-25T14:15:13Z</time></trkpt><trkpt lat="46.991320" lon="7.633757"><ele>817.813</ele><time>2020-10-25T14:15:14Z</time></trkpt><trkpt lat="46.991379" lon="7.633805"><ele>817.440</ele><time>2020-10-25T14:15:15Z</time></trkpt><trkpt lat="46.991438" lon="7.633844"><ele>817.223</ele><time>2020-10-25T14:15:16Z</time></trkpt><trkpt lat="46.991592" lon="7.633929"><ele>817.078</ele><time>2020-10-25T14:15:19Z</time></trkpt><trkpt lat="46.991655" lon="7.633917"><ele>817.016</ele><time>2020-10-25T14:15:22Z</time></trkpt><trkpt lat="46.991652" lon="7.633910"><ele>817.435</ele><time>2020-10-25T14:15:28Z</time></trkpt><trkpt lat="46.991642" lon="7.633886"><ele>817.686</ele><time>2020-10-25T14:15:33Z</time></trkpt><trkpt lat="46.991644" lon="7.633847"><ele>817.614</ele><time>2020-10-25T14:15:34Z</time></trkpt><trkpt lat="46.991660" lon="7.633763"><ele>817.608</ele><time>2020-10-25T14:15:36Z</time></trkpt><trkpt lat="46.991716" lon="7.633463"><ele>816.088</ele><time>2020-10-25T14:15:41Z</time></trkpt><trkpt lat="46.991724" lon="7.633401"><ele>815.842</ele><time>2020-10-25T14:15:42Z</time></trkpt><trkpt lat="46.991733" lon="7.633341"><ele>815.245</ele><time>2020-10-25T14:15:43Z</time></trkpt><trkpt lat="46.991740" lon="7.633284"><ele>814.489</ele><time>2020-10-25T14:15:44Z</time></trkpt><trkpt lat="46.991769" lon="7.633143"><ele>813.256</ele><time>2020-10-25T14:15:47Z</time></trkpt><trkpt lat="46.991795" lon="7.633046"><ele>812.679</ele><time>2020-10-25T14:15:49Z</time></trkpt><trkpt lat="46.991829" lon="7.632949"><ele>811.444</ele><time>2020-10-25T14:15:51Z</time></trkpt><trkpt lat="46.991863" lon="7.632869"><ele>809.832</ele><time>2020-10-25T14:15:53Z</time></trkpt><trkpt lat="46.991893" lon="7.632805"><ele>808.293</ele><time>2020-10-25T14:15:55Z</time></trkpt><trkpt lat="46.991928" lon="7.632746"><ele>807.065</ele><time>2020-10-25T14:15:57Z</time></trkpt><trkpt lat="46.991971" lon="7.632694"><ele>805.621</ele><time>2020-10-25T14:15:59Z</time></trkpt><trkpt lat="46.992018" lon="7.632644"><ele>803.608</ele><time>2020-10-25T14:16:01Z</time></trkpt><trkpt lat="46.992074" lon="7.632595"><ele>803.664</ele><time>2020-10-25T14:16:03Z</time></trkpt><trkpt lat="46.992106" lon="7.632568"><ele>802.478</ele><time>2020-10-25T14:16:04Z</time></trkpt><trkpt lat="46.992136" lon="7.632546"><ele>801.871</ele><time>2020-10-25T14:16:05Z</time></trkpt><trkpt lat="46.992162" lon="7.632519"><ele>801.295</ele><time>2020-10-25T14:16:06Z</time></trkpt><trkpt lat="46.992191" lon="7.632492"><ele>800.832</ele><time>2020-10-25T14:16:07Z</time></trkpt><trkpt lat="46.992219" lon="7.632462"><ele>800.665</ele><time>2020-10-25T14:16:08Z</time></trkpt><trkpt lat="46.992246" lon="7.632431"><ele>800.230</ele><time>2020-10-25T14:16:09Z</time></trkpt><trkpt lat="46.992305" lon="7.632367"><ele>799.248</ele><time>2020-10-25T14:16:11Z</time></trkpt><trkpt lat="46.992350" lon="7.632274"><ele>797.429</ele><time>2020-10-25T14:16:13Z</time></trkpt><trkpt lat="46.992367" lon="7.632174"><ele>795.600</ele><time>2020-10-25T14:16:15Z</time></trkpt><trkpt lat="46.992358" lon="7.632141"><ele>794.820</ele><time>2020-10-25T14:16:16Z</time></trkpt><trkpt lat="46.992345" lon="7.632113"><ele>794.208</ele><time>2020-10-25T14:16:17Z</time></trkpt><trkpt lat="46.992321" lon="7.632102"><ele>793.467</ele><time>2020-10-25T14:16:18Z</time></trkpt><trkpt lat="46.992222" lon="7.632105"><ele>792.881</ele><time>2020-10-25T14:16:21Z</time></trkpt><trkpt lat="46.992191" lon="7.632118"><ele>792.274</ele><time>2020-10-25T14:16:22Z</time></trkpt><trkpt lat="46.992159" lon="7.632130"><ele>791.698</ele><time>2020-10-25T14:16:23Z</time></trkpt><trkpt lat="46.992079" lon="7.632196"><ele>790.455</ele><time>2020-10-25T14:16:26Z</time></trkpt><trkpt lat="46.991947" lon="7.632308"><ele>789.288</ele><time>2020-10-25T14:16:33Z</time></trkpt><trkpt lat="46.991732" lon="7.632341"><ele>788.693</ele><time>2020-10-25T14:16:40Z</time></trkpt><trkpt lat="46.991641" lon="7.632341"><ele>787.861</ele><time>2020-10-25T14:16:42Z</time></trkpt><trkpt lat="46.991530" lon="7.632291"><ele>787.086</ele><time>2020-10-25T14:16:44Z</time></trkpt><trkpt lat="46.991480" lon="7.632247"><ele>786.660</ele><time>2020-10-25T14:16:45Z</time></trkpt><trkpt lat="46.991445" lon="7.632192"><ele>786.226</ele><time>2020-10-25T14:16:46Z</time></trkpt><trkpt lat="46.991418" lon="7.632127"><ele>786.008</ele><time>2020-10-25T14:16:47Z</time></trkpt><trkpt lat="46.991398" lon="7.632059"><ele>785.893</ele><time>2020-10-25T14:16:48Z</time></trkpt><trkpt lat="46.991348" lon="7.631839"><ele>785.687</ele><time>2020-10-25T14:16:51Z</time></trkpt><trkpt lat="46.991337" lon="7.631762"><ele>785.630</ele><time>2020-10-25T14:16:52Z</time></trkpt><trkpt lat="46.991297" lon="7.631312"><ele>785.054</ele><time>2020-10-25T14:16:58Z</time></trkpt><trkpt lat="46.991287" lon="7.631190"><ele>784.441</ele><time>2020-10-25T14:17:00Z</time></trkpt><trkpt lat="46.991296" lon="7.631021"><ele>783.214</ele><time>2020-10-25T14:17:03Z</time></trkpt><trkpt lat="46.991320" lon="7.630912"><ele>781.619</ele><time>2020-10-25T14:17:05Z</time></trkpt><trkpt lat="46.991338" lon="7.630861"><ele>781.057</ele><time>2020-10-25T14:17:06Z</time></trkpt><trkpt lat="46.991356" lon="7.630816"><ele>780.213</ele><time>2020-10-25T14:17:07Z</time></trkpt><trkpt lat="46.991374" lon="7.630778"><ele>779.443</ele><time>2020-10-25T14:17:08Z</time></trkpt><trkpt lat="46.991390" lon="7.630745"><ele>778.607</ele><time>2020-10-25T14:17:09Z</time></trkpt><trkpt lat="46.991451" lon="7.630682"><ele>777.408</ele><time>2020-10-25T14:17:11Z</time></trkpt><trkpt lat="46.991520" lon="7.630625"><ele>776.836</ele><time>2020-10-25T14:17:13Z</time></trkpt><trkpt lat="46.991555" lon="7.630598"><ele>776.050</ele><time>2020-10-25T14:17:14Z</time></trkpt><trkpt lat="46.991587" lon="7.630568"><ele>775.273</ele><time>2020-10-25T14:17:15Z</time></trkpt><trkpt lat="46.991615" lon="7.630536"><ele>774.297</ele><time>2020-10-25T14:17:16Z</time></trkpt><trkpt lat="46.991642" lon="7.630500"><ele>773.254</ele><time>2020-10-25T14:17:17Z</time></trkpt><trkpt lat="46.991660" lon="7.630457"><ele>772.487</ele><time>2020-10-25T14:17:18Z</time></trkpt><trkpt lat="46.991680" lon="7.630417"><ele>771.862</ele><time>2020-10-25T14:17:19Z</time></trkpt><trkpt lat="46.991711" lon="7.630375"><ele>769.810</ele><time>2020-10-25T14:17:20Z</time></trkpt><trkpt lat="46.991756" lon="7.630224"><ele>768.891</ele><time>2020-10-25T14:17:22Z</time></trkpt><trkpt lat="46.991804" lon="7.630123"><ele>766.881</ele><time>2020-10-25T14:17:24Z</time></trkpt><trkpt lat="46.991813" lon="7.630011"><ele>765.219</ele><time>2020-10-25T14:17:26Z</time></trkpt><trkpt lat="46.991818" lon="7.629899"><ele>763.208</ele><time>2020-10-25T14:17:28Z</time></trkpt><trkpt lat="46.991807" lon="7.629835"><ele>762.244</ele><time>2020-10-25T14:17:29Z</time></trkpt><trkpt lat="46.991795" lon="7.629772"><ele>761.498</ele><time>2020-10-25T14:17:30Z</time></trkpt><trkpt lat="46.991788" lon="7.629708"><ele>760.871</ele><time>2020-10-25T14:17:31Z</time></trkpt><trkpt lat="46.991782" lon="7.629648"><ele>760.045</ele><time>2020-10-25T14:17:32Z</time></trkpt><trkpt lat="46.991768" lon="7.629525"><ele>758.262</ele><time>2020-10-25T14:17:34Z</time></trkpt><trkpt lat="46.991764" lon="7.629447"><ele>757.295</ele><time>2020-10-25T14:17:35Z</time></trkpt><trkpt lat="46.991756" lon="7.629366"><ele>756.420</ele><time>2020-10-25T14:17:36Z</time></trkpt><trkpt lat="46.991752" lon="7.629223"><ele>754.618</ele><time>2020-10-25T14:17:38Z</time></trkpt><trkpt lat="46.991762" lon="7.629100"><ele>752.841</ele><time>2020-10-25T14:17:40Z</time></trkpt><trkpt lat="46.991765" lon="7.629030"><ele>752.281</ele><time>2020-10-25T14:17:41Z</time></trkpt><trkpt lat="46.991765" lon="7.628959"><ele>751.409</ele><time>2020-10-25T14:17:42Z</time></trkpt><trkpt lat="46.991778" lon="7.628864"><ele>750.608</ele><time>2020-10-25T14:17:44Z</time></trkpt><trkpt lat="46.991787" lon="7.628838"><ele>750.429</ele><time>2020-10-25T14:17:45Z</time></trkpt><trkpt lat="46.991826" lon="7.628802"><ele>750.063</ele><time>2020-10-25T14:17:47Z</time></trkpt><trkpt lat="46.991872" lon="7.628695"><ele>749.256</ele><time>2020-10-25T14:17:53Z</time></trkpt><trkpt lat="46.991880" lon="7.628669"><ele>748.880</ele><time>2020-10-25T14:17:54Z</time></trkpt><trkpt lat="46.991891" lon="7.628540"><ele>748.057</ele><time>2020-10-25T14:17:58Z</time></trkpt><trkpt lat="46.991882" lon="7.628463"><ele>746.630</ele><time>2020-10-25T14:18:00Z</time></trkpt><trkpt lat="46.991861" lon="7.628377"><ele>745.615</ele><time>2020-10-25T14:18:02Z</time></trkpt><trkpt lat="46.991832" lon="7.628298"><ele>744.673</ele><time>2020-10-25T14:18:04Z</time></trkpt><trkpt lat="46.991793" lon="7.628232"><ele>743.081</ele><time>2020-10-25T14:18:06Z</time></trkpt><trkpt lat="46.991739" lon="7.628155"><ele>741.661</ele><time>2020-10-25T14:18:08Z</time></trkpt><trkpt lat="46.991671" lon="7.628063"><ele>740.417</ele><time>2020-10-25T14:18:10Z</time></trkpt><trkpt lat="46.991638" lon="7.628020"><ele>739.808</ele><time>2020-10-25T14:18:11Z</time></trkpt><trkpt lat="46.991606" lon="7.627976"><ele>739.273</ele><time>2020-10-25T14:18:12Z</time></trkpt><trkpt lat="46.991554" lon="7.627889"><ele>737.617</ele><time>2020-10-25T14:18:14Z</time></trkpt><trkpt lat="46.991482" lon="7.627742"><ele>736.210</ele><time>2020-10-25T14:18:17Z</time></trkpt><trkpt lat="46.991465" lon="7.627693"><ele>735.684</ele><time>2020-10-25T14:18:18Z</time></trkpt><trkpt lat="46.991443" lon="7.627636"><ele>735.081</ele><time>2020-10-25T14:18:19Z</time></trkpt><trkpt lat="46.991406" lon="7.627531"><ele>733.624</ele><time>2020-10-25T14:18:21Z</time></trkpt><trkpt lat="46.991393" lon="7.627473"><ele>733.039</ele><time>2020-10-25T14:18:22Z</time></trkpt><trkpt lat="46.991371" lon="7.627405"><ele>732.667</ele><time>2020-10-25T14:18:23Z</time></trkpt><trkpt lat="46.991352" lon="7.627335"><ele>732.031</ele><time>2020-10-25T14:18:24Z</time></trkpt><trkpt lat="46.991337" lon="7.627272"><ele>731.261</ele><time>2020-10-25T14:18:25Z</time></trkpt><trkpt lat="46.991299" lon="7.627162"><ele>730.007</ele><time>2020-10-25T14:18:27Z</time></trkpt><trkpt lat="46.991279" lon="7.627114"><ele>729.608</ele><time>2020-10-25T14:18:28Z</time></trkpt><trkpt lat="46.991260" lon="7.627071"><ele>729.288</ele><time>2020-10-25T14:18:29Z</time></trkpt><trkpt lat="46.991243" lon="7.627030"><ele>728.872</ele><time>2020-10-25T14:18:30Z</time></trkpt><trkpt lat="46.991140" lon="7.626845"><ele>728.095</ele><time>2020-10-25T14:18:35Z</time></trkpt><trkpt lat="46.991120" lon="7.626810"><ele>728.099</ele><time>2020-10-25T14:18:36Z</time></trkpt><trkpt lat="46.991082" lon="7.626742"><ele>727.636</ele><time>2020-10-25T14:18:38Z</time></trkpt><trkpt lat="46.991035" lon="7.626525"><ele>727.089</ele><time>2020-10-25T14:18:43Z</time></trkpt><trkpt lat="46.991048" lon="7.626260"><ele>726.844</ele><time>2020-10-25T14:18:48Z</time></trkpt><trkpt lat="46.991031" lon="7.626224"><ele>726.652</ele><time>2020-10-25T14:18:49Z</time></trkpt><trkpt lat="46.990986" lon="7.626198"><ele>726.881</ele><time>2020-10-25T14:18:51Z</time></trkpt><trkpt lat="46.990962" lon="7.626192"><ele>727.061</ele><time>2020-10-25T14:18:52Z</time></trkpt><trkpt lat="46.990776" lon="7.626195"><ele>729.017</ele><time>2020-10-25T14:19:01Z</time></trkpt><trkpt lat="46.990744" lon="7.626181"><ele>729.608</ele><time>2020-10-25T14:19:03Z</time></trkpt><trkpt lat="46.990714" lon="7.626173"><ele>730.233</ele><time>2020-10-25T14:19:05Z</time></trkpt><trkpt lat="46.990674" lon="7.626143"><ele>731.257</ele><time>2020-10-25T14:19:09Z</time></trkpt><trkpt lat="46.990661" lon="7.626136"><ele>731.290</ele><time>2020-10-25T14:19:10Z</time></trkpt><trkpt lat="46.990604" lon="7.626109"><ele>732.474</ele><time>2020-10-25T14:19:15Z</time></trkpt><trkpt lat="46.990593" lon="7.626098"><ele>732.641</ele><time>2020-10-25T14:19:16Z</time></trkpt><trkpt lat="46.990575" lon="7.626078"><ele>733.024</ele><time>2020-10-25T14:19:18Z</time></trkpt><trkpt lat="46.990558" lon="7.626063"><ele>733.659</ele><time>2020-10-25T14:19:20Z</time></trkpt><trkpt lat="46.990542" lon="7.626048"><ele>734.277</ele><time>2020-10-25T14:19:22Z</time></trkpt><trkpt lat="46.990530" lon="7.626033"><ele>734.456</ele><time>2020-10-25T14:19:24Z</time></trkpt><trkpt lat="46.990520" lon="7.626025"><ele>734.659</ele><time>2020-10-25T14:19:25Z</time></trkpt><trkpt lat="46.990503" lon="7.626008"><ele>735.014</ele><time>2020-10-25T14:19:27Z</time></trkpt><trkpt lat="46.990482" lon="7.625994"><ele>735.608</ele><time>2020-10-25T14:19:29Z</time></trkpt><trkpt lat="46.990473" lon="7.625983"><ele>736.070</ele><time>2020-10-25T14:19:30Z</time></trkpt><trkpt lat="46.990463" lon="7.625973"><ele>736.234</ele><time>2020-10-25T14:19:31Z</time></trkpt><trkpt lat="46.990468" lon="7.625943"><ele>736.887</ele><time>2020-10-25T14:19:34Z</time></trkpt><trkpt lat="46.990451" lon="7.625917"><ele>737.671</ele><time>2020-10-25T14:19:37Z</time></trkpt><trkpt lat="46.990438" lon="7.625908"><ele>738.018</ele><time>2020-10-25T14:19:39Z</time></trkpt><trkpt lat="46.990390" lon="7.625893"><ele>739.071</ele><time>2020-10-25T14:19:45Z</time></trkpt><trkpt lat="46.990373" lon="7.625863"><ele>740.266</ele><time>2020-10-25T14:19:50Z</time></trkpt><trkpt lat="46.990362" lon="7.625859"><ele>740.884</ele><time>2020-10-25T14:19:52Z</time></trkpt><trkpt lat="46.990341" lon="7.625844"><ele>741.241</ele><time>2020-10-25T14:19:54Z</time></trkpt><trkpt lat="46.990332" lon="7.625836"><ele>741.481</ele><time>2020-10-25T14:19:55Z</time></trkpt><trkpt lat="46.990303" lon="7.625820"><ele>742.409</ele><time>2020-10-25T14:20:00Z</time></trkpt><trkpt lat="46.990270" lon="7.625790"><ele>743.208</ele><time>2020-10-25T14:20:04Z</time></trkpt><trkpt lat="46.990267" lon="7.625783"><ele>743.469</ele><time>2020-10-25T14:20:05Z</time></trkpt><trkpt lat="46.990228" lon="7.625716"><ele>744.833</ele><time>2020-10-25T14:20:12Z</time></trkpt><trkpt lat="46.990216" lon="7.625705"><ele>745.086</ele><time>2020-10-25T14:20:13Z</time></trkpt><trkpt lat="46.990202" lon="7.625696"><ele>745.250</ele><time>2020-10-25T14:20:14Z</time></trkpt><trkpt lat="46.990170" lon="7.625674"><ele>745.267</ele><time>2020-10-25T14:20:16Z</time></trkpt><trkpt lat="46.990107" lon="7.625594"><ele>745.820</ele><time>2020-10-25T14:20:21Z</time></trkpt><trkpt lat="46.990069" lon="7.625548"><ele>746.855</ele><time>2020-10-25T14:20:26Z</time></trkpt><trkpt lat="46.990059" lon="7.625533"><ele>747.223</ele><time>2020-10-25T14:20:28Z</time></trkpt><trkpt lat="46.990052" lon="7.625525"><ele>747.426</ele><time>2020-10-25T14:20:29Z</time></trkpt><trkpt lat="46.990045" lon="7.625507"><ele>747.847</ele><time>2020-10-25T14:20:31Z</time></trkpt><trkpt lat="46.990039" lon="7.625482"><ele>748.611</ele><time>2020-10-25T14:20:35Z</time></trkpt><trkpt lat="46.990018" lon="7.625451"><ele>749.008</ele><time>2020-10-25T14:20:38Z</time></trkpt><trkpt lat="46.989969" lon="7.625379"><ele>750.077</ele><time>2020-10-25T14:20:44Z</time></trkpt><trkpt lat="46.989965" lon="7.625372"><ele>750.281</ele><time>2020-10-25T14:20:45Z</time></trkpt><trkpt lat="46.989950" lon="7.625347"><ele>750.484</ele><time>2020-10-25T14:20:47Z</time></trkpt><trkpt lat="46.989899" lon="7.625299"><ele>751.238</ele><time>2020-10-25T14:20:51Z</time></trkpt><trkpt lat="46.989887" lon="7.625296"><ele>751.425</ele><time>2020-10-25T14:20:52Z</time></trkpt><trkpt lat="46.989843" lon="7.625252"><ele>752.088</ele><time>2020-10-25T14:20:57Z</time></trkpt><trkpt lat="46.989837" lon="7.625239"><ele>752.213</ele><time>2020-10-25T14:20:58Z</time></trkpt><trkpt lat="46.989808" lon="7.625221"><ele>753.261</ele><time>2020-10-25T14:21:02Z</time></trkpt><trkpt lat="46.989800" lon="7.625220"><ele>753.268</ele><time>2020-10-25T14:21:03Z</time></trkpt><trkpt lat="46.989734" lon="7.625203"><ele>754.442</ele><time>2020-10-25T14:21:09Z</time></trkpt><trkpt lat="46.989718" lon="7.625194"><ele>754.426</ele><time>2020-10-25T14:21:10Z</time></trkpt><trkpt lat="46.989707" lon="7.625187"><ele>754.608</ele><time>2020-10-25T14:21:11Z</time></trkpt><trkpt lat="46.989663" lon="7.625181"><ele>755.441</ele><time>2020-10-25T14:21:15Z</time></trkpt><trkpt lat="46.989630" lon="7.625178"><ele>755.885</ele><time>2020-10-25T14:21:18Z</time></trkpt><trkpt lat="46.989614" lon="7.625173"><ele>756.238</ele><time>2020-10-25T14:21:20Z</time></trkpt><trkpt lat="46.989605" lon="7.625165"><ele>756.292</ele><time>2020-10-25T14:21:21Z</time></trkpt><trkpt lat="46.989597" lon="7.625165"><ele>756.499</ele><time>2020-10-25T14:21:22Z</time></trkpt><trkpt lat="46.989587" lon="7.625165"><ele>756.612</ele><time>2020-10-25T14:21:23Z</time></trkpt><trkpt lat="46.989578" lon="7.625161"><ele>756.887</ele><time>2020-10-25T14:21:24Z</time></trkpt><trkpt lat="46.989529" lon="7.625142"><ele>757.665</ele><time>2020-10-25T14:21:29Z</time></trkpt><trkpt lat="46.989513" lon="7.625134"><ele>757.823</ele><time>2020-10-25T14:21:30Z</time></trkpt><trkpt lat="46.989488" lon="7.625127"><ele>758.883</ele><time>2020-10-25T14:21:33Z</time></trkpt><trkpt lat="46.989433" lon="7.625109"><ele>759.411</ele><time>2020-10-25T14:21:38Z</time></trkpt><trkpt lat="46.989391" lon="7.625077"><ele>759.808</ele><time>2020-10-25T14:21:41Z</time></trkpt><trkpt lat="46.989313" lon="7.625023"><ele>760.257</ele><time>2020-10-25T14:21:47Z</time></trkpt><trkpt lat="46.989265" lon="7.624980"><ele>760.881</ele><time>2020-10-25T14:21:50Z</time></trkpt><trkpt lat="46.989249" lon="7.624969"><ele>761.064</ele><time>2020-10-25T14:21:51Z</time></trkpt><trkpt lat="46.989155" lon="7.624893"><ele>762.098</ele><time>2020-10-25T14:21:58Z</time></trkpt><trkpt lat="46.989145" lon="7.624879"><ele>762.215</ele><time>2020-10-25T14:21:59Z</time></trkpt><trkpt lat="46.989095" lon="7.624824"><ele>763.278</ele><time>2020-10-25T14:22:04Z</time></trkpt><trkpt lat="46.989059" lon="7.624770"><ele>764.423</ele><time>2020-10-25T14:22:08Z</time></trkpt><trkpt lat="46.989024" lon="7.624733"><ele>765.211</ele><time>2020-10-25T14:22:13Z</time></trkpt><trkpt lat="46.989011" lon="7.624709"><ele>765.469</ele><time>2020-10-25T14:22:15Z</time></trkpt><trkpt lat="46.988974" lon="7.624661"><ele>766.204</ele><time>2020-10-25T14:22:19Z</time></trkpt><trkpt lat="46.988966" lon="7.624651"><ele>766.424</ele><time>2020-10-25T14:22:20Z</time></trkpt><trkpt lat="46.988955" lon="7.624642"><ele>766.608</ele><time>2020-10-25T14:22:21Z</time></trkpt><trkpt lat="46.988935" lon="7.624633"><ele>766.861</ele><time>2020-10-25T14:22:23Z</time></trkpt><trkpt lat="46.988867" lon="7.624566"><ele>767.635</ele><time>2020-10-25T14:22:29Z</time></trkpt><trkpt lat="46.988841" lon="7.624533"><ele>768.288</ele><time>2020-10-25T14:22:32Z</time></trkpt><trkpt lat="46.988816" lon="7.624513"><ele>768.832</ele><time>2020-10-25T14:22:34Z</time></trkpt><trkpt lat="46.988769" lon="7.624457"><ele>769.889</ele><time>2020-10-25T14:22:40Z</time></trkpt><trkpt lat="46.988761" lon="7.624439"><ele>770.032</ele><time>2020-10-25T14:22:41Z</time></trkpt><trkpt lat="46.988695" lon="7.624319"><ele>771.017</ele><time>2020-10-25T14:22:47Z</time></trkpt><trkpt lat="46.988683" lon="7.624302"><ele>771.285</ele><time>2020-10-25T14:22:48Z</time></trkpt><trkpt lat="46.988676" lon="7.624287"><ele>771.461</ele><time>2020-10-25T14:22:49Z</time></trkpt><trkpt lat="46.988639" lon="7.624165"><ele>772.221</ele><time>2020-10-25T14:22:56Z</time></trkpt><trkpt lat="46.988631" lon="7.624152"><ele>772.413</ele><time>2020-10-25T14:22:57Z</time></trkpt><trkpt lat="46.988592" lon="7.624077"><ele>772.608</ele><time>2020-10-25T14:23:01Z</time></trkpt><trkpt lat="46.988562" lon="7.624025"><ele>773.031</ele><time>2020-10-25T14:23:04Z</time></trkpt><trkpt lat="46.988555" lon="7.624012"><ele>773.245</ele><time>2020-10-25T14:23:05Z</time></trkpt><trkpt lat="46.988526" lon="7.623882"><ele>774.098</ele><time>2020-10-25T14:23:12Z</time></trkpt><trkpt lat="46.988520" lon="7.623863"><ele>774.262</ele><time>2020-10-25T14:23:13Z</time></trkpt><trkpt lat="46.988465" lon="7.623719"><ele>775.259</ele><time>2020-10-25T14:23:21Z</time></trkpt><trkpt lat="46.988461" lon="7.623703"><ele>775.272</ele><time>2020-10-25T14:23:22Z</time></trkpt><trkpt lat="46.988454" lon="7.623686"><ele>775.247</ele><time>2020-10-25T14:23:23Z</time></trkpt><trkpt lat="46.988434" lon="7.623618"><ele>775.475</ele><time>2020-10-25T14:23:26Z</time></trkpt><trkpt lat="46.988434" lon="7.623514"><ele>775.821</ele><time>2020-10-25T14:23:30Z</time></trkpt><trkpt lat="46.988429" lon="7.623459"><ele>776.041</ele><time>2020-10-25T14:23:32Z</time></trkpt><trkpt lat="46.988418" lon="7.623392"><ele>776.405</ele><time>2020-10-25T14:23:35Z</time></trkpt><trkpt lat="46.988403" lon="7.623345"><ele>776.408</ele><time>2020-10-25T14:23:37Z</time></trkpt><trkpt lat="46.988380" lon="7.623199"><ele>777.067</ele><time>2020-10-25T14:23:44Z</time></trkpt><trkpt lat="46.988381" lon="7.623154"><ele>777.461</ele><time>2020-10-25T14:23:46Z</time></trkpt><trkpt lat="46.988333" lon="7.623043"><ele>778.624</ele><time>2020-10-25T14:23:51Z</time></trkpt><trkpt lat="46.988297" lon="7.623002"><ele>778.848</ele><time>2020-10-25T14:23:53Z</time></trkpt><trkpt lat="46.988252" lon="7.622940"><ele>779.635</ele><time>2020-10-25T14:23:57Z</time></trkpt><trkpt lat="46.988233" lon="7.622879"><ele>780.038</ele><time>2020-10-25T14:24:00Z</time></trkpt><trkpt lat="46.988221" lon="7.622856"><ele>780.283</ele><time>2020-10-25T14:24:01Z</time></trkpt><trkpt lat="46.988207" lon="7.622835"><ele>780.681</ele><time>2020-10-25T14:24:02Z</time></trkpt><trkpt lat="46.988195" lon="7.622817"><ele>780.816</ele><time>2020-10-25T14:24:03Z</time></trkpt><trkpt lat="46.988155" lon="7.622723"><ele>781.676</ele><time>2020-10-25T14:24:07Z</time></trkpt><trkpt lat="46.988153" lon="7.622704"><ele>782.013</ele><time>2020-10-25T14:24:08Z</time></trkpt><trkpt lat="46.988131" lon="7.622649"><ele>783.008</ele><time>2020-10-25T14:24:11Z</time></trkpt><trkpt lat="46.988095" lon="7.622588"><ele>784.096</ele><time>2020-10-25T14:24:15Z</time></trkpt><trkpt lat="46.988099" lon="7.622574"><ele>784.280</ele><time>2020-10-25T14:24:16Z</time></trkpt><trkpt lat="46.988083" lon="7.622532"><ele>785.053</ele><time>2020-10-25T14:24:20Z</time></trkpt><trkpt lat="46.988063" lon="7.622499"><ele>785.627</ele><time>2020-10-25T14:24:23Z</time></trkpt><trkpt lat="46.988051" lon="7.622476"><ele>786.024</ele><time>2020-10-25T14:24:25Z</time></trkpt><trkpt lat="46.988046" lon="7.622466"><ele>786.267</ele><time>2020-10-25T14:24:26Z</time></trkpt><trkpt lat="46.988002" lon="7.622428"><ele>787.462</ele><time>2020-10-25T14:24:31Z</time></trkpt><trkpt lat="46.987992" lon="7.622409"><ele>787.820</ele><time>2020-10-25T14:24:33Z</time></trkpt><trkpt lat="46.987983" lon="7.622371"><ele>788.499</ele><time>2020-10-25T14:24:37Z</time></trkpt><trkpt lat="46.987976" lon="7.622357"><ele>788.807</ele><time>2020-10-25T14:24:38Z</time></trkpt><trkpt lat="46.987951" lon="7.622319"><ele>789.627</ele><time>2020-10-25T14:24:41Z</time></trkpt><trkpt lat="46.987896" lon="7.622252"><ele>790.208</ele><time>2020-10-25T14:24:49Z</time></trkpt><trkpt lat="46.987889" lon="7.622233"><ele>790.814</ele><time>2020-10-25T14:24:51Z</time></trkpt><trkpt lat="46.987883" lon="7.622226"><ele>791.098</ele><time>2020-10-25T14:24:52Z</time></trkpt><trkpt lat="46.987863" lon="7.622215"><ele>791.211</ele><time>2020-10-25T14:24:54Z</time></trkpt><trkpt lat="46.987845" lon="7.622176"><ele>791.685</ele><time>2020-10-25T14:24:58Z</time></trkpt><trkpt lat="46.987839" lon="7.622165"><ele>791.862</ele><time>2020-10-25T14:24:59Z</time></trkpt><trkpt lat="46.987818" lon="7.622129"><ele>792.815</ele><time>2020-10-25T14:25:04Z</time></trkpt><trkpt lat="46.987814" lon="7.622120"><ele>793.020</ele><time>2020-10-25T14:25:05Z</time></trkpt><trkpt lat="46.987806" lon="7.622108"><ele>793.288</ele><time>2020-10-25T14:25:06Z</time></trkpt><trkpt lat="46.987782" lon="7.622085"><ele>793.417</ele><time>2020-10-25T14:25:08Z</time></trkpt><trkpt lat="46.987746" lon="7.622064"><ele>794.287</ele><time>2020-10-25T14:25:10Z</time></trkpt><trkpt lat="46.987693" lon="7.622026"><ele>794.615</ele><time>2020-10-25T14:25:14Z</time></trkpt><trkpt lat="46.987678" lon="7.622019"><ele>794.808</ele><time>2020-10-25T14:25:15Z</time></trkpt><trkpt lat="46.987658" lon="7.621987"><ele>795.216</ele><time>2020-10-25T14:25:19Z</time></trkpt><trkpt lat="46.987647" lon="7.621961"><ele>795.680</ele><time>2020-10-25T14:25:21Z</time></trkpt><trkpt lat="46.987635" lon="7.621943"><ele>796.073</ele><time>2020-10-25T14:25:23Z</time></trkpt><trkpt lat="46.987629" lon="7.621934"><ele>796.247</ele><time>2020-10-25T14:25:24Z</time></trkpt><trkpt lat="46.987592" lon="7.621882"><ele>797.274</ele><time>2020-10-25T14:25:29Z</time></trkpt><trkpt lat="46.987565" lon="7.621855"><ele>797.627</ele><time>2020-10-25T14:25:32Z</time></trkpt><trkpt lat="46.987528" lon="7.621822"><ele>798.212</ele><time>2020-10-25T14:25:36Z</time></trkpt><trkpt lat="46.987494" lon="7.621788"><ele>798.480</ele><time>2020-10-25T14:25:38Z</time></trkpt><trkpt lat="46.987478" lon="7.621756"><ele>799.079</ele><time>2020-10-25T14:25:40Z</time></trkpt><trkpt lat="46.987478" lon="7.621742"><ele>799.005</ele><time>2020-10-25T14:25:41Z</time></trkpt><trkpt lat="46.987477" lon="7.621723"><ele>799.625</ele><time>2020-10-25T14:25:44Z</time></trkpt><trkpt lat="46.987443" lon="7.621687"><ele>800.208</ele><time>2020-10-25T14:25:48Z</time></trkpt><trkpt lat="46.987418" lon="7.621659"><ele>800.632</ele><time>2020-10-25T14:25:50Z</time></trkpt><trkpt lat="46.987391" lon="7.621629"><ele>801.076</ele><time>2020-10-25T14:25:52Z</time></trkpt><trkpt lat="46.987371" lon="7.621599"><ele>801.099</ele><time>2020-10-25T14:25:55Z</time></trkpt><trkpt lat="46.987362" lon="7.621589"><ele>801.223</ele><time>2020-10-25T14:25:56Z</time></trkpt><trkpt lat="46.987355" lon="7.621580"><ele>801.450</ele><time>2020-10-25T14:25:57Z</time></trkpt><trkpt lat="46.987346" lon="7.621575"><ele>801.863</ele><time>2020-10-25T14:25:58Z</time></trkpt><trkpt lat="46.987330" lon="7.621549"><ele>802.258</ele><time>2020-10-25T14:26:00Z</time></trkpt><trkpt lat="46.987320" lon="7.621534"><ele>802.636</ele><time>2020-10-25T14:26:02Z</time></trkpt><trkpt lat="46.987318" lon="7.621529"><ele>802.856</ele><time>2020-10-25T14:26:03Z</time></trkpt><trkpt lat="46.987315" lon="7.621521"><ele>803.059</ele><time>2020-10-25T14:26:04Z</time></trkpt><trkpt lat="46.987308" lon="7.621428"><ele>803.814</ele><time>2020-10-25T14:26:11Z</time></trkpt><trkpt lat="46.987303" lon="7.621416"><ele>804.008</ele><time>2020-10-25T14:26:12Z</time></trkpt><trkpt lat="46.987248" lon="7.621356"><ele>805.090</ele><time>2020-10-25T14:26:18Z</time></trkpt><trkpt lat="46.987225" lon="7.621322"><ele>805.694</ele><time>2020-10-25T14:26:22Z</time></trkpt><trkpt lat="46.987218" lon="7.621326"><ele>806.067</ele><time>2020-10-25T14:26:24Z</time></trkpt><trkpt lat="46.987214" lon="7.621304"><ele>806.621</ele><time>2020-10-25T14:26:28Z</time></trkpt><trkpt lat="46.987215" lon="7.621297"><ele>806.888</ele><time>2020-10-25T14:26:29Z</time></trkpt><trkpt lat="46.987215" lon="7.621280"><ele>807.021</ele><time>2020-10-25T14:26:31Z</time></trkpt><trkpt lat="46.987199" lon="7.621254"><ele>807.486</ele><time>2020-10-25T14:26:35Z</time></trkpt><trkpt lat="46.987194" lon="7.621244"><ele>807.494</ele><time>2020-10-25T14:26:36Z</time></trkpt><trkpt lat="46.987194" lon="7.621244"><ele>808.215</ele><time>2020-10-25T14:26:40Z</time></trkpt><trkpt lat="46.987187" lon="7.621222"><ele>808.665</ele><time>2020-10-25T14:26:43Z</time></trkpt><trkpt lat="46.987185" lon="7.621210"><ele>809.011</ele><time>2020-10-25T14:26:45Z</time></trkpt><trkpt lat="46.987181" lon="7.621203"><ele>809.408</ele><time>2020-10-25T14:26:47Z</time></trkpt><trkpt lat="46.987201" lon="7.621179"><ele>810.036</ele><time>2020-10-25T14:26:52Z</time></trkpt><trkpt lat="46.987236" lon="7.621164"><ele>810.270</ele><time>2020-10-25T14:26:59Z</time></trkpt><trkpt lat="46.987256" lon="7.621154"><ele>810.433</ele><time>2020-10-25T14:27:04Z</time></trkpt><trkpt lat="46.987276" lon="7.621147"><ele>810.417</ele><time>2020-10-25T14:27:13Z</time></trkpt><trkpt lat="46.987276" lon="7.621147"><ele>810.484</ele><time>2020-10-25T14:27:17Z</time></trkpt><trkpt lat="46.987284" lon="7.621146"><ele>810.847</ele><time>2020-10-25T14:27:22Z</time></trkpt><trkpt lat="46.987285" lon="7.621159"><ele>810.462</ele><time>2020-10-25T14:27:27Z</time></trkpt><trkpt lat="46.987282" lon="7.621170"><ele>810.250</ele><time>2020-10-25T14:27:29Z</time></trkpt><trkpt lat="46.987281" lon="7.621172"><ele>810.291</ele><time>2020-10-25T14:27:30Z</time></trkpt><trkpt lat="46.987278" lon="7.621173"><ele>810.281</ele><time>2020-10-25T14:27:38Z</time></trkpt><trkpt lat="46.987264" lon="7.621183"><ele>810.419</ele><time>2020-10-25T14:27:45Z</time></trkpt><trkpt lat="46.987274" lon="7.621183"><ele>810.808</ele><time>2020-10-25T14:27:54Z</time></trkpt><trkpt lat="46.987274" lon="7.621150"><ele>810.854</ele><time>2020-10-25T14:27:56Z</time></trkpt><trkpt lat="46.987269" lon="7.621135"><ele>810.828</ele><time>2020-10-25T14:27:57Z</time></trkpt><trkpt lat="46.987237" lon="7.621056"><ele>811.441</ele><time>2020-10-25T14:28:03Z</time></trkpt><trkpt lat="46.987196" lon="7.621006"><ele>811.655</ele><time>2020-10-25T14:28:08Z</time></trkpt><trkpt lat="46.987141" lon="7.620946"><ele>812.622</ele><time>2020-10-25T14:28:16Z</time></trkpt><trkpt lat="46.987135" lon="7.620948"><ele>812.655</ele><time>2020-10-25T14:28:17Z</time></trkpt><trkpt lat="46.987130" lon="7.620943"><ele>812.450</ele><time>2020-10-25T14:28:19Z</time></trkpt><trkpt lat="46.987149" lon="7.620876"><ele>813.618</ele><time>2020-10-25T14:28:28Z</time></trkpt><trkpt lat="46.987152" lon="7.620875"><ele>813.666</ele><time>2020-10-25T14:28:29Z</time></trkpt><trkpt lat="46.987151" lon="7.620793"><ele>814.029</ele><time>2020-10-25T14:28:40Z</time></trkpt><trkpt lat="46.987144" lon="7.620776"><ele>814.421</ele><time>2020-10-25T14:28:42Z</time></trkpt><trkpt lat="46.987136" lon="7.620760"><ele>814.608</ele><time>2020-10-25T14:28:44Z</time></trkpt><trkpt lat="46.987122" lon="7.620692"><ele>815.681</ele><time>2020-10-25T14:28:52Z</time></trkpt><trkpt lat="46.987123" lon="7.620677"><ele>815.815</ele><time>2020-10-25T14:28:54Z</time></trkpt><trkpt lat="46.987132" lon="7.620666"><ele>816.068</ele><time>2020-10-25T14:28:56Z</time></trkpt><trkpt lat="46.987132" lon="7.620661"><ele>816.252</ele><time>2020-10-25T14:28:58Z</time></trkpt><trkpt lat="46.987127" lon="7.620648"><ele>816.269</ele><time>2020-10-25T14:29:03Z</time></trkpt><trkpt lat="46.987108" lon="7.620622"><ele>816.482</ele><time>2020-10-25T14:29:07Z</time></trkpt><trkpt lat="46.987101" lon="7.620613"><ele>816.637</ele><time>2020-10-25T14:29:08Z</time></trkpt><trkpt lat="46.987093" lon="7.620608"><ele>816.825</ele><time>2020-10-25T14:29:09Z</time></trkpt><trkpt lat="46.987062" lon="7.620572"><ele>818.042</ele><time>2020-10-25T14:29:14Z</time></trkpt><trkpt lat="46.987039" lon="7.620520"><ele>818.822</ele><time>2020-10-25T14:29:21Z</time></trkpt><trkpt lat="46.987036" lon="7.620508"><ele>818.814</ele><time>2020-10-25T14:29:22Z</time></trkpt><trkpt lat="46.987027" lon="7.620484"><ele>819.008</ele><time>2020-10-25T14:29:24Z</time></trkpt><trkpt lat="46.987015" lon="7.620419"><ele>820.259</ele><time>2020-10-25T14:29:29Z</time></trkpt><trkpt lat="46.987010" lon="7.620407"><ele>820.493</ele><time>2020-10-25T14:29:30Z</time></trkpt><trkpt lat="46.986998" lon="7.620334"><ele>821.016</ele><time>2020-10-25T14:29:36Z</time></trkpt><trkpt lat="46.986990" lon="7.620307"><ele>821.280</ele><time>2020-10-25T14:29:39Z</time></trkpt><trkpt lat="46.986951" lon="7.620204"><ele>822.467</ele><time>2020-10-25T14:29:51Z</time></trkpt><trkpt lat="46.986955" lon="7.620183"><ele>822.820</ele><time>2020-10-25T14:29:53Z</time></trkpt><trkpt lat="46.986959" lon="7.620103"><ele>823.425</ele><time>2020-10-25T14:30:04Z</time></trkpt><trkpt lat="46.986943" lon="7.620060"><ele>824.033</ele><time>2020-10-25T14:30:09Z</time></trkpt><trkpt lat="46.986928" lon="7.620037"><ele>824.666</ele><time>2020-10-25T14:30:13Z</time></trkpt><trkpt lat="46.986917" lon="7.620003"><ele>825.629</ele><time>2020-10-25T14:30:19Z</time></trkpt><trkpt lat="46.986898" lon="7.619931"><ele>826.821</ele><time>2020-10-25T14:30:27Z</time></trkpt><trkpt lat="46.986899" lon="7.619922"><ele>827.008</ele><time>2020-10-25T14:30:28Z</time></trkpt><trkpt lat="46.986885" lon="7.619856"><ele>828.091</ele><time>2020-10-25T14:30:37Z</time></trkpt><trkpt lat="46.986879" lon="7.619830"><ele>828.685</ele><time>2020-10-25T14:30:41Z</time></trkpt><trkpt lat="46.986855" lon="7.619810"><ele>829.038</ele><time>2020-10-25T14:30:46Z</time></trkpt><trkpt lat="46.986825" lon="7.619731"><ele>829.852</ele><time>2020-10-25T14:30:56Z</time></trkpt><trkpt lat="46.986811" lon="7.619706"><ele>830.289</ele><time>2020-10-25T14:31:00Z</time></trkpt><trkpt lat="46.986814" lon="7.619668"><ele>831.232</ele><time>2020-10-25T14:31:09Z</time></trkpt><trkpt lat="46.986817" lon="7.619658"><ele>831.467</ele><time>2020-10-25T14:31:11Z</time></trkpt><trkpt lat="46.986764" lon="7.619623"><ele>832.425</ele><time>2020-10-25T14:31:20Z</time></trkpt><trkpt lat="46.986761" lon="7.619625"><ele>832.646</ele><time>2020-10-25T14:31:23Z</time></trkpt><trkpt lat="46.986744" lon="7.619602"><ele>832.888</ele><time>2020-10-25T14:31:36Z</time></trkpt><trkpt lat="46.986732" lon="7.619604"><ele>833.016</ele><time>2020-10-25T14:31:38Z</time></trkpt><trkpt lat="46.986711" lon="7.619580"><ele>833.408</ele><time>2020-10-25T14:31:43Z</time></trkpt><trkpt lat="46.986696" lon="7.619562"><ele>833.839</ele><time>2020-10-25T14:31:46Z</time></trkpt><trkpt lat="46.986679" lon="7.619525"><ele>834.433</ele><time>2020-10-25T14:31:52Z</time></trkpt><trkpt lat="46.986658" lon="7.619479"><ele>835.696</ele><time>2020-10-25T14:32:00Z</time></trkpt><trkpt lat="46.986640" lon="7.619410"><ele>836.470</ele><time>2020-10-25T14:32:08Z</time></trkpt><trkpt lat="46.986637" lon="7.619398"><ele>836.637</ele><time>2020-10-25T14:32:09Z</time></trkpt><trkpt lat="46.986611" lon="7.619338"><ele>837.840</ele><time>2020-10-25T14:32:19Z</time></trkpt><trkpt lat="46.986596" lon="7.619248"><ele>838.655</ele><time>2020-10-25T14:32:26Z</time></trkpt><trkpt lat="46.986590" lon="7.619225"><ele>838.893</ele><time>2020-10-25T14:32:28Z</time></trkpt><trkpt lat="46.986582" lon="7.619171"><ele>839.414</ele><time>2020-10-25T14:32:33Z</time></trkpt><trkpt lat="46.986575" lon="7.619153"><ele>839.854</ele><time>2020-10-25T14:32:36Z</time></trkpt><trkpt lat="46.986585" lon="7.619065"><ele>840.609</ele><time>2020-10-25T14:32:42Z</time></trkpt><trkpt lat="46.986590" lon="7.619007"><ele>840.808</ele><time>2020-10-25T14:32:46Z</time></trkpt><trkpt lat="46.986575" lon="7.618959"><ele>841.826</ele><time>2020-10-25T14:32:54Z</time></trkpt><trkpt lat="46.986566" lon="7.618953"><ele>842.060</ele><time>2020-10-25T14:32:56Z</time></trkpt><trkpt lat="46.986466" lon="7.618885"><ele>842.413</ele><time>2020-10-25T14:33:13Z</time></trkpt><trkpt lat="46.986417" lon="7.618669"><ele>842.017</ele><time>2020-10-25T14:33:28Z</time></trkpt><trkpt lat="46.986395" lon="7.618604"><ele>842.214</ele><time>2020-10-25T14:33:34Z</time></trkpt><trkpt lat="46.986363" lon="7.618524"><ele>842.447</ele><time>2020-10-25T14:33:42Z</time></trkpt><trkpt lat="46.986316" lon="7.618480"><ele>842.862</ele><time>2020-10-25T14:33:51Z</time></trkpt><trkpt lat="46.986305" lon="7.618474"><ele>843.230</ele><time>2020-10-25T14:33:57Z</time></trkpt><trkpt lat="46.986289" lon="7.618418"><ele>843.452</ele><time>2020-10-25T14:34:04Z</time></trkpt><trkpt lat="46.986280" lon="7.618373"><ele>843.453</ele><time>2020-10-25T14:34:06Z</time></trkpt><trkpt lat="46.986230" lon="7.618250"><ele>843.808</ele><time>2020-10-25T14:34:13Z</time></trkpt><trkpt lat="46.986211" lon="7.618172"><ele>844.008</ele><time>2020-10-25T14:34:17Z</time></trkpt><trkpt lat="46.986201" lon="7.618133"><ele>844.040</ele><time>2020-10-25T14:34:19Z</time></trkpt><trkpt lat="46.986124" lon="7.617904"><ele>844.414</ele><time>2020-10-25T14:34:30Z</time></trkpt><trkpt lat="46.986008" lon="7.617739"><ele>844.827</ele><time>2020-10-25T14:34:37Z</time></trkpt><trkpt lat="46.985958" lon="7.617655"><ele>845.041</ele><time>2020-10-25T14:34:40Z</time></trkpt><trkpt lat="46.985905" lon="7.617554"><ele>845.078</ele><time>2020-10-25T14:34:44Z</time></trkpt><trkpt lat="46.985813" lon="7.617332"><ele>845.481</ele><time>2020-10-25T14:34:51Z</time></trkpt><trkpt lat="46.985712" lon="7.617066"><ele>845.896</ele><time>2020-10-25T14:34:59Z</time></trkpt><trkpt lat="46.985704" lon="7.617019"><ele>846.014</ele><time>2020-10-25T14:35:00Z</time></trkpt><trkpt lat="46.985590" lon="7.616742"><ele>846.246</ele><time>2020-10-25T14:35:07Z</time></trkpt><trkpt lat="46.985420" lon="7.616538"><ele>846.688</ele><time>2020-10-25T14:35:13Z</time></trkpt><trkpt lat="46.985361" lon="7.616467"><ele>846.616</ele><time>2020-10-25T14:35:15Z</time></trkpt><trkpt lat="46.985175" lon="7.616294"><ele>847.008</ele><time>2020-10-25T14:35:21Z</time></trkpt><trkpt lat="46.985149" lon="7.616268"><ele>847.099</ele><time>2020-10-25T14:35:22Z</time></trkpt><trkpt lat="46.984996" lon="7.616080"><ele>847.263</ele><time>2020-10-25T14:35:29Z</time></trkpt><trkpt lat="46.984853" lon="7.615926"><ele>847.656</ele><time>2020-10-25T14:35:35Z</time></trkpt><trkpt lat="46.984657" lon="7.615746"><ele>847.840</ele><time>2020-10-25T14:35:41Z</time></trkpt><trkpt lat="46.984624" lon="7.615711"><ele>848.067</ele><time>2020-10-25T14:35:42Z</time></trkpt><trkpt lat="46.984592" lon="7.615679"><ele>848.020</ele><time>2020-10-25T14:35:43Z</time></trkpt><trkpt lat="46.984561" lon="7.615648"><ele>848.035</ele><time>2020-10-25T14:35:44Z</time></trkpt><trkpt lat="46.984528" lon="7.615610"><ele>848.023</ele><time>2020-10-25T14:35:45Z</time></trkpt><trkpt lat="46.984500" lon="7.615576"><ele>848.286</ele><time>2020-10-25T14:35:46Z</time></trkpt><trkpt lat="46.984473" lon="7.615535"><ele>848.260</ele><time>2020-10-25T14:35:47Z</time></trkpt><trkpt lat="46.984443" lon="7.615504"><ele>848.226</ele><time>2020-10-25T14:35:48Z</time></trkpt><trkpt lat="46.984399" lon="7.615470"><ele>848.408</ele><time>2020-10-25T14:35:50Z</time></trkpt><trkpt lat="46.984363" lon="7.615444"><ele>848.423</ele><time>2020-10-25T14:35:52Z</time></trkpt><trkpt lat="46.984320" lon="7.615384"><ele>848.687</ele><time>2020-10-25T14:35:55Z</time></trkpt><trkpt lat="46.984275" lon="7.615297"><ele>848.820</ele><time>2020-10-25T14:35:57Z</time></trkpt><trkpt lat="46.984165" lon="7.615129"><ele>849.064</ele><time>2020-10-25T14:36:02Z</time></trkpt><trkpt lat="46.984114" lon="7.615005"><ele>849.211</ele><time>2020-10-25T14:36:05Z</time></trkpt><trkpt lat="46.984004" lon="7.614851"><ele>849.644</ele><time>2020-10-25T14:36:10Z</time></trkpt><trkpt lat="46.983956" lon="7.614791"><ele>849.849</ele><time>2020-10-25T14:36:12Z</time></trkpt><trkpt lat="46.983879" lon="7.614664"><ele>850.257</ele><time>2020-10-25T14:36:16Z</time></trkpt><trkpt lat="46.983815" lon="7.614557"><ele>850.457</ele><time>2020-10-25T14:36:20Z</time></trkpt><trkpt lat="46.983695" lon="7.614358"><ele>851.200</ele><time>2020-10-25T14:36:28Z</time></trkpt><trkpt lat="46.983680" lon="7.614333"><ele>851.220</ele><time>2020-10-25T14:36:29Z</time></trkpt><trkpt lat="46.983559" lon="7.614135"><ele>852.008</ele><time>2020-10-25T14:36:37Z</time></trkpt><trkpt lat="46.983532" lon="7.614094"><ele>852.230</ele><time>2020-10-25T14:36:39Z</time></trkpt><trkpt lat="46.983456" lon="7.613997"><ele>852.814</ele><time>2020-10-25T14:36:45Z</time></trkpt><trkpt lat="46.983443" lon="7.613985"><ele>852.887</ele><time>2020-10-25T14:36:46Z</time></trkpt><trkpt lat="46.983364" lon="7.613900"><ele>853.221</ele><time>2020-10-25T14:36:50Z</time></trkpt><trkpt lat="46.983326" lon="7.613867"><ele>853.498</ele><time>2020-10-25T14:36:52Z</time></trkpt><trkpt lat="46.983291" lon="7.613839"><ele>853.631</ele><time>2020-10-25T14:36:54Z</time></trkpt><trkpt lat="46.983225" lon="7.613782"><ele>854.076</ele><time>2020-10-25T14:37:00Z</time></trkpt><trkpt lat="46.983216" lon="7.613767"><ele>854.284</ele><time>2020-10-25T14:37:01Z</time></trkpt><trkpt lat="46.983135" lon="7.613665"><ele>854.825</ele><time>2020-10-25T14:37:08Z</time></trkpt><trkpt lat="46.983082" lon="7.613622"><ele>855.226</ele><time>2020-10-25T14:37:12Z</time></trkpt><trkpt lat="46.983074" lon="7.613615"><ele>855.408</ele><time>2020-10-25T14:37:13Z</time></trkpt><trkpt lat="46.983057" lon="7.613598"><ele>855.608</ele><time>2020-10-25T14:37:15Z</time></trkpt><trkpt lat="46.982949" lon="7.613502"><ele>856.237</ele><time>2020-10-25T14:37:21Z</time></trkpt><trkpt lat="46.982932" lon="7.613482"><ele>856.421</ele><time>2020-10-25T14:37:22Z</time></trkpt><trkpt lat="46.982873" lon="7.613395"><ele>856.824</ele><time>2020-10-25T14:37:26Z</time></trkpt><trkpt lat="46.982858" lon="7.613374"><ele>857.018</ele><time>2020-10-25T14:37:27Z</time></trkpt><trkpt lat="46.982849" lon="7.613338"><ele>857.035</ele><time>2020-10-25T14:37:28Z</time></trkpt><trkpt lat="46.982838" lon="7.613309"><ele>857.298</ele><time>2020-10-25T14:37:29Z</time></trkpt><trkpt lat="46.982802" lon="7.613265"><ele>857.433</ele><time>2020-10-25T14:37:31Z</time></trkpt><trkpt lat="46.982718" lon="7.613212"><ele>858.051</ele><time>2020-10-25T14:37:36Z</time></trkpt><trkpt lat="46.982657" lon="7.613188"><ele>858.448</ele><time>2020-10-25T14:37:39Z</time></trkpt><trkpt lat="46.982574" lon="7.613184"><ele>859.061</ele><time>2020-10-25T14:37:43Z</time></trkpt><trkpt lat="46.982484" lon="7.613182"><ele>859.417</ele><time>2020-10-25T14:37:47Z</time></trkpt><trkpt lat="46.982463" lon="7.613180"><ele>859.608</ele><time>2020-10-25T14:37:48Z</time></trkpt><trkpt lat="46.982426" lon="7.613181"><ele>859.829</ele><time>2020-10-25T14:37:50Z</time></trkpt><trkpt lat="46.982390" lon="7.613191"><ele>860.013</ele><time>2020-10-25T14:37:52Z</time></trkpt><trkpt lat="46.982371" lon="7.613199"><ele>860.226</ele><time>2020-10-25T14:37:53Z</time></trkpt><trkpt lat="46.982297" lon="7.613226"><ele>860.670</ele><time>2020-10-25T14:37:57Z</time></trkpt><trkpt lat="46.982221" lon="7.613240"><ele>861.267</ele><time>2020-10-25T14:38:01Z</time></trkpt><trkpt lat="46.982104" lon="7.613262"><ele>861.830</ele><time>2020-10-25T14:38:06Z</time></trkpt><trkpt lat="46.982023" lon="7.613262"><ele>862.285</ele><time>2020-10-25T14:38:10Z</time></trkpt><trkpt lat="46.981940" lon="7.613270"><ele>862.833</ele><time>2020-10-25T14:38:15Z</time></trkpt><trkpt lat="46.981769" lon="7.613240"><ele>863.865</ele><time>2020-10-25T14:38:23Z</time></trkpt><trkpt lat="46.981746" lon="7.613232"><ele>864.068</ele><time>2020-10-25T14:38:24Z</time></trkpt><trkpt lat="46.981554" lon="7.613148"><ele>865.014</ele><time>2020-10-25T14:38:32Z</time></trkpt><trkpt lat="46.981533" lon="7.613149"><ele>865.008</ele><time>2020-10-25T14:38:33Z</time></trkpt><trkpt lat="46.981371" lon="7.613131"><ele>866.091</ele><time>2020-10-25T14:38:41Z</time></trkpt><trkpt lat="46.981352" lon="7.613133"><ele>866.245</ele><time>2020-10-25T14:38:42Z</time></trkpt><trkpt lat="46.981221" lon="7.613173"><ele>867.068</ele><time>2020-10-25T14:38:49Z</time></trkpt><trkpt lat="46.981187" lon="7.613184"><ele>867.292</ele><time>2020-10-25T14:38:51Z</time></trkpt><trkpt lat="46.981090" lon="7.613254"><ele>868.039</ele><time>2020-10-25T14:38:57Z</time></trkpt><trkpt lat="46.981059" lon="7.613278"><ele>868.292</ele><time>2020-10-25T14:38:59Z</time></trkpt><trkpt lat="46.980964" lon="7.613358"><ele>869.077</ele><time>2020-10-25T14:39:05Z</time></trkpt><trkpt lat="46.980932" lon="7.613376"><ele>869.445</ele><time>2020-10-25T14:39:07Z</time></trkpt><trkpt lat="46.980851" lon="7.613407"><ele>870.021</ele><time>2020-10-25T14:39:12Z</time></trkpt><trkpt lat="46.980805" lon="7.613419"><ele>870.441</ele><time>2020-10-25T14:39:15Z</time></trkpt><trkpt lat="46.980722" lon="7.613433"><ele>871.005</ele><time>2020-10-25T14:39:20Z</time></trkpt><trkpt lat="46.980678" lon="7.613433"><ele>871.408</ele><time>2020-10-25T14:39:23Z</time></trkpt><trkpt lat="46.980600" lon="7.613399"><ele>872.237</ele><time>2020-10-25T14:39:28Z</time></trkpt><trkpt lat="46.980554" lon="7.613371"><ele>872.671</ele><time>2020-10-25T14:39:31Z</time></trkpt><trkpt lat="46.980486" lon="7.613331"><ele>873.284</ele><time>2020-10-25T14:39:36Z</time></trkpt><trkpt lat="46.980450" lon="7.613273"><ele>873.618</ele><time>2020-10-25T14:39:39Z</time></trkpt><trkpt lat="46.980398" lon="7.613155"><ele>874.225</ele><time>2020-10-25T14:39:43Z</time></trkpt><trkpt lat="46.980354" lon="7.613016"><ele>874.838</ele><time>2020-10-25T14:39:47Z</time></trkpt><trkpt lat="46.980302" lon="7.612835"><ele>875.483</ele><time>2020-10-25T14:39:52Z</time></trkpt><trkpt lat="46.980271" lon="7.612682"><ele>875.811</ele><time>2020-10-25T14:39:56Z</time></trkpt><trkpt lat="46.980235" lon="7.612495"><ele>876.477</ele><time>2020-10-25T14:40:01Z</time></trkpt><trkpt lat="46.980208" lon="7.612333"><ele>877.061</ele><time>2020-10-25T14:40:05Z</time></trkpt><trkpt lat="46.980192" lon="7.612260"><ele>877.227</ele><time>2020-10-25T14:40:07Z</time></trkpt><trkpt lat="46.980147" lon="7.612016"><ele>878.008</ele><time>2020-10-25T14:40:14Z</time></trkpt><trkpt lat="46.980105" lon="7.611808"><ele>878.862</ele><time>2020-10-25T14:40:20Z</time></trkpt><trkpt lat="46.980091" lon="7.611700"><ele>879.286</ele><time>2020-10-25T14:40:23Z</time></trkpt><trkpt lat="46.980058" lon="7.611480"><ele>879.819</ele><time>2020-10-25T14:40:29Z</time></trkpt><trkpt lat="46.980039" lon="7.611371"><ele>880.253</ele><time>2020-10-25T14:40:32Z</time></trkpt><trkpt lat="46.980018" lon="7.611219"><ele>880.680</ele><time>2020-10-25T14:40:36Z</time></trkpt><trkpt lat="46.979997" lon="7.611013"><ele>881.233</ele><time>2020-10-25T14:40:41Z</time></trkpt><trkpt lat="46.979982" lon="7.610845"><ele>881.618</ele><time>2020-10-25T14:40:45Z</time></trkpt><trkpt lat="46.979964" lon="7.610635"><ele>882.236</ele><time>2020-10-25T14:40:50Z</time></trkpt><trkpt lat="46.979935" lon="7.610425"><ele>882.845</ele><time>2020-10-25T14:40:55Z</time></trkpt><trkpt lat="46.979885" lon="7.610219"><ele>883.447</ele><time>2020-10-25T14:41:00Z</time></trkpt><trkpt lat="46.979854" lon="7.610102"><ele>883.611</ele><time>2020-10-25T14:41:03Z</time></trkpt><trkpt lat="46.979826" lon="7.609984"><ele>883.808</ele><time>2020-10-25T14:41:06Z</time></trkpt><trkpt lat="46.979803" lon="7.609817"><ele>884.279</ele><time>2020-10-25T14:41:10Z</time></trkpt><trkpt lat="46.979792" lon="7.609732"><ele>884.493</ele><time>2020-10-25T14:41:12Z</time></trkpt><trkpt lat="46.979730" lon="7.609464"><ele>885.496</ele><time>2020-10-25T14:41:20Z</time></trkpt><trkpt lat="46.979714" lon="7.609398"><ele>885.640</ele><time>2020-10-25T14:41:22Z</time></trkpt><trkpt lat="46.979667" lon="7.609198"><ele>886.277</ele><time>2020-10-25T14:41:27Z</time></trkpt><trkpt lat="46.979638" lon="7.609083"><ele>886.660</ele><time>2020-10-25T14:41:31Z</time></trkpt><trkpt lat="46.979612" lon="7.609043"><ele>886.835</ele><time>2020-10-25T14:41:33Z</time></trkpt><trkpt lat="46.979560" lon="7.609018"><ele>887.473</ele><time>2020-10-25T14:41:38Z</time></trkpt><trkpt lat="46.979566" lon="7.609030"><ele>887.685</ele><time>2020-10-25T14:41:40Z</time></trkpt><trkpt lat="46.979583" lon="7.609051"><ele>888.089</ele><time>2020-10-25T14:41:44Z</time></trkpt><trkpt lat="46.979586" lon="7.609055"><ele>888.617</ele><time>2020-10-25T14:41:50Z</time></trkpt><trkpt lat="46.979592" lon="7.609049"><ele>888.808</ele><time>2020-10-25T14:41:52Z</time></trkpt><trkpt lat="46.979599" lon="7.609030"><ele>889.253</ele><time>2020-10-25T14:41:56Z</time></trkpt><trkpt lat="46.979585" lon="7.608999"><ele>889.677</ele><time>2020-10-25T14:42:00Z</time></trkpt><trkpt lat="46.979582" lon="7.608993"><ele>889.660</ele><time>2020-10-25T14:42:01Z</time></trkpt><trkpt lat="46.979554" lon="7.608951"><ele>890.414</ele><time>2020-10-25T14:42:09Z</time></trkpt><trkpt lat="46.979550" lon="7.608940"><ele>890.831</ele><time>2020-10-25T14:42:14Z</time></trkpt><trkpt lat="46.979545" lon="7.608938"><ele>891.094</ele><time>2020-10-25T14:42:17Z</time></trkpt><trkpt lat="46.979537" lon="7.608934"><ele>891.089</ele><time>2020-10-25T14:42:18Z</time></trkpt><trkpt lat="46.979529" lon="7.608937"><ele>891.277</ele><time>2020-10-25T14:42:20Z</time></trkpt><trkpt lat="46.979536" lon="7.608939"><ele>891.614</ele><time>2020-10-25T14:42:26Z</time></trkpt><trkpt lat="46.979539" lon="7.608939"><ele>891.654</ele><time>2020-10-25T14:42:27Z</time></trkpt><trkpt lat="46.979542" lon="7.608944"><ele>891.809</ele><time>2020-10-25T14:42:28Z</time></trkpt><trkpt lat="46.979551" lon="7.608946"><ele>892.408</ele><time>2020-10-25T14:42:35Z</time></trkpt><trkpt lat="46.979549" lon="7.608939"><ele>892.436</ele><time>2020-10-25T14:42:37Z</time></trkpt><trkpt lat="46.979535" lon="7.608916"><ele>892.850</ele><time>2020-10-25T14:42:45Z</time></trkpt><trkpt lat="46.979534" lon="7.608913"><ele>892.813</ele><time>2020-10-25T14:42:46Z</time></trkpt><trkpt lat="46.979540" lon="7.608897"><ele>893.497</ele><time>2020-10-25T14:42:58Z</time></trkpt><trkpt lat="46.979553" lon="7.608912"><ele>893.834</ele><time>2020-10-25T14:43:06Z</time></trkpt><trkpt lat="46.979566" lon="7.608930"><ele>894.057</ele><time>2020-10-25T14:43:09Z</time></trkpt><trkpt lat="46.979563" lon="7.608911"><ele>894.022</ele><time>2020-10-25T14:43:13Z</time></trkpt><trkpt lat="46.979559" lon="7.608904"><ele>894.270</ele><time>2020-10-25T14:43:14Z</time></trkpt><trkpt lat="46.979540" lon="7.608861"><ele>894.646</ele><time>2020-10-25T14:43:29Z</time></trkpt><trkpt lat="46.979522" lon="7.608817"><ele>894.888</ele><time>2020-10-25T14:43:35Z</time></trkpt><trkpt lat="46.979520" lon="7.608816"><ele>894.816</ele><time>2020-10-25T14:43:36Z</time></trkpt><trkpt lat="46.979520" lon="7.608812"><ele>894.808</ele><time>2020-10-25T14:43:39Z</time></trkpt><trkpt lat="46.979520" lon="7.608804"><ele>895.079</ele><time>2020-10-25T14:43:43Z</time></trkpt><trkpt lat="46.979522" lon="7.608799"><ele>895.033</ele><time>2020-10-25T14:43:44Z</time></trkpt><trkpt lat="46.979548" lon="7.608740"><ele>895.216</ele><time>2020-10-25T14:43:50Z</time></trkpt><trkpt lat="46.979552" lon="7.608657"><ele>895.250</ele><time>2020-10-25T14:43:53Z</time></trkpt><trkpt lat="46.979519" lon="7.608468"><ele>895.437</ele><time>2020-10-25T14:43:59Z</time></trkpt><trkpt lat="46.979484" lon="7.608280"><ele>895.670</ele><time>2020-10-25T14:44:04Z</time></trkpt><trkpt lat="46.979469" lon="7.608207"><ele>895.635</ele><time>2020-10-25T14:44:06Z</time></trkpt><trkpt lat="46.979441" lon="7.608093"><ele>895.863</ele><time>2020-10-25T14:44:09Z</time></trkpt><trkpt lat="46.979429" lon="7.608056"><ele>895.814</ele><time>2020-10-25T14:44:10Z</time></trkpt><trkpt lat="46.979376" lon="7.607904"><ele>896.054</ele><time>2020-10-25T14:44:14Z</time></trkpt><trkpt lat="46.979292" lon="7.607646"><ele>896.209</ele><time>2020-10-25T14:44:21Z</time></trkpt><trkpt lat="46.979277" lon="7.607567"><ele>896.408</ele><time>2020-10-25T14:44:23Z</time></trkpt><trkpt lat="46.979221" lon="7.607345"><ele>896.616</ele><time>2020-10-25T14:44:29Z</time></trkpt><trkpt lat="46.979201" lon="7.607279"><ele>896.610</ele><time>2020-10-25T14:44:31Z</time></trkpt><trkpt lat="46.979160" lon="7.607144"><ele>896.873</ele><time>2020-10-25T14:44:35Z</time></trkpt><trkpt lat="46.979120" lon="7.607024"><ele>897.057</ele><time>2020-10-25T14:44:38Z</time></trkpt><trkpt lat="46.979001" lon="7.606810"><ele>897.454</ele><time>2020-10-25T14:44:45Z</time></trkpt><trkpt lat="46.978982" lon="7.606788"><ele>897.447</ele><time>2020-10-25T14:44:46Z</time></trkpt><trkpt lat="46.978887" lon="7.606693"><ele>897.892</ele><time>2020-10-25T14:44:52Z</time></trkpt><trkpt lat="46.978867" lon="7.606674"><ele>898.070</ele><time>2020-10-25T14:44:53Z</time></trkpt><trkpt lat="46.978714" lon="7.606479"><ele>898.631</ele><time>2020-10-25T14:45:01Z</time></trkpt><trkpt lat="46.978618" lon="7.606292"><ele>898.861</ele><time>2020-10-25T14:45:06Z</time></trkpt><trkpt lat="46.978527" lon="7.606127"><ele>899.407</ele><time>2020-10-25T14:45:11Z</time></trkpt><trkpt lat="46.978391" lon="7.605895"><ele>900.008</ele><time>2020-10-25T14:45:19Z</time></trkpt><trkpt lat="46.978212" lon="7.605715"><ele>900.448</ele><time>2020-10-25T14:45:26Z</time></trkpt><trkpt lat="46.978030" lon="7.605550"><ele>901.012</ele><time>2020-10-25T14:45:32Z</time></trkpt><trkpt lat="46.978004" lon="7.605516"><ele>901.085</ele><time>2020-10-25T14:45:33Z</time></trkpt><trkpt lat="46.977892" lon="7.605405"><ele>901.469</ele><time>2020-10-25T14:45:37Z</time></trkpt><trkpt lat="46.977865" lon="7.605415"><ele>901.476</ele><time>2020-10-25T14:45:38Z</time></trkpt><trkpt lat="46.977797" lon="7.605478"><ele>901.879</ele><time>2020-10-25T14:45:43Z</time></trkpt><trkpt lat="46.977781" lon="7.605498"><ele>902.034</ele><time>2020-10-25T14:45:45Z</time></trkpt><trkpt lat="46.977775" lon="7.605505"><ele>902.032</ele><time>2020-10-25T14:45:46Z</time></trkpt><trkpt lat="46.977769" lon="7.605512"><ele>902.277</ele><time>2020-10-25T14:45:48Z</time></trkpt><trkpt lat="46.977769" lon="7.605504"><ele>902.261</ele><time>2020-10-25T14:45:49Z</time></trkpt><trkpt lat="46.977755" lon="7.605483"><ele>902.827</ele><time>2020-10-25T14:45:57Z</time></trkpt><trkpt lat="46.977747" lon="7.605480"><ele>903.008</ele><time>2020-10-25T14:46:02Z</time></trkpt><trkpt lat="46.977747" lon="7.605480"><ele>903.082</ele><time>2020-10-25T14:46:03Z</time></trkpt><trkpt lat="46.977748" lon="7.605481"><ele>903.216</ele><time>2020-10-25T14:46:06Z</time></trkpt><trkpt lat="46.977749" lon="7.605477"><ele>903.459</ele><time>2020-10-25T14:46:08Z</time></trkpt><trkpt lat="46.977751" lon="7.605473"><ele>903.483</ele><time>2020-10-25T14:46:09Z</time></trkpt><trkpt lat="46.977754" lon="7.605482"><ele>903.890</ele><time>2020-10-25T14:46:17Z</time></trkpt><trkpt lat="46.977754" lon="7.605482"><ele>904.013</ele><time>2020-10-25T14:46:21Z</time></trkpt><trkpt lat="46.977752" lon="7.605481"><ele>904.418</ele><time>2020-10-25T14:46:29Z</time></trkpt><trkpt lat="46.977755" lon="7.605476"><ele>904.696</ele><time>2020-10-25T14:46:35Z</time></trkpt><trkpt lat="46.977757" lon="7.605466"><ele>904.833</ele><time>2020-10-25T14:46:41Z</time></trkpt><trkpt lat="46.977757" lon="7.605465"><ele>905.023</ele><time>2020-10-25T14:46:44Z</time></trkpt><trkpt lat="46.977757" lon="7.605464"><ele>905.015</ele><time>2020-10-25T14:46:46Z</time></trkpt><trkpt lat="46.977757" lon="7.605463"><ele>905.208</ele><time>2020-10-25T14:46:48Z</time></trkpt><trkpt lat="46.977759" lon="7.605465"><ele>905.268</ele><time>2020-10-25T14:46:51Z</time></trkpt><trkpt lat="46.977762" lon="7.605465"><ele>905.452</ele><time>2020-10-25T14:46:57Z</time></trkpt><trkpt lat="46.977755" lon="7.605518"><ele>905.685</ele><time>2020-10-25T14:47:02Z</time></trkpt><trkpt lat="46.977739" lon="7.605601"><ele>905.639</ele><time>2020-10-25T14:47:05Z</time></trkpt><trkpt lat="46.977693" lon="7.605722"><ele>905.886</ele><time>2020-10-25T14:47:10Z</time></trkpt><trkpt lat="46.977694" lon="7.605742"><ele>905.819</ele><time>2020-10-25T14:47:11Z</time></trkpt><trkpt lat="46.977709" lon="7.605740"><ele>905.864</ele><time>2020-10-25T14:47:13Z</time></trkpt><trkpt lat="46.977717" lon="7.605721"><ele>905.892</ele><time>2020-10-25T14:47:14Z</time></trkpt><trkpt lat="46.977756" lon="7.605514"><ele>906.019</ele><time>2020-10-25T14:47:21Z</time></trkpt><trkpt lat="46.977795" lon="7.605368"><ele>906.009</ele><time>2020-10-25T14:47:26Z</time></trkpt><trkpt lat="46.977812" lon="7.605302"><ele>906.219</ele><time>2020-10-25T14:47:28Z</time></trkpt><trkpt lat="46.977824" lon="7.605104"><ele>906.208</ele><time>2020-10-25T14:47:33Z</time></trkpt><trkpt lat="46.977754" lon="7.604901"><ele>906.436</ele><time>2020-10-25T14:47:38Z</time></trkpt><trkpt lat="46.977612" lon="7.604604"><ele>906.650</ele><time>2020-10-25T14:47:46Z</time></trkpt><trkpt lat="46.977573" lon="7.604523"><ele>906.893</ele><time>2020-10-25T14:47:48Z</time></trkpt><trkpt lat="46.977556" lon="7.604490"><ele>906.817</ele><time>2020-10-25T14:47:49Z</time></trkpt><trkpt lat="46.977540" lon="7.604454"><ele>906.814</ele><time>2020-10-25T14:47:50Z</time></trkpt><trkpt lat="46.977514" lon="7.604388"><ele>907.027</ele><time>2020-10-25T14:47:52Z</time></trkpt><trkpt lat="46.977499" lon="7.604348"><ele>907.012</ele><time>2020-10-25T14:47:53Z</time></trkpt><trkpt lat="46.977463" lon="7.604263"><ele>907.210</ele><time>2020-10-25T14:47:55Z</time></trkpt><trkpt lat="46.977369" lon="7.604020"><ele>907.283</ele><time>2020-10-25T14:48:00Z</time></trkpt><trkpt lat="46.977307" lon="7.603714"><ele>907.425</ele><time>2020-10-25T14:48:06Z</time></trkpt><trkpt lat="46.977263" lon="7.603274"><ele>907.617</ele><time>2020-10-25T14:48:13Z</time></trkpt><trkpt lat="46.977188" lon="7.602983"><ele>907.808</ele><time>2020-10-25T14:48:19Z</time></trkpt><trkpt lat="46.977094" lon="7.602677"><ele>908.023</ele><time>2020-10-25T14:48:26Z</time></trkpt><trkpt lat="46.977063" lon="7.602593"><ele>908.287</ele><time>2020-10-25T14:48:28Z</time></trkpt><trkpt lat="46.976978" lon="7.602356"><ele>908.420</ele><time>2020-10-25T14:48:34Z</time></trkpt><trkpt lat="46.976880" lon="7.602050"><ele>908.674</ele><time>2020-10-25T14:48:41Z</time></trkpt><trkpt lat="46.976754" lon="7.601724"><ele>909.011</ele><time>2020-10-25T14:48:49Z</time></trkpt><trkpt lat="46.976745" lon="7.601693"><ele>909.274</ele><time>2020-10-25T14:48:50Z</time></trkpt><trkpt lat="46.976725" lon="7.601628"><ele>909.299</ele><time>2020-10-25T14:48:52Z</time></trkpt><trkpt lat="46.976700" lon="7.601553"><ele>909.477</ele><time>2020-10-25T14:48:54Z</time></trkpt><trkpt lat="46.976666" lon="7.601432"><ele>909.652</ele><time>2020-10-25T14:48:58Z</time></trkpt><trkpt lat="46.976603" lon="7.601241"><ele>910.053</ele><time>2020-10-25T14:49:03Z</time></trkpt><trkpt lat="46.976578" lon="7.601155"><ele>910.208</ele><time>2020-10-25T14:49:05Z</time></trkpt><trkpt lat="46.976563" lon="7.601105"><ele>910.408</ele><time>2020-10-25T14:49:06Z</time></trkpt><trkpt lat="46.976559" lon="7.600870"><ele>910.830</ele><time>2020-10-25T14:49:13Z</time></trkpt><trkpt lat="46.976681" lon="7.600824"><ele>911.274</ele><time>2020-10-25T14:49:19Z</time></trkpt><trkpt lat="46.976834" lon="7.600643"><ele>911.627</ele><time>2020-10-25T14:49:24Z</time></trkpt><trkpt lat="46.976947" lon="7.600299"><ele>912.251</ele><time>2020-10-25T14:49:31Z</time></trkpt><trkpt lat="46.976966" lon="7.600207"><ele>912.218</ele><time>2020-10-25T14:49:33Z</time></trkpt><trkpt lat="46.977020" lon="7.599918"><ele>912.861</ele><time>2020-10-25T14:49:40Z</time></trkpt><trkpt lat="46.977061" lon="7.599637"><ele>913.456</ele><time>2020-10-25T14:49:46Z</time></trkpt><trkpt lat="46.977087" lon="7.599491"><ele>913.694</ele><time>2020-10-25T14:49:49Z</time></trkpt><trkpt lat="46.977157" lon="7.599120"><ele>914.498</ele><time>2020-10-25T14:49:57Z</time></trkpt><trkpt lat="46.977203" lon="7.598935"><ele>915.015</ele><time>2020-10-25T14:50:03Z</time></trkpt><trkpt lat="46.977230" lon="7.598834"><ele>915.426</ele><time>2020-10-25T14:50:07Z</time></trkpt><trkpt lat="46.977248" lon="7.598768"><ele>915.808</ele><time>2020-10-25T14:50:10Z</time></trkpt><trkpt lat="46.977298" lon="7.598630"><ele>916.424</ele><time>2020-10-25T14:50:16Z</time></trkpt><trkpt lat="46.977305" lon="7.598609"><ele>916.438</ele><time>2020-10-25T14:50:17Z</time></trkpt><trkpt lat="46.977312" lon="7.598582"><ele>916.611</ele><time>2020-10-25T14:50:18Z</time></trkpt><trkpt lat="46.977357" lon="7.598440"><ele>917.035</ele><time>2020-10-25T14:50:23Z</time></trkpt><trkpt lat="46.977363" lon="7.598411"><ele>917.272</ele><time>2020-10-25T14:50:24Z</time></trkpt><trkpt lat="46.977395" lon="7.598283"><ele>917.615</ele><time>2020-10-25T14:50:28Z</time></trkpt><trkpt lat="46.977428" lon="7.598148"><ele>918.060</ele><time>2020-10-25T14:50:32Z</time></trkpt><trkpt lat="46.977474" lon="7.597977"><ele>918.678</ele><time>2020-10-25T14:50:37Z</time></trkpt><trkpt lat="46.977482" lon="7.597948"><ele>918.615</ele><time>2020-10-25T14:50:38Z</time></trkpt><trkpt lat="46.977496" lon="7.597893"><ele>918.865</ele><time>2020-10-25T14:50:40Z</time></trkpt><trkpt lat="46.977532" lon="7.597734"><ele>919.411</ele><time>2020-10-25T14:50:46Z</time></trkpt><trkpt lat="46.977552" lon="7.597671"><ele>919.608</ele><time>2020-10-25T14:50:48Z</time></trkpt><trkpt lat="46.977609" lon="7.597502"><ele>920.266</ele><time>2020-10-25T14:50:53Z</time></trkpt><trkpt lat="46.977664" lon="7.597331"><ele>920.650</ele><time>2020-10-25T14:50:58Z</time></trkpt><trkpt lat="46.977678" lon="7.597293"><ele>920.823</ele><time>2020-10-25T14:50:59Z</time></trkpt><trkpt lat="46.977750" lon="7.597115"><ele>921.467</ele><time>2020-10-25T14:51:05Z</time></trkpt><trkpt lat="46.977798" lon="7.596999"><ele>921.884</ele><time>2020-10-25T14:51:09Z</time></trkpt><trkpt lat="46.977826" lon="7.596927"><ele>922.077</ele><time>2020-10-25T14:51:11Z</time></trkpt><trkpt lat="46.977843" lon="7.596890"><ele>922.042</ele><time>2020-10-25T14:51:12Z</time></trkpt><trkpt lat="46.977860" lon="7.596852"><ele>922.270</ele><time>2020-10-25T14:51:13Z</time></trkpt><trkpt lat="46.977876" lon="7.596813"><ele>922.213</ele><time>2020-10-25T14:51:14Z</time></trkpt><trkpt lat="46.978001" lon="7.596556"><ele>922.843</ele><time>2020-10-25T14:51:20Z</time></trkpt><trkpt lat="46.978037" lon="7.596471"><ele>923.007</ele><time>2020-10-25T14:51:22Z</time></trkpt><trkpt lat="46.978051" lon="7.596430"><ele>923.008</ele><time>2020-10-25T14:51:23Z</time></trkpt><trkpt lat="46.978067" lon="7.596392"><ele>923.096</ele><time>2020-10-25T14:51:24Z</time></trkpt><trkpt lat="46.978081" lon="7.596357"><ele>923.220</ele><time>2020-10-25T14:51:25Z</time></trkpt><trkpt lat="46.978121" lon="7.596261"><ele>923.483</ele><time>2020-10-25T14:51:28Z</time></trkpt><trkpt lat="46.978183" lon="7.596109"><ele>923.827</ele><time>2020-10-25T14:51:34Z</time></trkpt><trkpt lat="46.978202" lon="7.596064"><ele>924.094</ele><time>2020-10-25T14:51:36Z</time></trkpt><trkpt lat="46.978211" lon="7.596041"><ele>924.017</ele><time>2020-10-25T14:51:37Z</time></trkpt><trkpt lat="46.978276" lon="7.595896"><ele>924.482</ele><time>2020-10-25T14:51:42Z</time></trkpt><trkpt lat="46.978297" lon="7.595863"><ele>924.450</ele><time>2020-10-25T14:51:43Z</time></trkpt><trkpt lat="46.978415" lon="7.595645"><ele>924.647</ele><time>2020-10-25T14:51:48Z</time></trkpt><trkpt lat="46.978437" lon="7.595599"><ele>924.829</ele><time>2020-10-25T14:51:49Z</time></trkpt><trkpt lat="46.978485" lon="7.595510"><ele>924.821</ele><time>2020-10-25T14:51:51Z</time></trkpt><trkpt lat="46.978620" lon="7.595254"><ele>925.208</ele><time>2020-10-25T14:51:58Z</time></trkpt><trkpt lat="46.978677" lon="7.595189"><ele>925.469</ele><time>2020-10-25T14:52:02Z</time></trkpt><trkpt lat="46.978720" lon="7.595137"><ele>925.463</ele><time>2020-10-25T14:52:04Z</time></trkpt><trkpt lat="46.978903" lon="7.594886"><ele>925.816</ele><time>2020-10-25T14:52:13Z</time></trkpt><trkpt lat="46.979009" lon="7.594782"><ele>925.840</ele><time>2020-10-25T14:52:18Z</time></trkpt><trkpt lat="46.979080" lon="7.594740"><ele>925.877</ele><time>2020-10-25T14:52:21Z</time></trkpt><trkpt lat="46.979300" lon="7.594678"><ele>925.880</ele><time>2020-10-25T14:52:29Z</time></trkpt><trkpt lat="46.979357" lon="7.594653"><ele>925.815</ele><time>2020-10-25T14:52:31Z</time></trkpt><trkpt lat="46.979500" lon="7.594577"><ele>925.613</ele><time>2020-10-25T14:52:36Z</time></trkpt><trkpt lat="46.979526" lon="7.594561"><ele>925.612</ele><time>2020-10-25T14:52:37Z</time></trkpt><trkpt lat="46.979670" lon="7.594472"><ele>925.432</ele><time>2020-10-25T14:52:43Z</time></trkpt><trkpt lat="46.979759" lon="7.594414"><ele>925.005</ele><time>2020-10-25T14:52:47Z</time></trkpt><trkpt lat="46.979865" lon="7.594360"><ele>924.808</ele><time>2020-10-25T14:52:51Z</time></trkpt><trkpt lat="46.979895" lon="7.594350"><ele>924.876</ele><time>2020-10-25T14:52:52Z</time></trkpt><trkpt lat="46.980100" lon="7.594243"><ele>924.070</ele><time>2020-10-25T14:53:00Z</time></trkpt><trkpt lat="46.980237" lon="7.594180"><ele>923.843</ele><time>2020-10-25T14:53:04Z</time></trkpt><trkpt lat="46.980312" lon="7.594153"><ele>923.657</ele><time>2020-10-25T14:53:06Z</time></trkpt><trkpt lat="46.980529" lon="7.594072"><ele>923.054</ele><time>2020-10-25T14:53:12Z</time></trkpt><trkpt lat="46.980599" lon="7.594035"><ele>922.867</ele><time>2020-10-25T14:53:14Z</time></trkpt><trkpt lat="46.980628" lon="7.594020"><ele>922.632</ele><time>2020-10-25T14:53:15Z</time></trkpt><trkpt lat="46.980829" lon="7.593940"><ele>922.040</ele><time>2020-10-25T14:53:21Z</time></trkpt><trkpt lat="46.980910" lon="7.593896"><ele>921.642</ele><time>2020-10-25T14:53:24Z</time></trkpt><trkpt lat="46.981041" lon="7.593800"><ele>921.222</ele><time>2020-10-25T14:53:28Z</time></trkpt><trkpt lat="46.981206" lon="7.593635"><ele>920.614</ele><time>2020-10-25T14:53:33Z</time></trkpt><trkpt lat="46.981274" lon="7.593566"><ele>920.408</ele><time>2020-10-25T14:53:35Z</time></trkpt><trkpt lat="46.981469" lon="7.593361"><ele>919.679</ele><time>2020-10-25T14:53:41Z</time></trkpt><trkpt lat="46.981559" lon="7.593274"><ele>919.233</ele><time>2020-10-25T14:53:44Z</time></trkpt><trkpt lat="46.981728" lon="7.593125"><ele>918.656</ele><time>2020-10-25T14:53:49Z</time></trkpt><trkpt lat="46.981787" lon="7.593084"><ele>918.210</ele><time>2020-10-25T14:53:51Z</time></trkpt><trkpt lat="46.981920" lon="7.592978"><ele>917.627</ele><time>2020-10-25T14:53:56Z</time></trkpt><trkpt lat="46.981949" lon="7.592961"><ele>917.480</ele><time>2020-10-25T14:53:57Z</time></trkpt><trkpt lat="46.981977" lon="7.592948"><ele>917.415</ele><time>2020-10-25T14:53:58Z</time></trkpt><trkpt lat="46.982087" lon="7.592895"><ele>916.893</ele><time>2020-10-25T14:54:02Z</time></trkpt><trkpt lat="46.982161" lon="7.592837"><ele>916.421</ele><time>2020-10-25T14:54:05Z</time></trkpt><trkpt lat="46.982183" lon="7.592825"><ele>916.441</ele><time>2020-10-25T14:54:06Z</time></trkpt><trkpt lat="46.982247" lon="7.592779"><ele>916.005</ele><time>2020-10-25T14:54:09Z</time></trkpt><trkpt lat="46.982323" lon="7.592725"><ele>915.608</ele><time>2020-10-25T14:54:12Z</time></trkpt><trkpt lat="46.982403" lon="7.592659"><ele>915.267</ele><time>2020-10-25T14:54:15Z</time></trkpt><trkpt lat="46.982458" lon="7.592617"><ele>915.081</ele><time>2020-10-25T14:54:17Z</time></trkpt><trkpt lat="46.982559" lon="7.592530"><ele>914.624</ele><time>2020-10-25T14:54:20Z</time></trkpt><trkpt lat="46.982612" lon="7.592466"><ele>914.478</ele><time>2020-10-25T14:54:22Z</time></trkpt><trkpt lat="46.982695" lon="7.592381"><ele>914.255</ele><time>2020-10-25T14:54:24Z</time></trkpt><trkpt lat="46.982826" lon="7.592250"><ele>913.858</ele><time>2020-10-25T14:54:27Z</time></trkpt><trkpt lat="46.983007" lon="7.592082"><ele>913.453</ele><time>2020-10-25T14:54:32Z</time></trkpt><trkpt lat="46.983071" lon="7.592008"><ele>913.291</ele><time>2020-10-25T14:54:34Z</time></trkpt><trkpt lat="46.983229" lon="7.591836"><ele>912.666</ele><time>2020-10-25T14:54:39Z</time></trkpt><trkpt lat="46.983319" lon="7.591741"><ele>912.429</ele><time>2020-10-25T14:54:42Z</time></trkpt><trkpt lat="46.983414" lon="7.591634"><ele>912.221</ele><time>2020-10-25T14:54:45Z</time></trkpt><trkpt lat="46.983758" lon="7.591278"><ele>911.208</ele><time>2020-10-25T14:54:54Z</time></trkpt><trkpt lat="46.983829" lon="7.591207"><ele>911.041</ele><time>2020-10-25T14:54:56Z</time></trkpt><trkpt lat="46.984083" lon="7.590982"><ele>910.285</ele><time>2020-10-25T14:55:03Z</time></trkpt><trkpt lat="46.984139" lon="7.590932"><ele>910.048</ele><time>2020-10-25T14:55:05Z</time></trkpt><trkpt lat="46.984277" lon="7.590800"><ele>909.232</ele><time>2020-10-25T14:55:10Z</time></trkpt><trkpt lat="46.984335" lon="7.590751"><ele>909.029</ele><time>2020-10-25T14:55:12Z</time></trkpt><trkpt lat="46.984364" lon="7.590724"><ele>908.872</ele><time>2020-10-25T14:55:13Z</time></trkpt><trkpt lat="46.984519" lon="7.590580"><ele>907.897</ele><time>2020-10-25T14:55:19Z</time></trkpt><trkpt lat="46.984648" lon="7.590462"><ele>906.835</ele><time>2020-10-25T14:55:24Z</time></trkpt><trkpt lat="46.984670" lon="7.590435"><ele>906.265</ele><time>2020-10-25T14:55:25Z</time></trkpt><trkpt lat="46.984670" lon="7.590435"><ele>906.268</ele><time>2020-10-25T14:55:26Z</time></trkpt><trkpt lat="46.984723" lon="7.590340"><ele>906.014</ele><time>2020-10-25T14:55:28Z</time></trkpt><trkpt lat="46.984773" lon="7.590227"><ele>905.008</ele><time>2020-10-25T14:55:32Z</time></trkpt><trkpt lat="46.984793" lon="7.590169"><ele>904.641</ele><time>2020-10-25T14:55:34Z</time></trkpt><trkpt lat="46.984800" lon="7.590137"><ele>904.445</ele><time>2020-10-25T14:55:35Z</time></trkpt><trkpt lat="46.984830" lon="7.590065"><ele>903.818</ele><time>2020-10-25T14:55:37Z</time></trkpt><trkpt lat="46.984896" lon="7.589864"><ele>902.612</ele><time>2020-10-25T14:55:42Z</time></trkpt><trkpt lat="46.984904" lon="7.589823"><ele>902.469</ele><time>2020-10-25T14:55:43Z</time></trkpt><trkpt lat="46.984933" lon="7.589671"><ele>901.412</ele><time>2020-10-25T14:55:47Z</time></trkpt><trkpt lat="46.984970" lon="7.589497"><ele>900.617</ele><time>2020-10-25T14:55:51Z</time></trkpt><trkpt lat="46.984980" lon="7.589448"><ele>900.245</ele><time>2020-10-25T14:55:52Z</time></trkpt><trkpt lat="46.984999" lon="7.589347"><ele>899.876</ele><time>2020-10-25T14:55:54Z</time></trkpt><trkpt lat="46.985019" lon="7.589239"><ele>899.290</ele><time>2020-10-25T14:55:56Z</time></trkpt><trkpt lat="46.985052" lon="7.589072"><ele>898.419</ele><time>2020-10-25T14:55:59Z</time></trkpt><trkpt lat="46.985061" lon="7.589016"><ele>898.208</ele><time>2020-10-25T14:56:00Z</time></trkpt><trkpt lat="46.985103" lon="7.588800"><ele>897.042</ele><time>2020-10-25T14:56:04Z</time></trkpt><trkpt lat="46.985133" lon="7.588682"><ele>896.436</ele><time>2020-10-25T14:56:06Z</time></trkpt><trkpt lat="46.985163" lon="7.588629"><ele>896.019</ele><time>2020-10-25T14:56:07Z</time></trkpt><trkpt lat="46.985203" lon="7.588589"><ele>895.623</ele><time>2020-10-25T14:56:08Z</time></trkpt><trkpt lat="46.985341" lon="7.588499"><ele>894.870</ele><time>2020-10-25T14:56:11Z</time></trkpt><trkpt lat="46.985384" lon="7.588471"><ele>894.433</ele><time>2020-10-25T14:56:12Z</time></trkpt><trkpt lat="46.985555" lon="7.588374"><ele>893.228</ele><time>2020-10-25T14:56:16Z</time></trkpt><trkpt lat="46.985627" lon="7.588325"><ele>892.436</ele><time>2020-10-25T14:56:18Z</time></trkpt><trkpt lat="46.985680" lon="7.588264"><ele>891.853</ele><time>2020-10-25T14:56:20Z</time></trkpt><trkpt lat="46.985729" lon="7.588172"><ele>890.804</ele><time>2020-10-25T14:56:23Z</time></trkpt><trkpt lat="46.985739" lon="7.588152"><ele>890.614</ele><time>2020-10-25T14:56:24Z</time></trkpt><trkpt lat="46.985760" lon="7.588098"><ele>889.208</ele><time>2020-10-25T14:56:28Z</time></trkpt><trkpt lat="46.985783" lon="7.588072"><ele>888.690</ele><time>2020-10-25T14:56:30Z</time></trkpt><trkpt lat="46.985803" lon="7.588049"><ele>888.064</ele><time>2020-10-25T14:56:32Z</time></trkpt><trkpt lat="46.985841" lon="7.588014"><ele>886.817</ele><time>2020-10-25T14:56:36Z</time></trkpt><trkpt lat="46.985928" lon="7.588027"><ele>885.621</ele><time>2020-10-25T14:56:40Z</time></trkpt><trkpt lat="46.985987" lon="7.588053"><ele>885.058</ele><time>2020-10-25T14:56:42Z</time></trkpt><trkpt lat="46.986045" lon="7.588093"><ele>884.431</ele><time>2020-10-25T14:56:44Z</time></trkpt><trkpt lat="46.986156" lon="7.588209"><ele>883.436</ele><time>2020-10-25T14:56:48Z</time></trkpt><trkpt lat="46.986276" lon="7.588352"><ele>881.884</ele><time>2020-10-25T14:56:52Z</time></trkpt><trkpt lat="46.986382" lon="7.588464"><ele>881.434</ele><time>2020-10-25T14:56:55Z</time></trkpt><trkpt lat="46.986494" lon="7.588581"><ele>880.655</ele><time>2020-10-25T14:56:58Z</time></trkpt><trkpt lat="46.986649" lon="7.588736"><ele>879.610</ele><time>2020-10-25T14:57:02Z</time></trkpt><trkpt lat="46.986688" lon="7.588778"><ele>879.408</ele><time>2020-10-25T14:57:03Z</time></trkpt><trkpt lat="46.986821" lon="7.588919"><ele>878.428</ele><time>2020-10-25T14:57:07Z</time></trkpt><trkpt lat="46.986889" lon="7.588981"><ele>878.052</ele><time>2020-10-25T14:57:09Z</time></trkpt><trkpt lat="46.986984" lon="7.589079"><ele>877.495</ele><time>2020-10-25T14:57:12Z</time></trkpt><trkpt lat="46.987115" lon="7.589173"><ele>876.429</ele><time>2020-10-25T14:57:16Z</time></trkpt><trkpt lat="46.987150" lon="7.589174"><ele>876.226</ele><time>2020-10-25T14:57:17Z</time></trkpt><trkpt lat="46.987187" lon="7.589161"><ele>876.069</ele><time>2020-10-25T14:57:18Z</time></trkpt><trkpt lat="46.987258" lon="7.589089"><ele>875.674</ele><time>2020-10-25T14:57:20Z</time></trkpt><trkpt lat="46.987288" lon="7.589036"><ele>875.472</ele><time>2020-10-25T14:57:21Z</time></trkpt><trkpt lat="46.987315" lon="7.588977"><ele>875.273</ele><time>2020-10-25T14:57:22Z</time></trkpt><trkpt lat="46.987447" lon="7.588721"><ele>874.285</ele><time>2020-10-25T14:57:27Z</time></trkpt><trkpt lat="46.987470" lon="7.588682"><ele>874.013</ele><time>2020-10-25T14:57:28Z</time></trkpt><trkpt lat="46.987545" lon="7.588616"><ele>873.008</ele><time>2020-10-25T14:57:32Z</time></trkpt><trkpt lat="46.987608" lon="7.588602"><ele>872.042</ele><time>2020-10-25T14:57:37Z</time></trkpt><trkpt lat="46.987656" lon="7.588596"><ele>871.436</ele><time>2020-10-25T14:57:39Z</time></trkpt><trkpt lat="46.987746" lon="7.588582"><ele>870.889</ele><time>2020-10-25T14:57:42Z</time></trkpt><trkpt lat="46.987832" lon="7.588553"><ele>870.273</ele><time>2020-10-25T14:57:45Z</time></trkpt><trkpt lat="46.987894" lon="7.588513"><ele>869.820</ele><time>2020-10-25T14:57:47Z</time></trkpt><trkpt lat="46.987992" lon="7.588424"><ele>869.223</ele><time>2020-10-25T14:57:50Z</time></trkpt><trkpt lat="46.988051" lon="7.588363"><ele>868.868</ele><time>2020-10-25T14:57:52Z</time></trkpt><trkpt lat="46.988080" lon="7.588331"><ele>868.696</ele><time>2020-10-25T14:57:53Z</time></trkpt><trkpt lat="46.988222" lon="7.588193"><ele>867.862</ele><time>2020-10-25T14:57:57Z</time></trkpt><trkpt lat="46.988310" lon="7.588116"><ele>867.483</ele><time>2020-10-25T14:57:59Z</time></trkpt><trkpt lat="46.988405" lon="7.588038"><ele>867.011</ele><time>2020-10-25T14:58:01Z</time></trkpt><trkpt lat="46.988451" lon="7.587994"><ele>866.808</ele><time>2020-10-25T14:58:02Z</time></trkpt><trkpt lat="46.988501" lon="7.587947"><ele>866.651</ele><time>2020-10-25T14:58:03Z</time></trkpt><trkpt lat="46.988601" lon="7.587870"><ele>866.235</ele><time>2020-10-25T14:58:05Z</time></trkpt><trkpt lat="46.988784" lon="7.587716"><ele>865.638</ele><time>2020-10-25T14:58:09Z</time></trkpt><trkpt lat="46.988858" lon="7.587646"><ele>865.212</ele><time>2020-10-25T14:58:11Z</time></trkpt><trkpt lat="46.988907" lon="7.587569"><ele>864.869</ele><time>2020-10-25T14:58:13Z</time></trkpt><trkpt lat="46.988892" lon="7.587454"><ele>864.262</ele><time>2020-10-25T14:58:16Z</time></trkpt><trkpt lat="46.988878" lon="7.587415"><ele>864.057</ele><time>2020-10-25T14:58:17Z</time></trkpt><trkpt lat="46.988837" lon="7.587288"><ele>863.475</ele><time>2020-10-25T14:58:20Z</time></trkpt><trkpt lat="46.988782" lon="7.587137"><ele>863.099</ele><time>2020-10-25T14:58:23Z</time></trkpt><trkpt lat="46.988688" lon="7.586840"><ele>862.007</ele><time>2020-10-25T14:58:29Z</time></trkpt><trkpt lat="46.988674" lon="7.586801"><ele>861.827</ele><time>2020-10-25T14:58:30Z</time></trkpt><trkpt lat="46.988604" lon="7.586651"><ele>860.808</ele><time>2020-10-25T14:58:36Z</time></trkpt><trkpt lat="46.988589" lon="7.586637"><ele>860.694</ele><time>2020-10-25T14:58:37Z</time></trkpt><trkpt lat="46.988461" lon="7.586585"><ele>859.678</ele><time>2020-10-25T14:58:43Z</time></trkpt><trkpt lat="46.988216" lon="7.586550"><ele>858.831</ele><time>2020-10-25T14:58:49Z</time></trkpt><trkpt lat="46.988176" lon="7.586549"><ele>858.665</ele><time>2020-10-25T14:58:50Z</time></trkpt><trkpt lat="46.987966" lon="7.586590"><ele>857.622</ele><time>2020-10-25T14:58:55Z</time></trkpt><trkpt lat="46.987930" lon="7.586624"><ele>857.425</ele><time>2020-10-25T14:58:56Z</time></trkpt><trkpt lat="46.987787" lon="7.586833"><ele>856.880</ele><time>2020-10-25T14:59:00Z</time></trkpt><trkpt lat="46.987656" lon="7.587016"><ele>856.418</ele><time>2020-10-25T14:59:02Z</time></trkpt><trkpt lat="46.987477" lon="7.587148"><ele>856.026</ele><time>2020-10-25T14:59:04Z</time></trkpt><trkpt lat="46.987306" lon="7.587171"><ele>855.447</ele><time>2020-10-25T14:59:06Z</time></trkpt><trkpt lat="46.987220" lon="7.587162"><ele>855.211</ele><time>2020-10-25T14:59:07Z</time></trkpt><trkpt lat="46.987147" lon="7.587126"><ele>855.008</ele><time>2020-10-25T14:59:08Z</time></trkpt><trkpt lat="46.987034" lon="7.586997"><ele>854.657</ele><time>2020-10-25T14:59:10Z</time></trkpt><trkpt lat="46.986998" lon="7.586806"><ele>854.231</ele><time>2020-10-25T14:59:12Z</time></trkpt><trkpt lat="46.986998" lon="7.586714"><ele>853.854</ele><time>2020-10-25T14:59:13Z</time></trkpt><trkpt lat="46.987003" lon="7.586626"><ele>853.628</ele><time>2020-10-25T14:59:14Z</time></trkpt><trkpt lat="46.987008" lon="7.586365"><ele>852.845</ele><time>2020-10-25T14:59:17Z</time></trkpt><trkpt lat="46.987003" lon="7.586279"><ele>852.628</ele><time>2020-10-25T14:59:18Z</time></trkpt><trkpt lat="46.986987" lon="7.586187"><ele>852.443</ele><time>2020-10-25T14:59:19Z</time></trkpt><trkpt lat="46.986939" lon="7.586010"><ele>851.811</ele><time>2020-10-25T14:59:21Z</time></trkpt><trkpt lat="46.986907" lon="7.585907"><ele>851.665</ele><time>2020-10-25T14:59:22Z</time></trkpt><trkpt lat="46.986873" lon="7.585797"><ele>851.468</ele><time>2020-10-25T14:59:23Z</time></trkpt><trkpt lat="46.986807" lon="7.585568"><ele>850.814</ele><time>2020-10-25T14:59:25Z</time></trkpt><trkpt lat="46.986758" lon="7.585317"><ele>850.208</ele><time>2020-10-25T14:59:27Z</time></trkpt><trkpt lat="46.986735" lon="7.585054"><ele>849.611</ele><time>2020-10-25T14:59:29Z</time></trkpt><trkpt lat="46.986728" lon="7.584813"><ele>849.095</ele><time>2020-10-25T14:59:31Z</time></trkpt><trkpt lat="46.986720" lon="7.584592"><ele>848.448</ele><time>2020-10-25T14:59:33Z</time></trkpt><trkpt lat="46.986714" lon="7.584390"><ele>847.862</ele><time>2020-10-25T14:59:35Z</time></trkpt><trkpt lat="46.986703" lon="7.584205"><ele>847.289</ele><time>2020-10-25T14:59:37Z</time></trkpt><trkpt lat="46.986676" lon="7.584033"><ele>846.682</ele><time>2020-10-25T14:59:39Z</time></trkpt><trkpt lat="46.986617" lon="7.583869"><ele>846.087</ele><time>2020-10-25T14:59:41Z</time></trkpt><trkpt lat="46.986574" lon="7.583791"><ele>845.665</ele><time>2020-10-25T14:59:42Z</time></trkpt><trkpt lat="46.986523" lon="7.583722"><ele>844.633</ele><time>2020-10-25T14:59:43Z</time></trkpt><trkpt lat="46.986419" lon="7.583624"><ele>844.623</ele><time>2020-10-25T14:59:45Z</time></trkpt><trkpt lat="46.986367" lon="7.583598"><ele>844.215</ele><time>2020-10-25T14:59:46Z</time></trkpt><trkpt lat="46.986270" lon="7.583551"><ele>843.608</ele><time>2020-10-25T14:59:48Z</time></trkpt><trkpt lat="46.986100" lon="7.583493"><ele>842.688</ele><time>2020-10-25T14:59:51Z</time></trkpt><trkpt lat="46.986043" lon="7.583486"><ele>842.242</ele><time>2020-10-25T14:59:52Z</time></trkpt><trkpt lat="46.985923" lon="7.583485"><ele>841.685</ele><time>2020-10-25T14:59:54Z</time></trkpt><trkpt lat="46.985864" lon="7.583502"><ele>841.269</ele><time>2020-10-25T14:59:55Z</time></trkpt><trkpt lat="46.985805" lon="7.583525"><ele>840.826</ele><time>2020-10-25T14:59:56Z</time></trkpt><trkpt lat="46.985745" lon="7.583554"><ele>840.489</ele><time>2020-10-25T14:59:57Z</time></trkpt><trkpt lat="46.985632" lon="7.583674"><ele>839.814</ele><time>2020-10-25T14:59:59Z</time></trkpt><trkpt lat="46.985581" lon="7.583725"><ele>839.472</ele><time>2020-10-25T15:00:00Z</time></trkpt><trkpt lat="46.985467" lon="7.583866"><ele>838.659</ele><time>2020-10-25T15:00:02Z</time></trkpt><trkpt lat="46.985418" lon="7.583943"><ele>838.203</ele><time>2020-10-25T15:00:03Z</time></trkpt><trkpt lat="46.985349" lon="7.584072"><ele>837.623</ele><time>2020-10-25T15:00:05Z</time></trkpt><trkpt lat="46.985323" lon="7.584136"><ele>837.208</ele><time>2020-10-25T15:00:06Z</time></trkpt><trkpt lat="46.985303" lon="7.584206"><ele>836.830</ele><time>2020-10-25T15:00:07Z</time></trkpt><trkpt lat="46.985279" lon="7.584275"><ele>836.494</ele><time>2020-10-25T15:00:08Z</time></trkpt><trkpt lat="46.985251" lon="7.584345"><ele>836.097</ele><time>2020-10-25T15:00:09Z</time></trkpt><trkpt lat="46.985213" lon="7.584415"><ele>835.831</ele><time>2020-10-25T15:00:10Z</time></trkpt><trkpt lat="46.985120" lon="7.584532"><ele>835.018</ele><time>2020-10-25T15:00:12Z</time></trkpt><trkpt lat="46.985074" lon="7.584557"><ele>834.611</ele><time>2020-10-25T15:00:13Z</time></trkpt><trkpt lat="46.985028" lon="7.584569"><ele>834.296</ele><time>2020-10-25T15:00:14Z</time></trkpt><trkpt lat="46.984982" lon="7.584560"><ele>833.814</ele><time>2020-10-25T15:00:15Z</time></trkpt><trkpt lat="46.984941" lon="7.584527"><ele>833.425</ele><time>2020-10-25T15:00:16Z</time></trkpt><trkpt lat="46.984924" lon="7.584470"><ele>833.026</ele><time>2020-10-25T15:00:17Z</time></trkpt><trkpt lat="46.984906" lon="7.584393"><ele>832.808</ele><time>2020-10-25T15:00:18Z</time></trkpt><trkpt lat="46.984874" lon="7.584235"><ele>832.008</ele><time>2020-10-25T15:00:20Z</time></trkpt><trkpt lat="46.984862" lon="7.584144"><ele>831.697</ele><time>2020-10-25T15:00:21Z</time></trkpt><trkpt lat="46.984810" lon="7.583820"><ele>830.631</ele><time>2020-10-25T15:00:24Z</time></trkpt><trkpt lat="46.984799" lon="7.583713"><ele>830.274</ele><time>2020-10-25T15:00:25Z</time></trkpt><trkpt lat="46.984752" lon="7.583511"><ele>829.468</ele><time>2020-10-25T15:00:27Z</time></trkpt><trkpt lat="46.984689" lon="7.583329"><ele>828.885</ele><time>2020-10-25T15:00:29Z</time></trkpt><trkpt lat="46.984648" lon="7.583248"><ele>828.498</ele><time>2020-10-25T15:00:30Z</time></trkpt><trkpt lat="46.984591" lon="7.583182"><ele>828.243</ele><time>2020-10-25T15:00:31Z</time></trkpt><trkpt lat="46.984474" lon="7.583075"><ele>827.431</ele><time>2020-10-25T15:00:33Z</time></trkpt><trkpt lat="46.984287" lon="7.582954"><ele>826.468</ele><time>2020-10-25T15:00:36Z</time></trkpt><trkpt lat="46.984092" lon="7.582854"><ele>825.442</ele><time>2020-10-25T15:00:39Z</time></trkpt><trkpt lat="46.983890" lon="7.582780"><ele>824.426</ele><time>2020-10-25T15:00:42Z</time></trkpt><trkpt lat="46.983695" lon="7.582719"><ele>823.408</ele><time>2020-10-25T15:00:45Z</time></trkpt><trkpt lat="46.983623" lon="7.582703"><ele>823.011</ele><time>2020-10-25T15:00:46Z</time></trkpt><trkpt lat="46.983497" lon="7.582630"><ele>822.425</ele><time>2020-10-25T15:00:48Z</time></trkpt><trkpt lat="46.983337" lon="7.582481"><ele>821.428</ele><time>2020-10-25T15:00:51Z</time></trkpt><trkpt lat="46.983296" lon="7.582432"><ele>821.022</ele><time>2020-10-25T15:00:52Z</time></trkpt><trkpt lat="46.983202" lon="7.582316"><ele>820.059</ele><time>2020-10-25T15:00:55Z</time></trkpt><trkpt lat="46.983169" lon="7.582284"><ele>819.822</ele><time>2020-10-25T15:00:56Z</time></trkpt><trkpt lat="46.983101" lon="7.582233"><ele>818.647</ele><time>2020-10-25T15:00:58Z</time></trkpt><trkpt lat="46.982996" lon="7.582186"><ele>818.495</ele><time>2020-10-25T15:01:01Z</time></trkpt><trkpt lat="46.982897" lon="7.582170"><ele>817.663</ele><time>2020-10-25T15:01:04Z</time></trkpt><trkpt lat="46.982797" lon="7.582128"><ele>816.844</ele><time>2020-10-25T15:01:07Z</time></trkpt><trkpt lat="46.982726" lon="7.582105"><ele>816.418</ele><time>2020-10-25T15:01:09Z</time></trkpt><trkpt lat="46.982575" lon="7.582063"><ele>815.408</ele><time>2020-10-25T15:01:13Z</time></trkpt><trkpt lat="46.982539" lon="7.582055"><ele>815.271</ele><time>2020-10-25T15:01:14Z</time></trkpt><trkpt lat="46.982504" lon="7.582046"><ele>815.085</ele><time>2020-10-25T15:01:15Z</time></trkpt><trkpt lat="46.982434" lon="7.582030"><ele>814.638</ele><time>2020-10-25T15:01:17Z</time></trkpt><trkpt lat="46.982363" lon="7.582017"><ele>814.242</ele><time>2020-10-25T15:01:19Z</time></trkpt><trkpt lat="46.982148" lon="7.581967"><ele>813.289</ele><time>2020-10-25T15:01:25Z</time></trkpt><trkpt lat="46.981914" lon="7.581912"><ele>812.022</ele><time>2020-10-25T15:01:32Z</time></trkpt><trkpt lat="46.981748" lon="7.581864"><ele>811.477</ele><time>2020-10-25T15:01:37Z</time></trkpt><trkpt lat="46.981682" lon="7.581852"><ele>811.225</ele><time>2020-10-25T15:01:39Z</time></trkpt><trkpt lat="46.981649" lon="7.581853"><ele>811.077</ele><time>2020-10-25T15:01:40Z</time></trkpt><trkpt lat="46.981586" lon="7.581846"><ele>810.861</ele><time>2020-10-25T15:01:42Z</time></trkpt><trkpt lat="46.981340" lon="7.581792"><ele>810.027</ele><time>2020-10-25T15:01:50Z</time></trkpt><trkpt lat="46.981309" lon="7.581784"><ele>809.808</ele><time>2020-10-25T15:01:51Z</time></trkpt><trkpt lat="46.981097" lon="7.581717"><ele>809.232</ele><time>2020-10-25T15:01:58Z</time></trkpt><trkpt lat="46.981063" lon="7.581709"><ele>809.276</ele><time>2020-10-25T15:01:59Z</time></trkpt><trkpt lat="46.980901" lon="7.581675"><ele>808.839</ele><time>2020-10-25T15:02:04Z</time></trkpt><trkpt lat="46.980772" lon="7.581631"><ele>808.613</ele><time>2020-10-25T15:02:08Z</time></trkpt><trkpt lat="46.980521" lon="7.581478"><ele>808.230</ele><time>2020-10-25T15:02:16Z</time></trkpt><trkpt lat="46.980190" lon="7.581287"><ele>808.013</ele><time>2020-10-25T15:02:26Z</time></trkpt><trkpt lat="46.980089" lon="7.581242"><ele>807.878</ele><time>2020-10-25T15:02:29Z</time></trkpt><trkpt lat="46.979915" lon="7.581158"><ele>807.856</ele><time>2020-10-25T15:02:34Z</time></trkpt><trkpt lat="46.979881" lon="7.581137"><ele>807.832</ele><time>2020-10-25T15:02:35Z</time></trkpt><trkpt lat="46.979740" lon="7.581062"><ele>807.692</ele><time>2020-10-25T15:02:39Z</time></trkpt><trkpt lat="46.979704" lon="7.581043"><ele>807.611</ele><time>2020-10-25T15:02:40Z</time></trkpt><trkpt lat="46.979556" lon="7.580969"><ele>807.608</ele><time>2020-10-25T15:02:44Z</time></trkpt><trkpt lat="46.979519" lon="7.580951"><ele>807.648</ele><time>2020-10-25T15:02:45Z</time></trkpt><trkpt lat="46.979238" lon="7.580838"><ele>807.612</ele><time>2020-10-25T15:02:52Z</time></trkpt><trkpt lat="46.978910" lon="7.580755"><ele>807.675</ele><time>2020-10-25T15:02:59Z</time></trkpt><trkpt lat="46.978769" lon="7.580707"><ele>807.679</ele><time>2020-10-25T15:03:02Z</time></trkpt><trkpt lat="46.978599" lon="7.580596"><ele>807.646</ele><time>2020-10-25T15:03:06Z</time></trkpt><trkpt lat="46.978488" lon="7.580494"><ele>807.659</ele><time>2020-10-25T15:03:09Z</time></trkpt><trkpt lat="46.978379" lon="7.580370"><ele>807.684</ele><time>2020-10-25T15:03:12Z</time></trkpt><trkpt lat="46.978161" lon="7.580146"><ele>807.642</ele><time>2020-10-25T15:03:18Z</time></trkpt><trkpt lat="46.978086" lon="7.580074"><ele>807.675</ele><time>2020-10-25T15:03:20Z</time></trkpt><trkpt lat="46.977906" lon="7.579879"><ele>807.628</ele><time>2020-10-25T15:03:25Z</time></trkpt><trkpt lat="46.977870" lon="7.579841"><ele>807.620</ele><time>2020-10-25T15:03:26Z</time></trkpt><trkpt lat="46.977837" lon="7.579801"><ele>807.608</ele><time>2020-10-25T15:03:27Z</time></trkpt><trkpt lat="46.977769" lon="7.579728"><ele>807.652</ele><time>2020-10-25T15:03:29Z</time></trkpt><trkpt lat="46.977506" lon="7.579413"><ele>807.666</ele><time>2020-10-25T15:03:37Z</time></trkpt><trkpt lat="46.977285" lon="7.579194"><ele>807.659</ele><time>2020-10-25T15:03:43Z</time></trkpt><trkpt lat="46.977201" lon="7.579150"><ele>807.683</ele><time>2020-10-25T15:03:45Z</time></trkpt><trkpt lat="46.977109" lon="7.579138"><ele>807.690</ele><time>2020-10-25T15:03:47Z</time></trkpt><trkpt lat="46.976975" lon="7.579164"><ele>807.633</ele><time>2020-10-25T15:03:50Z</time></trkpt><trkpt lat="46.976676" lon="7.579302"><ele>807.888</ele><time>2020-10-25T15:03:56Z</time></trkpt><trkpt lat="46.976627" lon="7.579320"><ele>807.826</ele><time>2020-10-25T15:03:57Z</time></trkpt><trkpt lat="46.976576" lon="7.579333"><ele>807.863</ele><time>2020-10-25T15:03:58Z</time></trkpt><trkpt lat="46.976475" lon="7.579322"><ele>807.844</ele><time>2020-10-25T15:04:00Z</time></trkpt><trkpt lat="46.976430" lon="7.579288"><ele>807.818</ele><time>2020-10-25T15:04:01Z</time></trkpt><trkpt lat="46.976392" lon="7.579240"><ele>807.808</ele><time>2020-10-25T15:04:02Z</time></trkpt><trkpt lat="46.976347" lon="7.579124"><ele>807.841</ele><time>2020-10-25T15:04:04Z</time></trkpt><trkpt lat="46.976344" lon="7.579076"><ele>807.875</ele><time>2020-10-25T15:04:05Z</time></trkpt><trkpt lat="46.976336" lon="7.579011"><ele>807.898</ele><time>2020-10-25T15:04:07Z</time></trkpt><trkpt lat="46.976327" lon="7.579003"><ele>807.832</ele><time>2020-10-25T15:04:08Z</time></trkpt><trkpt lat="46.976318" lon="7.579019"><ele>807.899</ele><time>2020-10-25T15:04:10Z</time></trkpt><trkpt lat="46.976331" lon="7.579076"><ele>807.842</ele><time>2020-10-25T15:04:11Z</time></trkpt><trkpt lat="46.976364" lon="7.579111"><ele>807.897</ele><time>2020-10-25T15:04:13Z</time></trkpt><trkpt lat="46.976384" lon="7.579133"><ele>807.865</ele><time>2020-10-25T15:04:18Z</time></trkpt><trkpt lat="46.976387" lon="7.579130"><ele>807.826</ele><time>2020-10-25T15:04:20Z</time></trkpt><trkpt lat="46.976389" lon="7.579130"><ele>807.847</ele><time>2020-10-25T15:04:21Z</time></trkpt><trkpt lat="46.976394" lon="7.579116"><ele>807.811</ele><time>2020-10-25T15:04:23Z</time></trkpt><trkpt lat="46.976402" lon="7.579110"><ele>807.808</ele><time>2020-10-25T15:04:25Z</time></trkpt><trkpt lat="46.976433" lon="7.579096"><ele>807.847</ele><time>2020-10-25T15:04:32Z</time></trkpt><trkpt lat="46.976455" lon="7.579076"><ele>807.821</ele><time>2020-10-25T15:04:39Z</time></trkpt><trkpt lat="46.976364" lon="7.579027"><ele>807.894</ele><time>2020-10-25T15:04:43Z</time></trkpt><trkpt lat="46.976235" lon="7.578951"><ele>807.898</ele><time>2020-10-25T15:04:49Z</time></trkpt><trkpt lat="46.976027" lon="7.578863"><ele>807.845</ele><time>2020-10-25T15:04:56Z</time></trkpt><trkpt lat="46.975836" lon="7.578787"><ele>808.058</ele><time>2020-10-25T15:05:03Z</time></trkpt><trkpt lat="46.975640" lon="7.578732"><ele>808.293</ele><time>2020-10-25T15:05:11Z</time></trkpt><trkpt lat="46.975514" lon="7.578752"><ele>808.461</ele><time>2020-10-25T15:05:16Z</time></trkpt><trkpt lat="46.975455" lon="7.578730"><ele>808.457</ele><time>2020-10-25T15:05:19Z</time></trkpt><trkpt lat="46.975300" lon="7.578726"><ele>808.800</ele><time>2020-10-25T15:05:26Z</time></trkpt><trkpt lat="46.975264" lon="7.578718"><ele>809.020</ele><time>2020-10-25T15:05:28Z</time></trkpt><trkpt lat="46.975246" lon="7.578712"><ele>809.008</ele><time>2020-10-25T15:05:29Z</time></trkpt><trkpt lat="46.975229" lon="7.578703"><ele>809.210</ele><time>2020-10-25T15:05:30Z</time></trkpt><trkpt lat="46.975180" lon="7.578679"><ele>809.474</ele><time>2020-10-25T15:05:33Z</time></trkpt><trkpt lat="46.975163" lon="7.578668"><ele>809.417</ele><time>2020-10-25T15:05:34Z</time></trkpt><trkpt lat="46.975136" lon="7.578645"><ele>809.651</ele><time>2020-10-25T15:05:36Z</time></trkpt><trkpt lat="46.975123" lon="7.578633"><ele>809.658</ele><time>2020-10-25T15:05:37Z</time></trkpt><trkpt lat="46.975089" lon="7.578589"><ele>810.071</ele><time>2020-10-25T15:05:40Z</time></trkpt><trkpt lat="46.975062" lon="7.578532"><ele>810.216</ele><time>2020-10-25T15:05:43Z</time></trkpt><trkpt lat="46.975056" lon="7.578513"><ele>810.434</ele><time>2020-10-25T15:05:44Z</time></trkpt><trkpt lat="46.975032" lon="7.578372"><ele>811.083</ele><time>2020-10-25T15:05:51Z</time></trkpt><trkpt lat="46.975033" lon="7.578334"><ele>811.225</ele><time>2020-10-25T15:05:53Z</time></trkpt><trkpt lat="46.975055" lon="7.578221"><ele>811.817</ele><time>2020-10-25T15:06:00Z</time></trkpt><trkpt lat="46.975058" lon="7.578205"><ele>812.008</ele><time>2020-10-25T15:06:01Z</time></trkpt><trkpt lat="46.975105" lon="7.578136"><ele>812.813</ele><time>2020-10-25T15:06:08Z</time></trkpt><trkpt lat="46.975117" lon="7.578129"><ele>812.817</ele><time>2020-10-25T15:06:09Z</time></trkpt><trkpt lat="46.975125" lon="7.578121"><ele>813.050</ele><time>2020-10-25T15:06:10Z</time></trkpt><trkpt lat="46.975136" lon="7.578101"><ele>813.214</ele><time>2020-10-25T15:06:12Z</time></trkpt><trkpt lat="46.975154" lon="7.578079"><ele>813.641</ele><time>2020-10-25T15:06:15Z</time></trkpt><trkpt lat="46.975172" lon="7.578071"><ele>813.884</ele><time>2020-10-25T15:06:17Z</time></trkpt><trkpt lat="46.975182" lon="7.578069"><ele>813.839</ele><time>2020-10-25T15:06:18Z</time></trkpt><trkpt lat="46.975192" lon="7.578067"><ele>814.097</ele><time>2020-10-25T15:06:19Z</time></trkpt><trkpt lat="46.975256" lon="7.578073"><ele>814.671</ele><time>2020-10-25T15:06:24Z</time></trkpt><trkpt lat="46.975297" lon="7.578067"><ele>815.041</ele><time>2020-10-25T15:06:28Z</time></trkpt><trkpt lat="46.975316" lon="7.578068"><ele>815.415</ele><time>2020-10-25T15:06:30Z</time></trkpt><trkpt lat="46.975326" lon="7.578067"><ele>815.408</ele><time>2020-10-25T15:06:31Z</time></trkpt><trkpt lat="46.975382" lon="7.578054"><ele>816.262</ele><time>2020-10-25T15:06:37Z</time></trkpt><trkpt lat="46.975397" lon="7.578051"><ele>816.426</ele><time>2020-10-25T15:06:39Z</time></trkpt><trkpt lat="46.975458" lon="7.578053"><ele>817.299</ele><time>2020-10-25T15:06:46Z</time></trkpt><trkpt lat="46.975475" lon="7.578057"><ele>817.623</ele><time>2020-10-25T15:06:48Z</time></trkpt><trkpt lat="46.975540" lon="7.578052"><ele>818.250</ele><time>2020-10-25T15:06:54Z</time></trkpt><trkpt lat="46.975570" lon="7.578053"><ele>818.613</ele><time>2020-10-25T15:06:57Z</time></trkpt><trkpt lat="46.975639" lon="7.578041"><ele>819.458</ele><time>2020-10-25T15:07:02Z</time></trkpt><trkpt lat="46.975673" lon="7.578032"><ele>819.826</ele><time>2020-10-25T15:07:05Z</time></trkpt><trkpt lat="46.975755" lon="7.577979"><ele>820.452</ele><time>2020-10-25T15:07:11Z</time></trkpt><trkpt lat="46.975815" lon="7.577939"><ele>821.053</ele><time>2020-10-25T15:07:15Z</time></trkpt><trkpt lat="46.975875" lon="7.577889"><ele>821.608</ele><time>2020-10-25T15:07:19Z</time></trkpt><trkpt lat="46.975962" lon="7.577828"><ele>822.208</ele><time>2020-10-25T15:07:25Z</time></trkpt><trkpt lat="46.975995" lon="7.577806"><ele>822.650</ele><time>2020-10-25T15:07:27Z</time></trkpt><trkpt lat="46.976105" lon="7.577688"><ele>823.484</ele><time>2020-10-25T15:07:34Z</time></trkpt><trkpt lat="46.976121" lon="7.577672"><ele>823.697</ele><time>2020-10-25T15:07:35Z</time></trkpt><trkpt lat="46.976253" lon="7.577518"><ele>824.691</ele><time>2020-10-25T15:07:43Z</time></trkpt><trkpt lat="46.976334" lon="7.577374"><ele>825.438</ele><time>2020-10-25T15:07:49Z</time></trkpt><trkpt lat="46.976366" lon="7.577324"><ele>825.611</ele><time>2020-10-25T15:07:51Z</time></trkpt><trkpt lat="46.976384" lon="7.577302"><ele>825.826</ele><time>2020-10-25T15:07:52Z</time></trkpt><trkpt lat="46.976526" lon="7.577137"><ele>826.854</ele><time>2020-10-25T15:08:01Z</time></trkpt><trkpt lat="46.976577" lon="7.577090"><ele>827.246</ele><time>2020-10-25T15:08:04Z</time></trkpt><trkpt lat="46.976639" lon="7.577033"><ele>827.888</ele><time>2020-10-25T15:08:08Z</time></trkpt><trkpt lat="46.976655" lon="7.577022"><ele>828.016</ele><time>2020-10-25T15:08:09Z</time></trkpt><trkpt lat="46.976684" lon="7.576999"><ele>828.208</ele><time>2020-10-25T15:08:11Z</time></trkpt><trkpt lat="46.976698" lon="7.576989"><ele>828.439</ele><time>2020-10-25T15:08:12Z</time></trkpt><trkpt lat="46.976774" lon="7.576914"><ele>829.023</ele><time>2020-10-25T15:08:17Z</time></trkpt><trkpt lat="46.976886" lon="7.576760"><ele>830.286</ele><time>2020-10-25T15:08:24Z</time></trkpt><trkpt lat="46.977041" lon="7.576519"><ele>831.250</ele><time>2020-10-25T15:08:32Z</time></trkpt><trkpt lat="46.977059" lon="7.576484"><ele>831.437</ele><time>2020-10-25T15:08:33Z</time></trkpt><trkpt lat="46.977155" lon="7.576238"><ele>832.440</ele><time>2020-10-25T15:08:40Z</time></trkpt><trkpt lat="46.977242" lon="7.575978"><ele>833.495</ele><time>2020-10-25T15:08:48Z</time></trkpt><trkpt lat="46.977315" lon="7.575768"><ele>834.623</ele><time>2020-10-25T15:08:55Z</time></trkpt><trkpt lat="46.977325" lon="7.575742"><ele>834.669</ele><time>2020-10-25T15:08:56Z</time></trkpt><trkpt lat="46.977350" lon="7.575682"><ele>835.004</ele><time>2020-10-25T15:08:58Z</time></trkpt><trkpt lat="46.977398" lon="7.575571"><ele>835.824</ele><time>2020-10-25T15:09:02Z</time></trkpt><trkpt lat="46.977398" lon="7.575540"><ele>836.208</ele><time>2020-10-25T15:09:06Z</time></trkpt><trkpt lat="46.977401" lon="7.575535"><ele>837.061</ele><time>2020-10-25T15:09:12Z</time></trkpt><trkpt lat="46.977403" lon="7.575533"><ele>837.235</ele><time>2020-10-25T15:09:14Z</time></trkpt><trkpt lat="46.977404" lon="7.575533"><ele>837.898</ele><time>2020-10-25T15:09:17Z</time></trkpt><trkpt lat="46.977405" lon="7.575534"><ele>838.232</ele><time>2020-10-25T15:09:20Z</time></trkpt><trkpt lat="46.977408" lon="7.575533"><ele>838.649</ele><time>2020-10-25T15:09:24Z</time></trkpt><trkpt lat="46.977412" lon="7.575535"><ele>839.262</ele><time>2020-10-25T15:09:28Z</time></trkpt><trkpt lat="46.977413" lon="7.575539"><ele>839.617</ele><time>2020-10-25T15:09:31Z</time></trkpt><trkpt lat="46.977408" lon="7.575539"><ele>839.875</ele><time>2020-10-25T15:09:34Z</time></trkpt><trkpt lat="46.977409" lon="7.575541"><ele>840.272</ele><time>2020-10-25T15:09:37Z</time></trkpt><trkpt lat="46.977409" lon="7.575546"><ele>840.613</ele><time>2020-10-25T15:09:40Z</time></trkpt><trkpt lat="46.977446" lon="7.575514"><ele>841.214</ele><time>2020-10-25T15:09:46Z</time></trkpt><trkpt lat="46.977452" lon="7.575505"><ele>841.208</ele><time>2020-10-25T15:09:47Z</time></trkpt><trkpt lat="46.977458" lon="7.575496"><ele>841.432</ele><time>2020-10-25T15:09:48Z</time></trkpt><trkpt lat="46.977478" lon="7.575428"><ele>842.036</ele><time>2020-10-25T15:09:55Z</time></trkpt><trkpt lat="46.977483" lon="7.575392"><ele>842.479</ele><time>2020-10-25T15:09:58Z</time></trkpt><trkpt lat="46.977486" lon="7.575380"><ele>842.493</ele><time>2020-10-25T15:09:59Z</time></trkpt><trkpt lat="46.977454" lon="7.575233"><ele>843.030</ele><time>2020-10-25T15:10:07Z</time></trkpt><trkpt lat="46.977396" lon="7.574980"><ele>843.453</ele><time>2020-10-25T15:10:12Z</time></trkpt><trkpt lat="46.977383" lon="7.574914"><ele>843.478</ele><time>2020-10-25T15:10:13Z</time></trkpt><trkpt lat="46.977366" lon="7.574780"><ele>843.436</ele><time>2020-10-25T15:10:15Z</time></trkpt><trkpt lat="46.977360" lon="7.574570"><ele>843.656</ele><time>2020-10-25T15:10:18Z</time></trkpt><trkpt lat="46.977361" lon="7.574501"><ele>843.659</ele><time>2020-10-25T15:10:19Z</time></trkpt><trkpt lat="46.977386" lon="7.574374"><ele>843.614</ele><time>2020-10-25T15:10:21Z</time></trkpt><trkpt lat="46.977417" lon="7.574321"><ele>843.608</ele><time>2020-10-25T15:10:22Z</time></trkpt><trkpt lat="46.977455" lon="7.574280"><ele>843.810</ele><time>2020-10-25T15:10:23Z</time></trkpt><trkpt lat="46.977593" lon="7.574173"><ele>843.694</ele><time>2020-10-25T15:10:26Z</time></trkpt><trkpt lat="46.977645" lon="7.574140"><ele>843.677</ele><time>2020-10-25T15:10:27Z</time></trkpt><trkpt lat="46.977756" lon="7.574073"><ele>843.621</ele><time>2020-10-25T15:10:29Z</time></trkpt><trkpt lat="46.977813" lon="7.574029"><ele>843.668</ele><time>2020-10-25T15:10:30Z</time></trkpt><trkpt lat="46.977915" lon="7.573909"><ele>843.421</ele><time>2020-10-25T15:10:32Z</time></trkpt><trkpt lat="46.978027" lon="7.573791"><ele>843.296</ele><time>2020-10-25T15:10:34Z</time></trkpt><trkpt lat="46.978150" lon="7.573707"><ele>843.074</ele><time>2020-10-25T15:10:36Z</time></trkpt><trkpt lat="46.978329" lon="7.573593"><ele>842.671</ele><time>2020-10-25T15:10:39Z</time></trkpt><trkpt lat="46.978430" lon="7.573485"><ele>842.441</ele><time>2020-10-25T15:10:41Z</time></trkpt><trkpt lat="46.978476" lon="7.573419"><ele>842.415</ele><time>2020-10-25T15:10:42Z</time></trkpt><trkpt lat="46.978592" lon="7.573204"><ele>841.808</ele><time>2020-10-25T15:10:45Z</time></trkpt><trkpt lat="46.978624" lon="7.573124"><ele>841.812</ele><time>2020-10-25T15:10:46Z</time></trkpt><trkpt lat="46.978752" lon="7.572906"><ele>841.296</ele><time>2020-10-25T15:10:49Z</time></trkpt><trkpt lat="46.978806" lon="7.572850"><ele>841.099</ele><time>2020-10-25T15:10:50Z</time></trkpt><trkpt lat="46.978860" lon="7.572791"><ele>840.843</ele><time>2020-10-25T15:10:51Z</time></trkpt><trkpt lat="46.979074" lon="7.572523"><ele>840.010</ele><time>2020-10-25T15:10:55Z</time></trkpt><trkpt lat="46.979160" lon="7.572391"><ele>839.663</ele><time>2020-10-25T15:10:57Z</time></trkpt><trkpt lat="46.979284" lon="7.572201"><ele>839.078</ele><time>2020-10-25T15:11:00Z</time></trkpt><trkpt lat="46.979490" lon="7.571840"><ele>837.896</ele><time>2020-10-25T15:11:05Z</time></trkpt><trkpt lat="46.979681" lon="7.571552"><ele>836.661</ele><time>2020-10-25T15:11:09Z</time></trkpt><trkpt lat="46.979818" lon="7.571315"><ele>835.821</ele><time>2020-10-25T15:11:12Z</time></trkpt><trkpt lat="46.979868" lon="7.571237"><ele>834.813</ele><time>2020-10-25T15:11:13Z</time></trkpt><trkpt lat="46.979964" lon="7.571064"><ele>834.808</ele><time>2020-10-25T15:11:15Z</time></trkpt><trkpt lat="46.980070" lon="7.570758"><ele>834.041</ele><time>2020-10-25T15:11:18Z</time></trkpt><trkpt lat="46.980099" lon="7.570661"><ele>833.685</ele><time>2020-10-25T15:11:19Z</time></trkpt><trkpt lat="46.980127" lon="7.570558"><ele>833.428</ele><time>2020-10-25T15:11:20Z</time></trkpt><trkpt lat="46.980156" lon="7.570462"><ele>833.062</ele><time>2020-10-25T15:11:21Z</time></trkpt><trkpt lat="46.980180" lon="7.570390"><ele>832.879</ele><time>2020-10-25T15:11:22Z</time></trkpt><trkpt lat="46.980198" lon="7.570331"><ele>832.442</ele><time>2020-10-25T15:11:23Z</time></trkpt><trkpt lat="46.980211" lon="7.570285"><ele>832.287</ele><time>2020-10-25T15:11:24Z</time></trkpt><trkpt lat="46.980220" lon="7.570157"><ele>831.285</ele><time>2020-10-25T15:11:27Z</time></trkpt><trkpt lat="46.980181" lon="7.570083"><ele>830.659</ele><time>2020-10-25T15:11:29Z</time></trkpt><trkpt lat="46.980125" lon="7.570021"><ele>830.003</ele><time>2020-10-25T15:11:31Z</time></trkpt><trkpt lat="46.980040" lon="7.569936"><ele>829.223</ele><time>2020-10-25T15:11:34Z</time></trkpt><trkpt lat="46.980012" lon="7.569910"><ele>829.008</ele><time>2020-10-25T15:11:35Z</time></trkpt><trkpt lat="46.979957" lon="7.569858"><ele>828.420</ele><time>2020-10-25T15:11:37Z</time></trkpt><trkpt lat="46.979906" lon="7.569813"><ele>828.024</ele><time>2020-10-25T15:11:39Z</time></trkpt><trkpt lat="46.979823" lon="7.569713"><ele>826.847</ele><time>2020-10-25T15:11:44Z</time></trkpt><trkpt lat="46.979789" lon="7.569656"><ele>826.031</ele><time>2020-10-25T15:11:47Z</time></trkpt><trkpt lat="46.979764" lon="7.569624"><ele>825.698</ele><time>2020-10-25T15:11:49Z</time></trkpt><trkpt lat="46.979756" lon="7.569605"><ele>825.421</ele><time>2020-10-25T15:11:50Z</time></trkpt><trkpt lat="46.979697" lon="7.569416"><ele>824.696</ele><time>2020-10-25T15:11:55Z</time></trkpt><trkpt lat="46.979683" lon="7.569335"><ele>824.214</ele><time>2020-10-25T15:11:57Z</time></trkpt><trkpt lat="46.979650" lon="7.569248"><ele>824.012</ele><time>2020-10-25T15:11:59Z</time></trkpt><trkpt lat="46.979621" lon="7.569151"><ele>823.432</ele><time>2020-10-25T15:12:02Z</time></trkpt><trkpt lat="46.979604" lon="7.569063"><ele>823.005</ele><time>2020-10-25T15:12:05Z</time></trkpt><trkpt lat="46.979611" lon="7.568921"><ele>822.408</ele><time>2020-10-25T15:12:10Z</time></trkpt><trkpt lat="46.979601" lon="7.568902"><ele>822.416</ele><time>2020-10-25T15:12:11Z</time></trkpt><trkpt lat="46.979598" lon="7.568894"><ele>822.260</ele><time>2020-10-25T15:12:12Z</time></trkpt><trkpt lat="46.979613" lon="7.568873"><ele>821.693</ele><time>2020-10-25T15:12:17Z</time></trkpt><trkpt lat="46.979612" lon="7.568870"><ele>821.417</ele><time>2020-10-25T15:12:20Z</time></trkpt><trkpt lat="46.979612" lon="7.568874"><ele>821.074</ele><time>2020-10-25T15:12:24Z</time></trkpt><trkpt lat="46.979613" lon="7.568877"><ele>820.697</ele><time>2020-10-25T15:12:27Z</time></trkpt><trkpt lat="46.979613" lon="7.568877"><ele>820.672</ele><time>2020-10-25T15:12:28Z</time></trkpt><trkpt lat="46.979614" lon="7.568879"><ele>820.450</ele><time>2020-10-25T15:12:30Z</time></trkpt><trkpt lat="46.979612" lon="7.568877"><ele>820.421</ele><time>2020-10-25T15:12:31Z</time></trkpt><trkpt lat="46.979614" lon="7.568874"><ele>820.041</ele><time>2020-10-25T15:12:35Z</time></trkpt><trkpt lat="46.979615" lon="7.568831"><ele>819.405</ele><time>2020-10-25T15:12:44Z</time></trkpt><trkpt lat="46.979616" lon="7.568824"><ele>819.208</ele><time>2020-10-25T15:12:45Z</time></trkpt><trkpt lat="46.979626" lon="7.568815"><ele>818.847</ele><time>2020-10-25T15:12:52Z</time></trkpt><trkpt lat="46.979647" lon="7.568819"><ele>818.241</ele><time>2020-10-25T15:12:58Z</time></trkpt><trkpt lat="46.979656" lon="7.568813"><ele>818.284</ele><time>2020-10-25T15:12:59Z</time></trkpt><trkpt lat="46.979677" lon="7.568844"><ele>817.688</ele><time>2020-10-25T15:13:07Z</time></trkpt><trkpt lat="46.979681" lon="7.568854"><ele>817.475</ele><time>2020-10-25T15:13:09Z</time></trkpt><trkpt lat="46.979693" lon="7.568868"><ele>817.258</ele><time>2020-10-25T15:13:13Z</time></trkpt><trkpt lat="46.979693" lon="7.568841"><ele>817.273</ele><time>2020-10-25T15:13:14Z</time></trkpt><trkpt lat="46.979685" lon="7.568789"><ele>817.041</ele><time>2020-10-25T15:13:16Z</time></trkpt><trkpt lat="46.979680" lon="7.568681"><ele>816.269</ele><time>2020-10-25T15:13:19Z</time></trkpt><trkpt lat="46.979669" lon="7.568438"><ele>815.804</ele><time>2020-10-25T15:13:24Z</time></trkpt><trkpt lat="46.979650" lon="7.568371"><ele>815.824</ele><time>2020-10-25T15:13:25Z</time></trkpt><trkpt lat="46.979587" lon="7.568251"><ele>815.608</ele><time>2020-10-25T15:13:27Z</time></trkpt><trkpt lat="46.979552" lon="7.568203"><ele>815.681</ele><time>2020-10-25T15:13:28Z</time></trkpt><trkpt lat="46.979515" lon="7.568163"><ele>815.685</ele><time>2020-10-25T15:13:29Z</time></trkpt><trkpt lat="46.979435" lon="7.568100"><ele>815.418</ele><time>2020-10-25T15:13:32Z</time></trkpt><trkpt lat="46.979335" lon="7.568075"><ele>815.022</ele><time>2020-10-25T15:13:35Z</time></trkpt><trkpt lat="46.979213" lon="7.568039"><ele>814.839</ele><time>2020-10-25T15:13:38Z</time></trkpt><trkpt lat="46.979115" lon="7.567970"><ele>814.662</ele><time>2020-10-25T15:13:40Z</time></trkpt><trkpt lat="46.979018" lon="7.567890"><ele>814.627</ele><time>2020-10-25T15:13:42Z</time></trkpt><trkpt lat="46.978936" lon="7.567821"><ele>814.475</ele><time>2020-10-25T15:13:44Z</time></trkpt><trkpt lat="46.978718" lon="7.567627"><ele>814.076</ele><time>2020-10-25T15:13:50Z</time></trkpt><trkpt lat="46.978680" lon="7.567596"><ele>814.090</ele><time>2020-10-25T15:13:51Z</time></trkpt><trkpt lat="46.978413" lon="7.567412"><ele>813.619</ele><time>2020-10-25T15:13:58Z</time></trkpt><trkpt lat="46.978327" lon="7.567374"><ele>813.608</ele><time>2020-10-25T15:14:00Z</time></trkpt><trkpt lat="46.978165" lon="7.567349"><ele>813.492</ele><time>2020-10-25T15:14:04Z</time></trkpt><trkpt lat="46.978132" lon="7.567345"><ele>813.496</ele><time>2020-10-25T15:14:05Z</time></trkpt><trkpt lat="46.977982" lon="7.567322"><ele>813.219</ele><time>2020-10-25T15:14:09Z</time></trkpt><trkpt lat="46.977866" lon="7.567303"><ele>813.253</ele><time>2020-10-25T15:14:12Z</time></trkpt><trkpt lat="46.977723" lon="7.567300"><ele>813.260</ele><time>2020-10-25T15:14:16Z</time></trkpt><trkpt lat="46.977617" lon="7.567304"><ele>813.223</ele><time>2020-10-25T15:14:19Z</time></trkpt><trkpt lat="46.977422" lon="7.567284"><ele>813.248</ele><time>2020-10-25T15:14:25Z</time></trkpt><trkpt lat="46.977142" lon="7.567276"><ele>813.236</ele><time>2020-10-25T15:14:34Z</time></trkpt><trkpt lat="46.976994" lon="7.567311"><ele>813.266</ele><time>2020-10-25T15:14:39Z</time></trkpt><trkpt lat="46.976963" lon="7.567321"><ele>813.229</ele><time>2020-10-25T15:14:40Z</time></trkpt><trkpt lat="46.976710" lon="7.567395"><ele>813.421</ele><time>2020-10-25T15:14:48Z</time></trkpt><trkpt lat="46.976579" lon="7.567437"><ele>813.608</ele><time>2020-10-25T15:14:52Z</time></trkpt><trkpt lat="46.976479" lon="7.567475"><ele>813.671</ele><time>2020-10-25T15:14:55Z</time></trkpt><trkpt lat="46.976412" lon="7.567501"><ele>813.685</ele><time>2020-10-25T15:14:57Z</time></trkpt><trkpt lat="46.976344" lon="7.567531"><ele>813.838</ele><time>2020-10-25T15:14:59Z</time></trkpt><trkpt lat="46.976246" lon="7.567583"><ele>813.842</ele><time>2020-10-25T15:15:01Z</time></trkpt><trkpt lat="46.976133" lon="7.567636"><ele>814.099</ele><time>2020-10-25T15:15:06Z</time></trkpt><trkpt lat="46.976008" lon="7.567712"><ele>814.292</ele><time>2020-10-25T15:15:11Z</time></trkpt><trkpt lat="46.975915" lon="7.567763"><ele>814.297</ele><time>2020-10-25T15:15:14Z</time></trkpt><trkpt lat="46.975885" lon="7.567791"><ele>814.215</ele><time>2020-10-25T15:15:15Z</time></trkpt><trkpt lat="46.975827" lon="7.567842"><ele>814.487</ele><time>2020-10-25T15:15:17Z</time></trkpt><trkpt lat="46.975798" lon="7.567864"><ele>814.442</ele><time>2020-10-25T15:15:18Z</time></trkpt><trkpt lat="46.975661" lon="7.567935"><ele>814.626</ele><time>2020-10-25T15:15:22Z</time></trkpt><trkpt lat="46.975362" lon="7.568030"><ele>814.808</ele><time>2020-10-25T15:15:30Z</time></trkpt><trkpt lat="46.975145" lon="7.568066"><ele>815.053</ele><time>2020-10-25T15:15:35Z</time></trkpt><trkpt lat="46.975058" lon="7.568088"><ele>815.237</ele><time>2020-10-25T15:15:37Z</time></trkpt><trkpt lat="46.975019" lon="7.568093"><ele>815.230</ele><time>2020-10-25T15:15:38Z</time></trkpt><trkpt lat="46.974855" lon="7.568113"><ele>815.444</ele><time>2020-10-25T15:15:42Z</time></trkpt><trkpt lat="46.974745" lon="7.568119"><ele>815.661</ele><time>2020-10-25T15:15:45Z</time></trkpt><trkpt lat="46.974640" lon="7.568120"><ele>815.634</ele><time>2020-10-25T15:15:48Z</time></trkpt><trkpt lat="46.974459" lon="7.568087"><ele>816.019</ele><time>2020-10-25T15:15:53Z</time></trkpt><trkpt lat="46.974349" lon="7.568058"><ele>816.027</ele><time>2020-10-25T15:15:56Z</time></trkpt><trkpt lat="46.974186" lon="7.568021"><ele>816.493</ele><time>2020-10-25T15:16:00Z</time></trkpt><trkpt lat="46.973950" lon="7.567950"><ele>816.865</ele><time>2020-10-25T15:16:07Z</time></trkpt><trkpt lat="46.973731" lon="7.567920"><ele>817.221</ele><time>2020-10-25T15:16:12Z</time></trkpt><trkpt lat="46.973556" lon="7.567904"><ele>817.208</ele><time>2020-10-25T15:16:15Z</time></trkpt><trkpt lat="46.973014" lon="7.567741"><ele>817.634</ele><time>2020-10-25T15:16:24Z</time></trkpt><trkpt lat="46.972901" lon="7.567718"><ele>817.838</ele><time>2020-10-25T15:16:26Z</time></trkpt><trkpt lat="46.972597" lon="7.567655"><ele>817.851</ele><time>2020-10-25T15:16:31Z</time></trkpt><trkpt lat="46.972179" lon="7.567493"><ele>818.015</ele><time>2020-10-25T15:16:37Z</time></trkpt><trkpt lat="46.971832" lon="7.567260"><ele>818.062</ele><time>2020-10-25T15:16:42Z</time></trkpt><trkpt lat="46.971715" lon="7.567138"><ele>817.875</ele><time>2020-10-25T15:16:44Z</time></trkpt><trkpt lat="46.971618" lon="7.567009"><ele>817.840</ele><time>2020-10-25T15:16:46Z</time></trkpt><trkpt lat="46.971443" lon="7.566751"><ele>817.848</ele><time>2020-10-25T15:16:50Z</time></trkpt><trkpt lat="46.971326" lon="7.566574"><ele>817.678</ele><time>2020-10-25T15:16:53Z</time></trkpt><trkpt lat="46.971107" lon="7.566204"><ele>817.433</ele><time>2020-10-25T15:16:59Z</time></trkpt><trkpt lat="46.970967" lon="7.565978"><ele>817.426</ele><time>2020-10-25T15:17:04Z</time></trkpt><trkpt lat="46.970886" lon="7.565844"><ele>817.408</ele><time>2020-10-25T15:17:07Z</time></trkpt><trkpt lat="46.970797" lon="7.565709"><ele>817.222</ele><time>2020-10-25T15:17:11Z</time></trkpt><trkpt lat="46.970682" lon="7.565527"><ele>817.056</ele><time>2020-10-25T15:17:18Z</time></trkpt><trkpt lat="46.970611" lon="7.565423"><ele>817.089</ele><time>2020-10-25T15:17:21Z</time></trkpt><trkpt lat="46.970550" lon="7.565341"><ele>816.863</ele><time>2020-10-25T15:17:23Z</time></trkpt><trkpt lat="46.970520" lon="7.565303"><ele>816.890</ele><time>2020-10-25T15:17:24Z</time></trkpt><trkpt lat="46.970392" lon="7.565180"><ele>816.643</ele><time>2020-10-25T15:17:29Z</time></trkpt><trkpt lat="46.970338" lon="7.565139"><ele>816.218</ele><time>2020-10-25T15:17:34Z</time></trkpt><trkpt lat="46.970305" lon="7.565140"><ele>816.086</ele><time>2020-10-25T15:17:36Z</time></trkpt><trkpt lat="46.970210" lon="7.565097"><ele>815.867</ele><time>2020-10-25T15:17:39Z</time></trkpt><trkpt lat="46.969981" lon="7.565037"><ele>815.681</ele><time>2020-10-25T15:17:44Z</time></trkpt><trkpt lat="46.969660" lon="7.564970"><ele>815.019</ele><time>2020-10-25T15:17:51Z</time></trkpt><trkpt lat="46.969562" lon="7.564942"><ele>814.808</ele><time>2020-10-25T15:17:53Z</time></trkpt><trkpt lat="46.969356" lon="7.564852"><ele>814.611</ele><time>2020-10-25T15:17:57Z</time></trkpt><trkpt lat="46.969106" lon="7.564738"><ele>814.015</ele><time>2020-10-25T15:18:02Z</time></trkpt><trkpt lat="46.968958" lon="7.564663"><ele>813.618</ele><time>2020-10-25T15:18:05Z</time></trkpt><trkpt lat="46.968761" lon="7.564520"><ele>813.242</ele><time>2020-10-25T15:18:09Z</time></trkpt><trkpt lat="46.968668" lon="7.564431"><ele>813.099</ele><time>2020-10-25T15:18:11Z</time></trkpt><trkpt lat="46.968358" lon="7.564101"><ele>812.252</ele><time>2020-10-25T15:18:18Z</time></trkpt><trkpt lat="46.968322" lon="7.564040"><ele>812.037</ele><time>2020-10-25T15:18:19Z</time></trkpt><trkpt lat="46.968289" lon="7.563977"><ele>812.025</ele><time>2020-10-25T15:18:20Z</time></trkpt><trkpt lat="46.968178" lon="7.563703"><ele>811.444</ele><time>2020-10-25T15:18:24Z</time></trkpt><trkpt lat="46.968088" lon="7.563453"><ele>810.805</ele><time>2020-10-25T15:18:28Z</time></trkpt><trkpt lat="46.968057" lon="7.563344"><ele>810.615</ele><time>2020-10-25T15:18:30Z</time></trkpt><trkpt lat="46.967986" lon="7.563059"><ele>810.008</ele><time>2020-10-25T15:18:35Z</time></trkpt><trkpt lat="46.967937" lon="7.562913"><ele>809.869</ele><time>2020-10-25T15:18:37Z</time></trkpt><trkpt lat="46.967809" lon="7.562601"><ele>809.283</ele><time>2020-10-25T15:18:41Z</time></trkpt><trkpt lat="46.967675" lon="7.562340"><ele>808.876</ele><time>2020-10-25T15:18:44Z</time></trkpt><trkpt lat="46.967588" lon="7.562160"><ele>808.490</ele><time>2020-10-25T15:18:46Z</time></trkpt><trkpt lat="46.967541" lon="7.561950"><ele>808.077</ele><time>2020-10-25T15:18:48Z</time></trkpt><trkpt lat="46.967545" lon="7.561841"><ele>807.810</ele><time>2020-10-25T15:18:49Z</time></trkpt><trkpt lat="46.967581" lon="7.561733"><ele>807.685</ele><time>2020-10-25T15:18:50Z</time></trkpt><trkpt lat="46.967622" lon="7.561641"><ele>807.413</ele><time>2020-10-25T15:18:51Z</time></trkpt><trkpt lat="46.967671" lon="7.561560"><ele>807.269</ele><time>2020-10-25T15:18:52Z</time></trkpt><trkpt lat="46.967825" lon="7.561331"><ele>806.604</ele><time>2020-10-25T15:18:55Z</time></trkpt><trkpt lat="46.967870" lon="7.561250"><ele>806.224</ele><time>2020-10-25T15:18:56Z</time></trkpt><trkpt lat="46.967907" lon="7.561164"><ele>806.008</ele><time>2020-10-25T15:18:57Z</time></trkpt><trkpt lat="46.967931" lon="7.560963"><ele>805.691</ele><time>2020-10-25T15:18:59Z</time></trkpt><trkpt lat="46.967917" lon="7.560856"><ele>805.215</ele><time>2020-10-25T15:19:00Z</time></trkpt><trkpt lat="46.967891" lon="7.560755"><ele>805.038</ele><time>2020-10-25T15:19:01Z</time></trkpt><trkpt lat="46.967855" lon="7.560666"><ele>804.812</ele><time>2020-10-25T15:19:02Z</time></trkpt><trkpt lat="46.967803" lon="7.560594"><ele>804.699</ele><time>2020-10-25T15:19:03Z</time></trkpt><trkpt lat="46.967744" lon="7.560540"><ele>804.212</ele><time>2020-10-25T15:19:04Z</time></trkpt><trkpt lat="46.967684" lon="7.560499"><ele>804.077</ele><time>2020-10-25T15:19:05Z</time></trkpt><trkpt lat="46.967511" lon="7.560437"><ele>803.055</ele><time>2020-10-25T15:19:08Z</time></trkpt><trkpt lat="46.967463" lon="7.560438"><ele>802.832</ele><time>2020-10-25T15:19:09Z</time></trkpt><trkpt lat="46.967412" lon="7.560452"><ele>801.892</ele><time>2020-10-25T15:19:10Z</time></trkpt><trkpt lat="46.967315" lon="7.560507"><ele>801.811</ele><time>2020-10-25T15:19:12Z</time></trkpt><trkpt lat="46.967265" lon="7.560542"><ele>801.408</ele><time>2020-10-25T15:19:13Z</time></trkpt><trkpt lat="46.967130" lon="7.560625"><ele>800.648</ele><time>2020-10-25T15:19:16Z</time></trkpt><trkpt lat="46.967006" lon="7.560718"><ele>799.612</ele><time>2020-10-25T15:19:19Z</time></trkpt><trkpt lat="46.966969" lon="7.560759"><ele>799.295</ele><time>2020-10-25T15:19:20Z</time></trkpt><trkpt lat="46.966821" lon="7.560925"><ele>798.039</ele><time>2020-10-25T15:19:24Z</time></trkpt><trkpt lat="46.966785" lon="7.560971"><ele>797.646</ele><time>2020-10-25T15:19:25Z</time></trkpt><trkpt lat="46.966722" lon="7.561069"><ele>797.059</ele><time>2020-10-25T15:19:27Z</time></trkpt><trkpt lat="46.966694" lon="7.561115"><ele>796.624</ele><time>2020-10-25T15:19:28Z</time></trkpt><trkpt lat="46.966620" lon="7.561216"><ele>796.062</ele><time>2020-10-25T15:19:30Z</time></trkpt><trkpt lat="46.966573" lon="7.561265"><ele>795.623</ele><time>2020-10-25T15:19:31Z</time></trkpt><trkpt lat="46.966522" lon="7.561311"><ele>795.283</ele><time>2020-10-25T15:19:32Z</time></trkpt><trkpt lat="46.966409" lon="7.561380"><ele>794.411</ele><time>2020-10-25T15:19:34Z</time></trkpt><trkpt lat="46.966289" lon="7.561413"><ele>793.808</ele><time>2020-10-25T15:19:36Z</time></trkpt><trkpt lat="46.966223" lon="7.561409"><ele>793.497</ele><time>2020-10-25T15:19:37Z</time></trkpt><trkpt lat="46.966153" lon="7.561392"><ele>793.091</ele><time>2020-10-25T15:19:38Z</time></trkpt><trkpt lat="46.966011" lon="7.561320"><ele>792.234</ele><time>2020-10-25T15:19:40Z</time></trkpt><trkpt lat="46.965892" lon="7.561210"><ele>791.628</ele><time>2020-10-25T15:19:42Z</time></trkpt><trkpt lat="46.965840" lon="7.561150"><ele>791.275</ele><time>2020-10-25T15:19:43Z</time></trkpt><trkpt lat="46.965694" lon="7.560977"><ele>790.078</ele><time>2020-10-25T15:19:46Z</time></trkpt><trkpt lat="46.965642" lon="7.560931"><ele>789.683</ele><time>2020-10-25T15:19:47Z</time></trkpt><trkpt lat="46.965587" lon="7.560892"><ele>789.261</ele><time>2020-10-25T15:19:48Z</time></trkpt><trkpt lat="46.965526" lon="7.560866"><ele>788.887</ele><time>2020-10-25T15:19:49Z</time></trkpt><trkpt lat="46.965458" lon="7.560858"><ele>788.442</ele><time>2020-10-25T15:19:50Z</time></trkpt><trkpt lat="46.965390" lon="7.560866"><ele>788.026</ele><time>2020-10-25T15:19:51Z</time></trkpt><trkpt lat="46.965322" lon="7.560879"><ele>787.608</ele><time>2020-10-25T15:19:52Z</time></trkpt><trkpt lat="46.965251" lon="7.560888"><ele>787.293</ele><time>2020-10-25T15:19:53Z</time></trkpt><trkpt lat="46.965097" lon="7.560891"><ele>786.447</ele><time>2020-10-25T15:19:55Z</time></trkpt><trkpt lat="46.965023" lon="7.560885"><ele>786.080</ele><time>2020-10-25T15:19:56Z</time></trkpt><trkpt lat="46.964879" lon="7.560862"><ele>785.254</ele><time>2020-10-25T15:19:58Z</time></trkpt><trkpt lat="46.964814" lon="7.560850"><ele>784.891</ele><time>2020-10-25T15:19:59Z</time></trkpt><trkpt lat="46.964697" lon="7.560831"><ele>783.864</ele><time>2020-10-25T15:20:01Z</time></trkpt><trkpt lat="46.964643" lon="7.560826"><ele>783.619</ele><time>2020-10-25T15:20:02Z</time></trkpt><trkpt lat="46.964550" lon="7.560825"><ele>783.457</ele><time>2020-10-25T15:20:04Z</time></trkpt><trkpt lat="46.964479" lon="7.560843"><ele>783.443</ele><time>2020-10-25T15:20:06Z</time></trkpt><trkpt lat="46.964432" lon="7.560873"><ele>783.064</ele><time>2020-10-25T15:20:09Z</time></trkpt><trkpt lat="46.964433" lon="7.560876"><ele>782.810</ele><time>2020-10-25T15:20:10Z</time></trkpt><trkpt lat="46.964433" lon="7.560879"><ele>781.808</ele><time>2020-10-25T15:20:12Z</time></trkpt><trkpt lat="46.964433" lon="7.560880"><ele>781.429</ele><time>2020-10-25T15:20:13Z</time></trkpt><trkpt lat="46.964433" lon="7.560878"><ele>780.253</ele><time>2020-10-25T15:20:16Z</time></trkpt><trkpt lat="46.964436" lon="7.560878"><ele>779.236</ele><time>2020-10-25T15:20:18Z</time></trkpt><trkpt lat="46.964437" lon="7.560879"><ele>778.850</ele><time>2020-10-25T15:20:19Z</time></trkpt><trkpt lat="46.964438" lon="7.560880"><ele>778.487</ele><time>2020-10-25T15:20:20Z</time></trkpt><trkpt lat="46.964445" lon="7.560893"><ele>777.640</ele><time>2020-10-25T15:20:22Z</time></trkpt><trkpt lat="46.964445" lon="7.560897"><ele>777.215</ele><time>2020-10-25T15:20:23Z</time></trkpt><trkpt lat="46.964445" lon="7.560899"><ele>776.833</ele><time>2020-10-25T15:20:24Z</time></trkpt><trkpt lat="46.964448" lon="7.560903"><ele>776.452</ele><time>2020-10-25T15:20:25Z</time></trkpt><trkpt lat="46.964448" lon="7.560910"><ele>776.053</ele><time>2020-10-25T15:20:26Z</time></trkpt><trkpt lat="46.964451" lon="7.560922"><ele>775.208</ele><time>2020-10-25T15:20:28Z</time></trkpt><trkpt lat="46.964456" lon="7.560933"><ele>774.008</ele><time>2020-10-25T15:20:31Z</time></trkpt><trkpt lat="46.964458" lon="7.560938"><ele>773.040</ele><time>2020-10-25T15:20:34Z</time></trkpt><trkpt lat="46.964461" lon="7.560939"><ele>771.874</ele><time>2020-10-25T15:20:37Z</time></trkpt><trkpt lat="46.964463" lon="7.560942"><ele>771.697</ele><time>2020-10-25T15:20:38Z</time></trkpt><trkpt lat="46.964465" lon="7.560946"><ele>770.861</ele><time>2020-10-25T15:20:40Z</time></trkpt><trkpt lat="46.964465" lon="7.560949"><ele>770.668</ele><time>2020-10-25T15:20:41Z</time></trkpt><trkpt lat="46.964470" lon="7.560959"><ele>769.611</ele><time>2020-10-25T15:20:44Z</time></trkpt><trkpt lat="46.964473" lon="7.560963"><ele>768.226</ele><time>2020-10-25T15:20:48Z</time></trkpt><trkpt lat="46.964486" lon="7.560962"><ele>767.034</ele><time>2020-10-25T15:20:52Z</time></trkpt><trkpt lat="46.964491" lon="7.560951"><ele>765.812</ele><time>2020-10-25T15:20:56Z</time></trkpt><trkpt lat="46.964492" lon="7.560956"><ele>765.232</ele><time>2020-10-25T15:20:58Z</time></trkpt><trkpt lat="46.964490" lon="7.560960"><ele>764.605</ele><time>2020-10-25T15:21:00Z</time></trkpt><trkpt lat="46.964489" lon="7.560965"><ele>763.608</ele><time>2020-10-25T15:21:04Z</time></trkpt><trkpt lat="46.964479" lon="7.560967"><ele>762.646</ele><time>2020-10-25T15:21:08Z</time></trkpt><trkpt lat="46.964482" lon="7.560965"><ele>761.420</ele><time>2020-10-25T15:21:12Z</time></trkpt><trkpt lat="46.964472" lon="7.560956"><ele>761.013</ele><time>2020-10-25T15:21:14Z</time></trkpt><trkpt lat="46.964473" lon="7.560952"><ele>760.217</ele><time>2020-10-25T15:21:17Z</time></trkpt><trkpt lat="46.964471" lon="7.560953"><ele>759.094</ele><time>2020-10-25T15:21:22Z</time></trkpt><trkpt lat="46.964476" lon="7.560945"><ele>758.067</ele><time>2020-10-25T15:21:27Z</time></trkpt><trkpt lat="46.964476" lon="7.560945"><ele>757.662</ele><time>2020-10-25T15:21:29Z</time></trkpt><trkpt lat="46.964476" lon="7.560945"><ele>757.490</ele><time>2020-10-25T15:21:30Z</time></trkpt><trkpt lat="46.964477" lon="7.560945"><ele>757.271</ele><time>2020-10-25T15:21:31Z</time></trkpt><trkpt lat="46.964476" lon="7.560946"><ele>757.041</ele><time>2020-10-25T15:21:32Z</time></trkpt><trkpt lat="46.964474" lon="7.560949"><ele>756.815</ele><time>2020-10-25T15:21:33Z</time></trkpt><trkpt lat="46.964466" lon="7.560958"><ele>756.408</ele><time>2020-10-25T15:21:34Z</time></trkpt><trkpt lat="46.964449" lon="7.560967"><ele>756.252</ele><time>2020-10-25T15:21:36Z</time></trkpt><trkpt lat="46.964443" lon="7.560969"><ele>755.846</ele><time>2020-10-25T15:21:38Z</time></trkpt><trkpt lat="46.964442" lon="7.560969"><ele>754.679</ele><time>2020-10-25T15:21:44Z</time></trkpt><trkpt lat="46.964441" lon="7.560967"><ele>753.643</ele><time>2020-10-25T15:21:50Z</time></trkpt><trkpt lat="46.964437" lon="7.560958"><ele>752.410</ele><time>2020-10-25T15:21:57Z</time></trkpt><trkpt lat="46.964402" lon="7.561002"><ele>751.813</ele><time>2020-10-25T15:22:01Z</time></trkpt><trkpt lat="46.964320" lon="7.561134"><ele>751.218</ele><time>2020-10-25T15:22:04Z</time></trkpt><trkpt lat="46.964282" lon="7.561195"><ele>751.216</ele><time>2020-10-25T15:22:05Z</time></trkpt><trkpt lat="46.964127" lon="7.561391"><ele>750.626</ele><time>2020-10-25T15:22:08Z</time></trkpt><trkpt lat="46.964060" lon="7.561444"><ele>750.447</ele><time>2020-10-25T15:22:09Z</time></trkpt><trkpt lat="46.963986" lon="7.561483"><ele>750.211</ele><time>2020-10-25T15:22:10Z</time></trkpt><trkpt lat="46.963752" lon="7.561557"><ele>749.808</ele><time>2020-10-25T15:22:13Z</time></trkpt><trkpt lat="46.963519" lon="7.561609"><ele>749.217</ele><time>2020-10-25T15:22:16Z</time></trkpt><trkpt lat="46.963204" lon="7.561698"><ele>748.231</ele><time>2020-10-25T15:22:20Z</time></trkpt><trkpt lat="46.963123" lon="7.561725"><ele>748.084</ele><time>2020-10-25T15:22:21Z</time></trkpt><trkpt lat="46.962827" lon="7.561829"><ele>746.828</ele><time>2020-10-25T15:22:25Z</time></trkpt><trkpt lat="46.962757" lon="7.561851"><ele>746.625</ele><time>2020-10-25T15:22:26Z</time></trkpt><trkpt lat="46.962554" lon="7.561923"><ele>745.658</ele><time>2020-10-25T15:22:29Z</time></trkpt><trkpt lat="46.962326" lon="7.562036"><ele>744.413</ele><time>2020-10-25T15:22:33Z</time></trkpt><trkpt lat="46.962149" lon="7.562174"><ele>743.021</ele><time>2020-10-25T15:22:37Z</time></trkpt><trkpt lat="46.962101" lon="7.562206"><ele>742.848</ele><time>2020-10-25T15:22:38Z</time></trkpt><trkpt lat="46.961991" lon="7.562252"><ele>742.261</ele><time>2020-10-25T15:22:40Z</time></trkpt><trkpt lat="46.961935" lon="7.562260"><ele>741.817</ele><time>2020-10-25T15:22:41Z</time></trkpt><trkpt lat="46.961727" lon="7.562279"><ele>740.408</ele><time>2020-10-25T15:22:45Z</time></trkpt><trkpt lat="46.961679" lon="7.562296"><ele>740.059</ele><time>2020-10-25T15:22:46Z</time></trkpt><trkpt lat="46.961577" lon="7.562367"><ele>739.463</ele><time>2020-10-25T15:22:48Z</time></trkpt><trkpt lat="46.961485" lon="7.562454"><ele>738.626</ele><time>2020-10-25T15:22:50Z</time></trkpt><trkpt lat="46.961440" lon="7.562499"><ele>738.260</ele><time>2020-10-25T15:22:51Z</time></trkpt><trkpt lat="46.961312" lon="7.562638"><ele>737.277</ele><time>2020-10-25T15:22:54Z</time></trkpt><trkpt lat="46.961276" lon="7.562694"><ele>736.870</ele><time>2020-10-25T15:22:55Z</time></trkpt><trkpt lat="46.961245" lon="7.562767"><ele>736.425</ele><time>2020-10-25T15:22:56Z</time></trkpt><trkpt lat="46.961222" lon="7.562848"><ele>736.073</ele><time>2020-10-25T15:22:57Z</time></trkpt><trkpt lat="46.961178" lon="7.563153"><ele>735.014</ele><time>2020-10-25T15:23:00Z</time></trkpt><trkpt lat="46.961139" lon="7.563523"><ele>733.854</ele><time>2020-10-25T15:23:03Z</time></trkpt><trkpt lat="46.961113" lon="7.563786"><ele>733.009</ele><time>2020-10-25T15:23:05Z</time></trkpt><trkpt lat="46.961096" lon="7.563913"><ele>732.608</ele><time>2020-10-25T15:23:06Z</time></trkpt><trkpt lat="46.961069" lon="7.564037"><ele>732.236</ele><time>2020-10-25T15:23:07Z</time></trkpt><trkpt lat="46.960995" lon="7.564255"><ele>731.470</ele><time>2020-10-25T15:23:09Z</time></trkpt><trkpt lat="46.960955" lon="7.564339"><ele>731.093</ele><time>2020-10-25T15:23:10Z</time></trkpt><trkpt lat="46.960914" lon="7.564396"><ele>730.677</ele><time>2020-10-25T15:23:11Z</time></trkpt><trkpt lat="46.960876" lon="7.564441"><ele>730.214</ele><time>2020-10-25T15:23:12Z</time></trkpt><trkpt lat="46.960830" lon="7.564478"><ele>729.847</ele><time>2020-10-25T15:23:13Z</time></trkpt><trkpt lat="46.960758" lon="7.564517"><ele>729.072</ele><time>2020-10-25T15:23:15Z</time></trkpt><trkpt lat="46.960732" lon="7.564504"><ele>728.660</ele><time>2020-10-25T15:23:16Z</time></trkpt><trkpt lat="46.960710" lon="7.564478"><ele>728.277</ele><time>2020-10-25T15:23:17Z</time></trkpt><trkpt lat="46.960682" lon="7.564447"><ele>727.861</ele><time>2020-10-25T15:23:18Z</time></trkpt><trkpt lat="46.960606" lon="7.564373"><ele>727.027</ele><time>2020-10-25T15:23:20Z</time></trkpt><trkpt lat="46.960560" lon="7.564337"><ele>726.608</ele><time>2020-10-25T15:23:21Z</time></trkpt><trkpt lat="46.960508" lon="7.564298"><ele>726.272</ele><time>2020-10-25T15:23:22Z</time></trkpt><trkpt lat="46.960389" lon="7.564206"><ele>725.426</ele><time>2020-10-25T15:23:24Z</time></trkpt><trkpt lat="46.960250" lon="7.564106"><ele>724.479</ele><time>2020-10-25T15:23:26Z</time></trkpt><trkpt lat="46.960173" lon="7.564055"><ele>724.023</ele><time>2020-10-25T15:23:27Z</time></trkpt><trkpt lat="46.960092" lon="7.564003"><ele>723.670</ele><time>2020-10-25T15:23:28Z</time></trkpt><trkpt lat="46.960007" lon="7.563951"><ele>723.293</ele><time>2020-10-25T15:23:29Z</time></trkpt><trkpt lat="46.959915" lon="7.563904"><ele>722.828</ele><time>2020-10-25T15:23:30Z</time></trkpt><trkpt lat="46.959629" lon="7.563798"><ele>721.446</ele><time>2020-10-25T15:23:33Z</time></trkpt><trkpt lat="46.959534" lon="7.563775"><ele>721.099</ele><time>2020-10-25T15:23:34Z</time></trkpt><trkpt lat="46.959352" lon="7.563745"><ele>720.007</ele><time>2020-10-25T15:23:36Z</time></trkpt><trkpt lat="46.959073" lon="7.563747"><ele>718.627</ele><time>2020-10-25T15:23:39Z</time></trkpt><trkpt lat="46.958799" lon="7.563785"><ele>717.408</ele><time>2020-10-25T15:23:42Z</time></trkpt><trkpt lat="46.958556" lon="7.563837"><ele>716.074</ele><time>2020-10-25T15:23:45Z</time></trkpt><trkpt lat="46.958347" lon="7.563864"><ele>714.618</ele><time>2020-10-25T15:23:48Z</time></trkpt><trkpt lat="46.958295" lon="7.563857"><ele>714.231</ele><time>2020-10-25T15:23:49Z</time></trkpt><trkpt lat="46.958295" lon="7.563857"><ele>713.425</ele><time>2020-10-25T15:23:50Z</time></trkpt><trkpt lat="46.958210" lon="7.563778"><ele>713.412</ele><time>2020-10-25T15:23:51Z</time></trkpt><trkpt lat="46.958148" lon="7.563656"><ele>712.675</ele><time>2020-10-25T15:23:53Z</time></trkpt><trkpt lat="46.958126" lon="7.563584"><ele>712.220</ele><time>2020-10-25T15:23:54Z</time></trkpt><trkpt lat="46.958081" lon="7.563352"><ele>711.048</ele><time>2020-10-25T15:23:57Z</time></trkpt><trkpt lat="46.958066" lon="7.563278"><ele>710.692</ele><time>2020-10-25T15:23:58Z</time></trkpt><trkpt lat="46.958038" lon="7.563132"><ele>709.873</ele><time>2020-10-25T15:24:00Z</time></trkpt><trkpt lat="46.958011" lon="7.562922"><ele>708.620</ele><time>2020-10-25T15:24:03Z</time></trkpt><trkpt lat="46.957994" lon="7.562768"><ele>708.008</ele><time>2020-10-25T15:24:05Z</time></trkpt><trkpt lat="46.957988" lon="7.562683"><ele>707.624</ele><time>2020-10-25T15:24:06Z</time></trkpt><trkpt lat="46.957955" lon="7.562446"><ele>706.648</ele><time>2020-10-25T15:24:09Z</time></trkpt><trkpt lat="46.957911" lon="7.562206"><ele>705.621</ele><time>2020-10-25T15:24:12Z</time></trkpt><trkpt lat="46.957896" lon="7.562129"><ele>705.215</ele><time>2020-10-25T15:24:13Z</time></trkpt><trkpt lat="46.957849" lon="7.561904"><ele>704.252</ele><time>2020-10-25T15:24:16Z</time></trkpt><trkpt lat="46.957820" lon="7.561612"><ele>702.815</ele><time>2020-10-25T15:24:20Z</time></trkpt><trkpt lat="46.957824" lon="7.561549"><ele>702.650</ele><time>2020-10-25T15:24:21Z</time></trkpt><trkpt lat="46.957843" lon="7.561436"><ele>702.038</ele><time>2020-10-25T15:24:23Z</time></trkpt><trkpt lat="46.957853" lon="7.561378"><ele>701.678</ele><time>2020-10-25T15:24:24Z</time></trkpt><trkpt lat="46.957868" lon="7.561311"><ele>701.433</ele><time>2020-10-25T15:24:25Z</time></trkpt><trkpt lat="46.957913" lon="7.561095"><ele>700.426</ele><time>2020-10-25T15:24:28Z</time></trkpt><trkpt lat="46.957959" lon="7.560801"><ele>699.408</ele><time>2020-10-25T15:24:32Z</time></trkpt><trkpt lat="46.957956" lon="7.560486"><ele>698.242</ele><time>2020-10-25T15:24:36Z</time></trkpt><trkpt lat="46.957954" lon="7.560408"><ele>698.036</ele><time>2020-10-25T15:24:37Z</time></trkpt><trkpt lat="46.957941" lon="7.560167"><ele>697.219</ele><time>2020-10-25T15:24:40Z</time></trkpt><trkpt lat="46.957918" lon="7.559920"><ele>696.423</ele><time>2020-10-25T15:24:43Z</time></trkpt><trkpt lat="46.957913" lon="7.559839"><ele>696.250</ele><time>2020-10-25T15:24:44Z</time></trkpt><trkpt lat="46.957892" lon="7.559516"><ele>695.243</ele><time>2020-10-25T15:24:48Z</time></trkpt><trkpt lat="46.957889" lon="7.559433"><ele>695.018</ele><time>2020-10-25T15:24:49Z</time></trkpt><trkpt lat="46.957897" lon="7.559263"><ele>694.646</ele><time>2020-10-25T15:24:51Z</time></trkpt><trkpt lat="46.957907" lon="7.559181"><ele>694.498</ele><time>2020-10-25T15:24:52Z</time></trkpt><trkpt lat="46.957931" lon="7.559024"><ele>694.015</ele><time>2020-10-25T15:24:54Z</time></trkpt><trkpt lat="46.957955" lon="7.558873"><ele>693.426</ele><time>2020-10-25T15:24:56Z</time></trkpt><trkpt lat="46.957989" lon="7.558644"><ele>692.808</ele><time>2020-10-25T15:24:59Z</time></trkpt><trkpt lat="46.958012" lon="7.558496"><ele>692.454</ele><time>2020-10-25T15:25:01Z</time></trkpt><trkpt lat="46.958073" lon="7.558223"><ele>691.888</ele><time>2020-10-25T15:25:05Z</time></trkpt><trkpt lat="46.958154" lon="7.557890"><ele>690.891</ele><time>2020-10-25T15:25:11Z</time></trkpt><trkpt lat="46.958154" lon="7.557890"><ele>690.425</ele><time>2020-10-25T15:25:12Z</time></trkpt><trkpt lat="46.958217" lon="7.557661"><ele>690.272</ele><time>2020-10-25T15:25:15Z</time></trkpt><trkpt lat="46.958271" lon="7.557490"><ele>689.685</ele><time>2020-10-25T15:25:18Z</time></trkpt><trkpt lat="46.958415" lon="7.557141"><ele>688.880</ele><time>2020-10-25T15:25:24Z</time></trkpt><trkpt lat="46.958442" lon="7.557074"><ele>688.658</ele><time>2020-10-25T15:25:25Z</time></trkpt><trkpt lat="46.958535" lon="7.556826"><ele>688.257</ele><time>2020-10-25T15:25:28Z</time></trkpt><trkpt lat="46.958565" lon="7.556729"><ele>688.000</ele><time>2020-10-25T15:25:29Z</time></trkpt><trkpt lat="46.958624" lon="7.556437"><ele>687.420</ele><time>2020-10-25T15:25:32Z</time></trkpt><trkpt lat="46.958629" lon="7.556338"><ele>687.408</ele><time>2020-10-25T15:25:33Z</time></trkpt><trkpt lat="46.958622" lon="7.556229"><ele>687.240</ele><time>2020-10-25T15:25:34Z</time></trkpt><trkpt lat="46.958577" lon="7.555992"><ele>686.884</ele><time>2020-10-25T15:25:36Z</time></trkpt><trkpt lat="46.958490" lon="7.555743"><ele>686.437</ele><time>2020-10-25T15:25:38Z</time></trkpt><trkpt lat="46.958389" lon="7.555509"><ele>686.021</ele><time>2020-10-25T15:25:40Z</time></trkpt><trkpt lat="46.958219" lon="7.555245"><ele>685.218</ele><time>2020-10-25T15:25:43Z</time></trkpt><trkpt lat="46.958166" lon="7.555173"><ele>685.041</ele><time>2020-10-25T15:25:44Z</time></trkpt><trkpt lat="46.958005" lon="7.554984"><ele>684.276</ele><time>2020-10-25T15:25:47Z</time></trkpt><trkpt lat="46.957953" lon="7.554936"><ele>684.014</ele><time>2020-10-25T15:25:48Z</time></trkpt><trkpt lat="46.957858" lon="7.554848"><ele>683.421</ele><time>2020-10-25T15:25:50Z</time></trkpt><trkpt lat="46.957815" lon="7.554808"><ele>683.241</ele><time>2020-10-25T15:25:51Z</time></trkpt><trkpt lat="46.957678" lon="7.554668"><ele>682.005</ele><time>2020-10-25T15:25:55Z</time></trkpt><trkpt lat="46.957647" lon="7.554637"><ele>681.808</ele><time>2020-10-25T15:25:56Z</time></trkpt><trkpt lat="46.957563" lon="7.554544"><ele>680.867</ele><time>2020-10-25T15:25:59Z</time></trkpt><trkpt lat="46.957455" lon="7.554410"><ele>679.661</ele><time>2020-10-25T15:26:03Z</time></trkpt><trkpt lat="46.957428" lon="7.554378"><ele>679.264</ele><time>2020-10-25T15:26:04Z</time></trkpt><trkpt lat="46.957375" lon="7.554310"><ele>678.688</ele><time>2020-10-25T15:26:06Z</time></trkpt><trkpt lat="46.957330" lon="7.554242"><ele>677.825</ele><time>2020-10-25T15:26:08Z</time></trkpt><trkpt lat="46.957305" lon="7.554214"><ele>677.458</ele><time>2020-10-25T15:26:09Z</time></trkpt><trkpt lat="46.957215" lon="7.554139"><ele>676.493</ele><time>2020-10-25T15:26:12Z</time></trkpt><trkpt lat="46.957110" lon="7.554047"><ele>675.451</ele><time>2020-10-25T15:26:15Z</time></trkpt><trkpt lat="46.956998" lon="7.553906"><ele>674.231</ele><time>2020-10-25T15:26:18Z</time></trkpt><trkpt lat="46.956957" lon="7.553859"><ele>673.861</ele><time>2020-10-25T15:26:19Z</time></trkpt><trkpt lat="46.956868" lon="7.553757"><ele>673.207</ele><time>2020-10-25T15:26:21Z</time></trkpt><trkpt lat="46.956721" lon="7.553582"><ele>672.008</ele><time>2020-10-25T15:26:24Z</time></trkpt><trkpt lat="46.956676" lon="7.553533"><ele>671.628</ele><time>2020-10-25T15:26:25Z</time></trkpt><trkpt lat="46.956574" lon="7.553437"><ele>670.892</ele><time>2020-10-25T15:26:27Z</time></trkpt><trkpt lat="46.956429" lon="7.553280"><ele>669.635</ele><time>2020-10-25T15:26:30Z</time></trkpt><trkpt lat="46.956334" lon="7.553185"><ele>668.679</ele><time>2020-10-25T15:26:32Z</time></trkpt><trkpt lat="46.956290" lon="7.553147"><ele>668.236</ele><time>2020-10-25T15:26:33Z</time></trkpt><trkpt lat="46.956165" lon="7.553066"><ele>667.089</ele><time>2020-10-25T15:26:36Z</time></trkpt><trkpt lat="46.956119" lon="7.553032"><ele>666.644</ele><time>2020-10-25T15:26:37Z</time></trkpt><trkpt lat="46.956028" lon="7.552993"><ele>665.812</ele><time>2020-10-25T15:26:39Z</time></trkpt><trkpt lat="46.955918" lon="7.552957"><ele>664.441</ele><time>2020-10-25T15:26:42Z</time></trkpt><trkpt lat="46.955888" lon="7.552946"><ele>664.081</ele><time>2020-10-25T15:26:43Z</time></trkpt><trkpt lat="46.955832" lon="7.552913"><ele>663.209</ele><time>2020-10-25T15:26:45Z</time></trkpt><trkpt lat="46.955751" lon="7.552894"><ele>661.808</ele><time>2020-10-25T15:26:48Z</time></trkpt><trkpt lat="46.955668" lon="7.552890"><ele>660.849</ele><time>2020-10-25T15:26:50Z</time></trkpt><trkpt lat="46.955627" lon="7.552899"><ele>660.463</ele><time>2020-10-25T15:26:51Z</time></trkpt><trkpt lat="46.955547" lon="7.552950"><ele>659.636</ele><time>2020-10-25T15:26:53Z</time></trkpt><trkpt lat="46.955504" lon="7.552987"><ele>659.220</ele><time>2020-10-25T15:26:54Z</time></trkpt><trkpt lat="46.955433" lon="7.553055"><ele>658.427</ele><time>2020-10-25T15:26:56Z</time></trkpt><trkpt lat="46.955398" lon="7.553079"><ele>658.070</ele><time>2020-10-25T15:26:57Z</time></trkpt><trkpt lat="46.955361" lon="7.553090"><ele>657.625</ele><time>2020-10-25T15:26:58Z</time></trkpt><trkpt lat="46.955326" lon="7.553090"><ele>657.223</ele><time>2020-10-25T15:26:59Z</time></trkpt><trkpt lat="46.955289" lon="7.553076"><ele>656.611</ele><time>2020-10-25T15:27:00Z</time></trkpt><trkpt lat="46.955249" lon="7.552985"><ele>655.821</ele><time>2020-10-25T15:27:02Z</time></trkpt><trkpt lat="46.955246" lon="7.552925"><ele>655.403</ele><time>2020-10-25T15:27:03Z</time></trkpt><trkpt lat="46.955249" lon="7.552860"><ele>654.808</ele><time>2020-10-25T15:27:04Z</time></trkpt><trkpt lat="46.955269" lon="7.552727"><ele>654.036</ele><time>2020-10-25T15:27:06Z</time></trkpt><trkpt lat="46.955290" lon="7.552655"><ele>653.680</ele><time>2020-10-25T15:27:07Z</time></trkpt><trkpt lat="46.955340" lon="7.552519"><ele>652.683</ele><time>2020-10-25T15:27:09Z</time></trkpt><trkpt lat="46.955372" lon="7.552466"><ele>652.227</ele><time>2020-10-25T15:27:10Z</time></trkpt><trkpt lat="46.955409" lon="7.552424"><ele>651.674</ele><time>2020-10-25T15:27:11Z</time></trkpt><trkpt lat="46.955448" lon="7.552385"><ele>651.297</ele><time>2020-10-25T15:27:12Z</time></trkpt><trkpt lat="46.955491" lon="7.552356"><ele>650.622</ele><time>2020-10-25T15:27:13Z</time></trkpt><trkpt lat="46.955535" lon="7.552330"><ele>650.210</ele><time>2020-10-25T15:27:14Z</time></trkpt><trkpt lat="46.955581" lon="7.552302"><ele>649.861</ele><time>2020-10-25T15:27:15Z</time></trkpt><trkpt lat="46.955621" lon="7.552261"><ele>649.221</ele><time>2020-10-25T15:27:16Z</time></trkpt><trkpt lat="46.955695" lon="7.552143"><ele>648.213</ele><time>2020-10-25T15:27:18Z</time></trkpt><trkpt lat="46.955749" lon="7.551981"><ele>647.208</ele><time>2020-10-25T15:27:20Z</time></trkpt><trkpt lat="46.955762" lon="7.551889"><ele>646.881</ele><time>2020-10-25T15:27:21Z</time></trkpt><trkpt lat="46.955771" lon="7.551796"><ele>646.265</ele><time>2020-10-25T15:27:22Z</time></trkpt><trkpt lat="46.955777" lon="7.551707"><ele>645.818</ele><time>2020-10-25T15:27:23Z</time></trkpt><trkpt lat="46.955780" lon="7.551531"><ele>644.662</ele><time>2020-10-25T15:27:25Z</time></trkpt><trkpt lat="46.955776" lon="7.551357"><ele>643.639</ele><time>2020-10-25T15:27:27Z</time></trkpt><trkpt lat="46.955771" lon="7.551271"><ele>643.022</ele><time>2020-10-25T15:27:28Z</time></trkpt><trkpt lat="46.955776" lon="7.551184"><ele>642.647</ele><time>2020-10-25T15:27:29Z</time></trkpt><trkpt lat="46.955790" lon="7.551012"><ele>641.475</ele><time>2020-10-25T15:27:31Z</time></trkpt><trkpt lat="46.955812" lon="7.550840"><ele>640.457</ele><time>2020-10-25T15:27:33Z</time></trkpt><trkpt lat="46.955837" lon="7.550679"><ele>639.200</ele><time>2020-10-25T15:27:35Z</time></trkpt><trkpt lat="46.955849" lon="7.550603"><ele>638.620</ele><time>2020-10-25T15:27:36Z</time></trkpt><trkpt lat="46.955859" lon="7.550530"><ele>638.008</ele><time>2020-10-25T15:27:37Z</time></trkpt><trkpt lat="46.955876" lon="7.550378"><ele>637.050</ele><time>2020-10-25T15:27:39Z</time></trkpt><trkpt lat="46.955886" lon="7.550308"><ele>636.484</ele><time>2020-10-25T15:27:40Z</time></trkpt><trkpt lat="46.955899" lon="7.550249"><ele>635.837</ele><time>2020-10-25T15:27:41Z</time></trkpt><trkpt lat="46.955941" lon="7.550182"><ele>634.661</ele><time>2020-10-25T15:27:43Z</time></trkpt><trkpt lat="46.955992" lon="7.550182"><ele>633.428</ele><time>2020-10-25T15:27:45Z</time></trkpt><trkpt lat="46.956036" lon="7.550187"><ele>632.221</ele><time>2020-10-25T15:27:47Z</time></trkpt><trkpt lat="46.956036" lon="7.550187"><ele>631.016</ele><time>2020-10-25T15:27:48Z</time></trkpt><trkpt lat="46.956072" lon="7.550183"><ele>631.034</ele><time>2020-10-25T15:27:49Z</time></trkpt><trkpt lat="46.956092" lon="7.550116"><ele>629.841</ele><time>2020-10-25T15:27:51Z</time></trkpt><trkpt lat="46.956058" lon="7.550042"><ele>628.881</ele><time>2020-10-25T15:27:53Z</time></trkpt><trkpt lat="46.956032" lon="7.550012"><ele>628.209</ele><time>2020-10-25T15:27:54Z</time></trkpt><trkpt lat="46.956004" lon="7.549985"><ele>627.608</ele><time>2020-10-25T15:27:55Z</time></trkpt><trkpt lat="46.955947" lon="7.549928"><ele>626.419</ele><time>2020-10-25T15:27:57Z</time></trkpt><trkpt lat="46.955890" lon="7.549877"><ele>625.463</ele><time>2020-10-25T15:27:59Z</time></trkpt><trkpt lat="46.955843" lon="7.549831"><ele>624.436</ele><time>2020-10-25T15:28:01Z</time></trkpt><trkpt lat="46.955791" lon="7.549785"><ele>623.430</ele><time>2020-10-25T15:28:03Z</time></trkpt><trkpt lat="46.955738" lon="7.549728"><ele>622.437</ele><time>2020-10-25T15:28:05Z</time></trkpt><trkpt lat="46.955663" lon="7.549668"><ele>621.490</ele><time>2020-10-25T15:28:07Z</time></trkpt><trkpt lat="46.955621" lon="7.549638"><ele>620.865</ele><time>2020-10-25T15:28:08Z</time></trkpt><trkpt lat="46.955429" lon="7.549484"><ele>620.093</ele><time>2020-10-25T15:28:12Z</time></trkpt><trkpt lat="46.955376" lon="7.549445"><ele>620.077</ele><time>2020-10-25T15:28:13Z</time></trkpt><trkpt lat="46.955153" lon="7.549280"><ele>620.061</ele><time>2020-10-25T15:28:17Z</time></trkpt><trkpt lat="46.955095" lon="7.549241"><ele>619.827</ele><time>2020-10-25T15:28:18Z</time></trkpt><trkpt lat="46.954982" lon="7.549163"><ele>618.808</ele><time>2020-10-25T15:28:20Z</time></trkpt><trkpt lat="46.954928" lon="7.549122"><ele>618.442</ele><time>2020-10-25T15:28:21Z</time></trkpt><trkpt lat="46.954874" lon="7.549084"><ele>617.866</ele><time>2020-10-25T15:28:22Z</time></trkpt><trkpt lat="46.954763" lon="7.549008"><ele>616.889</ele><time>2020-10-25T15:28:24Z</time></trkpt><trkpt lat="46.954598" lon="7.548883"><ele>615.413</ele><time>2020-10-25T15:28:27Z</time></trkpt><trkpt lat="46.954542" lon="7.548839"><ele>615.050</ele><time>2020-10-25T15:28:28Z</time></trkpt><trkpt lat="46.954429" lon="7.548740"><ele>614.043</ele><time>2020-10-25T15:28:30Z</time></trkpt><trkpt lat="46.954381" lon="7.548677"><ele>613.478</ele><time>2020-10-25T15:28:31Z</time></trkpt><trkpt lat="46.954306" lon="7.548528"><ele>612.626</ele><time>2020-10-25T15:28:33Z</time></trkpt><trkpt lat="46.954275" lon="7.548358"><ele>611.635</ele><time>2020-10-25T15:28:35Z</time></trkpt><trkpt lat="46.954268" lon="7.548267"><ele>611.286</ele><time>2020-10-25T15:28:36Z</time></trkpt><trkpt lat="46.954263" lon="7.548026"><ele>609.814</ele><time>2020-10-25T15:28:39Z</time></trkpt><trkpt lat="46.954270" lon="7.547909"><ele>609.008</ele><time>2020-10-25T15:28:41Z</time></trkpt><trkpt lat="46.954273" lon="7.547854"><ele>608.638</ele><time>2020-10-25T15:28:42Z</time></trkpt><trkpt lat="46.954281" lon="7.547665"><ele>607.232</ele><time>2020-10-25T15:28:45Z</time></trkpt><trkpt lat="46.954295" lon="7.547455"><ele>606.035</ele><time>2020-10-25T15:28:48Z</time></trkpt><trkpt lat="46.954300" lon="7.547253"><ele>604.879</ele><time>2020-10-25T15:28:51Z</time></trkpt><trkpt lat="46.954289" lon="7.547060"><ele>603.686</ele><time>2020-10-25T15:28:54Z</time></trkpt><trkpt lat="46.954284" lon="7.546993"><ele>603.239</ele><time>2020-10-25T15:28:55Z</time></trkpt><trkpt lat="46.954280" lon="7.546854"><ele>602.464</ele><time>2020-10-25T15:28:57Z</time></trkpt><trkpt lat="46.954255" lon="7.546667"><ele>601.442</ele><time>2020-10-25T15:29:00Z</time></trkpt><trkpt lat="46.954239" lon="7.546609"><ele>601.014</ele><time>2020-10-25T15:29:01Z</time></trkpt><trkpt lat="46.954223" lon="7.546523"><ele>600.254</ele><time>2020-10-25T15:29:03Z</time></trkpt><trkpt lat="46.954209" lon="7.546449"><ele>599.409</ele><time>2020-10-25T15:29:05Z</time></trkpt><trkpt lat="46.954222" lon="7.546412"><ele>599.208</ele><time>2020-10-25T15:29:06Z</time></trkpt><trkpt lat="46.954267" lon="7.546401"><ele>598.436</ele><time>2020-10-25T15:29:08Z</time></trkpt><trkpt lat="46.954301" lon="7.546420"><ele>598.210</ele><time>2020-10-25T15:29:09Z</time></trkpt><trkpt lat="46.954417" lon="7.546488"><ele>597.223</ele><time>2020-10-25T15:29:12Z</time></trkpt><trkpt lat="46.954451" lon="7.546525"><ele>596.867</ele><time>2020-10-25T15:29:13Z</time></trkpt><trkpt lat="46.954495" lon="7.546632"><ele>596.244</ele><time>2020-10-25T15:29:15Z</time></trkpt><trkpt lat="46.954513" lon="7.546690"><ele>595.847</ele><time>2020-10-25T15:29:16Z</time></trkpt><trkpt lat="46.954530" lon="7.546749"><ele>595.622</ele><time>2020-10-25T15:29:17Z</time></trkpt><trkpt lat="46.954580" lon="7.546958"><ele>594.280</ele><time>2020-10-25T15:29:21Z</time></trkpt><trkpt lat="46.954581" lon="7.546980"><ele>594.017</ele><time>2020-10-25T15:29:22Z</time></trkpt><trkpt lat="46.954586" lon="7.546981"><ele>593.087</ele><time>2020-10-25T15:29:25Z</time></trkpt><trkpt lat="46.954590" lon="7.546978"><ele>592.415</ele><time>2020-10-25T15:29:27Z</time></trkpt><trkpt lat="46.954591" lon="7.546979"><ele>592.208</ele><time>2020-10-25T15:29:28Z</time></trkpt><trkpt lat="46.954584" lon="7.546982"><ele>592.026</ele><time>2020-10-25T15:29:29Z</time></trkpt><trkpt lat="46.954583" lon="7.546993"><ele>590.860</ele><time>2020-10-25T15:29:33Z</time></trkpt><trkpt lat="46.954580" lon="7.546998"><ele>590.073</ele><time>2020-10-25T15:29:36Z</time></trkpt><trkpt lat="46.954584" lon="7.546998"><ele>589.847</ele><time>2020-10-25T15:29:37Z</time></trkpt><trkpt lat="46.954587" lon="7.546996"><ele>589.254</ele><time>2020-10-25T15:29:39Z</time></trkpt><trkpt lat="46.954590" lon="7.546994"><ele>588.697</ele><time>2020-10-25T15:29:41Z</time></trkpt><trkpt lat="46.954601" lon="7.547004"><ele>587.472</ele><time>2020-10-25T15:29:46Z</time></trkpt><trkpt lat="46.954607" lon="7.547009"><ele>586.480</ele><time>2020-10-25T15:29:51Z</time></trkpt><trkpt lat="46.954610" lon="7.547014"><ele>586.014</ele><time>2020-10-25T15:29:53Z</time></trkpt><trkpt lat="46.954617" lon="7.547008"><ele>585.254</ele><time>2020-10-25T15:29:56Z</time></trkpt><trkpt lat="46.954611" lon="7.547006"><ele>584.009</ele><time>2020-10-25T15:30:01Z</time></trkpt><trkpt lat="46.954611" lon="7.547004"><ele>583.608</ele><time>2020-10-25T15:30:04Z</time></trkpt><trkpt lat="46.954607" lon="7.546990"><ele>582.896</ele><time>2020-10-25T15:30:08Z</time></trkpt><trkpt lat="46.954609" lon="7.546987"><ele>582.420</ele><time>2020-10-25T15:30:11Z</time></trkpt><trkpt lat="46.954609" lon="7.546982"><ele>582.083</ele><time>2020-10-25T15:30:13Z</time></trkpt><trkpt lat="46.954610" lon="7.546985"><ele>581.887</ele><time>2020-10-25T15:30:14Z</time></trkpt><trkpt lat="46.954610" lon="7.546984"><ele>581.414</ele><time>2020-10-25T15:30:16Z</time></trkpt></trkseg></trk></gpx>